ChildID,SessionDateStr,occurrence,SessionHeldOn_1,SessionHeldOn_2,SessionHeldOn_3,CurriculumCode_1,CurriculumCode_2,CurriculumCode_3
2249709,24-08-2026,2,24-08-2026 10:47,24-08-2026 13:10,,CLS/Y1/SA/C1/SS3,CLS/Y1/SA/C1/SS4,
2249712,24-08-2026,2,24-08-2026 10:47,24-08-2026 13:10,,CLS/Y1/SA/C1/SS3,CLS/Y1/SA/C1/SS4,
2249713,24-08-2026,2,24-08-2026 10:47,24-08-2026 13:10,,CLS/Y1/SA/C1/SS3,CLS/Y1/SA/C1/SS4,
2249724,24-08-2026,2,24-08-2026 10:47,24-08-2026 13:10,,CLS/Y1/SA/C1/SS3,CLS/Y1/SA/C1/SS4,
2249726,24-08-2026,2,24-08-2026 10:47,24-08-2026 13:10,,CLS/Y1/SA/C1/SS3,CLS/Y1/SA/C1/SS4,
2249730,24-08-2026,2,24-08-2026 10:47,24-08-2026 13:10,,CLS/Y1/SA/C1/SS3,CLS/Y1/SA/C1/SS4,
2249733,24-08-2026,2,24-08-2026 10:47,24-08-2026 13:10,,CLS/Y1/SA/C1/SS3,CLS/Y1/SA/C1/SS4,
2249734,24-08-2026,2,24-08-2026 10:47,24-08-2026 13:10,,CLS/Y1/SA/C1/SS3,CLS/Y1/SA/C1/SS4,
2249738,24-08-2026,2,24-08-2026 10:47,24-08-2026 13:10,,CLS/Y1/SA/C1/SS3,CLS/Y1/SA/C1/SS4,
2249741,24-08-2026,2,24-08-2026 10:47,24-08-2026 13:10,,CLS/Y1/SA/C1/SS3,CLS/Y1/SA/C1/SS4,
2249745,24-08-2026,2,24-08-2026 10:47,24-08-2026 13:10,,CLS/Y1/SA/C1/SS3,CLS/Y1/SA/C1/SS4,
2249749,24-08-2026,2,24-08-2026 10:47,24-08-2026 13:10,,CLS/Y1/SA/C1/SS3,CLS/Y1/SA/C1/SS4,
2249755,24-08-2026,2,24-08-2026 10:47,24-08-2026 13:10,,CLS/Y1/SA/C1/SS3,CLS/Y1/SA/C1/SS4,
2249756,24-08-2026,2,24-08-2026 10:47,24-08-2026 13:10,,CLS/Y1/SA/C1/SS3,CLS/Y1/SA/C1/SS4,
2249756,27-08-2026,2,27-08-2026 09:51,27-08-2026 12:27,,CLS/RB/Y1/SS1,CLS/RB/Y1/SS2,
2249758,24-08-2026,2,24-08-2026 10:47,24-08-2026 13:10,,CLS/Y1/SA/C1/SS3,CLS/Y1/SA/C1/SS4,
2249761,23-07-2026,2,23-07-2026 12:01,23-07-2026 15:03,,CLS/RB/Y1/SS1,CLS/RB/Y1/SS2,
2249764,24-08-2026,2,24-08-2026 10:47,24-08-2026 13:10,,CLS/Y1/SA/C1/SS3,CLS/Y1/SA/C1/SS4,
2249768,24-08-2026,2,24-08-2026 10:47,24-08-2026 13:10,,CLS/Y1/SA/C1/SS3,CLS/Y1/SA/C1/SS4,
2250250,18-08-2026,2,18-08-2026 18:11,18-08-2026 19:42,,CLS/Y1/SA/C1/SS4,DLA/Y1/SS1,
2250267,24-08-2026,2,24-08-2026 10:47,24-08-2026 13:10,,CLS/Y1/SA/C1/SS3,CLS/Y1/SA/C1/SS4,
2250275,24-08-2026,2,24-08-2026 10:47,24-08-2026 13:10,,CLS/Y1/SA/C1/SS3,CLS/Y1/SA/C1/SS4,
2250279,24-08-2026,2,24-08-2026 10:47,24-08-2026 13:10,,CLS/Y1/SA/C1/SS3,CLS/Y1/SA/C1/SS4,
2250282,22-07-2026,2,22-07-2026 16:30,22-07-2026 17:53,,CLS/RB/Y1/SS2,CLS/RB/Y1/SS1,
2250282,24-08-2026,2,24-08-2026 10:43,24-08-2026 13:36,,CLS/Y1/SA/C1/SS3,CLS/Y1/SA/C1/SS4,
2250286,24-08-2026,2,24-08-2026 10:47,24-08-2026 13:10,,CLS/Y1/SA/C1/SS3,CLS/Y1/SA/C1/SS4,
2250288,24-08-2026,2,24-08-2026 10:47,24-08-2026 13:10,,CLS/Y1/SA/C1/SS3,CLS/Y1/SA/C1/SS4,
2250297,24-08-2026,2,24-08-2026 10:47,24-08-2026 13:10,,CLS/Y1/SA/C1/SS3,CLS/Y1/SA/C1/SS4,
2250304,24-08-2026,2,24-08-2026 10:47,24-08-2026 13:10,,CLS/Y1/SA/C1/SS3,CLS/Y1/SA/C1/SS4,
2250308,24-08-2026,2,24-08-2026 10:47,24-08-2026 13:10,,CLS/Y1/SA/C1/SS3,CLS/Y1/SA/C1/SS4,
2250335,24-08-2026,2,24-08-2026 10:47,24-08-2026 13:10,,CLS/Y1/SA/C1/SS3,CLS/Y1/SA/C1/SS4,
2250337,22-07-2026,2,22-07-2026 16:30,22-07-2026 17:53,,CLS/RB/Y1/SS2,CLS/RB/Y1/SS1,
2250340,24-08-2026,2,24-08-2026 10:47,24-08-2026 13:10,,CLS/Y1/SA/C1/SS3,CLS/Y1/SA/C1/SS4,
2250345,24-08-2026,2,24-08-2026 10:47,24-08-2026 13:10,,CLS/Y1/SA/C1/SS3,CLS/Y1/SA/C1/SS4,
2250349,20-08-2026,2,20-08-2026 13:22,20-08-2026 18:33,,CLS/Y1/SA/C1/SS3,CLS/Y1/SA/C1/SS4,
2250349,22-07-2026,2,22-07-2026 16:30,22-07-2026 17:53,,CLS/RB/Y1/SS2,CLS/RB/Y1/SS1,
2250352,24-08-2026,2,24-08-2026 10:47,24-08-2026 13:10,,CLS/Y1/SA/C1/SS3,CLS/Y1/SA/C1/SS4,
2250362,24-08-2026,2,24-08-2026 10:47,24-08-2026 13:10,,CLS/Y1/SA/C1/SS3,CLS/Y1/SA/C1/SS4,
2250367,24-08-2026,2,24-08-2026 10:47,24-08-2026 13:10,,CLS/Y1/SA/C1/SS3,CLS/Y1/SA/C1/SS4,
2250370,24-08-2026,2,24-08-2026 10:47,24-08-2026 13:10,,CLS/Y1/SA/C1/SS3,CLS/Y1/SA/C1/SS4,
2250371,22-07-2026,2,22-07-2026 16:30,22-07-2026 17:53,,CLS/RB/Y1/SS2,CLS/RB/Y1/SS1,
2250374,24-08-2026,2,24-08-2026 10:47,24-08-2026 13:10,,CLS/Y1/SA/C1/SS3,CLS/Y1/SA/C1/SS4,
2250380,24-08-2026,2,24-08-2026 10:47,24-08-2026 13:10,,CLS/Y1/SA/C1/SS3,CLS/Y1/SA/C1/SS4,
2250404,24-08-2026,2,24-08-2026 10:47,24-08-2026 13:10,,CLS/Y1/SA/C1/SS3,CLS/Y1/SA/C1/SS4,
2250424,14-08-2026,2,14-08-2026 16:52,14-08-2026 20:06,,CLS/Y1/SA/C1/SS3,DLA/Y1/SS1,
2250745,17-08-2026,2,17-08-2026 12:25,17-08-2026 15:22,,CLS/Y1/SA/C1/SS4,DLA/Y1/SS1,
2250748,17-08-2026,2,17-08-2026 12:25,17-08-2026 15:22,,CLS/Y1/SA/C1/SS4,DLA/Y1/SS1,
2250767,17-08-2026,2,17-08-2026 12:25,17-08-2026 15:22,,CLS/Y1/SA/C1/SS4,DLA/Y1/SS1,
2250772,17-08-2026,2,17-08-2026 12:25,17-08-2026 15:22,,CLS/Y1/SA/C1/SS4,DLA/Y1/SS1,
2250789,17-08-2026,2,17-08-2026 12:25,17-08-2026 15:22,,CLS/Y1/SA/C1/SS4,DLA/Y1/SS1,
2250790,17-08-2026,2,17-08-2026 12:25,17-08-2026 15:22,,CLS/Y1/SA/C1/SS4,DLA/Y1/SS1,
2250792,17-08-2026,2,17-08-2026 12:25,17-08-2026 15:22,,CLS/Y1/SA/C1/SS4,DLA/Y1/SS1,
2250803,17-08-2026,2,17-08-2026 12:25,17-08-2026 15:22,,CLS/Y1/SA/C1/SS4,DLA/Y1/SS1,
2250810,24-08-2026,2,24-08-2026 10:47,24-08-2026 13:10,,CLS/Y1/SA/C1/SS3,CLS/Y1/SA/C1/SS4,
2250812,24-08-2026,2,24-08-2026 10:47,24-08-2026 13:10,,CLS/Y1/SA/C1/SS3,CLS/Y1/SA/C1/SS4,
2250813,24-08-2026,2,24-08-2026 10:47,24-08-2026 13:10,,CLS/Y1/SA/C1/SS3,CLS/Y1/SA/C1/SS4,
2250814,23-07-2026,2,23-07-2026 12:01,23-07-2026 15:03,,CLS/RB/Y1/SS1,CLS/RB/Y1/SS2,
2250814,24-08-2026,2,24-08-2026 10:47,24-08-2026 13:10,,CLS/Y1/SA/C1/SS3,CLS/Y1/SA/C1/SS4,
2250816,24-08-2026,2,24-08-2026 10:47,24-08-2026 13:10,,CLS/Y1/SA/C1/SS3,CLS/Y1/SA/C1/SS4,
2250820,24-08-2026,2,24-08-2026 10:47,24-08-2026 13:10,,CLS/Y1/SA/C1/SS3,CLS/Y1/SA/C1/SS4,
2250823,24-08-2026,2,24-08-2026 10:47,24-08-2026 13:10,,CLS/Y1/SA/C1/SS3,CLS/Y1/SA/C1/SS4,
2250826,24-08-2026,2,24-08-2026 10:47,24-08-2026 13:10,,CLS/Y1/SA/C1/SS3,CLS/Y1/SA/C1/SS4,
2250827,24-08-2026,2,24-08-2026 10:47,24-08-2026 13:10,,CLS/Y1/SA/C1/SS3,CLS/Y1/SA/C1/SS4,
2250830,24-08-2026,2,24-08-2026 10:47,24-08-2026 13:10,,CLS/Y1/SA/C1/SS3,CLS/Y1/SA/C1/SS4,
2250834,25-08-2026,2,25-08-2026 12:18,25-08-2026 14:43,,CLS/Y1/SA/C1/SS3,CLS/Y1/SA/C1/SS4,
2250836,25-08-2026,2,25-08-2026 12:18,25-08-2026 14:43,,CLS/Y1/SA/C1/SS3,CLS/Y1/SA/C1/SS4,
2250839,25-08-2026,2,25-08-2026 12:18,25-08-2026 14:43,,CLS/Y1/SA/C1/SS3,CLS/Y1/SA/C1/SS4,
2250841,25-08-2026,2,25-08-2026 12:18,25-08-2026 14:43,,CLS/Y1/SA/C1/SS3,CLS/Y1/SA/C1/SS4,
2250844,25-08-2026,2,25-08-2026 12:18,25-08-2026 14:43,,CLS/Y1/SA/C1/SS3,CLS/Y1/SA/C1/SS4,
2250846,25-08-2026,2,25-08-2026 12:18,25-08-2026 14:43,,CLS/Y1/SA/C1/SS3,CLS/Y1/SA/C1/SS4,
2250850,25-08-2026,2,25-08-2026 12:18,25-08-2026 14:43,,CLS/Y1/SA/C1/SS3,CLS/Y1/SA/C1/SS4,
2250853,25-08-2026,2,25-08-2026 12:18,25-08-2026 14:43,,CLS/Y1/SA/C1/SS3,CLS/Y1/SA/C1/SS4,
2250854,25-08-2026,2,25-08-2026 12:18,25-08-2026 14:43,,CLS/Y1/SA/C1/SS3,CLS/Y1/SA/C1/SS4,
2250941,25-08-2026,2,25-08-2026 12:18,25-08-2026 14:43,,CLS/Y1/SA/C1/SS3,CLS/Y1/SA/C1/SS4,
2250943,14-08-2026,2,14-08-2026 16:52,14-08-2026 20:06,,CLS/Y1/SA/C1/SS3,DLA/Y1/SS1,
2250944,25-08-2026,2,25-08-2026 12:18,25-08-2026 14:43,,CLS/Y1/SA/C1/SS3,CLS/Y1/SA/C1/SS4,
2250946,25-08-2026,2,25-08-2026 12:18,25-08-2026 14:43,,CLS/Y1/SA/C1/SS3,CLS/Y1/SA/C1/SS4,
2250948,25-08-2026,2,25-08-2026 12:18,25-08-2026 14:43,,CLS/Y1/SA/C1/SS3,CLS/Y1/SA/C1/SS4,
2250952,25-08-2026,2,25-08-2026 12:18,25-08-2026 14:43,,CLS/Y1/SA/C1/SS3,CLS/Y1/SA/C1/SS4,
2250953,25-08-2026,2,25-08-2026 12:18,25-08-2026 14:43,,CLS/Y1/SA/C1/SS3,CLS/Y1/SA/C1/SS4,
2250957,25-08-2026,2,25-08-2026 12:18,25-08-2026 14:43,,CLS/Y1/SA/C1/SS3,CLS/Y1/SA/C1/SS4,
2250959,25-08-2026,2,25-08-2026 12:18,25-08-2026 14:43,,CLS/Y1/SA/C1/SS3,CLS/Y1/SA/C1/SS4,
2250962,25-08-2026,2,25-08-2026 12:18,25-08-2026 14:43,,CLS/Y1/SA/C1/SS3,CLS/Y1/SA/C1/SS4,
2250964,25-08-2026,2,25-08-2026 12:18,25-08-2026 14:43,,CLS/Y1/SA/C1/SS3,CLS/Y1/SA/C1/SS4,
2250968,25-08-2026,2,25-08-2026 12:18,25-08-2026 14:43,,CLS/Y1/SA/C1/SS3,CLS/Y1/SA/C1/SS4,
2250970,25-08-2026,2,25-08-2026 12:18,25-08-2026 14:43,,CLS/Y1/SA/C1/SS3,CLS/Y1/SA/C1/SS4,
2250975,25-08-2026,2,25-08-2026 12:18,25-08-2026 14:43,,CLS/Y1/SA/C1/SS3,CLS/Y1/SA/C1/SS4,
2250978,25-08-2026,2,25-08-2026 12:18,25-08-2026 14:43,,CLS/Y1/SA/C1/SS3,CLS/Y1/SA/C1/SS4,
2250983,25-08-2026,2,25-08-2026 12:18,25-08-2026 14:43,,CLS/Y1/SA/C1/SS3,CLS/Y1/SA/C1/SS4,
2250986,25-08-2026,2,25-08-2026 12:18,25-08-2026 14:43,,CLS/Y1/SA/C1/SS3,CLS/Y1/SA/C1/SS4,
2250990,25-08-2026,2,25-08-2026 12:18,25-08-2026 14:43,,CLS/Y1/SA/C1/SS3,CLS/Y1/SA/C1/SS4,
2250998,25-08-2026,2,25-08-2026 12:18,25-08-2026 14:43,,CLS/Y1/SA/C1/SS3,CLS/Y1/SA/C1/SS4,
2250999,25-08-2026,2,25-08-2026 12:18,25-08-2026 14:43,,CLS/Y1/SA/C1/SS3,CLS/Y1/SA/C1/SS4,
2251162,25-08-2026,2,25-08-2026 12:18,25-08-2026 14:43,,CLS/Y1/SA/C1/SS3,CLS/Y1/SA/C1/SS4,
2251167,25-08-2026,2,25-08-2026 12:18,25-08-2026 14:43,,CLS/Y1/SA/C1/SS3,CLS/Y1/SA/C1/SS4,
2251172,25-08-2026,2,25-08-2026 12:18,25-08-2026 14:43,,CLS/Y1/SA/C1/SS3,CLS/Y1/SA/C1/SS4,
2251177,25-08-2026,2,25-08-2026 12:18,25-08-2026 14:43,,CLS/Y1/SA/C1/SS3,CLS/Y1/SA/C1/SS4,
2251184,25-08-2026,2,25-08-2026 12:18,25-08-2026 14:43,,CLS/Y1/SA/C1/SS3,CLS/Y1/SA/C1/SS4,
2251187,25-08-2026,2,25-08-2026 12:18,25-08-2026 14:43,,CLS/Y1/SA/C1/SS3,CLS/Y1/SA/C1/SS4,
2251195,25-08-2026,2,25-08-2026 12:18,25-08-2026 14:43,,CLS/Y1/SA/C1/SS3,CLS/Y1/SA/C1/SS4,
2251200,25-08-2026,2,25-08-2026 12:18,25-08-2026 14:43,,CLS/Y1/SA/C1/SS3,CLS/Y1/SA/C1/SS4,
2251207,25-08-2026,2,25-08-2026 12:18,25-08-2026 14:43,,CLS/Y1/SA/C1/SS3,CLS/Y1/SA/C1/SS4,
2251258,13-08-2026,2,13-08-2026 14:33,13-08-2026 16:31,,DLA/Y1/SS1,CLS/Y1/SA/C1/SS3,
2251258,30-07-2026,2,30-07-2026 16:11,30-07-2026 17:16,,CLS/RB/Y1/SS1,CLS/RB/Y1/SS2,
2251265,13-08-2026,2,13-08-2026 14:33,13-08-2026 16:31,,DLA/Y1/SS1,CLS/Y1/SA/C1/SS3,
2251265,30-07-2026,2,30-07-2026 16:11,30-07-2026 17:16,,CLS/RB/Y1/SS1,CLS/RB/Y1/SS2,
2251270,13-08-2026,2,13-08-2026 14:33,13-08-2026 16:31,,DLA/Y1/SS1,CLS/Y1/SA/C1/SS3,
2251270,27-08-2026,2,27-08-2026 16:06,27-08-2026 21:14,,CLS/Y1/SA/C1/SS4,CLS/RB/Y1/SS1,
2251285,13-08-2026,2,13-08-2026 14:33,13-08-2026 16:31,,DLA/Y1/SS1,CLS/Y1/SA/C1/SS3,
2251285,30-07-2026,2,30-07-2026 16:11,30-07-2026 17:16,,CLS/RB/Y1/SS1,CLS/RB/Y1/SS2,
2251293,13-08-2026,2,13-08-2026 14:33,13-08-2026 16:31,,DLA/Y1/SS1,CLS/Y1/SA/C1/SS3,
2251293,30-07-2026,2,30-07-2026 16:11,30-07-2026 17:16,,CLS/RB/Y1/SS1,CLS/RB/Y1/SS2,
2251296,25-08-2026,2,25-08-2026 12:18,25-08-2026 14:43,,CLS/Y1/SA/C1/SS3,CLS/Y1/SA/C1/SS4,
2251303,13-08-2026,2,13-08-2026 14:33,13-08-2026 16:31,,DLA/Y1/SS1,CLS/Y1/SA/C1/SS3,
2251303,30-07-2026,2,30-07-2026 16:11,30-07-2026 17:16,,CLS/RB/Y1/SS1,CLS/RB/Y1/SS2,
2251304,25-08-2026,2,25-08-2026 12:18,25-08-2026 14:43,,CLS/Y1/SA/C1/SS3,CLS/Y1/SA/C1/SS4,
2251310,13-08-2026,2,13-08-2026 14:33,13-08-2026 16:31,,DLA/Y1/SS1,CLS/Y1/SA/C1/SS3,
2251310,30-07-2026,2,30-07-2026 16:11,30-07-2026 17:16,,CLS/RB/Y1/SS1,CLS/RB/Y1/SS2,
2251312,25-08-2026,2,25-08-2026 12:18,25-08-2026 14:43,,CLS/Y1/SA/C1/SS3,CLS/Y1/SA/C1/SS4,
2251317,25-08-2026,2,25-08-2026 12:18,25-08-2026 14:43,,CLS/Y1/SA/C1/SS3,CLS/Y1/SA/C1/SS4,
2251318,13-08-2026,2,13-08-2026 14:33,13-08-2026 16:31,,DLA/Y1/SS1,CLS/Y1/SA/C1/SS3,
2251318,30-07-2026,2,30-07-2026 16:11,30-07-2026 17:16,,CLS/RB/Y1/SS1,CLS/RB/Y1/SS2,
2251324,13-08-2026,2,13-08-2026 14:33,13-08-2026 16:31,,DLA/Y1/SS1,CLS/Y1/SA/C1/SS3,
2251324,30-07-2026,2,30-07-2026 16:11,30-07-2026 17:16,,CLS/RB/Y1/SS1,CLS/RB/Y1/SS2,
2251327,25-08-2026,2,25-08-2026 12:18,25-08-2026 14:43,,CLS/Y1/SA/C1/SS3,CLS/Y1/SA/C1/SS4,
2251329,13-08-2026,2,13-08-2026 14:33,13-08-2026 16:31,,DLA/Y1/SS1,CLS/Y1/SA/C1/SS3,
2251329,30-07-2026,2,30-07-2026 16:11,30-07-2026 17:16,,CLS/RB/Y1/SS1,CLS/RB/Y1/SS2,
2251335,25-08-2026,2,25-08-2026 12:18,25-08-2026 14:43,,CLS/Y1/SA/C1/SS3,CLS/Y1/SA/C1/SS4,
2251337,13-08-2026,2,13-08-2026 14:33,13-08-2026 16:31,,DLA/Y1/SS1,CLS/Y1/SA/C1/SS3,
2251337,30-07-2026,2,30-07-2026 16:11,30-07-2026 17:16,,CLS/RB/Y1/SS1,CLS/RB/Y1/SS2,
2251342,13-08-2026,2,13-08-2026 14:33,13-08-2026 16:31,,DLA/Y1/SS1,CLS/Y1/SA/C1/SS3,
2251342,27-08-2026,2,27-08-2026 16:06,27-08-2026 21:14,,CLS/Y1/SA/C1/SS4,CLS/RB/Y1/SS1,
2251343,25-08-2026,2,25-08-2026 12:18,25-08-2026 14:43,,CLS/Y1/SA/C1/SS3,CLS/Y1/SA/C1/SS4,
2251344,13-08-2026,2,13-08-2026 14:33,13-08-2026 16:31,,DLA/Y1/SS1,CLS/Y1/SA/C1/SS3,
2251344,27-08-2026,2,27-08-2026 16:06,27-08-2026 21:14,,CLS/Y1/SA/C1/SS4,CLS/RB/Y1/SS1,
2251346,25-08-2026,2,25-08-2026 12:18,25-08-2026 14:43,,CLS/Y1/SA/C1/SS3,CLS/Y1/SA/C1/SS4,
2251350,13-08-2026,2,13-08-2026 14:33,13-08-2026 16:31,,DLA/Y1/SS1,CLS/Y1/SA/C1/SS3,
2251350,30-07-2026,2,30-07-2026 16:11,30-07-2026 17:16,,CLS/RB/Y1/SS1,CLS/RB/Y1/SS2,
2251351,25-08-2026,2,25-08-2026 12:18,25-08-2026 14:43,,CLS/Y1/SA/C1/SS3,CLS/Y1/SA/C1/SS4,
2251354,13-08-2026,2,13-08-2026 14:33,13-08-2026 16:31,,DLA/Y1/SS1,CLS/Y1/SA/C1/SS3,
2251354,30-07-2026,2,30-07-2026 16:11,30-07-2026 17:16,,CLS/RB/Y1/SS1,CLS/RB/Y1/SS2,
2251357,25-08-2026,2,25-08-2026 12:18,25-08-2026 14:43,,CLS/Y1/SA/C1/SS3,CLS/Y1/SA/C1/SS4,
2251363,13-08-2026,2,13-08-2026 14:33,13-08-2026 16:31,,DLA/Y1/SS1,CLS/Y1/SA/C1/SS3,
2251363,30-07-2026,2,30-07-2026 16:11,30-07-2026 17:16,,CLS/RB/Y1/SS1,CLS/RB/Y1/SS2,
2251369,25-08-2026,2,25-08-2026 12:18,25-08-2026 14:43,,CLS/Y1/SA/C1/SS3,CLS/Y1/SA/C1/SS4,
2251371,13-08-2026,2,13-08-2026 14:33,13-08-2026 16:31,,DLA/Y1/SS1,CLS/Y1/SA/C1/SS3,
2251371,27-08-2026,2,27-08-2026 16:06,27-08-2026 21:14,,CLS/Y1/SA/C1/SS4,CLS/RB/Y1/SS1,
2251376,13-08-2026,2,13-08-2026 14:33,13-08-2026 16:31,,DLA/Y1/SS1,CLS/Y1/SA/C1/SS3,
2251376,30-07-2026,2,30-07-2026 16:11,30-07-2026 17:16,,CLS/RB/Y1/SS1,CLS/RB/Y1/SS2,
2251378,25-08-2026,2,25-08-2026 12:18,25-08-2026 14:43,,CLS/Y1/SA/C1/SS3,CLS/Y1/SA/C1/SS4,
2251381,13-08-2026,2,13-08-2026 14:33,13-08-2026 16:31,,DLA/Y1/SS1,CLS/Y1/SA/C1/SS3,
2251381,30-07-2026,2,30-07-2026 16:11,30-07-2026 17:16,,CLS/RB/Y1/SS1,CLS/RB/Y1/SS2,
2251383,25-08-2026,2,25-08-2026 12:18,25-08-2026 14:43,,CLS/Y1/SA/C1/SS3,CLS/Y1/SA/C1/SS4,
2251386,13-08-2026,2,13-08-2026 14:33,13-08-2026 16:31,,DLA/Y1/SS1,CLS/Y1/SA/C1/SS3,
2251386,30-07-2026,2,30-07-2026 16:11,30-07-2026 17:16,,CLS/RB/Y1/SS1,CLS/RB/Y1/SS2,
2251390,13-08-2026,2,13-08-2026 14:33,13-08-2026 16:31,,DLA/Y1/SS1,CLS/Y1/SA/C1/SS3,
2251390,27-08-2026,2,27-08-2026 16:06,27-08-2026 21:14,,CLS/Y1/SA/C1/SS4,CLS/RB/Y1/SS1,
2251402,13-08-2026,2,13-08-2026 14:33,13-08-2026 16:31,,DLA/Y1/SS1,CLS/Y1/SA/C1/SS3,
2251402,30-07-2026,2,30-07-2026 16:11,30-07-2026 17:16,,CLS/RB/Y1/SS1,CLS/RB/Y1/SS2,
2251415,13-08-2026,2,13-08-2026 14:33,13-08-2026 16:31,,DLA/Y1/SS1,CLS/Y1/SA/C1/SS3,
2251415,27-08-2026,2,27-08-2026 16:06,27-08-2026 21:14,,CLS/Y1/SA/C1/SS4,CLS/RB/Y1/SS1,
2251419,25-08-2026,2,25-08-2026 12:18,25-08-2026 14:43,,CLS/Y1/SA/C1/SS3,CLS/Y1/SA/C1/SS4,
2251425,13-08-2026,2,13-08-2026 14:33,13-08-2026 16:31,,DLA/Y1/SS1,CLS/Y1/SA/C1/SS3,
2251425,30-07-2026,2,30-07-2026 16:11,30-07-2026 17:16,,CLS/RB/Y1/SS1,CLS/RB/Y1/SS2,
2251426,25-08-2026,2,25-08-2026 12:18,25-08-2026 14:43,,CLS/Y1/SA/C1/SS3,CLS/Y1/SA/C1/SS4,
2251432,25-08-2026,2,25-08-2026 12:18,25-08-2026 14:43,,CLS/Y1/SA/C1/SS3,CLS/Y1/SA/C1/SS4,
2251434,13-08-2026,2,13-08-2026 14:33,13-08-2026 16:31,,DLA/Y1/SS1,CLS/Y1/SA/C1/SS3,
2251434,27-08-2026,2,27-08-2026 16:06,27-08-2026 21:14,,CLS/Y1/SA/C1/SS4,CLS/RB/Y1/SS1,
2251440,25-08-2026,2,25-08-2026 12:18,25-08-2026 14:43,,CLS/Y1/SA/C1/SS3,CLS/Y1/SA/C1/SS4,
2251443,13-08-2026,2,13-08-2026 14:33,13-08-2026 16:31,,DLA/Y1/SS1,CLS/Y1/SA/C1/SS3,
2251443,27-08-2026,2,27-08-2026 16:06,27-08-2026 21:14,,CLS/Y1/SA/C1/SS4,CLS/RB/Y1/SS1,
2251455,25-08-2026,2,25-08-2026 12:18,25-08-2026 14:43,,CLS/Y1/SA/C1/SS3,CLS/Y1/SA/C1/SS4,
2251456,13-08-2026,2,13-08-2026 14:33,13-08-2026 16:31,,DLA/Y1/SS1,CLS/Y1/SA/C1/SS3,
2251456,30-07-2026,2,30-07-2026 16:11,30-07-2026 17:16,,CLS/RB/Y1/SS1,CLS/RB/Y1/SS2,
2251457,25-08-2026,2,25-08-2026 12:18,25-08-2026 14:43,,CLS/Y1/SA/C1/SS3,CLS/Y1/SA/C1/SS4,
2251458,25-08-2026,2,25-08-2026 12:18,25-08-2026 14:43,,CLS/Y1/SA/C1/SS3,CLS/Y1/SA/C1/SS4,
2251459,25-08-2026,2,25-08-2026 12:18,25-08-2026 14:43,,CLS/Y1/SA/C1/SS3,CLS/Y1/SA/C1/SS4,
2251468,13-08-2026,2,13-08-2026 14:33,13-08-2026 16:31,,DLA/Y1/SS1,CLS/Y1/SA/C1/SS3,
2251468,30-07-2026,2,30-07-2026 16:11,30-07-2026 17:16,,CLS/RB/Y1/SS1,CLS/RB/Y1/SS2,
2251477,13-08-2026,2,13-08-2026 14:33,13-08-2026 16:31,,DLA/Y1/SS1,CLS/Y1/SA/C1/SS3,
2251477,30-07-2026,2,30-07-2026 16:11,30-07-2026 17:16,,CLS/RB/Y1/SS1,CLS/RB/Y1/SS2,
2251482,13-08-2026,2,13-08-2026 14:33,13-08-2026 16:31,,DLA/Y1/SS1,CLS/Y1/SA/C1/SS3,
2251482,30-07-2026,2,30-07-2026 16:11,30-07-2026 17:16,,CLS/RB/Y1/SS1,CLS/RB/Y1/SS2,
2251488,13-08-2026,2,13-08-2026 14:33,13-08-2026 16:31,,DLA/Y1/SS1,CLS/Y1/SA/C1/SS3,
2251488,27-08-2026,2,27-08-2026 16:06,27-08-2026 21:14,,CLS/Y1/SA/C1/SS4,CLS/RB/Y1/SS1,
2251496,13-08-2026,2,13-08-2026 14:33,13-08-2026 16:31,,DLA/Y1/SS1,CLS/Y1/SA/C1/SS3,
2251496,27-08-2026,2,27-08-2026 16:06,27-08-2026 21:14,,CLS/Y1/SA/C1/SS4,CLS/RB/Y1/SS1,
2251506,13-08-2026,2,13-08-2026 14:33,13-08-2026 16:31,,DLA/Y1/SS1,CLS/Y1/SA/C1/SS3,
2251506,27-08-2026,2,27-08-2026 16:06,27-08-2026 21:14,,CLS/Y1/SA/C1/SS4,CLS/RB/Y1/SS1,
2251510,13-08-2026,2,13-08-2026 14:33,13-08-2026 16:31,,DLA/Y1/SS1,CLS/Y1/SA/C1/SS3,
2251510,27-08-2026,2,27-08-2026 16:06,27-08-2026 21:14,,CLS/Y1/SA/C1/SS4,CLS/RB/Y1/SS1,
2251513,13-08-2026,2,13-08-2026 14:33,13-08-2026 16:31,,DLA/Y1/SS1,CLS/Y1/SA/C1/SS3,
2251513,27-08-2026,2,27-08-2026 16:06,27-08-2026 21:14,,CLS/Y1/SA/C1/SS4,CLS/RB/Y1/SS1,
2251518,13-08-2026,2,13-08-2026 14:33,13-08-2026 16:31,,DLA/Y1/SS1,CLS/Y1/SA/C1/SS3,
2251518,30-07-2026,2,30-07-2026 16:11,30-07-2026 17:16,,CLS/RB/Y1/SS1,CLS/RB/Y1/SS2,
2251522,13-08-2026,2,13-08-2026 14:33,13-08-2026 16:31,,DLA/Y1/SS1,CLS/Y1/SA/C1/SS3,
2251522,27-08-2026,2,27-08-2026 16:06,27-08-2026 21:14,,CLS/Y1/SA/C1/SS4,CLS/RB/Y1/SS1,
2251523,21-08-2026,2,21-08-2026 11:48,21-08-2026 14:51,,CLS/Y1/SA/C1/SS4,CLS/Y1/SA/C1/SS3,
2251523,30-07-2026,2,30-07-2026 10:56,30-07-2026 12:51,,CLS/RB/Y1/SS1,CLS/RB/Y1/SS2,
2251526,13-08-2026,2,13-08-2026 14:33,13-08-2026 16:31,,DLA/Y1/SS1,CLS/Y1/SA/C1/SS3,
2251526,30-07-2026,2,30-07-2026 16:11,30-07-2026 17:16,,CLS/RB/Y1/SS1,CLS/RB/Y1/SS2,
2251569,30-07-2026,2,30-07-2026 10:56,30-07-2026 12:51,,CLS/RB/Y1/SS1,CLS/RB/Y1/SS2,
2251570,07-08-2026,2,07-08-2026 11:03,07-08-2026 12:32,,DLA/Y1/SS1,CLS/RB/Y1/SS1,
2251570,27-08-2026,2,27-08-2026 12:18,27-08-2026 13:39,,CLS/Y1/SA/C1/SS4,CLS/Y1/SA/C1/SS3,
2251571,30-07-2026,2,30-07-2026 12:51,30-07-2026 14:40,,CLS/RB/Y1/SS2,CLS/RB/Y1/SS1,
2251572,30-07-2026,2,30-07-2026 10:56,30-07-2026 12:51,,CLS/RB/Y1/SS1,CLS/RB/Y1/SS2,
2251573,30-07-2026,2,30-07-2026 10:56,30-07-2026 12:51,,CLS/RB/Y1/SS1,CLS/RB/Y1/SS2,
2251574,30-07-2026,2,30-07-2026 10:56,30-07-2026 12:51,,CLS/RB/Y1/SS1,CLS/RB/Y1/SS2,
2251575,30-07-2026,2,30-07-2026 10:56,30-07-2026 12:51,,CLS/RB/Y1/SS1,CLS/RB/Y1/SS2,
2251576,14-08-2026,2,14-08-2026 11:22,14-08-2026 13:02,,CLS/Y1/SA/C1/SS3,CLS/RB/Y1/SS2,
2251577,30-07-2026,2,30-07-2026 10:56,30-07-2026 12:51,,CLS/RB/Y1/SS1,CLS/RB/Y1/SS2,
2251578,30-07-2026,2,30-07-2026 10:56,30-07-2026 12:51,,CLS/RB/Y1/SS1,CLS/RB/Y1/SS2,
2251579,30-07-2026,2,30-07-2026 10:56,30-07-2026 12:51,,CLS/RB/Y1/SS1,CLS/RB/Y1/SS2,
2251581,07-08-2026,2,07-08-2026 11:03,07-08-2026 12:32,,DLA/Y1/SS1,CLS/RB/Y1/SS1,
2251581,14-08-2026,2,14-08-2026 11:22,14-08-2026 13:02,,CLS/Y1/SA/C1/SS3,CLS/RB/Y1/SS2,
2251582,07-08-2026,2,07-08-2026 11:03,07-08-2026 12:32,,DLA/Y1/SS1,CLS/RB/Y1/SS1,
2251582,14-08-2026,2,14-08-2026 11:22,14-08-2026 13:02,,CLS/Y1/SA/C1/SS3,CLS/RB/Y1/SS2,
2251583,30-07-2026,2,30-07-2026 10:56,30-07-2026 12:51,,CLS/RB/Y1/SS1,CLS/RB/Y1/SS2,
2251584,14-08-2026,2,14-08-2026 11:22,14-08-2026 15:39,,CLS/Y1/SA/C1/SS3,DLA/Y1/SS1,
2251584,30-07-2026,2,30-07-2026 10:56,30-07-2026 12:51,,CLS/RB/Y1/SS1,CLS/RB/Y1/SS2,
2251585,21-08-2026,2,21-08-2026 11:48,21-08-2026 14:51,,CLS/Y1/SA/C1/SS4,CLS/Y1/SA/C1/SS3,
2251585,27-08-2026,2,27-08-2026 12:20,27-08-2026 13:41,,CLS/RB/Y1/SS2,DLA/Y1/SS1,
2251586,07-08-2026,2,07-08-2026 11:03,07-08-2026 12:32,,DLA/Y1/SS1,CLS/RB/Y1/SS1,
2251586,14-08-2026,2,14-08-2026 11:22,14-08-2026 13:02,,CLS/Y1/SA/C1/SS3,CLS/RB/Y1/SS2,
2251587,14-08-2026,2,14-08-2026 11:22,14-08-2026 15:39,,CLS/Y1/SA/C1/SS3,DLA/Y1/SS1,
2251587,30-07-2026,2,30-07-2026 10:56,30-07-2026 12:51,,CLS/RB/Y1/SS1,CLS/RB/Y1/SS2,
2251588,14-08-2026,2,14-08-2026 11:22,14-08-2026 13:02,,CLS/Y1/SA/C1/SS3,CLS/RB/Y1/SS2,
2251588,21-08-2026,2,21-08-2026 11:48,21-08-2026 15:46,,CLS/Y1/SA/C1/SS4,DLA/Y1/SS1,
2251589,30-07-2026,2,30-07-2026 10:56,30-07-2026 12:51,,CLS/RB/Y1/SS1,CLS/RB/Y1/SS2,
2251590,07-08-2026,2,07-08-2026 11:03,07-08-2026 12:32,,DLA/Y1/SS1,CLS/RB/Y1/SS1,
2251590,14-08-2026,2,14-08-2026 11:22,14-08-2026 13:02,,CLS/Y1/SA/C1/SS3,CLS/RB/Y1/SS2,
2251591,07-08-2026,2,07-08-2026 11:03,07-08-2026 12:32,,DLA/Y1/SS1,CLS/RB/Y1/SS1,
2251591,14-08-2026,2,14-08-2026 11:22,14-08-2026 13:02,,CLS/Y1/SA/C1/SS3,CLS/RB/Y1/SS2,
2251592,30-07-2026,2,30-07-2026 10:56,30-07-2026 12:51,,CLS/RB/Y1/SS1,CLS/RB/Y1/SS2,
2251593,30-07-2026,2,30-07-2026 10:56,30-07-2026 12:51,,CLS/RB/Y1/SS1,CLS/RB/Y1/SS2,
2251594,27-08-2026,2,27-08-2026 12:18,27-08-2026 13:39,,CLS/Y1/SA/C1/SS4,CLS/Y1/SA/C1/SS3,
2251594,31-08-2026,2,31-08-2026 12:05,31-08-2026 13:14,,CLS/RB/Y1/SS2,DLA/Y1/SS1,
2251595,30-07-2026,2,30-07-2026 10:56,30-07-2026 12:51,,CLS/RB/Y1/SS1,CLS/RB/Y1/SS2,
2251596,30-07-2026,2,30-07-2026 10:56,30-07-2026 12:51,,CLS/RB/Y1/SS1,CLS/RB/Y1/SS2,
2251597,07-08-2026,2,07-08-2026 11:03,07-08-2026 12:32,,DLA/Y1/SS1,CLS/RB/Y1/SS1,
2251597,14-08-2026,2,14-08-2026 11:22,14-08-2026 13:02,,CLS/Y1/SA/C1/SS3,CLS/RB/Y1/SS2,
2251598,30-07-2026,2,30-07-2026 10:56,30-07-2026 12:51,,CLS/RB/Y1/SS1,CLS/RB/Y1/SS2,
2251599,07-08-2026,2,07-08-2026 11:03,07-08-2026 12:32,,DLA/Y1/SS1,CLS/RB/Y1/SS1,
2251599,14-08-2026,2,14-08-2026 11:22,14-08-2026 13:02,,CLS/Y1/SA/C1/SS3,CLS/RB/Y1/SS2,
2251600,07-08-2026,2,07-08-2026 11:03,07-08-2026 12:32,,DLA/Y1/SS1,CLS/RB/Y1/SS1,
2251600,14-08-2026,2,14-08-2026 11:22,14-08-2026 13:02,,CLS/Y1/SA/C1/SS3,CLS/RB/Y1/SS2,
2251601,07-08-2026,2,07-08-2026 11:03,07-08-2026 12:32,,DLA/Y1/SS1,CLS/RB/Y1/SS1,
2251601,14-08-2026,2,14-08-2026 11:22,14-08-2026 13:02,,CLS/Y1/SA/C1/SS3,CLS/RB/Y1/SS2,
2251602,07-08-2026,2,07-08-2026 11:03,07-08-2026 12:32,,DLA/Y1/SS1,CLS/RB/Y1/SS1,
2251602,14-08-2026,2,14-08-2026 11:22,14-08-2026 13:02,,CLS/Y1/SA/C1/SS3,CLS/RB/Y1/SS2,
2251603,07-08-2026,2,07-08-2026 11:03,07-08-2026 12:32,,DLA/Y1/SS1,CLS/RB/Y1/SS1,
2251603,14-08-2026,2,14-08-2026 11:22,14-08-2026 13:02,,CLS/Y1/SA/C1/SS3,CLS/RB/Y1/SS2,
2251604,30-07-2026,2,30-07-2026 10:56,30-07-2026 12:51,,CLS/RB/Y1/SS1,CLS/RB/Y1/SS2,
2251605,30-07-2026,2,30-07-2026 10:56,30-07-2026 12:51,,CLS/RB/Y1/SS1,CLS/RB/Y1/SS2,
2251606,30-07-2026,2,30-07-2026 10:56,30-07-2026 12:51,,CLS/RB/Y1/SS1,CLS/RB/Y1/SS2,
2251608,07-08-2026,2,07-08-2026 11:03,07-08-2026 12:32,,DLA/Y1/SS1,CLS/RB/Y1/SS1,
2251608,21-08-2026,2,21-08-2026 11:48,21-08-2026 14:51,,CLS/Y1/SA/C1/SS4,CLS/Y1/SA/C1/SS3,
2251609,14-08-2026,2,14-08-2026 11:22,14-08-2026 13:02,,CLS/Y1/SA/C1/SS3,CLS/RB/Y1/SS2,
2251609,21-08-2026,2,21-08-2026 11:48,21-08-2026 15:46,,CLS/Y1/SA/C1/SS4,DLA/Y1/SS1,
2251610,07-08-2026,2,07-08-2026 11:03,07-08-2026 12:32,,DLA/Y1/SS1,CLS/RB/Y1/SS1,
2251610,14-08-2026,2,14-08-2026 11:22,14-08-2026 13:02,,CLS/Y1/SA/C1/SS3,CLS/RB/Y1/SS2,
2251611,07-08-2026,2,07-08-2026 11:03,07-08-2026 12:32,,DLA/Y1/SS1,CLS/RB/Y1/SS1,
2251611,14-08-2026,2,14-08-2026 11:22,14-08-2026 13:02,,CLS/Y1/SA/C1/SS3,CLS/RB/Y1/SS2,
2251612,30-07-2026,2,30-07-2026 10:56,30-07-2026 12:51,,CLS/RB/Y1/SS1,CLS/RB/Y1/SS2,
2251613,07-08-2026,2,07-08-2026 11:03,07-08-2026 12:32,,DLA/Y1/SS1,CLS/RB/Y1/SS1,
2251613,27-08-2026,2,27-08-2026 13:39,27-08-2026 18:25,,CLS/Y1/SA/C1/SS3,CLS/Y1/SA/C1/SS4,
2251614,21-08-2026,2,21-08-2026 11:48,21-08-2026 14:51,,CLS/Y1/SA/C1/SS4,CLS/Y1/SA/C1/SS3,
2251614,30-07-2026,2,30-07-2026 10:56,30-07-2026 12:51,,CLS/RB/Y1/SS1,CLS/RB/Y1/SS2,
2251615,07-08-2026,2,07-08-2026 11:03,07-08-2026 12:32,,DLA/Y1/SS1,CLS/RB/Y1/SS1,
2251615,14-08-2026,2,14-08-2026 11:22,14-08-2026 13:02,,CLS/Y1/SA/C1/SS3,CLS/RB/Y1/SS2,
2251660,30-07-2026,2,30-07-2026 12:52,30-07-2026 14:19,,CLS/RB/Y1/SS1,CLS/RB/Y1/SS2,
2251662,18-08-2026,2,18-08-2026 13:08,18-08-2026 18:42,,DLA/Y1/SS1,CLS/Y1/SA/C1/SS3,
2251663,14-08-2026,2,14-08-2026 12:54,14-08-2026 15:08,,CLS/Y1/SA/C1/SS4,DLA/Y1/SS1,
2251664,14-08-2026,2,14-08-2026 12:54,14-08-2026 15:08,,CLS/Y1/SA/C1/SS4,DLA/Y1/SS1,
2251667,18-08-2026,2,18-08-2026 13:08,18-08-2026 16:08,,DLA/Y1/SS1,CLS/Y1/SA/C1/SS3,
2251668,18-08-2026,2,18-08-2026 13:08,18-08-2026 16:08,,DLA/Y1/SS1,CLS/Y1/SA/C1/SS3,
2251668,30-07-2026,2,30-07-2026 12:52,30-07-2026 14:19,,CLS/RB/Y1/SS1,CLS/RB/Y1/SS2,
2251673,18-08-2026,2,18-08-2026 13:08,18-08-2026 16:08,,DLA/Y1/SS1,CLS/Y1/SA/C1/SS3,
2251675,14-08-2026,2,14-08-2026 12:54,14-08-2026 15:08,,CLS/Y1/SA/C1/SS4,DLA/Y1/SS1,
2251680,14-08-2026,2,14-08-2026 12:54,14-08-2026 15:08,,CLS/Y1/SA/C1/SS4,DLA/Y1/SS1,
2251683,18-08-2026,2,18-08-2026 12:27,18-08-2026 16:08,,CLS/RB/Y1/SS2,CLS/Y1/SA/C1/SS3,
2251706,14-08-2026,2,14-08-2026 12:54,14-08-2026 15:08,,CLS/Y1/SA/C1/SS4,DLA/Y1/SS1,
2251713,21-08-2026,2,21-08-2026 14:12,21-08-2026 16:21,,CLS/Y1/SA/C1/SS4,DLA/Y1/SS1,
2251717,14-08-2026,2,14-08-2026 12:54,14-08-2026 15:08,,CLS/Y1/SA/C1/SS4,DLA/Y1/SS1,
2251721,21-08-2026,2,21-08-2026 14:12,21-08-2026 16:21,,CLS/Y1/SA/C1/SS4,DLA/Y1/SS1,
2251721,30-07-2026,2,30-07-2026 12:52,30-07-2026 14:19,,CLS/RB/Y1/SS1,CLS/RB/Y1/SS2,
2251728,14-08-2026,2,14-08-2026 12:54,14-08-2026 15:08,,CLS/Y1/SA/C1/SS4,DLA/Y1/SS1,
2251728,30-07-2026,2,30-07-2026 12:52,30-07-2026 14:19,,CLS/RB/Y1/SS1,CLS/RB/Y1/SS2,
2252143,11-08-2026,2,11-08-2026 14:08,11-08-2026 17:33,,CLS/Y1/SA/C1/SS3,DLA/Y1/SS1,
2252143,28-07-2026,2,28-07-2026 13:42,28-07-2026 17:27,,CLS/RB/Y1/SS1,CLS/RB/Y1/SS2,
2252150,25-08-2026,2,25-08-2026 13:27,25-08-2026 15:52,,CLS/Y1/SA/C1/SS3,DLA/Y1/SS1,
2252150,27-08-2026,2,27-08-2026 12:46,27-08-2026 14:37,,CLS/RB/Y1/SS1,CLS/RB/Y1/SS2,
2252155,11-08-2026,2,11-08-2026 14:08,11-08-2026 17:33,,CLS/Y1/SA/C1/SS3,DLA/Y1/SS1,
2252155,28-07-2026,2,28-07-2026 13:42,28-07-2026 17:27,,CLS/RB/Y1/SS1,CLS/RB/Y1/SS2,
2252232,11-08-2026,2,11-08-2026 14:08,11-08-2026 17:33,,CLS/Y1/SA/C1/SS3,DLA/Y1/SS1,
2252232,28-07-2026,2,28-07-2026 13:42,28-07-2026 17:27,,CLS/RB/Y1/SS1,CLS/RB/Y1/SS2,
2252236,25-08-2026,2,25-08-2026 13:27,25-08-2026 15:52,,CLS/Y1/SA/C1/SS3,DLA/Y1/SS1,
2252236,28-07-2026,2,28-07-2026 13:42,28-07-2026 17:27,,CLS/RB/Y1/SS1,CLS/RB/Y1/SS2,
2252258,25-08-2026,2,25-08-2026 18:33,25-08-2026 19:42,,CLS/Y1/SA/C1/SS3,CLS/Y1/SA/C1/SS4,
2252260,25-08-2026,2,25-08-2026 13:27,25-08-2026 15:52,,CLS/Y1/SA/C1/SS3,DLA/Y1/SS1,
2252260,28-07-2026,2,28-07-2026 13:42,28-07-2026 17:27,,CLS/RB/Y1/SS1,CLS/RB/Y1/SS2,
2252270,21-08-2026,2,21-08-2026 17:21,21-08-2026 19:46,,CLS/Y1/SA/C1/SS4,CLS/Y1/SA/C1/SS3,
2252273,25-08-2026,2,25-08-2026 13:27,25-08-2026 15:52,,CLS/Y1/SA/C1/SS3,DLA/Y1/SS1,
2252273,28-07-2026,2,28-07-2026 13:42,28-07-2026 17:27,,CLS/RB/Y1/SS1,CLS/RB/Y1/SS2,
2252280,21-08-2026,2,21-08-2026 17:21,21-08-2026 19:47,,CLS/Y1/SA/C1/SS4,DLA/Y1/SS1,
2252332,21-08-2026,2,21-08-2026 17:21,21-08-2026 19:46,,CLS/Y1/SA/C1/SS4,CLS/Y1/SA/C1/SS3,
2252342,25-08-2026,2,25-08-2026 13:27,25-08-2026 15:52,,CLS/Y1/SA/C1/SS3,DLA/Y1/SS1,
2252342,28-07-2026,2,28-07-2026 13:42,28-07-2026 17:27,,CLS/RB/Y1/SS1,CLS/RB/Y1/SS2,
2252350,25-08-2026,2,25-08-2026 18:33,25-08-2026 19:42,,CLS/Y1/SA/C1/SS3,CLS/Y1/SA/C1/SS4,
2252350,26-08-2026,2,26-08-2026 18:21,26-08-2026 18:29,,CLS/RB/Y1/SS2,CLS/RB/Y1/SS1,
2252373,25-08-2026,2,25-08-2026 18:32,25-08-2026 19:42,,CLS/RB/Y1/SS1,CLS/RB/Y1/SS2,
2252391,20-08-2026,2,20-08-2026 13:22,20-08-2026 18:33,,CLS/Y1/SA/C1/SS3,CLS/Y1/SA/C1/SS4,
2252404,29-07-2026,2,29-07-2026 19:13,29-07-2026 20:46,,CLS/RB/Y1/SS1,CLS/RB/Y1/SS2,
2252409,25-08-2026,2,25-08-2026 13:27,25-08-2026 15:52,,CLS/Y1/SA/C1/SS3,DLA/Y1/SS1,
2252409,28-07-2026,2,28-07-2026 13:42,28-07-2026 17:27,,CLS/RB/Y1/SS1,CLS/RB/Y1/SS2,
2252411,22-07-2026,2,22-07-2026 16:30,22-07-2026 17:53,,CLS/RB/Y1/SS2,CLS/RB/Y1/SS1,
2252416,25-08-2026,2,25-08-2026 13:27,25-08-2026 15:52,,CLS/Y1/SA/C1/SS3,DLA/Y1/SS1,
2252416,28-07-2026,2,28-07-2026 13:42,28-07-2026 17:27,,CLS/RB/Y1/SS1,CLS/RB/Y1/SS2,
2252434,11-08-2026,2,11-08-2026 14:08,11-08-2026 17:33,,CLS/Y1/SA/C1/SS3,DLA/Y1/SS1,
2252434,28-07-2026,2,28-07-2026 13:42,28-07-2026 17:27,,CLS/RB/Y1/SS1,CLS/RB/Y1/SS2,
2252447,18-08-2026,2,18-08-2026 18:11,18-08-2026 19:42,,CLS/Y1/SA/C1/SS4,DLA/Y1/SS1,
2252447,22-07-2026,2,22-07-2026 16:30,22-07-2026 17:53,,CLS/RB/Y1/SS2,CLS/RB/Y1/SS1,
2252453,18-08-2026,2,18-08-2026 18:11,18-08-2026 19:41,,CLS/Y1/SA/C1/SS4,CLS/Y1/SA/C1/SS3,
2252453,29-07-2026,2,29-07-2026 19:13,29-07-2026 20:46,,CLS/RB/Y1/SS1,CLS/RB/Y1/SS2,
2252477,22-07-2026,2,22-07-2026 16:30,22-07-2026 17:53,,CLS/RB/Y1/SS2,CLS/RB/Y1/SS1,
2252488,18-08-2026,2,18-08-2026 18:11,18-08-2026 19:41,,CLS/Y1/SA/C1/SS4,CLS/Y1/SA/C1/SS3,
2252493,25-08-2026,2,25-08-2026 13:27,25-08-2026 15:52,,CLS/Y1/SA/C1/SS3,DLA/Y1/SS1,
2252493,27-08-2026,2,27-08-2026 12:46,27-08-2026 14:37,,CLS/RB/Y1/SS1,CLS/RB/Y1/SS2,
2252496,29-07-2026,2,29-07-2026 19:13,29-07-2026 20:46,,CLS/RB/Y1/SS1,CLS/RB/Y1/SS2,
2252505,25-08-2026,2,25-08-2026 13:27,25-08-2026 15:52,,CLS/Y1/SA/C1/SS3,DLA/Y1/SS1,
2252505,28-07-2026,2,28-07-2026 13:42,28-07-2026 17:27,,CLS/RB/Y1/SS1,CLS/RB/Y1/SS2,
2252513,22-07-2026,2,22-07-2026 16:30,22-07-2026 17:53,,CLS/RB/Y1/SS2,CLS/RB/Y1/SS1,
2252524,18-08-2026,2,18-08-2026 18:11,18-08-2026 19:41,,CLS/Y1/SA/C1/SS4,CLS/Y1/SA/C1/SS3,
2252524,22-07-2026,2,22-07-2026 16:30,22-07-2026 17:53,,CLS/RB/Y1/SS2,CLS/RB/Y1/SS1,
2252528,18-08-2026,2,18-08-2026 18:11,18-08-2026 19:42,,CLS/Y1/SA/C1/SS4,DLA/Y1/SS1,
2252528,22-07-2026,2,22-07-2026 16:30,22-07-2026 17:53,,CLS/RB/Y1/SS2,CLS/RB/Y1/SS1,
2252531,22-07-2026,2,22-07-2026 16:30,22-07-2026 17:53,,CLS/RB/Y1/SS2,CLS/RB/Y1/SS1,
2252531,24-08-2026,2,24-08-2026 10:43,24-08-2026 13:36,,CLS/Y1/SA/C1/SS3,CLS/Y1/SA/C1/SS4,
2252533,25-08-2026,2,25-08-2026 13:27,25-08-2026 15:52,,CLS/Y1/SA/C1/SS3,DLA/Y1/SS1,
2252533,28-07-2026,2,28-07-2026 13:42,28-07-2026 17:27,,CLS/RB/Y1/SS1,CLS/RB/Y1/SS2,
2252537,18-08-2026,2,18-08-2026 18:11,18-08-2026 19:41,,CLS/Y1/SA/C1/SS4,CLS/Y1/SA/C1/SS3,
2252541,11-08-2026,2,11-08-2026 14:08,11-08-2026 17:33,,CLS/Y1/SA/C1/SS3,DLA/Y1/SS1,
2252541,28-07-2026,2,28-07-2026 13:42,28-07-2026 17:27,,CLS/RB/Y1/SS1,CLS/RB/Y1/SS2,
2252542,20-08-2026,2,20-08-2026 13:22,20-08-2026 18:33,,CLS/Y1/SA/C1/SS3,CLS/Y1/SA/C1/SS4,
2252542,29-07-2026,2,29-07-2026 19:13,29-07-2026 20:46,,CLS/RB/Y1/SS1,CLS/RB/Y1/SS2,
2252547,18-08-2026,2,18-08-2026 18:11,18-08-2026 19:42,,CLS/Y1/SA/C1/SS4,DLA/Y1/SS1,
2252547,22-07-2026,2,22-07-2026 16:30,22-07-2026 17:53,,CLS/RB/Y1/SS2,CLS/RB/Y1/SS1,
2252552,22-07-2026,2,22-07-2026 16:30,22-07-2026 17:53,,CLS/RB/Y1/SS2,CLS/RB/Y1/SS1,
2252553,25-08-2026,2,25-08-2026 13:27,25-08-2026 15:52,,CLS/Y1/SA/C1/SS3,DLA/Y1/SS1,
2252553,28-07-2026,2,28-07-2026 13:42,28-07-2026 17:27,,CLS/RB/Y1/SS1,CLS/RB/Y1/SS2,
2252554,18-08-2026,2,18-08-2026 18:11,18-08-2026 19:41,,CLS/Y1/SA/C1/SS4,CLS/Y1/SA/C1/SS3,
2252572,25-08-2026,2,25-08-2026 13:27,25-08-2026 15:52,,CLS/Y1/SA/C1/SS3,DLA/Y1/SS1,
2252572,28-07-2026,2,28-07-2026 13:42,28-07-2026 17:27,,CLS/RB/Y1/SS1,CLS/RB/Y1/SS2,
2252583,25-08-2026,2,25-08-2026 13:27,25-08-2026 15:52,,CLS/Y1/SA/C1/SS3,DLA/Y1/SS1,
2252583,28-07-2026,2,28-07-2026 13:42,28-07-2026 17:27,,CLS/RB/Y1/SS1,CLS/RB/Y1/SS2,
2252603,11-08-2026,2,11-08-2026 14:08,11-08-2026 17:33,,CLS/Y1/SA/C1/SS3,DLA/Y1/SS1,
2252603,28-07-2026,2,28-07-2026 13:42,28-07-2026 17:27,,CLS/RB/Y1/SS1,CLS/RB/Y1/SS2,
2252607,11-08-2026,2,11-08-2026 14:08,11-08-2026 17:33,,CLS/Y1/SA/C1/SS3,DLA/Y1/SS1,
2252607,28-07-2026,2,28-07-2026 13:42,28-07-2026 17:27,,CLS/RB/Y1/SS1,CLS/RB/Y1/SS2,
2252642,07-08-2026,2,07-08-2026 12:34,07-08-2026 15:35,,CLS/RB/Y1/SS1,CLS/RB/Y1/SS2,
2252643,07-08-2026,2,07-08-2026 12:34,07-08-2026 15:35,,CLS/RB/Y1/SS1,CLS/RB/Y1/SS2,
2252643,26-08-2026,2,26-08-2026 16:48,26-08-2026 18:20,,CLS/Y1/SA/C1/SS3,CLS/Y1/SA/C1/SS4,
2252645,30-07-2026,2,30-07-2026 14:44,30-07-2026 15:52,,CLS/RB/Y1/SS1,CLS/RB/Y1/SS2,
2252646,20-08-2026,2,20-08-2026 16:51,20-08-2026 18:43,,CLS/Y1/SA/C1/SS4,DLA/Y1/SS1,
2252647,07-08-2026,2,07-08-2026 12:34,07-08-2026 15:35,,CLS/RB/Y1/SS1,CLS/RB/Y1/SS2,
2252647,26-08-2026,2,26-08-2026 16:48,26-08-2026 18:20,,CLS/Y1/SA/C1/SS3,CLS/Y1/SA/C1/SS4,
2252648,31-07-2026,2,31-07-2026 14:50,31-07-2026 16:36,,CLS/RB/Y1/SS1,CLS/RB/Y1/SS2,
2252649,31-07-2026,2,31-07-2026 14:50,31-07-2026 16:36,,CLS/RB/Y1/SS1,CLS/RB/Y1/SS2,
2252650,20-08-2026,2,20-08-2026 16:51,20-08-2026 18:44,,CLS/Y1/SA/C1/SS4,CLS/Y1/SA/C1/SS3,
2252650,31-07-2026,2,31-07-2026 14:50,31-07-2026 16:36,,CLS/RB/Y1/SS1,CLS/RB/Y1/SS2,
2252651,07-08-2026,2,07-08-2026 12:34,07-08-2026 15:35,,CLS/RB/Y1/SS1,CLS/RB/Y1/SS2,
2252652,31-07-2026,2,31-07-2026 14:50,31-07-2026 16:36,,CLS/RB/Y1/SS1,CLS/RB/Y1/SS2,
2252653,07-08-2026,2,07-08-2026 12:34,07-08-2026 15:35,,CLS/RB/Y1/SS1,CLS/RB/Y1/SS2,
2252656,07-08-2026,2,07-08-2026 12:34,07-08-2026 15:35,,CLS/RB/Y1/SS1,CLS/RB/Y1/SS2,
2252656,20-08-2026,2,20-08-2026 16:51,20-08-2026 18:43,,CLS/Y1/SA/C1/SS4,DLA/Y1/SS1,
2252657,20-08-2026,2,20-08-2026 16:51,20-08-2026 18:44,,CLS/Y1/SA/C1/SS4,CLS/Y1/SA/C1/SS3,
2252658,31-07-2026,2,31-07-2026 16:36,31-07-2026 18:02,,CLS/RB/Y1/SS2,CLS/RB/Y1/SS1,
2252659,30-07-2026,2,30-07-2026 13:12,30-07-2026 14:44,,CLS/RB/Y1/SS2,CLS/RB/Y1/SS1,
2252660,30-07-2026,2,30-07-2026 14:44,30-07-2026 15:52,,CLS/RB/Y1/SS1,CLS/RB/Y1/SS2,
2252661,31-07-2026,2,31-07-2026 14:50,31-07-2026 16:36,,CLS/RB/Y1/SS1,CLS/RB/Y1/SS2,
2252662,20-08-2026,2,20-08-2026 16:51,20-08-2026 18:43,,CLS/Y1/SA/C1/SS4,DLA/Y1/SS1,
2252663,31-07-2026,2,31-07-2026 14:50,31-07-2026 16:36,,CLS/RB/Y1/SS1,CLS/RB/Y1/SS2,
2252664,07-08-2026,2,07-08-2026 12:34,07-08-2026 15:35,,CLS/RB/Y1/SS1,CLS/RB/Y1/SS2,
2252665,07-08-2026,2,07-08-2026 12:34,07-08-2026 15:35,,CLS/RB/Y1/SS1,CLS/RB/Y1/SS2,
2252666,07-08-2026,2,07-08-2026 12:34,07-08-2026 15:35,,CLS/RB/Y1/SS1,CLS/RB/Y1/SS2,
2252667,07-08-2026,2,07-08-2026 12:34,07-08-2026 15:35,,CLS/RB/Y1/SS1,CLS/RB/Y1/SS2,
2252667,20-08-2026,2,20-08-2026 16:51,20-08-2026 18:43,,CLS/Y1/SA/C1/SS4,DLA/Y1/SS1,
2252668,31-07-2026,2,31-07-2026 14:50,31-07-2026 16:36,,CLS/RB/Y1/SS1,CLS/RB/Y1/SS2,
2252669,07-08-2026,2,07-08-2026 12:34,07-08-2026 15:35,,CLS/RB/Y1/SS1,CLS/RB/Y1/SS2,
2252669,20-08-2026,2,20-08-2026 16:51,20-08-2026 18:43,,CLS/Y1/SA/C1/SS4,DLA/Y1/SS1,
2252671,30-07-2026,2,30-07-2026 14:44,30-07-2026 15:52,,CLS/RB/Y1/SS1,CLS/RB/Y1/SS2,
2252672,20-08-2026,2,20-08-2026 16:51,20-08-2026 18:43,,CLS/Y1/SA/C1/SS4,DLA/Y1/SS1,
2252674,07-08-2026,2,07-08-2026 12:34,07-08-2026 15:35,,CLS/RB/Y1/SS1,CLS/RB/Y1/SS2,
2252675,26-08-2026,2,26-08-2026 16:48,26-08-2026 18:20,,CLS/Y1/SA/C1/SS3,CLS/Y1/SA/C1/SS4,
2252675,31-07-2026,2,31-07-2026 14:50,31-07-2026 16:36,,CLS/RB/Y1/SS1,CLS/RB/Y1/SS2,
2252676,26-08-2026,2,26-08-2026 16:48,26-08-2026 18:20,,CLS/Y1/SA/C1/SS3,CLS/Y1/SA/C1/SS4,
2252677,07-08-2026,2,07-08-2026 12:34,07-08-2026 15:35,,CLS/RB/Y1/SS1,CLS/RB/Y1/SS2,
2252678,26-08-2026,2,26-08-2026 16:48,26-08-2026 18:20,,CLS/Y1/SA/C1/SS3,CLS/Y1/SA/C1/SS4,
2252678,31-07-2026,2,31-07-2026 14:50,31-07-2026 16:36,,CLS/RB/Y1/SS1,CLS/RB/Y1/SS2,
2252679,07-08-2026,2,07-08-2026 12:34,07-08-2026 15:35,,CLS/RB/Y1/SS1,CLS/RB/Y1/SS2,
2252680,07-08-2026,2,07-08-2026 12:34,07-08-2026 15:35,,CLS/RB/Y1/SS1,CLS/RB/Y1/SS2,
2252681,07-08-2026,2,07-08-2026 12:34,07-08-2026 15:35,,CLS/RB/Y1/SS1,CLS/RB/Y1/SS2,
2252682,30-07-2026,2,30-07-2026 13:12,30-07-2026 14:44,,CLS/RB/Y1/SS2,CLS/RB/Y1/SS1,
2252684,26-08-2026,2,26-08-2026 16:48,26-08-2026 18:20,,CLS/Y1/SA/C1/SS3,CLS/Y1/SA/C1/SS4,
2252684,31-07-2026,2,31-07-2026 14:50,31-07-2026 16:36,,CLS/RB/Y1/SS1,CLS/RB/Y1/SS2,
2252685,07-08-2026,2,07-08-2026 12:34,07-08-2026 15:35,,CLS/RB/Y1/SS1,CLS/RB/Y1/SS2,
2252686,07-08-2026,2,07-08-2026 12:34,07-08-2026 15:35,,CLS/RB/Y1/SS1,CLS/RB/Y1/SS2,
2252688,07-08-2026,2,07-08-2026 12:34,07-08-2026 15:35,,CLS/RB/Y1/SS1,CLS/RB/Y1/SS2,
2252689,30-07-2026,2,30-07-2026 13:12,30-07-2026 14:44,,CLS/RB/Y1/SS2,CLS/RB/Y1/SS1,
2252690,07-08-2026,2,07-08-2026 12:34,07-08-2026 15:35,,CLS/RB/Y1/SS1,CLS/RB/Y1/SS2,
2252691,07-08-2026,2,07-08-2026 12:34,07-08-2026 15:35,,CLS/RB/Y1/SS1,CLS/RB/Y1/SS2,
2252692,30-07-2026,2,30-07-2026 13:12,30-07-2026 14:44,,CLS/RB/Y1/SS2,CLS/RB/Y1/SS1,
2252693,31-07-2026,2,31-07-2026 14:50,31-07-2026 16:36,,CLS/RB/Y1/SS1,CLS/RB/Y1/SS2,
2252695,07-08-2026,2,07-08-2026 12:34,07-08-2026 15:35,,CLS/RB/Y1/SS1,CLS/RB/Y1/SS2,
2252697,07-08-2026,2,07-08-2026 12:34,07-08-2026 15:35,,CLS/RB/Y1/SS1,CLS/RB/Y1/SS2,
2252697,20-08-2026,2,20-08-2026 16:51,20-08-2026 18:44,,CLS/Y1/SA/C1/SS4,CLS/Y1/SA/C1/SS3,
2252699,07-08-2026,2,07-08-2026 12:34,07-08-2026 15:35,,CLS/RB/Y1/SS1,CLS/RB/Y1/SS2,
2252699,26-08-2026,2,26-08-2026 16:48,26-08-2026 18:20,,CLS/Y1/SA/C1/SS3,CLS/Y1/SA/C1/SS4,
2252700,07-08-2026,2,07-08-2026 12:34,07-08-2026 15:35,,CLS/RB/Y1/SS1,CLS/RB/Y1/SS2,
2252701,07-08-2026,2,07-08-2026 12:34,07-08-2026 15:35,,CLS/RB/Y1/SS1,CLS/RB/Y1/SS2,
2252702,07-08-2026,2,07-08-2026 12:34,07-08-2026 15:35,,CLS/RB/Y1/SS1,CLS/RB/Y1/SS2,
2252703,20-08-2026,2,20-08-2026 16:51,20-08-2026 18:43,,CLS/Y1/SA/C1/SS4,DLA/Y1/SS1,
2253529,11-08-2026,2,11-08-2026 14:08,11-08-2026 17:33,,CLS/Y1/SA/C1/SS3,DLA/Y1/SS1,
2253529,28-07-2026,2,28-07-2026 13:42,28-07-2026 17:27,,CLS/RB/Y1/SS1,CLS/RB/Y1/SS2,
2253535,11-08-2026,2,11-08-2026 14:08,11-08-2026 17:33,,CLS/Y1/SA/C1/SS3,DLA/Y1/SS1,
2253535,28-07-2026,2,28-07-2026 13:42,28-07-2026 17:27,,CLS/RB/Y1/SS1,CLS/RB/Y1/SS2,
2253550,25-08-2026,2,25-08-2026 13:27,25-08-2026 15:52,,CLS/Y1/SA/C1/SS3,DLA/Y1/SS1,
2253550,28-07-2026,2,28-07-2026 13:42,28-07-2026 17:27,,CLS/RB/Y1/SS1,CLS/RB/Y1/SS2,
2253555,11-08-2026,2,11-08-2026 14:08,11-08-2026 17:33,,CLS/Y1/SA/C1/SS3,DLA/Y1/SS1,
2253555,28-07-2026,2,28-07-2026 13:42,28-07-2026 17:27,,CLS/RB/Y1/SS1,CLS/RB/Y1/SS2,
2253560,11-08-2026,2,11-08-2026 14:08,11-08-2026 17:33,,CLS/Y1/SA/C1/SS3,DLA/Y1/SS1,
2253560,28-07-2026,2,28-07-2026 13:42,28-07-2026 17:27,,CLS/RB/Y1/SS1,CLS/RB/Y1/SS2,
2253564,25-08-2026,2,25-08-2026 13:27,25-08-2026 15:52,,CLS/Y1/SA/C1/SS3,DLA/Y1/SS1,
2253564,28-07-2026,2,28-07-2026 13:42,28-07-2026 17:27,,CLS/RB/Y1/SS1,CLS/RB/Y1/SS2,
2253569,25-08-2026,2,25-08-2026 13:27,25-08-2026 15:52,,CLS/Y1/SA/C1/SS3,DLA/Y1/SS1,
2253569,28-07-2026,2,28-07-2026 13:42,28-07-2026 17:27,,CLS/RB/Y1/SS1,CLS/RB/Y1/SS2,
2253576,11-08-2026,2,11-08-2026 14:08,11-08-2026 17:33,,CLS/Y1/SA/C1/SS3,DLA/Y1/SS1,
2253576,28-07-2026,2,28-07-2026 13:42,28-07-2026 17:27,,CLS/RB/Y1/SS1,CLS/RB/Y1/SS2,
2253578,11-08-2026,2,11-08-2026 14:08,11-08-2026 17:33,,CLS/Y1/SA/C1/SS3,DLA/Y1/SS1,
2253578,27-08-2026,2,27-08-2026 12:46,27-08-2026 14:37,,CLS/RB/Y1/SS1,CLS/RB/Y1/SS2,
2253586,25-08-2026,2,25-08-2026 13:27,25-08-2026 15:52,,CLS/Y1/SA/C1/SS3,DLA/Y1/SS1,
2253586,27-08-2026,2,27-08-2026 12:46,27-08-2026 14:37,,CLS/RB/Y1/SS1,CLS/RB/Y1/SS2,
2253590,25-08-2026,2,25-08-2026 13:27,25-08-2026 15:52,,CLS/Y1/SA/C1/SS3,DLA/Y1/SS1,
2253590,28-07-2026,2,28-07-2026 13:42,28-07-2026 17:27,,CLS/RB/Y1/SS1,CLS/RB/Y1/SS2,
2253593,25-08-2026,2,25-08-2026 13:27,25-08-2026 15:52,,CLS/Y1/SA/C1/SS3,DLA/Y1/SS1,
2253593,27-08-2026,2,27-08-2026 12:46,27-08-2026 14:37,,CLS/RB/Y1/SS1,CLS/RB/Y1/SS2,
2253596,25-08-2026,2,25-08-2026 13:27,25-08-2026 15:52,,CLS/Y1/SA/C1/SS3,DLA/Y1/SS1,
2253596,28-07-2026,2,28-07-2026 13:42,28-07-2026 17:27,,CLS/RB/Y1/SS1,CLS/RB/Y1/SS2,
2253598,11-08-2026,2,11-08-2026 14:08,11-08-2026 17:33,,CLS/Y1/SA/C1/SS3,DLA/Y1/SS1,
2253598,28-07-2026,2,28-07-2026 13:42,28-07-2026 17:27,,CLS/RB/Y1/SS1,CLS/RB/Y1/SS2,
2253602,25-08-2026,2,25-08-2026 13:27,25-08-2026 15:52,,CLS/Y1/SA/C1/SS3,DLA/Y1/SS1,
2253602,28-07-2026,2,28-07-2026 13:42,28-07-2026 17:40,,CLS/RB/Y1/SS1,CLS/RB/Y1/SS2,
2253635,29-07-2026,2,29-07-2026 15:55,29-07-2026 21:25,,CLS/RB/Y1/SS1,CLS/RB/Y1/SS2,
2253645,29-07-2026,2,29-07-2026 15:55,29-07-2026 21:25,,CLS/RB/Y1/SS1,CLS/RB/Y1/SS2,
2253665,29-07-2026,2,29-07-2026 15:55,29-07-2026 21:25,,CLS/RB/Y1/SS1,CLS/RB/Y1/SS2,
2253672,29-07-2026,2,29-07-2026 15:55,29-07-2026 21:25,,CLS/RB/Y1/SS1,CLS/RB/Y1/SS2,
2253680,29-07-2026,2,29-07-2026 15:55,29-07-2026 21:25,,CLS/RB/Y1/SS1,CLS/RB/Y1/SS2,
2253683,29-07-2026,2,29-07-2026 15:55,29-07-2026 21:25,,CLS/RB/Y1/SS1,CLS/RB/Y1/SS2,
2253686,25-08-2026,2,25-08-2026 14:10,25-08-2026 15:10,,CLS/Y1/SA/C1/SS3,CLS/Y1/SA/C1/SS4,
2253686,29-07-2026,2,29-07-2026 15:55,29-07-2026 21:25,,CLS/RB/Y1/SS1,CLS/RB/Y1/SS2,
2253692,29-07-2026,2,29-07-2026 15:55,29-07-2026 21:25,,CLS/RB/Y1/SS1,CLS/RB/Y1/SS2,
2253695,25-08-2026,2,25-08-2026 13:27,25-08-2026 15:52,,CLS/Y1/SA/C1/SS3,DLA/Y1/SS1,
2253695,28-07-2026,2,28-07-2026 13:42,28-07-2026 17:27,,CLS/RB/Y1/SS1,CLS/RB/Y1/SS2,
2253696,29-07-2026,2,29-07-2026 15:55,29-07-2026 21:25,,CLS/RB/Y1/SS1,CLS/RB/Y1/SS2,
2253697,25-08-2026,2,25-08-2026 13:27,25-08-2026 15:52,,CLS/Y1/SA/C1/SS3,DLA/Y1/SS1,
2253697,27-08-2026,2,27-08-2026 12:46,27-08-2026 14:37,,CLS/RB/Y1/SS1,CLS/RB/Y1/SS2,
2253698,29-07-2026,2,29-07-2026 15:55,29-07-2026 21:25,,CLS/RB/Y1/SS1,CLS/RB/Y1/SS2,
2253701,29-07-2026,2,29-07-2026 15:55,29-07-2026 21:25,,CLS/RB/Y1/SS1,CLS/RB/Y1/SS2,
2253704,25-08-2026,2,25-08-2026 14:10,25-08-2026 15:10,,CLS/Y1/SA/C1/SS3,CLS/Y1/SA/C1/SS4,
2253704,29-07-2026,2,29-07-2026 15:55,29-07-2026 21:25,,CLS/RB/Y1/SS1,CLS/RB/Y1/SS2,
2253711,25-08-2026,2,25-08-2026 13:27,25-08-2026 15:52,,CLS/Y1/SA/C1/SS3,DLA/Y1/SS1,
2253711,28-07-2026,2,28-07-2026 13:42,28-07-2026 17:27,,CLS/RB/Y1/SS1,CLS/RB/Y1/SS2,
2253713,11-08-2026,2,11-08-2026 14:08,11-08-2026 17:33,,CLS/Y1/SA/C1/SS3,DLA/Y1/SS1,
2253713,28-07-2026,2,28-07-2026 13:42,28-07-2026 17:27,,CLS/RB/Y1/SS1,CLS/RB/Y1/SS2,
2253715,11-08-2026,2,11-08-2026 14:08,11-08-2026 17:33,,CLS/Y1/SA/C1/SS3,DLA/Y1/SS1,
2253715,28-07-2026,2,28-07-2026 13:42,28-07-2026 17:27,,CLS/RB/Y1/SS1,CLS/RB/Y1/SS2,
2253717,25-08-2026,2,25-08-2026 13:27,25-08-2026 15:52,,CLS/Y1/SA/C1/SS3,DLA/Y1/SS1,
2253717,28-07-2026,2,28-07-2026 13:42,28-07-2026 17:27,,CLS/RB/Y1/SS1,CLS/RB/Y1/SS2,
2253720,25-08-2026,2,25-08-2026 13:27,25-08-2026 15:52,,CLS/Y1/SA/C1/SS3,DLA/Y1/SS1,
2253720,28-07-2026,2,28-07-2026 13:42,28-07-2026 17:27,,CLS/RB/Y1/SS1,CLS/RB/Y1/SS2,
2253723,25-08-2026,2,25-08-2026 13:27,25-08-2026 15:52,,CLS/Y1/SA/C1/SS3,DLA/Y1/SS1,
2253723,28-07-2026,2,28-07-2026 13:42,28-07-2026 17:27,,CLS/RB/Y1/SS1,CLS/RB/Y1/SS2,
2253727,11-08-2026,2,11-08-2026 14:08,11-08-2026 17:33,,CLS/Y1/SA/C1/SS3,DLA/Y1/SS1,
2253727,28-07-2026,2,28-07-2026 13:42,28-07-2026 17:27,,CLS/RB/Y1/SS1,CLS/RB/Y1/SS2,
2253730,25-08-2026,2,25-08-2026 13:27,25-08-2026 15:52,,CLS/Y1/SA/C1/SS3,DLA/Y1/SS1,
2253730,28-07-2026,2,28-07-2026 13:42,28-07-2026 17:27,,CLS/RB/Y1/SS1,CLS/RB/Y1/SS2,
2253734,25-08-2026,2,25-08-2026 13:27,25-08-2026 15:52,,CLS/Y1/SA/C1/SS3,DLA/Y1/SS1,
2253734,28-07-2026,2,28-07-2026 13:42,28-07-2026 17:27,,CLS/RB/Y1/SS1,CLS/RB/Y1/SS2,
2253749,21-08-2026,2,21-08-2026 18:12,21-08-2026 19:32,,CLS/Y1/SA/C1/SS4,CLS/Y1/SA/C1/SS3,
2253790,14-08-2026,2,14-08-2026 16:52,14-08-2026 20:06,,CLS/Y1/SA/C1/SS3,DLA/Y1/SS1,
2253999,21-08-2026,2,21-08-2026 18:12,21-08-2026 19:32,,CLS/Y1/SA/C1/SS4,CLS/Y1/SA/C1/SS3,
2254068,21-08-2026,2,21-08-2026 18:12,21-08-2026 19:32,,CLS/Y1/SA/C1/SS4,CLS/Y1/SA/C1/SS3,
2254073,21-08-2026,2,21-08-2026 18:12,21-08-2026 19:32,,CLS/Y1/SA/C1/SS4,CLS/Y1/SA/C1/SS3,
2254083,21-07-2026,2,21-07-2026 16:56,21-07-2026 18:18,,CLS/RB/Y1/SS2,CLS/RB/Y1/SS1,
2254090,14-08-2026,2,14-08-2026 12:54,14-08-2026 15:08,,CLS/Y1/SA/C1/SS4,DLA/Y1/SS1,
2254097,21-08-2026,2,21-08-2026 18:12,21-08-2026 19:32,,CLS/Y1/SA/C1/SS4,CLS/Y1/SA/C1/SS3,
2254106,21-08-2026,2,21-08-2026 18:12,21-08-2026 19:32,,CLS/Y1/SA/C1/SS4,CLS/Y1/SA/C1/SS3,
2254112,18-08-2026,2,18-08-2026 13:08,18-08-2026 16:08,,DLA/Y1/SS1,CLS/Y1/SA/C1/SS3,
2254118,14-08-2026,2,14-08-2026 12:54,14-08-2026 15:08,,CLS/Y1/SA/C1/SS4,DLA/Y1/SS1,
2254126,14-08-2026,2,14-08-2026 12:54,14-08-2026 15:08,,CLS/Y1/SA/C1/SS4,DLA/Y1/SS1,
2254131,18-08-2026,2,18-08-2026 13:08,18-08-2026 18:42,,DLA/Y1/SS1,CLS/Y1/SA/C1/SS3,
2254141,14-08-2026,2,14-08-2026 12:54,14-08-2026 15:08,,CLS/Y1/SA/C1/SS4,DLA/Y1/SS1,
2254151,14-08-2026,2,14-08-2026 12:54,14-08-2026 15:08,,CLS/Y1/SA/C1/SS4,DLA/Y1/SS1,
2254157,14-08-2026,2,14-08-2026 12:54,14-08-2026 15:08,,CLS/Y1/SA/C1/SS4,DLA/Y1/SS1,
2254167,14-08-2026,2,14-08-2026 12:54,14-08-2026 15:08,,CLS/Y1/SA/C1/SS4,DLA/Y1/SS1,
2254173,14-08-2026,2,14-08-2026 12:54,14-08-2026 15:08,,CLS/Y1/SA/C1/SS4,DLA/Y1/SS1,
2254192,14-08-2026,2,14-08-2026 12:54,14-08-2026 15:08,,CLS/Y1/SA/C1/SS4,DLA/Y1/SS1,
2254194,14-08-2026,2,14-08-2026 12:54,14-08-2026 15:08,,CLS/Y1/SA/C1/SS4,DLA/Y1/SS1,
2254194,30-07-2026,2,30-07-2026 12:52,30-07-2026 14:19,,CLS/RB/Y1/SS1,CLS/RB/Y1/SS2,
2254198,14-08-2026,2,14-08-2026 12:54,14-08-2026 15:08,,CLS/Y1/SA/C1/SS4,DLA/Y1/SS1,
2254203,25-08-2026,2,25-08-2026 11:52,25-08-2026 15:09,,CLS/Y1/SA/C1/SS3,CLS/Y1/SA/C1/SS4,
2254208,25-08-2026,2,25-08-2026 11:52,25-08-2026 15:09,,CLS/Y1/SA/C1/SS3,CLS/Y1/SA/C1/SS4,
2254211,25-08-2026,2,25-08-2026 11:52,25-08-2026 15:09,,CLS/Y1/SA/C1/SS3,CLS/Y1/SA/C1/SS4,
2254218,25-08-2026,2,25-08-2026 11:52,25-08-2026 15:09,,CLS/Y1/SA/C1/SS3,CLS/Y1/SA/C1/SS4,
2254221,25-08-2026,2,25-08-2026 11:52,25-08-2026 15:09,,CLS/Y1/SA/C1/SS3,CLS/Y1/SA/C1/SS4,
2254222,25-08-2026,2,25-08-2026 11:52,25-08-2026 15:09,,CLS/Y1/SA/C1/SS3,CLS/Y1/SA/C1/SS4,
2254223,25-08-2026,2,25-08-2026 11:52,25-08-2026 15:09,,CLS/Y1/SA/C1/SS3,CLS/Y1/SA/C1/SS4,
2254227,31-08-2026,2,31-08-2026 10:07,31-08-2026 13:00,,CLS/Y1/SA/C1/SS4,CLS/Y1/SA/C1/SS3,
2254231,25-08-2026,2,25-08-2026 11:52,25-08-2026 15:09,,CLS/Y1/SA/C1/SS3,CLS/Y1/SA/C1/SS4,
2254288,25-08-2026,2,25-08-2026 11:52,25-08-2026 15:09,,CLS/Y1/SA/C1/SS3,CLS/Y1/SA/C1/SS4,
2254291,31-08-2026,2,31-08-2026 10:07,31-08-2026 13:00,,CLS/Y1/SA/C1/SS4,CLS/Y1/SA/C1/SS3,
2254295,25-08-2026,2,25-08-2026 11:52,25-08-2026 15:09,,CLS/Y1/SA/C1/SS3,CLS/Y1/SA/C1/SS4,
2254297,25-08-2026,2,25-08-2026 11:52,25-08-2026 15:09,,CLS/Y1/SA/C1/SS3,CLS/Y1/SA/C1/SS4,
2254817,14-08-2026,2,14-08-2026 12:54,14-08-2026 15:08,,CLS/Y1/SA/C1/SS4,DLA/Y1/SS1,
2254819,12-08-2026,2,12-08-2026 14:13,12-08-2026 16:43,,CLS/RB/Y1/SS2,CLS/Y1/SA/C1/SS3,
2254819,14-08-2026,2,14-08-2026 12:54,14-08-2026 15:08,,CLS/Y1/SA/C1/SS4,DLA/Y1/SS1,
2254820,14-08-2026,2,14-08-2026 12:54,14-08-2026 15:08,,CLS/Y1/SA/C1/SS4,DLA/Y1/SS1,
2254829,14-08-2026,2,14-08-2026 12:54,14-08-2026 15:08,,CLS/Y1/SA/C1/SS4,DLA/Y1/SS1,
2254890,17-08-2026,2,17-08-2026 12:25,17-08-2026 15:22,,CLS/Y1/SA/C1/SS4,DLA/Y1/SS1,
2254898,13-08-2026,2,13-08-2026 13:50,13-08-2026 16:07,,CLS/RB/Y1/SS2,CLS/Y1/SA/C1/SS3,
2254898,17-08-2026,2,17-08-2026 12:25,17-08-2026 15:22,,CLS/Y1/SA/C1/SS4,DLA/Y1/SS1,
2254909,17-08-2026,2,17-08-2026 12:25,17-08-2026 15:22,,CLS/Y1/SA/C1/SS4,DLA/Y1/SS1,
2255110,18-08-2026,2,18-08-2026 11:24,18-08-2026 14:01,,CLS/Y1/SA/C1/SS4,CLS/Y1/SA/C1/SS3,
2255114,21-07-2026,2,21-07-2026 15:50,21-07-2026 17:20,,CLS/RB/Y1/SS2,CLS/RB/Y1/SS1,
2255133,18-08-2026,2,18-08-2026 11:24,18-08-2026 14:01,,CLS/Y1/SA/C1/SS4,CLS/Y1/SA/C1/SS3,
2255144,18-08-2026,2,18-08-2026 11:24,18-08-2026 14:01,,CLS/Y1/SA/C1/SS4,CLS/Y1/SA/C1/SS3,
2255144,21-07-2026,2,21-07-2026 15:50,21-07-2026 17:20,,CLS/RB/Y1/SS2,CLS/RB/Y1/SS1,
2255146,18-08-2026,2,18-08-2026 11:24,18-08-2026 14:01,,CLS/Y1/SA/C1/SS4,CLS/Y1/SA/C1/SS3,
2255149,18-08-2026,2,18-08-2026 11:24,18-08-2026 14:01,,CLS/Y1/SA/C1/SS4,CLS/Y1/SA/C1/SS3,
2255149,28-07-2026,2,28-07-2026 17:16,28-07-2026 18:32,,CLS/RB/Y1/SS1,CLS/RB/Y1/SS2,
2255155,18-08-2026,2,18-08-2026 11:24,18-08-2026 14:01,,CLS/Y1/SA/C1/SS4,CLS/Y1/SA/C1/SS3,
2255661,18-08-2026,2,18-08-2026 11:24,18-08-2026 14:01,,CLS/Y1/SA/C1/SS4,CLS/Y1/SA/C1/SS3,
2255661,21-07-2026,2,21-07-2026 15:50,21-07-2026 17:20,,CLS/RB/Y1/SS2,CLS/RB/Y1/SS1,
2255664,21-07-2026,2,21-07-2026 15:50,21-07-2026 17:20,,CLS/RB/Y1/SS2,CLS/RB/Y1/SS1,
2255665,21-07-2026,2,21-07-2026 15:50,21-07-2026 17:20,,CLS/RB/Y1/SS2,CLS/RB/Y1/SS1,
2255683,18-08-2026,2,18-08-2026 11:24,18-08-2026 14:01,,CLS/Y1/SA/C1/SS4,CLS/Y1/SA/C1/SS3,
2255697,18-08-2026,2,18-08-2026 11:24,18-08-2026 14:01,,CLS/Y1/SA/C1/SS4,CLS/Y1/SA/C1/SS3,
2255816,25-08-2026,2,25-08-2026 14:10,25-08-2026 15:10,,CLS/Y1/SA/C1/SS3,CLS/Y1/SA/C1/SS4,
2255816,29-07-2026,2,29-07-2026 15:55,29-07-2026 21:25,,CLS/RB/Y1/SS1,CLS/RB/Y1/SS2,
2255818,25-08-2026,2,25-08-2026 14:10,25-08-2026 15:10,,CLS/Y1/SA/C1/SS3,CLS/Y1/SA/C1/SS4,
2255818,31-07-2026,2,31-07-2026 10:54,31-07-2026 14:01,,CLS/RB/Y1/SS1,CLS/RB/Y1/SS2,
2255819,31-07-2026,2,31-07-2026 10:54,31-07-2026 14:01,,CLS/RB/Y1/SS1,CLS/RB/Y1/SS2,
2255827,29-07-2026,2,29-07-2026 15:55,29-07-2026 21:25,,CLS/RB/Y1/SS1,CLS/RB/Y1/SS2,
2255955,29-07-2026,2,29-07-2026 15:55,29-07-2026 21:25,,CLS/RB/Y1/SS1,CLS/RB/Y1/SS2,
2255960,29-07-2026,2,29-07-2026 15:55,29-07-2026 21:25,,CLS/RB/Y1/SS1,CLS/RB/Y1/SS2,
2255967,29-07-2026,2,29-07-2026 15:55,29-07-2026 21:25,,CLS/RB/Y1/SS1,CLS/RB/Y1/SS2,
2255977,29-07-2026,2,29-07-2026 15:55,29-07-2026 21:25,,CLS/RB/Y1/SS1,CLS/RB/Y1/SS2,
2255982,29-07-2026,2,29-07-2026 15:55,29-07-2026 21:25,,CLS/RB/Y1/SS1,CLS/RB/Y1/SS2,
2255986,29-07-2026,2,29-07-2026 15:55,29-07-2026 21:25,,CLS/RB/Y1/SS1,CLS/RB/Y1/SS2,
2256006,25-08-2026,2,25-08-2026 14:10,25-08-2026 15:10,,CLS/Y1/SA/C1/SS3,CLS/Y1/SA/C1/SS4,
2256006,29-07-2026,2,29-07-2026 15:55,29-07-2026 21:25,,CLS/RB/Y1/SS1,CLS/RB/Y1/SS2,
2256008,29-07-2026,2,29-07-2026 15:55,29-07-2026 21:25,,CLS/RB/Y1/SS1,CLS/RB/Y1/SS2,
2256011,25-08-2026,2,25-08-2026 14:10,25-08-2026 15:10,,CLS/Y1/SA/C1/SS3,CLS/Y1/SA/C1/SS4,
2256011,29-07-2026,2,29-07-2026 15:55,29-07-2026 21:25,,CLS/RB/Y1/SS1,CLS/RB/Y1/SS2,
2256013,29-07-2026,2,29-07-2026 15:55,29-07-2026 21:25,,CLS/RB/Y1/SS1,CLS/RB/Y1/SS2,
2256015,29-07-2026,2,29-07-2026 15:55,29-07-2026 21:25,,CLS/RB/Y1/SS1,CLS/RB/Y1/SS2,
2256016,25-08-2026,2,25-08-2026 14:10,25-08-2026 15:10,,CLS/Y1/SA/C1/SS3,CLS/Y1/SA/C1/SS4,
2256016,29-07-2026,2,29-07-2026 15:55,29-07-2026 21:25,,CLS/RB/Y1/SS1,CLS/RB/Y1/SS2,
2256019,29-07-2026,2,29-07-2026 15:55,29-07-2026 21:25,,CLS/RB/Y1/SS1,CLS/RB/Y1/SS2,
2256066,29-07-2026,2,29-07-2026 15:55,29-07-2026 21:25,,CLS/RB/Y1/SS1,CLS/RB/Y1/SS2,
2256070,25-08-2026,2,25-08-2026 14:10,25-08-2026 15:10,,CLS/Y1/SA/C1/SS3,CLS/Y1/SA/C1/SS4,
2256070,29-07-2026,2,29-07-2026 15:55,29-07-2026 21:25,,CLS/RB/Y1/SS1,CLS/RB/Y1/SS2,
2256074,29-07-2026,2,29-07-2026 15:55,29-07-2026 21:25,,CLS/RB/Y1/SS1,CLS/RB/Y1/SS2,
2256077,25-08-2026,2,25-08-2026 14:10,25-08-2026 15:10,,CLS/Y1/SA/C1/SS3,CLS/Y1/SA/C1/SS4,
2256077,29-07-2026,2,29-07-2026 15:55,29-07-2026 21:25,,CLS/RB/Y1/SS1,CLS/RB/Y1/SS2,
2256081,29-07-2026,2,29-07-2026 15:55,29-07-2026 21:25,,CLS/RB/Y1/SS1,CLS/RB/Y1/SS2,
2256092,29-07-2026,2,29-07-2026 15:55,29-07-2026 21:25,,CLS/RB/Y1/SS1,CLS/RB/Y1/SS2,
2256101,29-07-2026,2,29-07-2026 15:55,29-07-2026 21:25,,CLS/RB/Y1/SS1,CLS/RB/Y1/SS2,
2256105,29-07-2026,2,29-07-2026 15:55,29-07-2026 21:25,,CLS/RB/Y1/SS1,CLS/RB/Y1/SS2,
2256108,29-07-2026,2,29-07-2026 15:55,29-07-2026 21:25,,CLS/RB/Y1/SS1,CLS/RB/Y1/SS2,
2256112,29-07-2026,2,29-07-2026 15:55,29-07-2026 21:25,,CLS/RB/Y1/SS1,CLS/RB/Y1/SS2,
2256118,29-07-2026,2,29-07-2026 15:55,29-07-2026 21:25,,CLS/RB/Y1/SS1,CLS/RB/Y1/SS2,
2256122,29-07-2026,2,29-07-2026 15:55,29-07-2026 21:25,,CLS/RB/Y1/SS1,CLS/RB/Y1/SS2,
2256125,25-08-2026,2,25-08-2026 14:10,25-08-2026 15:10,,CLS/Y1/SA/C1/SS3,CLS/Y1/SA/C1/SS4,
2256125,29-07-2026,2,29-07-2026 15:55,29-07-2026 21:25,,CLS/RB/Y1/SS1,CLS/RB/Y1/SS2,
2256128,31-07-2026,2,31-07-2026 10:54,31-07-2026 14:01,,CLS/RB/Y1/SS1,CLS/RB/Y1/SS2,
2256198,29-07-2026,2,29-07-2026 15:55,29-07-2026 21:25,,CLS/RB/Y1/SS1,CLS/RB/Y1/SS2,
2256202,29-07-2026,2,29-07-2026 15:55,29-07-2026 21:25,,CLS/RB/Y1/SS1,CLS/RB/Y1/SS2,
2256205,31-07-2026,2,31-07-2026 10:54,31-07-2026 14:01,,CLS/RB/Y1/SS1,CLS/RB/Y1/SS2,
2256209,25-08-2026,2,25-08-2026 14:10,25-08-2026 15:10,,CLS/Y1/SA/C1/SS3,CLS/Y1/SA/C1/SS4,
2256209,29-07-2026,2,29-07-2026 15:55,29-07-2026 21:25,,CLS/RB/Y1/SS1,CLS/RB/Y1/SS2,
2256211,29-07-2026,2,29-07-2026 15:55,29-07-2026 21:25,,CLS/RB/Y1/SS1,CLS/RB/Y1/SS2,
2256214,29-07-2026,2,29-07-2026 15:55,29-07-2026 21:25,,CLS/RB/Y1/SS1,CLS/RB/Y1/SS2,
2256219,31-07-2026,2,31-07-2026 10:54,31-07-2026 14:01,,CLS/RB/Y1/SS1,CLS/RB/Y1/SS2,
2256223,29-07-2026,2,29-07-2026 15:55,29-07-2026 21:25,,CLS/RB/Y1/SS1,CLS/RB/Y1/SS2,
2256224,29-07-2026,2,29-07-2026 15:55,29-07-2026 21:25,,CLS/RB/Y1/SS1,CLS/RB/Y1/SS2,
2256227,25-08-2026,2,25-08-2026 14:10,25-08-2026 15:10,,CLS/Y1/SA/C1/SS3,CLS/Y1/SA/C1/SS4,
2256227,29-07-2026,2,29-07-2026 15:55,29-07-2026 21:25,,CLS/RB/Y1/SS1,CLS/RB/Y1/SS2,
2256229,29-07-2026,2,29-07-2026 15:55,29-07-2026 21:25,,CLS/RB/Y1/SS1,CLS/RB/Y1/SS2,
2256231,29-07-2026,2,29-07-2026 15:55,29-07-2026 21:25,,CLS/RB/Y1/SS1,CLS/RB/Y1/SS2,
2256244,03-08-2026,2,03-08-2026 16:53,03-08-2026 22:53,,CLS/RB/Y1/SS2,CLS/RB/Y1/SS1,
2256245,03-08-2026,2,03-08-2026 16:53,03-08-2026 22:53,,CLS/RB/Y1/SS2,CLS/RB/Y1/SS1,
2256245,25-08-2026,2,25-08-2026 17:18,25-08-2026 19:03,,CLS/Y1/SA/C1/SS3,CLS/Y1/SA/C1/SS4,
2256246,03-08-2026,2,03-08-2026 16:53,03-08-2026 22:53,,CLS/RB/Y1/SS2,CLS/RB/Y1/SS1,
2256246,25-08-2026,3,25-08-2026 13:16,25-08-2026 17:18,25-08-2026 19:03,DLA/Y1/SS1,CLS/Y1/SA/C1/SS3,CLS/Y1/SA/C1/SS4
2256247,03-08-2026,2,03-08-2026 16:53,03-08-2026 22:53,,CLS/RB/Y1/SS2,CLS/RB/Y1/SS1,
2256248,03-08-2026,2,03-08-2026 16:53,03-08-2026 22:53,,CLS/RB/Y1/SS2,CLS/RB/Y1/SS1,
2256249,03-08-2026,2,03-08-2026 16:53,03-08-2026 22:53,,CLS/RB/Y1/SS2,CLS/RB/Y1/SS1,
2256250,03-08-2026,2,03-08-2026 16:53,03-08-2026 22:53,,CLS/RB/Y1/SS2,CLS/RB/Y1/SS1,
2256251,03-08-2026,2,03-08-2026 16:53,03-08-2026 22:53,,CLS/RB/Y1/SS2,CLS/RB/Y1/SS1,
2256251,12-08-2026,2,12-08-2026 10:06,12-08-2026 17:30,,CLS/Y1/SA/C1/SS3,DLA/Y1/SS1,
2256252,03-08-2026,2,03-08-2026 16:53,03-08-2026 22:53,,CLS/RB/Y1/SS2,CLS/RB/Y1/SS1,
2256252,25-08-2026,2,25-08-2026 17:18,25-08-2026 19:03,,CLS/Y1/SA/C1/SS3,CLS/Y1/SA/C1/SS4,
2256253,03-08-2026,2,03-08-2026 16:53,03-08-2026 22:53,,CLS/RB/Y1/SS2,CLS/RB/Y1/SS1,
2256253,12-08-2026,2,12-08-2026 10:06,12-08-2026 17:30,,CLS/Y1/SA/C1/SS3,DLA/Y1/SS1,
2256254,30-07-2026,2,30-07-2026 16:08,30-07-2026 17:26,,CLS/RB/Y1/SS1,CLS/RB/Y1/SS2,
2256255,30-07-2026,2,30-07-2026 16:08,30-07-2026 17:26,,CLS/RB/Y1/SS1,CLS/RB/Y1/SS2,
2256256,03-08-2026,2,03-08-2026 16:53,03-08-2026 22:53,,CLS/RB/Y1/SS2,CLS/RB/Y1/SS1,
2256257,31-07-2026,2,31-07-2026 17:36,31-07-2026 18:38,,CLS/RB/Y1/SS1,CLS/RB/Y1/SS2,
2256258,12-08-2026,2,12-08-2026 10:06,12-08-2026 17:30,,CLS/Y1/SA/C1/SS3,DLA/Y1/SS1,
2256258,30-07-2026,2,30-07-2026 16:08,30-07-2026 17:26,,CLS/RB/Y1/SS1,CLS/RB/Y1/SS2,
2256259,03-08-2026,2,03-08-2026 16:53,03-08-2026 22:53,,CLS/RB/Y1/SS2,CLS/RB/Y1/SS1,
2256259,25-08-2026,2,25-08-2026 17:18,25-08-2026 19:03,,CLS/Y1/SA/C1/SS3,CLS/Y1/SA/C1/SS4,
2256260,03-08-2026,2,03-08-2026 16:53,03-08-2026 22:53,,CLS/RB/Y1/SS2,CLS/RB/Y1/SS1,
2256261,03-08-2026,2,03-08-2026 16:53,03-08-2026 22:53,,CLS/RB/Y1/SS2,CLS/RB/Y1/SS1,
2256261,25-08-2026,2,25-08-2026 17:18,25-08-2026 19:03,,CLS/Y1/SA/C1/SS3,CLS/Y1/SA/C1/SS4,
2256262,03-08-2026,2,03-08-2026 16:53,03-08-2026 22:53,,CLS/RB/Y1/SS2,CLS/RB/Y1/SS1,
2256262,25-08-2026,2,25-08-2026 17:18,25-08-2026 19:03,,CLS/Y1/SA/C1/SS3,CLS/Y1/SA/C1/SS4,
2256264,03-08-2026,2,03-08-2026 16:53,03-08-2026 22:53,,CLS/RB/Y1/SS2,CLS/RB/Y1/SS1,
2256264,25-08-2026,2,25-08-2026 17:18,25-08-2026 19:03,,CLS/Y1/SA/C1/SS3,CLS/Y1/SA/C1/SS4,
2256275,25-08-2026,2,25-08-2026 17:18,25-08-2026 19:03,,CLS/Y1/SA/C1/SS3,CLS/Y1/SA/C1/SS4,
2256275,31-07-2026,2,31-07-2026 17:36,31-07-2026 18:38,,CLS/RB/Y1/SS1,CLS/RB/Y1/SS2,
2256276,03-08-2026,2,03-08-2026 16:53,03-08-2026 22:53,,CLS/RB/Y1/SS2,CLS/RB/Y1/SS1,
2256280,31-07-2026,2,31-07-2026 17:36,31-07-2026 18:38,,CLS/RB/Y1/SS1,CLS/RB/Y1/SS2,
2256281,30-07-2026,2,30-07-2026 16:08,30-07-2026 17:26,,CLS/RB/Y1/SS1,CLS/RB/Y1/SS2,
2256282,03-08-2026,2,03-08-2026 16:53,03-08-2026 22:53,,CLS/RB/Y1/SS2,CLS/RB/Y1/SS1,
2256284,03-08-2026,2,03-08-2026 16:53,03-08-2026 22:53,,CLS/RB/Y1/SS2,CLS/RB/Y1/SS1,
2256286,25-08-2026,2,25-08-2026 17:18,25-08-2026 19:03,,CLS/Y1/SA/C1/SS3,CLS/Y1/SA/C1/SS4,
2256286,30-07-2026,2,30-07-2026 16:08,30-07-2026 17:26,,CLS/RB/Y1/SS1,CLS/RB/Y1/SS2,
2256287,03-08-2026,2,03-08-2026 16:53,03-08-2026 22:53,,CLS/RB/Y1/SS2,CLS/RB/Y1/SS1,
2256289,03-08-2026,2,03-08-2026 16:53,03-08-2026 22:53,,CLS/RB/Y1/SS2,CLS/RB/Y1/SS1,
2256290,03-08-2026,2,03-08-2026 16:53,03-08-2026 22:53,,CLS/RB/Y1/SS2,CLS/RB/Y1/SS1,
2256290,25-08-2026,2,25-08-2026 13:16,25-08-2026 19:03,,DLA/Y1/SS1,CLS/Y1/SA/C1/SS4,
2256291,03-08-2026,2,03-08-2026 16:53,03-08-2026 22:53,,CLS/RB/Y1/SS2,CLS/RB/Y1/SS1,
2256292,03-08-2026,2,03-08-2026 16:53,03-08-2026 22:53,,CLS/RB/Y1/SS2,CLS/RB/Y1/SS1,
2256293,03-08-2026,2,03-08-2026 16:53,03-08-2026 22:53,,CLS/RB/Y1/SS2,CLS/RB/Y1/SS1,
2256294,30-07-2026,2,30-07-2026 16:08,30-07-2026 17:26,,CLS/RB/Y1/SS1,CLS/RB/Y1/SS2,
2256295,30-07-2026,2,30-07-2026 16:08,30-07-2026 17:26,,CLS/RB/Y1/SS1,CLS/RB/Y1/SS2,
2256296,03-08-2026,2,03-08-2026 16:53,03-08-2026 22:53,,CLS/RB/Y1/SS2,CLS/RB/Y1/SS1,
2256296,12-08-2026,2,12-08-2026 10:06,12-08-2026 17:30,,CLS/Y1/SA/C1/SS3,DLA/Y1/SS1,
2256706,03-08-2026,2,03-08-2026 16:53,03-08-2026 22:53,,CLS/RB/Y1/SS2,CLS/RB/Y1/SS1,
2256707,03-08-2026,2,03-08-2026 16:53,03-08-2026 22:53,,CLS/RB/Y1/SS2,CLS/RB/Y1/SS1,
2256707,12-08-2026,2,12-08-2026 10:06,12-08-2026 17:30,,CLS/Y1/SA/C1/SS3,DLA/Y1/SS1,
2256708,03-08-2026,2,03-08-2026 16:53,03-08-2026 22:53,,CLS/RB/Y1/SS2,CLS/RB/Y1/SS1,
2256709,03-08-2026,2,03-08-2026 16:53,03-08-2026 22:53,,CLS/RB/Y1/SS2,CLS/RB/Y1/SS1,
2256710,03-08-2026,2,03-08-2026 16:53,03-08-2026 22:53,,CLS/RB/Y1/SS2,CLS/RB/Y1/SS1,
2256710,25-08-2026,2,25-08-2026 17:18,25-08-2026 19:03,,CLS/Y1/SA/C1/SS3,CLS/Y1/SA/C1/SS4,
2256711,03-08-2026,2,03-08-2026 16:53,03-08-2026 22:53,,CLS/RB/Y1/SS2,CLS/RB/Y1/SS1,
2256711,12-08-2026,2,12-08-2026 10:06,12-08-2026 17:30,,CLS/Y1/SA/C1/SS3,DLA/Y1/SS1,
2256712,03-08-2026,2,03-08-2026 16:53,03-08-2026 22:53,,CLS/RB/Y1/SS2,CLS/RB/Y1/SS1,
2256713,03-08-2026,2,03-08-2026 16:53,03-08-2026 22:53,,CLS/RB/Y1/SS2,CLS/RB/Y1/SS1,
2256713,25-08-2026,2,25-08-2026 13:16,25-08-2026 19:03,,DLA/Y1/SS1,CLS/Y1/SA/C1/SS4,
2256714,03-08-2026,2,03-08-2026 16:53,03-08-2026 22:53,,CLS/RB/Y1/SS2,CLS/RB/Y1/SS1,
2256714,25-08-2026,2,25-08-2026 17:18,25-08-2026 19:03,,CLS/Y1/SA/C1/SS3,CLS/Y1/SA/C1/SS4,
2256715,25-08-2026,2,25-08-2026 17:18,25-08-2026 19:03,,CLS/Y1/SA/C1/SS3,CLS/Y1/SA/C1/SS4,
2256715,31-07-2026,2,31-07-2026 17:36,31-07-2026 18:38,,CLS/RB/Y1/SS1,CLS/RB/Y1/SS2,
2256716,03-08-2026,2,03-08-2026 16:53,03-08-2026 22:53,,CLS/RB/Y1/SS2,CLS/RB/Y1/SS1,
2256717,03-08-2026,2,03-08-2026 16:53,03-08-2026 22:53,,CLS/RB/Y1/SS2,CLS/RB/Y1/SS1,
2256717,25-08-2026,2,25-08-2026 17:18,25-08-2026 19:03,,CLS/Y1/SA/C1/SS3,CLS/Y1/SA/C1/SS4,
2256718,03-08-2026,2,03-08-2026 16:53,03-08-2026 22:53,,CLS/RB/Y1/SS2,CLS/RB/Y1/SS1,
2256719,03-08-2026,2,03-08-2026 16:53,03-08-2026 22:53,,CLS/RB/Y1/SS2,CLS/RB/Y1/SS1,
2256720,31-07-2026,2,31-07-2026 17:36,31-07-2026 18:38,,CLS/RB/Y1/SS1,CLS/RB/Y1/SS2,
2256721,03-08-2026,2,03-08-2026 16:53,03-08-2026 22:53,,CLS/RB/Y1/SS2,CLS/RB/Y1/SS1,
2256721,25-08-2026,2,25-08-2026 17:18,25-08-2026 19:03,,CLS/Y1/SA/C1/SS3,CLS/Y1/SA/C1/SS4,
2256722,03-08-2026,2,03-08-2026 16:53,03-08-2026 22:53,,CLS/RB/Y1/SS2,CLS/RB/Y1/SS1,
2256722,25-08-2026,2,25-08-2026 17:18,25-08-2026 19:03,,CLS/Y1/SA/C1/SS3,CLS/Y1/SA/C1/SS4,
2256723,03-08-2026,2,03-08-2026 16:53,03-08-2026 22:53,,CLS/RB/Y1/SS2,CLS/RB/Y1/SS1,
2256724,03-08-2026,2,03-08-2026 16:53,03-08-2026 22:53,,CLS/RB/Y1/SS2,CLS/RB/Y1/SS1,
2256725,31-07-2026,2,31-07-2026 17:36,31-07-2026 18:38,,CLS/RB/Y1/SS1,CLS/RB/Y1/SS2,
2256730,03-08-2026,2,03-08-2026 16:53,03-08-2026 22:53,,CLS/RB/Y1/SS2,CLS/RB/Y1/SS1,
2256730,25-08-2026,2,25-08-2026 17:18,25-08-2026 19:03,,CLS/Y1/SA/C1/SS3,CLS/Y1/SA/C1/SS4,
2256732,03-08-2026,2,03-08-2026 16:53,03-08-2026 22:53,,CLS/RB/Y1/SS2,CLS/RB/Y1/SS1,
2256733,03-08-2026,2,03-08-2026 16:53,03-08-2026 22:53,,CLS/RB/Y1/SS2,CLS/RB/Y1/SS1,
2256733,12-08-2026,2,12-08-2026 10:06,12-08-2026 17:30,,CLS/Y1/SA/C1/SS3,DLA/Y1/SS1,
2256734,03-08-2026,2,03-08-2026 16:53,03-08-2026 22:53,,CLS/RB/Y1/SS2,CLS/RB/Y1/SS1,
2256734,25-08-2026,2,25-08-2026 17:18,25-08-2026 19:03,,CLS/Y1/SA/C1/SS3,CLS/Y1/SA/C1/SS4,
2256735,03-08-2026,2,03-08-2026 16:53,03-08-2026 22:53,,CLS/RB/Y1/SS2,CLS/RB/Y1/SS1,
2256736,03-08-2026,2,03-08-2026 16:53,03-08-2026 22:53,,CLS/RB/Y1/SS2,CLS/RB/Y1/SS1,
2256736,25-08-2026,2,25-08-2026 17:18,25-08-2026 19:03,,CLS/Y1/SA/C1/SS3,CLS/Y1/SA/C1/SS4,
2256739,03-08-2026,2,03-08-2026 16:53,03-08-2026 22:53,,CLS/RB/Y1/SS2,CLS/RB/Y1/SS1,
2256739,25-08-2026,2,25-08-2026 17:18,25-08-2026 19:03,,CLS/Y1/SA/C1/SS3,CLS/Y1/SA/C1/SS4,
2256741,03-08-2026,2,03-08-2026 16:53,03-08-2026 22:53,,CLS/RB/Y1/SS2,CLS/RB/Y1/SS1,
2256743,03-08-2026,2,03-08-2026 16:53,03-08-2026 22:53,,CLS/RB/Y1/SS2,CLS/RB/Y1/SS1,
2256743,12-08-2026,2,12-08-2026 10:06,12-08-2026 17:30,,CLS/Y1/SA/C1/SS3,DLA/Y1/SS1,
2256792,18-08-2026,2,18-08-2026 11:24,18-08-2026 14:01,,CLS/Y1/SA/C1/SS4,CLS/Y1/SA/C1/SS3,
2256795,18-08-2026,2,18-08-2026 11:24,18-08-2026 14:01,,CLS/Y1/SA/C1/SS4,CLS/Y1/SA/C1/SS3,
2256826,18-08-2026,2,18-08-2026 11:24,18-08-2026 14:01,,CLS/Y1/SA/C1/SS4,CLS/Y1/SA/C1/SS3,
2256832,18-08-2026,2,18-08-2026 11:24,18-08-2026 14:01,,CLS/Y1/SA/C1/SS4,CLS/Y1/SA/C1/SS3,
2256856,11-08-2026,2,11-08-2026 12:02,11-08-2026 16:13,,CLS/Y1/SA/C1/SS3,DLA/Y1/SS1,
2256865,11-08-2026,2,11-08-2026 12:02,11-08-2026 16:13,,CLS/Y1/SA/C1/SS3,DLA/Y1/SS1,
2256873,21-07-2026,2,21-07-2026 15:50,21-07-2026 17:20,,CLS/RB/Y1/SS2,CLS/RB/Y1/SS1,
2256881,18-08-2026,2,18-08-2026 11:24,18-08-2026 14:01,,CLS/Y1/SA/C1/SS4,CLS/Y1/SA/C1/SS3,
2257160,14-08-2026,2,14-08-2026 12:05,14-08-2026 14:06,,CLS/Y1/SA/C1/SS3,DLA/Y1/SS1,
2257163,14-08-2026,2,14-08-2026 12:05,14-08-2026 14:06,,CLS/Y1/SA/C1/SS3,DLA/Y1/SS1,
2259083,31-08-2026,2,31-08-2026 10:07,31-08-2026 13:00,,CLS/Y1/SA/C1/SS4,CLS/Y1/SA/C1/SS3,
2259084,31-08-2026,2,31-08-2026 10:07,31-08-2026 13:00,,CLS/Y1/SA/C1/SS4,CLS/Y1/SA/C1/SS3,
2259085,31-08-2026,2,31-08-2026 10:07,31-08-2026 13:00,,CLS/Y1/SA/C1/SS4,CLS/Y1/SA/C1/SS3,
2259086,31-08-2026,2,31-08-2026 10:07,31-08-2026 13:00,,CLS/Y1/SA/C1/SS4,CLS/Y1/SA/C1/SS3,
2259087,25-08-2026,2,25-08-2026 11:52,25-08-2026 15:09,,CLS/Y1/SA/C1/SS3,CLS/Y1/SA/C1/SS4,
2259088,25-08-2026,2,25-08-2026 11:52,25-08-2026 15:09,,CLS/Y1/SA/C1/SS3,CLS/Y1/SA/C1/SS4,
2259089,25-08-2026,2,25-08-2026 11:52,25-08-2026 15:09,,CLS/Y1/SA/C1/SS3,CLS/Y1/SA/C1/SS4,
2259090,25-08-2026,2,25-08-2026 11:52,25-08-2026 15:09,,CLS/Y1/SA/C1/SS3,CLS/Y1/SA/C1/SS4,
2259091,25-08-2026,2,25-08-2026 11:52,25-08-2026 15:09,,CLS/Y1/SA/C1/SS3,CLS/Y1/SA/C1/SS4,
2259092,25-08-2026,2,25-08-2026 11:52,25-08-2026 15:09,,CLS/Y1/SA/C1/SS3,CLS/Y1/SA/C1/SS4,
2259093,31-08-2026,2,31-08-2026 10:07,31-08-2026 13:00,,CLS/Y1/SA/C1/SS4,CLS/Y1/SA/C1/SS3,
2259094,25-08-2026,2,25-08-2026 11:52,25-08-2026 15:09,,CLS/Y1/SA/C1/SS3,CLS/Y1/SA/C1/SS4,
2259095,25-08-2026,2,25-08-2026 11:52,25-08-2026 15:09,,CLS/Y1/SA/C1/SS3,CLS/Y1/SA/C1/SS4,
2259096,31-08-2026,2,31-08-2026 10:07,31-08-2026 13:00,,CLS/Y1/SA/C1/SS4,CLS/Y1/SA/C1/SS3,
2259097,31-08-2026,2,31-08-2026 10:07,31-08-2026 13:00,,CLS/Y1/SA/C1/SS4,CLS/Y1/SA/C1/SS3,
2259098,31-08-2026,2,31-08-2026 10:07,31-08-2026 13:00,,CLS/Y1/SA/C1/SS4,CLS/Y1/SA/C1/SS3,
2259133,11-08-2026,2,11-08-2026 12:02,11-08-2026 16:13,,CLS/Y1/SA/C1/SS3,DLA/Y1/SS1,
2259135,18-08-2026,2,18-08-2026 11:24,18-08-2026 14:01,,CLS/Y1/SA/C1/SS4,CLS/Y1/SA/C1/SS3,
2259166,21-07-2026,2,21-07-2026 16:56,21-07-2026 18:18,,CLS/RB/Y1/SS2,CLS/RB/Y1/SS1,
2259183,21-07-2026,2,21-07-2026 16:56,21-07-2026 18:18,,CLS/RB/Y1/SS2,CLS/RB/Y1/SS1,
2259210,31-08-2026,2,31-08-2026 10:07,31-08-2026 13:00,,CLS/Y1/SA/C1/SS4,CLS/Y1/SA/C1/SS3,
2260507,14-08-2026,2,14-08-2026 12:54,14-08-2026 15:08,,CLS/Y1/SA/C1/SS4,DLA/Y1/SS1,
2260507,30-07-2026,2,30-07-2026 12:52,30-07-2026 14:19,,CLS/RB/Y1/SS1,CLS/RB/Y1/SS2,
2260559,14-08-2026,2,14-08-2026 12:54,14-08-2026 15:08,,CLS/Y1/SA/C1/SS4,DLA/Y1/SS1,
2260559,30-07-2026,2,30-07-2026 12:52,30-07-2026 14:19,,CLS/RB/Y1/SS1,CLS/RB/Y1/SS2,
2260598,12-08-2026,2,12-08-2026 14:13,12-08-2026 16:43,,CLS/RB/Y1/SS2,CLS/Y1/SA/C1/SS3,
2260598,24-08-2026,2,24-08-2026 15:13,24-08-2026 17:27,,CLS/Y1/SA/C1/SS4,CLS/RB/Y1/SS1,
2260722,07-08-2026,2,07-08-2026 12:34,07-08-2026 15:35,,CLS/RB/Y1/SS1,CLS/RB/Y1/SS2,
2260726,07-08-2026,2,07-08-2026 12:34,07-08-2026 15:35,,CLS/RB/Y1/SS1,CLS/RB/Y1/SS2,
2260732,07-08-2026,2,07-08-2026 12:34,07-08-2026 15:35,,CLS/RB/Y1/SS1,CLS/RB/Y1/SS2,
2260735,07-08-2026,2,07-08-2026 12:34,07-08-2026 15:35,,CLS/RB/Y1/SS1,CLS/RB/Y1/SS2,
2260914,30-07-2026,2,30-07-2026 10:56,30-07-2026 12:51,,CLS/RB/Y1/SS1,CLS/RB/Y1/SS2,
2260918,07-08-2026,2,07-08-2026 11:03,07-08-2026 12:32,,DLA/Y1/SS1,CLS/RB/Y1/SS1,
2260922,30-07-2026,2,30-07-2026 10:56,30-07-2026 12:51,,CLS/RB/Y1/SS1,CLS/RB/Y1/SS2,
2260926,30-07-2026,2,30-07-2026 10:56,30-07-2026 12:51,,CLS/RB/Y1/SS1,CLS/RB/Y1/SS2,
2260930,30-07-2026,2,30-07-2026 10:56,30-07-2026 12:51,,CLS/RB/Y1/SS1,CLS/RB/Y1/SS2,
2260951,21-08-2026,2,21-08-2026 11:48,21-08-2026 14:51,,CLS/Y1/SA/C1/SS4,CLS/Y1/SA/C1/SS3,
2260951,30-07-2026,2,30-07-2026 10:56,30-07-2026 12:51,,CLS/RB/Y1/SS1,CLS/RB/Y1/SS2,
2260962,30-07-2026,2,30-07-2026 10:56,30-07-2026 12:51,,CLS/RB/Y1/SS1,CLS/RB/Y1/SS2,
2260965,07-08-2026,2,07-08-2026 11:03,07-08-2026 12:32,,DLA/Y1/SS1,CLS/RB/Y1/SS1,
2260965,14-08-2026,2,14-08-2026 11:22,14-08-2026 13:02,,CLS/Y1/SA/C1/SS3,CLS/RB/Y1/SS2,
2260971,07-08-2026,2,07-08-2026 11:03,07-08-2026 12:32,,DLA/Y1/SS1,CLS/RB/Y1/SS1,
2260971,14-08-2026,2,14-08-2026 11:22,14-08-2026 13:02,,CLS/Y1/SA/C1/SS3,CLS/RB/Y1/SS2,
2261406,13-08-2026,2,13-08-2026 13:50,13-08-2026 16:48,,CLS/RB/Y1/SS2,CLS/Y1/SA/C1/SS3,
2261406,17-08-2026,2,17-08-2026 12:25,17-08-2026 15:22,,CLS/Y1/SA/C1/SS4,DLA/Y1/SS1,
2261410,13-08-2026,2,13-08-2026 13:50,13-08-2026 16:07,,CLS/RB/Y1/SS2,CLS/Y1/SA/C1/SS3,
2261410,17-08-2026,2,17-08-2026 12:25,17-08-2026 15:22,,CLS/Y1/SA/C1/SS4,DLA/Y1/SS1,
2261482,25-08-2026,2,25-08-2026 08:30,25-08-2026 10:09,,CLS/Y1/SA/C1/SS3,CLS/Y1/SA/C1/SS4,
2261491,25-08-2026,2,25-08-2026 08:30,25-08-2026 10:09,,CLS/Y1/SA/C1/SS3,CLS/Y1/SA/C1/SS4,
2261549,25-08-2026,2,25-08-2026 08:30,25-08-2026 10:09,,CLS/Y1/SA/C1/SS3,CLS/Y1/SA/C1/SS4,
2261554,25-08-2026,2,25-08-2026 08:30,25-08-2026 10:09,,CLS/Y1/SA/C1/SS3,CLS/Y1/SA/C1/SS4,
2261557,25-08-2026,2,25-08-2026 08:30,25-08-2026 10:09,,CLS/Y1/SA/C1/SS3,CLS/Y1/SA/C1/SS4,
2261561,25-08-2026,2,25-08-2026 08:30,25-08-2026 10:09,,CLS/Y1/SA/C1/SS3,CLS/Y1/SA/C1/SS4,
2261563,25-08-2026,2,25-08-2026 08:30,25-08-2026 10:09,,CLS/Y1/SA/C1/SS3,CLS/Y1/SA/C1/SS4,
2261565,25-08-2026,2,25-08-2026 08:30,25-08-2026 10:09,,CLS/Y1/SA/C1/SS3,CLS/Y1/SA/C1/SS4,
2261568,25-08-2026,2,25-08-2026 08:30,25-08-2026 10:09,,CLS/Y1/SA/C1/SS3,CLS/Y1/SA/C1/SS4,
2261570,25-08-2026,2,25-08-2026 08:30,25-08-2026 10:09,,CLS/Y1/SA/C1/SS3,CLS/Y1/SA/C1/SS4,
2261575,25-08-2026,2,25-08-2026 08:30,25-08-2026 10:09,,CLS/Y1/SA/C1/SS3,CLS/Y1/SA/C1/SS4,
2261576,25-08-2026,2,25-08-2026 08:30,25-08-2026 10:09,,CLS/Y1/SA/C1/SS3,CLS/Y1/SA/C1/SS4,
2261626,24-08-2026,2,24-08-2026 10:22,24-08-2026 13:53,,CLS/Y1/SA/C1/SS4,DLA/Y1/SS1,
2261629,24-08-2026,2,24-08-2026 10:22,24-08-2026 13:53,,CLS/Y1/SA/C1/SS4,DLA/Y1/SS1,
2261631,24-08-2026,2,24-08-2026 10:22,24-08-2026 13:53,,CLS/Y1/SA/C1/SS4,DLA/Y1/SS1,
2261633,24-08-2026,2,24-08-2026 10:22,24-08-2026 13:53,,CLS/Y1/SA/C1/SS4,DLA/Y1/SS1,
2261636,24-08-2026,2,24-08-2026 10:22,24-08-2026 13:53,,CLS/Y1/SA/C1/SS4,DLA/Y1/SS1,
2261639,24-08-2026,2,24-08-2026 10:22,24-08-2026 13:53,,CLS/Y1/SA/C1/SS4,DLA/Y1/SS1,
2261641,24-08-2026,2,24-08-2026 10:22,24-08-2026 13:53,,CLS/Y1/SA/C1/SS4,DLA/Y1/SS1,
2261642,24-08-2026,2,24-08-2026 10:22,24-08-2026 13:53,,CLS/Y1/SA/C1/SS4,DLA/Y1/SS1,
2261646,24-08-2026,2,24-08-2026 10:22,24-08-2026 13:53,,CLS/Y1/SA/C1/SS4,DLA/Y1/SS1,
2261692,25-08-2026,2,25-08-2026 08:30,25-08-2026 10:09,,CLS/Y1/SA/C1/SS3,CLS/Y1/SA/C1/SS4,
2261698,25-08-2026,2,25-08-2026 08:30,25-08-2026 10:09,,CLS/Y1/SA/C1/SS3,CLS/Y1/SA/C1/SS4,
2261703,25-08-2026,2,25-08-2026 08:30,25-08-2026 10:09,,CLS/Y1/SA/C1/SS3,CLS/Y1/SA/C1/SS4,
2261710,25-08-2026,2,25-08-2026 08:30,25-08-2026 10:09,,CLS/Y1/SA/C1/SS3,CLS/Y1/SA/C1/SS4,
2261740,25-08-2026,2,25-08-2026 08:30,25-08-2026 10:09,,CLS/Y1/SA/C1/SS3,CLS/Y1/SA/C1/SS4,
2261755,25-08-2026,2,25-08-2026 08:30,25-08-2026 10:09,,CLS/Y1/SA/C1/SS3,CLS/Y1/SA/C1/SS4,
2261763,25-08-2026,2,25-08-2026 08:30,25-08-2026 10:09,,CLS/Y1/SA/C1/SS3,CLS/Y1/SA/C1/SS4,
2261768,25-08-2026,2,25-08-2026 08:30,25-08-2026 10:09,,CLS/Y1/SA/C1/SS3,CLS/Y1/SA/C1/SS4,
2261772,25-08-2026,2,25-08-2026 08:30,25-08-2026 10:09,,CLS/Y1/SA/C1/SS3,CLS/Y1/SA/C1/SS4,
2261775,25-08-2026,2,25-08-2026 08:30,25-08-2026 10:09,,CLS/Y1/SA/C1/SS3,CLS/Y1/SA/C1/SS4,
2261781,25-08-2026,2,25-08-2026 08:30,25-08-2026 10:09,,CLS/Y1/SA/C1/SS3,CLS/Y1/SA/C1/SS4,
2261786,25-08-2026,2,25-08-2026 08:30,25-08-2026 10:09,,CLS/Y1/SA/C1/SS3,CLS/Y1/SA/C1/SS4,
2261792,25-08-2026,2,25-08-2026 08:30,25-08-2026 10:09,,CLS/Y1/SA/C1/SS3,CLS/Y1/SA/C1/SS4,
2261796,25-08-2026,2,25-08-2026 08:30,25-08-2026 10:09,,CLS/Y1/SA/C1/SS3,CLS/Y1/SA/C1/SS4,
2261847,25-08-2026,2,25-08-2026 08:30,25-08-2026 10:09,,CLS/Y1/SA/C1/SS3,CLS/Y1/SA/C1/SS4,
2261850,25-08-2026,2,25-08-2026 08:30,25-08-2026 10:09,,CLS/Y1/SA/C1/SS3,CLS/Y1/SA/C1/SS4,
2261852,25-08-2026,2,25-08-2026 08:30,25-08-2026 10:09,,CLS/Y1/SA/C1/SS3,CLS/Y1/SA/C1/SS4,
2261854,25-08-2026,2,25-08-2026 08:30,25-08-2026 10:09,,CLS/Y1/SA/C1/SS3,CLS/Y1/SA/C1/SS4,
2261858,25-08-2026,2,25-08-2026 08:30,25-08-2026 10:09,,CLS/Y1/SA/C1/SS3,CLS/Y1/SA/C1/SS4,
2261862,25-08-2026,2,25-08-2026 08:30,25-08-2026 10:09,,CLS/Y1/SA/C1/SS3,CLS/Y1/SA/C1/SS4,
2261866,25-08-2026,2,25-08-2026 08:30,25-08-2026 10:09,,CLS/Y1/SA/C1/SS3,CLS/Y1/SA/C1/SS4,
2261869,25-08-2026,2,25-08-2026 08:30,25-08-2026 10:09,,CLS/Y1/SA/C1/SS3,CLS/Y1/SA/C1/SS4,
2261879,25-08-2026,2,25-08-2026 08:30,25-08-2026 10:09,,CLS/Y1/SA/C1/SS3,CLS/Y1/SA/C1/SS4,
2261883,25-08-2026,2,25-08-2026 08:30,25-08-2026 10:09,,CLS/Y1/SA/C1/SS3,CLS/Y1/SA/C1/SS4,
2261888,25-08-2026,2,25-08-2026 08:30,25-08-2026 10:09,,CLS/Y1/SA/C1/SS3,CLS/Y1/SA/C1/SS4,
2261910,25-08-2026,2,25-08-2026 08:30,25-08-2026 10:09,,CLS/Y1/SA/C1/SS3,CLS/Y1/SA/C1/SS4,
2261920,25-08-2026,2,25-08-2026 08:30,25-08-2026 10:09,,CLS/Y1/SA/C1/SS3,CLS/Y1/SA/C1/SS4,
2261926,25-08-2026,2,25-08-2026 08:30,25-08-2026 10:09,,CLS/Y1/SA/C1/SS3,CLS/Y1/SA/C1/SS4,
2261930,25-08-2026,2,25-08-2026 08:30,25-08-2026 10:09,,CLS/Y1/SA/C1/SS3,CLS/Y1/SA/C1/SS4,
2261937,25-08-2026,2,25-08-2026 08:30,25-08-2026 10:09,,CLS/Y1/SA/C1/SS3,CLS/Y1/SA/C1/SS4,
2261940,25-08-2026,2,25-08-2026 08:30,25-08-2026 10:09,,CLS/Y1/SA/C1/SS3,CLS/Y1/SA/C1/SS4,
2261944,25-08-2026,2,25-08-2026 08:30,25-08-2026 10:09,,CLS/Y1/SA/C1/SS3,CLS/Y1/SA/C1/SS4,
2261993,25-08-2026,2,25-08-2026 08:30,25-08-2026 10:09,,CLS/Y1/SA/C1/SS3,CLS/Y1/SA/C1/SS4,
2261999,25-08-2026,2,25-08-2026 08:30,25-08-2026 10:09,,CLS/Y1/SA/C1/SS3,CLS/Y1/SA/C1/SS4,
2262002,25-08-2026,2,25-08-2026 08:30,25-08-2026 10:09,,CLS/Y1/SA/C1/SS3,CLS/Y1/SA/C1/SS4,
2262011,25-08-2026,2,25-08-2026 08:30,25-08-2026 10:09,,CLS/Y1/SA/C1/SS3,CLS/Y1/SA/C1/SS4,
2262036,25-08-2026,2,25-08-2026 08:30,25-08-2026 10:09,,CLS/Y1/SA/C1/SS3,CLS/Y1/SA/C1/SS4,
2262930,13-08-2026,2,13-08-2026 14:33,13-08-2026 16:31,,DLA/Y1/SS1,CLS/Y1/SA/C1/SS3,
2262930,27-08-2026,2,27-08-2026 16:06,27-08-2026 21:14,,CLS/Y1/SA/C1/SS4,CLS/RB/Y1/SS1,
2263360,13-08-2026,2,13-08-2026 13:03,13-08-2026 16:03,,CLS/Y1/SA/C1/SS3,CLS/Y1/SA/C1/SS4,
2263365,13-08-2026,2,13-08-2026 13:03,13-08-2026 16:03,,CLS/Y1/SA/C1/SS3,CLS/Y1/SA/C1/SS4,
2263368,13-08-2026,2,13-08-2026 13:03,13-08-2026 16:03,,CLS/Y1/SA/C1/SS3,CLS/Y1/SA/C1/SS4,
2263370,13-08-2026,2,13-08-2026 13:03,13-08-2026 16:03,,CLS/Y1/SA/C1/SS3,CLS/Y1/SA/C1/SS4,
2263376,13-08-2026,2,13-08-2026 13:03,13-08-2026 16:03,,CLS/Y1/SA/C1/SS3,CLS/Y1/SA/C1/SS4,
2263379,13-08-2026,2,13-08-2026 13:03,13-08-2026 16:03,,CLS/Y1/SA/C1/SS3,CLS/Y1/SA/C1/SS4,
2263383,13-08-2026,2,13-08-2026 13:03,13-08-2026 16:03,,CLS/Y1/SA/C1/SS3,CLS/Y1/SA/C1/SS4,
2263386,13-08-2026,2,13-08-2026 13:03,13-08-2026 16:03,,CLS/Y1/SA/C1/SS3,CLS/Y1/SA/C1/SS4,
2263388,13-08-2026,2,13-08-2026 13:03,13-08-2026 16:03,,CLS/Y1/SA/C1/SS3,CLS/Y1/SA/C1/SS4,
2263392,13-08-2026,2,13-08-2026 13:03,13-08-2026 16:03,,CLS/Y1/SA/C1/SS3,CLS/Y1/SA/C1/SS4,
2263398,13-08-2026,2,13-08-2026 13:03,13-08-2026 16:03,,CLS/Y1/SA/C1/SS3,CLS/Y1/SA/C1/SS4,
2263401,13-08-2026,2,13-08-2026 13:03,13-08-2026 16:03,,CLS/Y1/SA/C1/SS3,CLS/Y1/SA/C1/SS4,
2263474,24-08-2026,2,24-08-2026 10:22,24-08-2026 13:53,,CLS/Y1/SA/C1/SS4,DLA/Y1/SS1,
2263478,24-08-2026,2,24-08-2026 10:22,24-08-2026 13:53,,CLS/Y1/SA/C1/SS4,DLA/Y1/SS1,
2263486,24-08-2026,2,24-08-2026 10:22,24-08-2026 13:53,,CLS/Y1/SA/C1/SS4,DLA/Y1/SS1,
2263488,24-08-2026,2,24-08-2026 10:22,24-08-2026 13:53,,CLS/Y1/SA/C1/SS4,DLA/Y1/SS1,
2263493,24-08-2026,2,24-08-2026 10:22,24-08-2026 13:53,,CLS/Y1/SA/C1/SS4,DLA/Y1/SS1,
2263497,24-08-2026,2,24-08-2026 10:22,24-08-2026 13:53,,CLS/Y1/SA/C1/SS4,DLA/Y1/SS1,
2263500,24-08-2026,2,24-08-2026 10:22,24-08-2026 13:53,,CLS/Y1/SA/C1/SS4,DLA/Y1/SS1,
2263505,24-08-2026,2,24-08-2026 10:22,24-08-2026 13:53,,CLS/Y1/SA/C1/SS4,DLA/Y1/SS1,
2263508,24-08-2026,2,24-08-2026 10:22,24-08-2026 13:53,,CLS/Y1/SA/C1/SS4,DLA/Y1/SS1,
2263513,24-08-2026,2,24-08-2026 10:22,24-08-2026 13:53,,CLS/Y1/SA/C1/SS4,DLA/Y1/SS1,
2263520,24-08-2026,2,24-08-2026 10:22,24-08-2026 13:53,,CLS/Y1/SA/C1/SS4,DLA/Y1/SS1,
2264144,03-08-2026,2,03-08-2026 16:53,03-08-2026 22:53,,CLS/RB/Y1/SS2,CLS/RB/Y1/SS1,
2264144,25-08-2026,2,25-08-2026 17:18,25-08-2026 19:03,,CLS/Y1/SA/C1/SS3,CLS/Y1/SA/C1/SS4,
2264867,14-08-2026,2,14-08-2026 12:05,14-08-2026 14:06,,CLS/Y1/SA/C1/SS3,DLA/Y1/SS1,
2264974,14-08-2026,2,14-08-2026 12:05,14-08-2026 14:06,,CLS/Y1/SA/C1/SS3,DLA/Y1/SS1,
2266198,25-08-2026,2,25-08-2026 13:27,25-08-2026 15:52,,CLS/Y1/SA/C1/SS3,DLA/Y1/SS1,
2266198,28-07-2026,2,28-07-2026 13:42,28-07-2026 17:27,,CLS/RB/Y1/SS1,CLS/RB/Y1/SS2,
2266202,25-08-2026,2,25-08-2026 13:27,25-08-2026 15:52,,CLS/Y1/SA/C1/SS3,DLA/Y1/SS1,
2266202,27-08-2026,2,27-08-2026 12:46,27-08-2026 14:37,,CLS/RB/Y1/SS1,CLS/RB/Y1/SS2,
2266211,25-08-2026,2,25-08-2026 13:27,25-08-2026 15:52,,CLS/Y1/SA/C1/SS3,DLA/Y1/SS1,
2266211,27-08-2026,2,27-08-2026 12:46,27-08-2026 14:37,,CLS/RB/Y1/SS1,CLS/RB/Y1/SS2,
2266214,11-08-2026,2,11-08-2026 14:08,11-08-2026 17:33,,CLS/Y1/SA/C1/SS3,DLA/Y1/SS1,
2266214,28-07-2026,2,28-07-2026 13:42,28-07-2026 17:27,,CLS/RB/Y1/SS1,CLS/RB/Y1/SS2,
2266220,25-08-2026,2,25-08-2026 13:27,25-08-2026 15:52,,CLS/Y1/SA/C1/SS3,DLA/Y1/SS1,
2266220,28-07-2026,2,28-07-2026 13:42,28-07-2026 17:27,,CLS/RB/Y1/SS1,CLS/RB/Y1/SS2,
2266222,11-08-2026,2,11-08-2026 14:08,11-08-2026 17:33,,CLS/Y1/SA/C1/SS3,DLA/Y1/SS1,
2266222,28-07-2026,2,28-07-2026 13:42,28-07-2026 17:27,,CLS/RB/Y1/SS1,CLS/RB/Y1/SS2,
2272498,25-08-2026,2,25-08-2026 08:30,25-08-2026 10:09,,CLS/Y1/SA/C1/SS3,CLS/Y1/SA/C1/SS4,
2272501,25-08-2026,2,25-08-2026 08:30,25-08-2026 10:09,,CLS/Y1/SA/C1/SS3,CLS/Y1/SA/C1/SS4,
2272504,25-08-2026,2,25-08-2026 08:30,25-08-2026 10:09,,CLS/Y1/SA/C1/SS3,CLS/Y1/SA/C1/SS4,
2272506,25-08-2026,2,25-08-2026 08:30,25-08-2026 10:09,,CLS/Y1/SA/C1/SS3,CLS/Y1/SA/C1/SS4,
2272513,25-08-2026,2,25-08-2026 08:30,25-08-2026 10:09,,CLS/Y1/SA/C1/SS3,CLS/Y1/SA/C1/SS4,
2278161,21-07-2026,2,21-07-2026 16:56,21-07-2026 18:18,,CLS/RB/Y1/SS2,CLS/RB/Y1/SS1,
2278470,25-08-2026,2,25-08-2026 13:27,25-08-2026 15:52,,CLS/Y1/SA/C1/SS3,DLA/Y1/SS1,
2278470,28-07-2026,2,28-07-2026 17:27,28-07-2026 18:27,,CLS/RB/Y1/SS2,CLS/RB/Y1/SS1,
2278471,28-07-2026,2,28-07-2026 13:42,28-07-2026 17:27,,CLS/RB/Y1/SS1,CLS/RB/Y1/SS2,
2278472,28-07-2026,2,28-07-2026 13:42,28-07-2026 17:27,,CLS/RB/Y1/SS1,CLS/RB/Y1/SS2,
2278473,25-08-2026,2,25-08-2026 13:27,25-08-2026 15:52,,CLS/Y1/SA/C1/SS3,DLA/Y1/SS1,
2278473,27-08-2026,2,27-08-2026 12:46,27-08-2026 14:37,,CLS/RB/Y1/SS1,CLS/RB/Y1/SS2,
2278718,25-08-2026,2,25-08-2026 11:52,25-08-2026 15:09,,CLS/Y1/SA/C1/SS3,CLS/Y1/SA/C1/SS4,
2278719,25-08-2026,2,25-08-2026 11:52,25-08-2026 15:09,,CLS/Y1/SA/C1/SS3,CLS/Y1/SA/C1/SS4,
2278720,25-08-2026,2,25-08-2026 11:52,25-08-2026 15:09,,CLS/Y1/SA/C1/SS3,CLS/Y1/SA/C1/SS4,
2278721,25-08-2026,2,25-08-2026 11:52,25-08-2026 15:09,,CLS/Y1/SA/C1/SS3,CLS/Y1/SA/C1/SS4,
2278722,25-08-2026,2,25-08-2026 11:52,25-08-2026 15:09,,CLS/Y1/SA/C1/SS3,CLS/Y1/SA/C1/SS4,
2278723,25-08-2026,2,25-08-2026 11:52,25-08-2026 15:09,,CLS/Y1/SA/C1/SS3,CLS/Y1/SA/C1/SS4,
2278724,25-08-2026,2,25-08-2026 11:52,25-08-2026 15:09,,CLS/Y1/SA/C1/SS3,CLS/Y1/SA/C1/SS4,
2278725,25-08-2026,2,25-08-2026 11:52,25-08-2026 15:09,,CLS/Y1/SA/C1/SS3,CLS/Y1/SA/C1/SS4,
2278726,25-08-2026,2,25-08-2026 11:52,25-08-2026 15:09,,CLS/Y1/SA/C1/SS3,CLS/Y1/SA/C1/SS4,
2278727,25-08-2026,2,25-08-2026 11:52,25-08-2026 15:09,,CLS/Y1/SA/C1/SS3,CLS/Y1/SA/C1/SS4,
2278728,25-08-2026,2,25-08-2026 11:52,25-08-2026 15:09,,CLS/Y1/SA/C1/SS3,CLS/Y1/SA/C1/SS4,
2278729,31-08-2026,2,31-08-2026 10:07,31-08-2026 13:00,,CLS/Y1/SA/C1/SS4,CLS/Y1/SA/C1/SS3,
2278730,31-08-2026,2,31-08-2026 10:07,31-08-2026 13:00,,CLS/Y1/SA/C1/SS4,CLS/Y1/SA/C1/SS3,
2278731,25-08-2026,2,25-08-2026 11:52,25-08-2026 15:09,,CLS/Y1/SA/C1/SS3,CLS/Y1/SA/C1/SS4,
2278732,25-08-2026,2,25-08-2026 11:52,25-08-2026 15:09,,CLS/Y1/SA/C1/SS3,CLS/Y1/SA/C1/SS4,
2278733,31-08-2026,2,31-08-2026 10:07,31-08-2026 13:00,,CLS/Y1/SA/C1/SS4,CLS/Y1/SA/C1/SS3,
2278734,25-08-2026,2,25-08-2026 11:52,25-08-2026 15:09,,CLS/Y1/SA/C1/SS3,CLS/Y1/SA/C1/SS4,
2278735,25-08-2026,2,25-08-2026 11:52,25-08-2026 15:09,,CLS/Y1/SA/C1/SS3,CLS/Y1/SA/C1/SS4,
2278736,25-08-2026,2,25-08-2026 11:52,25-08-2026 15:09,,CLS/Y1/SA/C1/SS3,CLS/Y1/SA/C1/SS4,
2278737,25-08-2026,2,25-08-2026 11:52,25-08-2026 15:09,,CLS/Y1/SA/C1/SS3,CLS/Y1/SA/C1/SS4,
2278738,25-08-2026,2,25-08-2026 11:52,25-08-2026 15:09,,CLS/Y1/SA/C1/SS3,CLS/Y1/SA/C1/SS4,
2278739,25-08-2026,2,25-08-2026 11:52,25-08-2026 15:09,,CLS/Y1/SA/C1/SS3,CLS/Y1/SA/C1/SS4,
2278740,25-08-2026,2,25-08-2026 11:52,25-08-2026 15:09,,CLS/Y1/SA/C1/SS3,CLS/Y1/SA/C1/SS4,
2278741,25-08-2026,2,25-08-2026 11:52,25-08-2026 15:09,,CLS/Y1/SA/C1/SS3,CLS/Y1/SA/C1/SS4,
2278742,31-08-2026,2,31-08-2026 10:07,31-08-2026 13:00,,CLS/Y1/SA/C1/SS4,CLS/Y1/SA/C1/SS3,
2278743,31-08-2026,2,31-08-2026 10:07,31-08-2026 13:00,,CLS/Y1/SA/C1/SS4,CLS/Y1/SA/C1/SS3,
2278744,25-08-2026,2,25-08-2026 11:52,25-08-2026 15:09,,CLS/Y1/SA/C1/SS3,CLS/Y1/SA/C1/SS4,
2278745,25-08-2026,2,25-08-2026 11:52,25-08-2026 15:09,,CLS/Y1/SA/C1/SS3,CLS/Y1/SA/C1/SS4,
2278746,31-08-2026,2,31-08-2026 10:07,31-08-2026 13:00,,CLS/Y1/SA/C1/SS4,CLS/Y1/SA/C1/SS3,
2278747,31-08-2026,2,31-08-2026 10:07,31-08-2026 13:00,,CLS/Y1/SA/C1/SS4,CLS/Y1/SA/C1/SS3,
2278748,31-08-2026,2,31-08-2026 10:07,31-08-2026 13:00,,CLS/Y1/SA/C1/SS4,CLS/Y1/SA/C1/SS3,
2278749,25-08-2026,2,25-08-2026 11:52,25-08-2026 15:09,,CLS/Y1/SA/C1/SS3,CLS/Y1/SA/C1/SS4,
2278750,25-08-2026,2,25-08-2026 11:52,25-08-2026 15:09,,CLS/Y1/SA/C1/SS3,CLS/Y1/SA/C1/SS4,
2278753,25-08-2026,2,25-08-2026 11:52,25-08-2026 15:09,,CLS/Y1/SA/C1/SS3,CLS/Y1/SA/C1/SS4,
2278754,25-08-2026,2,25-08-2026 11:52,25-08-2026 15:09,,CLS/Y1/SA/C1/SS3,CLS/Y1/SA/C1/SS4,
2278755,31-08-2026,2,31-08-2026 10:07,31-08-2026 13:00,,CLS/Y1/SA/C1/SS4,CLS/Y1/SA/C1/SS3,
2278756,25-08-2026,2,25-08-2026 11:52,25-08-2026 15:09,,CLS/Y1/SA/C1/SS3,CLS/Y1/SA/C1/SS4,
2278757,25-08-2026,2,25-08-2026 11:52,25-08-2026 15:09,,CLS/Y1/SA/C1/SS3,CLS/Y1/SA/C1/SS4,
2278758,25-08-2026,2,25-08-2026 11:52,25-08-2026 15:09,,CLS/Y1/SA/C1/SS3,CLS/Y1/SA/C1/SS4,
2278759,31-08-2026,2,31-08-2026 10:07,31-08-2026 13:00,,CLS/Y1/SA/C1/SS4,CLS/Y1/SA/C1/SS3,
2278760,25-08-2026,2,25-08-2026 11:52,25-08-2026 15:09,,CLS/Y1/SA/C1/SS3,CLS/Y1/SA/C1/SS4,
2278761,25-08-2026,2,25-08-2026 11:52,25-08-2026 15:09,,CLS/Y1/SA/C1/SS3,CLS/Y1/SA/C1/SS4,
2278762,31-08-2026,2,31-08-2026 10:07,31-08-2026 13:00,,CLS/Y1/SA/C1/SS4,CLS/Y1/SA/C1/SS3,
2279908,14-08-2026,2,14-08-2026 12:54,14-08-2026 15:08,,CLS/Y1/SA/C1/SS4,DLA/Y1/SS1,
2282208,31-07-2026,2,31-07-2026 14:50,31-07-2026 16:36,,CLS/RB/Y1/SS1,CLS/RB/Y1/SS2,
2282212,07-08-2026,2,07-08-2026 12:34,07-08-2026 15:35,,CLS/RB/Y1/SS1,CLS/RB/Y1/SS2,
2282212,20-08-2026,2,20-08-2026 16:51,20-08-2026 18:44,,CLS/Y1/SA/C1/SS4,CLS/Y1/SA/C1/SS3,
2282214,30-07-2026,2,30-07-2026 14:44,30-07-2026 15:52,,CLS/RB/Y1/SS1,CLS/RB/Y1/SS2,
2282216,13-08-2026,2,13-08-2026 11:26,13-08-2026 19:51,,CLS/Y1/SA/C1/SS3,DLA/Y1/SS1,
2282217,07-08-2026,2,07-08-2026 12:34,07-08-2026 15:35,,CLS/RB/Y1/SS1,CLS/RB/Y1/SS2,
2282220,07-08-2026,2,07-08-2026 12:34,07-08-2026 15:35,,CLS/RB/Y1/SS1,CLS/RB/Y1/SS2,
2282222,07-08-2026,2,07-08-2026 12:34,07-08-2026 15:35,,CLS/RB/Y1/SS1,CLS/RB/Y1/SS2,
2282223,07-08-2026,2,07-08-2026 12:34,07-08-2026 15:35,,CLS/RB/Y1/SS1,CLS/RB/Y1/SS2,
2282225,07-08-2026,2,07-08-2026 12:34,07-08-2026 15:35,,CLS/RB/Y1/SS1,CLS/RB/Y1/SS2,
2282226,31-07-2026,2,31-07-2026 14:50,31-07-2026 16:36,,CLS/RB/Y1/SS1,CLS/RB/Y1/SS2,
2282228,07-08-2026,2,07-08-2026 12:34,07-08-2026 15:35,,CLS/RB/Y1/SS1,CLS/RB/Y1/SS2,
2282230,07-08-2026,2,07-08-2026 12:34,07-08-2026 15:35,,CLS/RB/Y1/SS1,CLS/RB/Y1/SS2,
2282231,07-08-2026,2,07-08-2026 12:34,07-08-2026 15:35,,CLS/RB/Y1/SS1,CLS/RB/Y1/SS2,
2282233,31-07-2026,2,31-07-2026 14:50,31-07-2026 16:36,,CLS/RB/Y1/SS1,CLS/RB/Y1/SS2,
2282235,30-07-2026,2,30-07-2026 14:44,30-07-2026 15:52,,CLS/RB/Y1/SS1,CLS/RB/Y1/SS2,
2282239,07-08-2026,2,07-08-2026 12:34,07-08-2026 15:35,,CLS/RB/Y1/SS1,CLS/RB/Y1/SS2,
2282239,20-08-2026,2,20-08-2026 16:51,20-08-2026 18:44,,CLS/Y1/SA/C1/SS4,CLS/Y1/SA/C1/SS3,
2282241,07-08-2026,2,07-08-2026 12:34,07-08-2026 15:35,,CLS/RB/Y1/SS1,CLS/RB/Y1/SS2,
2282243,07-08-2026,2,07-08-2026 12:34,07-08-2026 15:35,,CLS/RB/Y1/SS1,CLS/RB/Y1/SS2,
2282245,07-08-2026,2,07-08-2026 12:34,07-08-2026 15:35,,CLS/RB/Y1/SS1,CLS/RB/Y1/SS2,
2282248,07-08-2026,2,07-08-2026 12:34,07-08-2026 15:35,,CLS/RB/Y1/SS1,CLS/RB/Y1/SS2,
2282251,31-07-2026,2,31-07-2026 14:50,31-07-2026 16:36,,CLS/RB/Y1/SS1,CLS/RB/Y1/SS2,
2282253,07-08-2026,2,07-08-2026 12:34,07-08-2026 15:35,,CLS/RB/Y1/SS1,CLS/RB/Y1/SS2,
2282255,31-07-2026,2,31-07-2026 14:50,31-07-2026 16:36,,CLS/RB/Y1/SS1,CLS/RB/Y1/SS2,
2282257,31-07-2026,2,31-07-2026 17:36,31-07-2026 18:38,,CLS/RB/Y1/SS1,CLS/RB/Y1/SS2,
2282259,07-08-2026,2,07-08-2026 12:34,07-08-2026 15:35,,CLS/RB/Y1/SS1,CLS/RB/Y1/SS2,
2282262,07-08-2026,2,07-08-2026 12:34,07-08-2026 15:35,,CLS/RB/Y1/SS1,CLS/RB/Y1/SS2,
2282266,07-08-2026,2,07-08-2026 12:34,07-08-2026 15:35,,CLS/RB/Y1/SS1,CLS/RB/Y1/SS2,
2282269,07-08-2026,2,07-08-2026 12:34,07-08-2026 15:35,,CLS/RB/Y1/SS1,CLS/RB/Y1/SS2,
2282271,07-08-2026,2,07-08-2026 12:34,07-08-2026 15:35,,CLS/RB/Y1/SS1,CLS/RB/Y1/SS2,
2282273,30-07-2026,2,30-07-2026 14:44,30-07-2026 15:52,,CLS/RB/Y1/SS1,CLS/RB/Y1/SS2,
2282275,31-07-2026,2,31-07-2026 14:50,31-07-2026 16:36,,CLS/RB/Y1/SS1,CLS/RB/Y1/SS2,
2282277,03-08-2026,2,03-08-2026 16:53,03-08-2026 22:53,,CLS/RB/Y1/SS2,CLS/RB/Y1/SS1,
2282277,25-08-2026,2,25-08-2026 17:18,25-08-2026 19:03,,CLS/Y1/SA/C1/SS3,CLS/Y1/SA/C1/SS4,
2282282,03-08-2026,2,03-08-2026 16:53,03-08-2026 22:53,,CLS/RB/Y1/SS2,CLS/RB/Y1/SS1,
2282289,20-08-2026,2,20-08-2026 16:51,20-08-2026 18:44,,CLS/Y1/SA/C1/SS4,CLS/Y1/SA/C1/SS3,
2282289,31-07-2026,2,31-07-2026 14:50,31-07-2026 16:36,,CLS/RB/Y1/SS1,CLS/RB/Y1/SS2,
2282291,07-08-2026,2,07-08-2026 12:34,07-08-2026 15:35,,CLS/RB/Y1/SS1,CLS/RB/Y1/SS2,
2282294,07-08-2026,2,07-08-2026 12:34,07-08-2026 15:35,,CLS/RB/Y1/SS1,CLS/RB/Y1/SS2,
2282296,07-08-2026,2,07-08-2026 12:34,07-08-2026 15:35,,CLS/RB/Y1/SS1,CLS/RB/Y1/SS2,
2282298,03-08-2026,2,03-08-2026 16:53,03-08-2026 22:53,,CLS/RB/Y1/SS2,CLS/RB/Y1/SS1,
2282300,07-08-2026,2,07-08-2026 12:34,07-08-2026 15:35,,CLS/RB/Y1/SS1,CLS/RB/Y1/SS2,
2282303,31-07-2026,2,31-07-2026 14:50,31-07-2026 16:36,,CLS/RB/Y1/SS1,CLS/RB/Y1/SS2,
2282305,12-08-2026,2,12-08-2026 10:06,12-08-2026 17:30,,CLS/Y1/SA/C1/SS3,DLA/Y1/SS1,
2282305,30-07-2026,2,30-07-2026 16:08,30-07-2026 17:26,,CLS/RB/Y1/SS1,CLS/RB/Y1/SS2,
2282307,07-08-2026,2,07-08-2026 12:34,07-08-2026 15:35,,CLS/RB/Y1/SS1,CLS/RB/Y1/SS2,
2282308,30-07-2026,2,30-07-2026 14:44,30-07-2026 15:52,,CLS/RB/Y1/SS1,CLS/RB/Y1/SS2,
2282312,07-08-2026,2,07-08-2026 12:34,07-08-2026 15:35,,CLS/RB/Y1/SS1,CLS/RB/Y1/SS2,
2282314,07-08-2026,2,07-08-2026 12:34,07-08-2026 15:35,,CLS/RB/Y1/SS1,CLS/RB/Y1/SS2,
2282315,07-08-2026,2,07-08-2026 12:34,07-08-2026 15:35,,CLS/RB/Y1/SS1,CLS/RB/Y1/SS2,
2282317,07-08-2026,2,07-08-2026 12:34,07-08-2026 15:35,,CLS/RB/Y1/SS1,CLS/RB/Y1/SS2,
2282329,31-07-2026,2,31-07-2026 14:50,31-07-2026 16:36,,CLS/RB/Y1/SS1,CLS/RB/Y1/SS2,
2282331,07-08-2026,2,07-08-2026 12:34,07-08-2026 15:35,,CLS/RB/Y1/SS1,CLS/RB/Y1/SS2,
2282333,07-08-2026,2,07-08-2026 12:34,07-08-2026 15:35,,CLS/RB/Y1/SS1,CLS/RB/Y1/SS2,
2282334,07-08-2026,2,07-08-2026 12:34,07-08-2026 15:35,,CLS/RB/Y1/SS1,CLS/RB/Y1/SS2,
2282334,20-08-2026,2,20-08-2026 16:51,20-08-2026 18:43,,CLS/Y1/SA/C1/SS4,DLA/Y1/SS1,
2282335,07-08-2026,2,07-08-2026 12:34,07-08-2026 15:35,,CLS/RB/Y1/SS1,CLS/RB/Y1/SS2,
2282336,07-08-2026,2,07-08-2026 12:34,07-08-2026 15:35,,CLS/RB/Y1/SS1,CLS/RB/Y1/SS2,
2282337,07-08-2026,2,07-08-2026 12:34,07-08-2026 15:35,,CLS/RB/Y1/SS1,CLS/RB/Y1/SS2,
2282338,07-08-2026,2,07-08-2026 12:34,07-08-2026 15:35,,CLS/RB/Y1/SS1,CLS/RB/Y1/SS2,
2282338,20-08-2026,2,20-08-2026 16:51,20-08-2026 18:43,,CLS/Y1/SA/C1/SS4,DLA/Y1/SS1,
2282339,07-08-2026,2,07-08-2026 12:34,07-08-2026 15:35,,CLS/RB/Y1/SS1,CLS/RB/Y1/SS2,
2282340,07-08-2026,2,07-08-2026 12:34,07-08-2026 15:35,,CLS/RB/Y1/SS1,CLS/RB/Y1/SS2,
2282341,07-08-2026,2,07-08-2026 12:34,07-08-2026 15:35,,CLS/RB/Y1/SS1,CLS/RB/Y1/SS2,
2282342,07-08-2026,2,07-08-2026 12:34,07-08-2026 15:35,,CLS/RB/Y1/SS1,CLS/RB/Y1/SS2,
2282342,20-08-2026,2,20-08-2026 16:51,20-08-2026 18:43,,CLS/Y1/SA/C1/SS4,DLA/Y1/SS1,
2282343,07-08-2026,2,07-08-2026 12:34,07-08-2026 15:35,,CLS/RB/Y1/SS1,CLS/RB/Y1/SS2,
2282344,31-07-2026,2,31-07-2026 14:50,31-07-2026 16:36,,CLS/RB/Y1/SS1,CLS/RB/Y1/SS2,
2282345,07-08-2026,2,07-08-2026 12:34,07-08-2026 15:35,,CLS/RB/Y1/SS1,CLS/RB/Y1/SS2,
2282346,31-07-2026,2,31-07-2026 14:50,31-07-2026 16:36,,CLS/RB/Y1/SS1,CLS/RB/Y1/SS2,
2282347,07-08-2026,2,07-08-2026 12:34,07-08-2026 15:35,,CLS/RB/Y1/SS1,CLS/RB/Y1/SS2,
2282348,07-08-2026,2,07-08-2026 12:34,07-08-2026 15:35,,CLS/RB/Y1/SS1,CLS/RB/Y1/SS2,
2282349,31-07-2026,2,31-07-2026 14:50,31-07-2026 16:36,,CLS/RB/Y1/SS1,CLS/RB/Y1/SS2,
2282350,07-08-2026,2,07-08-2026 12:34,07-08-2026 15:35,,CLS/RB/Y1/SS1,CLS/RB/Y1/SS2,
2282504,27-08-2026,2,27-08-2026 09:51,27-08-2026 12:27,,CLS/RB/Y1/SS1,CLS/RB/Y1/SS2,
2282526,23-07-2026,2,23-07-2026 12:01,23-07-2026 15:03,,CLS/RB/Y1/SS1,CLS/RB/Y1/SS2,
2282526,24-08-2026,2,24-08-2026 10:47,24-08-2026 13:10,,CLS/Y1/SA/C1/SS3,CLS/Y1/SA/C1/SS4,
2282531,26-08-2026,2,26-08-2026 14:03,26-08-2026 16:10,,DLA/Y1/SS1,CLS/Y1/SA/C1/SS4,
2282531,29-07-2026,2,29-07-2026 12:07,29-07-2026 15:09,,CLS/RB/Y1/SS1,CLS/RB/Y1/SS2,
2282628,03-08-2026,2,03-08-2026 16:53,03-08-2026 22:53,,CLS/RB/Y1/SS2,CLS/RB/Y1/SS1,
2282633,03-08-2026,2,03-08-2026 16:53,03-08-2026 22:53,,CLS/RB/Y1/SS2,CLS/RB/Y1/SS1,
2282635,12-08-2026,2,12-08-2026 10:06,12-08-2026 17:30,,CLS/Y1/SA/C1/SS3,DLA/Y1/SS1,
2282635,31-07-2026,2,31-07-2026 17:36,31-07-2026 18:38,,CLS/RB/Y1/SS1,CLS/RB/Y1/SS2,
2282648,30-07-2026,2,30-07-2026 16:08,30-07-2026 17:26,,CLS/RB/Y1/SS1,CLS/RB/Y1/SS2,
2282654,12-08-2026,2,12-08-2026 10:06,12-08-2026 17:30,,CLS/Y1/SA/C1/SS3,DLA/Y1/SS1,
2282654,30-07-2026,2,30-07-2026 16:08,30-07-2026 17:26,,CLS/RB/Y1/SS1,CLS/RB/Y1/SS2,
2282659,30-07-2026,2,30-07-2026 16:08,30-07-2026 17:26,,CLS/RB/Y1/SS1,CLS/RB/Y1/SS2,
2282668,12-08-2026,2,12-08-2026 10:06,12-08-2026 17:30,,CLS/Y1/SA/C1/SS3,DLA/Y1/SS1,
2282668,30-07-2026,2,30-07-2026 16:08,30-07-2026 17:26,,CLS/RB/Y1/SS1,CLS/RB/Y1/SS2,
2282679,03-08-2026,2,03-08-2026 16:53,03-08-2026 22:53,,CLS/RB/Y1/SS2,CLS/RB/Y1/SS1,
2282690,31-07-2026,2,31-07-2026 17:36,31-07-2026 18:38,,CLS/RB/Y1/SS1,CLS/RB/Y1/SS2,
2282697,03-08-2026,2,03-08-2026 16:53,03-08-2026 22:53,,CLS/RB/Y1/SS2,CLS/RB/Y1/SS1,
2282703,03-08-2026,2,03-08-2026 16:53,03-08-2026 22:53,,CLS/RB/Y1/SS2,CLS/RB/Y1/SS1,
2282706,03-08-2026,2,03-08-2026 16:53,03-08-2026 22:53,,CLS/RB/Y1/SS2,CLS/RB/Y1/SS1,
2282711,03-08-2026,2,03-08-2026 16:53,03-08-2026 22:53,,CLS/RB/Y1/SS2,CLS/RB/Y1/SS1,
2282711,12-08-2026,2,12-08-2026 10:06,12-08-2026 17:30,,CLS/Y1/SA/C1/SS3,DLA/Y1/SS1,
2282714,03-08-2026,2,03-08-2026 16:53,03-08-2026 22:53,,CLS/RB/Y1/SS2,CLS/RB/Y1/SS1,
2282718,23-07-2026,2,23-07-2026 12:01,23-07-2026 15:03,,CLS/RB/Y1/SS1,CLS/RB/Y1/SS2,
2282718,24-08-2026,2,24-08-2026 10:47,24-08-2026 13:10,,CLS/Y1/SA/C1/SS3,CLS/Y1/SA/C1/SS4,
2282720,03-08-2026,2,03-08-2026 16:53,03-08-2026 22:53,,CLS/RB/Y1/SS2,CLS/RB/Y1/SS1,
2282720,25-08-2026,2,25-08-2026 17:18,25-08-2026 19:03,,CLS/Y1/SA/C1/SS3,CLS/Y1/SA/C1/SS4,
2282729,23-07-2026,2,23-07-2026 12:01,23-07-2026 15:03,,CLS/RB/Y1/SS1,CLS/RB/Y1/SS2,
2282729,24-08-2026,2,24-08-2026 10:47,24-08-2026 13:10,,CLS/Y1/SA/C1/SS3,CLS/Y1/SA/C1/SS4,
2282735,29-07-2026,2,29-07-2026 12:07,29-07-2026 15:09,,CLS/RB/Y1/SS1,CLS/RB/Y1/SS2,
2282746,29-07-2026,2,29-07-2026 12:07,29-07-2026 15:09,,CLS/RB/Y1/SS1,CLS/RB/Y1/SS2,
2282903,03-08-2026,2,03-08-2026 16:53,03-08-2026 22:53,,CLS/RB/Y1/SS2,CLS/RB/Y1/SS1,
2282903,12-08-2026,2,12-08-2026 10:06,12-08-2026 17:30,,CLS/Y1/SA/C1/SS3,DLA/Y1/SS1,
2282904,29-07-2026,2,29-07-2026 12:07,29-07-2026 15:09,,CLS/RB/Y1/SS1,CLS/RB/Y1/SS2,
2282905,29-07-2026,2,29-07-2026 12:07,29-07-2026 15:09,,CLS/RB/Y1/SS1,CLS/RB/Y1/SS2,
2282909,23-07-2026,2,23-07-2026 12:01,23-07-2026 15:03,,CLS/RB/Y1/SS1,CLS/RB/Y1/SS2,
2282909,24-08-2026,2,24-08-2026 10:47,24-08-2026 13:10,,CLS/Y1/SA/C1/SS3,CLS/Y1/SA/C1/SS4,
2282915,29-07-2026,2,29-07-2026 12:07,29-07-2026 15:09,,CLS/RB/Y1/SS1,CLS/RB/Y1/SS2,
2282917,27-08-2026,2,27-08-2026 09:51,27-08-2026 12:27,,CLS/RB/Y1/SS1,CLS/RB/Y1/SS2,
2282921,26-08-2026,2,26-08-2026 14:03,26-08-2026 16:10,,DLA/Y1/SS1,CLS/Y1/SA/C1/SS4,
2282921,29-07-2026,2,29-07-2026 12:07,29-07-2026 15:09,,CLS/RB/Y1/SS1,CLS/RB/Y1/SS2,
2282926,03-08-2026,2,03-08-2026 16:53,03-08-2026 22:53,,CLS/RB/Y1/SS2,CLS/RB/Y1/SS1,
2282927,03-08-2026,2,03-08-2026 16:53,03-08-2026 22:53,,CLS/RB/Y1/SS2,CLS/RB/Y1/SS1,
2282930,03-08-2026,2,03-08-2026 16:53,03-08-2026 22:53,,CLS/RB/Y1/SS2,CLS/RB/Y1/SS1,
2282932,26-08-2026,2,26-08-2026 14:03,26-08-2026 16:10,,DLA/Y1/SS1,CLS/Y1/SA/C1/SS4,
2282933,03-08-2026,2,03-08-2026 16:53,03-08-2026 22:53,,CLS/RB/Y1/SS2,CLS/RB/Y1/SS1,
2282935,30-07-2026,2,30-07-2026 16:08,30-07-2026 17:26,,CLS/RB/Y1/SS1,CLS/RB/Y1/SS2,
2282937,03-08-2026,2,03-08-2026 16:53,03-08-2026 22:53,,CLS/RB/Y1/SS2,CLS/RB/Y1/SS1,
2282940,29-07-2026,2,29-07-2026 12:07,29-07-2026 15:09,,CLS/RB/Y1/SS1,CLS/RB/Y1/SS2,
2282942,30-07-2026,2,30-07-2026 16:08,30-07-2026 17:26,,CLS/RB/Y1/SS1,CLS/RB/Y1/SS2,
2282946,29-07-2026,2,29-07-2026 12:07,29-07-2026 15:09,,CLS/RB/Y1/SS1,CLS/RB/Y1/SS2,
2282947,29-07-2026,2,29-07-2026 12:07,29-07-2026 15:09,,CLS/RB/Y1/SS1,CLS/RB/Y1/SS2,
2282950,31-07-2026,2,31-07-2026 17:36,31-07-2026 18:38,,CLS/RB/Y1/SS1,CLS/RB/Y1/SS2,
2282951,03-08-2026,2,03-08-2026 16:53,03-08-2026 22:53,,CLS/RB/Y1/SS2,CLS/RB/Y1/SS1,
2282953,03-08-2026,2,03-08-2026 16:53,03-08-2026 22:53,,CLS/RB/Y1/SS2,CLS/RB/Y1/SS1,
2282955,03-08-2026,2,03-08-2026 16:53,03-08-2026 22:53,,CLS/RB/Y1/SS2,CLS/RB/Y1/SS1,
2282956,03-08-2026,2,03-08-2026 16:53,03-08-2026 22:53,,CLS/RB/Y1/SS2,CLS/RB/Y1/SS1,
2282958,03-08-2026,2,03-08-2026 16:53,03-08-2026 22:53,,CLS/RB/Y1/SS2,CLS/RB/Y1/SS1,
2282959,03-08-2026,2,03-08-2026 16:53,03-08-2026 22:53,,CLS/RB/Y1/SS2,CLS/RB/Y1/SS1,
2282961,30-07-2026,2,30-07-2026 16:08,30-07-2026 17:26,,CLS/RB/Y1/SS1,CLS/RB/Y1/SS2,
2282962,03-08-2026,2,03-08-2026 16:53,03-08-2026 22:53,,CLS/RB/Y1/SS2,CLS/RB/Y1/SS1,
2282963,03-08-2026,2,03-08-2026 16:53,03-08-2026 22:53,,CLS/RB/Y1/SS2,CLS/RB/Y1/SS1,
2282971,29-07-2026,2,29-07-2026 15:55,29-07-2026 21:25,,CLS/RB/Y1/SS1,CLS/RB/Y1/SS2,
2282972,29-07-2026,2,29-07-2026 15:55,29-07-2026 21:25,,CLS/RB/Y1/SS1,CLS/RB/Y1/SS2,
2282973,29-07-2026,2,29-07-2026 15:55,29-07-2026 21:25,,CLS/RB/Y1/SS1,CLS/RB/Y1/SS2,
2282974,29-07-2026,2,29-07-2026 15:55,29-07-2026 21:25,,CLS/RB/Y1/SS1,CLS/RB/Y1/SS2,
2282975,29-07-2026,2,29-07-2026 15:55,29-07-2026 21:25,,CLS/RB/Y1/SS1,CLS/RB/Y1/SS2,
2282976,31-07-2026,2,31-07-2026 10:54,31-07-2026 14:01,,CLS/RB/Y1/SS1,CLS/RB/Y1/SS2,
2282977,29-07-2026,2,29-07-2026 15:55,29-07-2026 21:25,,CLS/RB/Y1/SS1,CLS/RB/Y1/SS2,
2282978,29-07-2026,2,29-07-2026 15:55,29-07-2026 21:25,,CLS/RB/Y1/SS1,CLS/RB/Y1/SS2,
2282979,29-07-2026,2,29-07-2026 15:55,29-07-2026 21:25,,CLS/RB/Y1/SS1,CLS/RB/Y1/SS2,
2282981,29-07-2026,2,29-07-2026 15:55,29-07-2026 21:25,,CLS/RB/Y1/SS1,CLS/RB/Y1/SS2,
2282992,29-07-2026,2,29-07-2026 15:55,29-07-2026 21:25,,CLS/RB/Y1/SS1,CLS/RB/Y1/SS2,
2282995,29-07-2026,2,29-07-2026 15:55,29-07-2026 21:25,,CLS/RB/Y1/SS1,CLS/RB/Y1/SS2,
2282998,29-07-2026,2,29-07-2026 15:55,29-07-2026 21:25,,CLS/RB/Y1/SS1,CLS/RB/Y1/SS2,
2283001,25-08-2026,2,25-08-2026 14:10,25-08-2026 15:10,,CLS/Y1/SA/C1/SS3,CLS/Y1/SA/C1/SS4,
2283001,29-07-2026,2,29-07-2026 15:55,29-07-2026 21:25,,CLS/RB/Y1/SS1,CLS/RB/Y1/SS2,
2283006,29-07-2026,2,29-07-2026 15:55,29-07-2026 21:25,,CLS/RB/Y1/SS1,CLS/RB/Y1/SS2,
2283008,25-08-2026,2,25-08-2026 14:10,25-08-2026 15:10,,CLS/Y1/SA/C1/SS3,CLS/Y1/SA/C1/SS4,
2283008,29-07-2026,2,29-07-2026 15:55,29-07-2026 21:25,,CLS/RB/Y1/SS1,CLS/RB/Y1/SS2,
2283011,29-07-2026,2,29-07-2026 15:55,29-07-2026 21:25,,CLS/RB/Y1/SS1,CLS/RB/Y1/SS2,
2283012,29-07-2026,2,29-07-2026 15:55,29-07-2026 21:25,,CLS/RB/Y1/SS1,CLS/RB/Y1/SS2,
2283015,29-07-2026,2,29-07-2026 15:55,29-07-2026 21:25,,CLS/RB/Y1/SS1,CLS/RB/Y1/SS2,
2283020,25-08-2026,2,25-08-2026 14:10,25-08-2026 15:10,,CLS/Y1/SA/C1/SS3,CLS/Y1/SA/C1/SS4,
2283020,29-07-2026,2,29-07-2026 15:55,29-07-2026 21:25,,CLS/RB/Y1/SS1,CLS/RB/Y1/SS2,
2283024,29-07-2026,2,29-07-2026 15:55,29-07-2026 21:25,,CLS/RB/Y1/SS1,CLS/RB/Y1/SS2,
2283026,29-07-2026,2,29-07-2026 15:55,29-07-2026 21:25,,CLS/RB/Y1/SS1,CLS/RB/Y1/SS2,
2283030,29-07-2026,2,29-07-2026 15:55,29-07-2026 21:25,,CLS/RB/Y1/SS1,CLS/RB/Y1/SS2,
2283032,31-07-2026,2,31-07-2026 10:54,31-07-2026 14:01,,CLS/RB/Y1/SS1,CLS/RB/Y1/SS2,
2283038,29-07-2026,2,29-07-2026 15:55,29-07-2026 21:25,,CLS/RB/Y1/SS1,CLS/RB/Y1/SS2,
2283244,25-08-2026,2,25-08-2026 14:10,25-08-2026 15:10,,CLS/Y1/SA/C1/SS3,CLS/Y1/SA/C1/SS4,
2283244,29-07-2026,2,29-07-2026 15:55,29-07-2026 21:25,,CLS/RB/Y1/SS1,CLS/RB/Y1/SS2,
2283245,29-07-2026,2,29-07-2026 15:55,29-07-2026 21:25,,CLS/RB/Y1/SS1,CLS/RB/Y1/SS2,
2283246,25-08-2026,2,25-08-2026 14:10,25-08-2026 15:10,,CLS/Y1/SA/C1/SS3,CLS/Y1/SA/C1/SS4,
2283246,29-07-2026,2,29-07-2026 15:55,29-07-2026 21:25,,CLS/RB/Y1/SS1,CLS/RB/Y1/SS2,
2283247,29-07-2026,2,29-07-2026 15:55,29-07-2026 21:25,,CLS/RB/Y1/SS1,CLS/RB/Y1/SS2,
2283248,29-07-2026,2,29-07-2026 15:55,29-07-2026 21:25,,CLS/RB/Y1/SS1,CLS/RB/Y1/SS2,
2283249,25-08-2026,2,25-08-2026 14:10,25-08-2026 15:10,,CLS/Y1/SA/C1/SS3,CLS/Y1/SA/C1/SS4,
2283249,29-07-2026,2,29-07-2026 15:55,29-07-2026 21:25,,CLS/RB/Y1/SS1,CLS/RB/Y1/SS2,
2283250,31-07-2026,2,31-07-2026 10:54,31-07-2026 14:01,,CLS/RB/Y1/SS1,CLS/RB/Y1/SS2,
2283251,29-07-2026,2,29-07-2026 15:55,29-07-2026 21:25,,CLS/RB/Y1/SS1,CLS/RB/Y1/SS2,
2283252,29-07-2026,2,29-07-2026 15:55,29-07-2026 21:25,,CLS/RB/Y1/SS1,CLS/RB/Y1/SS2,
2283253,29-07-2026,2,29-07-2026 15:55,29-07-2026 21:25,,CLS/RB/Y1/SS1,CLS/RB/Y1/SS2,
2283254,29-07-2026,2,29-07-2026 15:55,29-07-2026 21:25,,CLS/RB/Y1/SS1,CLS/RB/Y1/SS2,
2283255,29-07-2026,2,29-07-2026 15:55,29-07-2026 21:25,,CLS/RB/Y1/SS1,CLS/RB/Y1/SS2,
2283256,29-07-2026,2,29-07-2026 15:55,29-07-2026 21:25,,CLS/RB/Y1/SS1,CLS/RB/Y1/SS2,
2283257,29-07-2026,2,29-07-2026 15:55,29-07-2026 21:25,,CLS/RB/Y1/SS1,CLS/RB/Y1/SS2,
2283258,31-07-2026,2,31-07-2026 10:54,31-07-2026 14:01,,CLS/RB/Y1/SS1,CLS/RB/Y1/SS2,
2283259,29-07-2026,2,29-07-2026 15:55,29-07-2026 21:25,,CLS/RB/Y1/SS1,CLS/RB/Y1/SS2,
2283260,29-07-2026,2,29-07-2026 15:55,29-07-2026 21:25,,CLS/RB/Y1/SS1,CLS/RB/Y1/SS2,
2283261,29-07-2026,2,29-07-2026 15:55,29-07-2026 21:25,,CLS/RB/Y1/SS1,CLS/RB/Y1/SS2,
2283263,29-07-2026,2,29-07-2026 15:55,29-07-2026 21:25,,CLS/RB/Y1/SS1,CLS/RB/Y1/SS2,
2283265,31-07-2026,2,31-07-2026 10:54,31-07-2026 14:01,,CLS/RB/Y1/SS1,CLS/RB/Y1/SS2,
2283266,29-07-2026,2,29-07-2026 15:55,29-07-2026 21:25,,CLS/RB/Y1/SS1,CLS/RB/Y1/SS2,
2283267,29-07-2026,2,29-07-2026 15:55,29-07-2026 21:25,,CLS/RB/Y1/SS1,CLS/RB/Y1/SS2,
2283269,25-08-2026,2,25-08-2026 14:10,25-08-2026 15:10,,CLS/Y1/SA/C1/SS3,CLS/Y1/SA/C1/SS4,
2283269,29-07-2026,2,29-07-2026 15:55,29-07-2026 21:25,,CLS/RB/Y1/SS1,CLS/RB/Y1/SS2,
2283271,29-07-2026,2,29-07-2026 15:55,29-07-2026 21:25,,CLS/RB/Y1/SS1,CLS/RB/Y1/SS2,
2283273,29-07-2026,2,29-07-2026 15:55,29-07-2026 21:25,,CLS/RB/Y1/SS1,CLS/RB/Y1/SS2,
2283274,29-07-2026,2,29-07-2026 15:55,29-07-2026 21:25,,CLS/RB/Y1/SS1,CLS/RB/Y1/SS2,
2283283,29-07-2026,2,29-07-2026 15:55,29-07-2026 21:25,,CLS/RB/Y1/SS1,CLS/RB/Y1/SS2,
2283287,29-07-2026,2,29-07-2026 15:55,29-07-2026 21:25,,CLS/RB/Y1/SS1,CLS/RB/Y1/SS2,
2283288,29-07-2026,2,29-07-2026 15:55,29-07-2026 21:25,,CLS/RB/Y1/SS1,CLS/RB/Y1/SS2,
2283289,31-07-2026,2,31-07-2026 10:54,31-07-2026 14:01,,CLS/RB/Y1/SS1,CLS/RB/Y1/SS2,
2283290,29-07-2026,2,29-07-2026 15:55,29-07-2026 21:25,,CLS/RB/Y1/SS1,CLS/RB/Y1/SS2,
2283291,29-07-2026,2,29-07-2026 15:55,29-07-2026 21:25,,CLS/RB/Y1/SS1,CLS/RB/Y1/SS2,
2283292,31-07-2026,2,31-07-2026 10:54,31-07-2026 14:01,,CLS/RB/Y1/SS1,CLS/RB/Y1/SS2,
2283293,31-07-2026,2,31-07-2026 10:54,31-07-2026 14:01,,CLS/RB/Y1/SS1,CLS/RB/Y1/SS2,
2283294,29-07-2026,2,29-07-2026 15:55,29-07-2026 21:25,,CLS/RB/Y1/SS1,CLS/RB/Y1/SS2,
2283295,29-07-2026,2,29-07-2026 15:55,29-07-2026 21:25,,CLS/RB/Y1/SS1,CLS/RB/Y1/SS2,
2283296,29-07-2026,2,29-07-2026 15:55,29-07-2026 21:25,,CLS/RB/Y1/SS1,CLS/RB/Y1/SS2,
2283297,29-07-2026,2,29-07-2026 15:55,29-07-2026 21:25,,CLS/RB/Y1/SS1,CLS/RB/Y1/SS2,
2283298,29-07-2026,2,29-07-2026 15:55,29-07-2026 21:25,,CLS/RB/Y1/SS1,CLS/RB/Y1/SS2,
2283299,29-07-2026,2,29-07-2026 15:55,29-07-2026 21:25,,CLS/RB/Y1/SS1,CLS/RB/Y1/SS2,
2283300,25-08-2026,2,25-08-2026 14:10,25-08-2026 15:10,,CLS/Y1/SA/C1/SS3,CLS/Y1/SA/C1/SS4,
2283300,29-07-2026,2,29-07-2026 15:55,29-07-2026 21:25,,CLS/RB/Y1/SS1,CLS/RB/Y1/SS2,
2283301,29-07-2026,2,29-07-2026 15:55,29-07-2026 21:25,,CLS/RB/Y1/SS1,CLS/RB/Y1/SS2,
2283302,29-07-2026,2,29-07-2026 15:55,29-07-2026 21:25,,CLS/RB/Y1/SS1,CLS/RB/Y1/SS2,
2283303,25-08-2026,2,25-08-2026 14:10,25-08-2026 15:10,,CLS/Y1/SA/C1/SS3,CLS/Y1/SA/C1/SS4,
2283303,31-07-2026,2,31-07-2026 10:54,31-07-2026 14:01,,CLS/RB/Y1/SS1,CLS/RB/Y1/SS2,
2283304,29-07-2026,2,29-07-2026 15:55,29-07-2026 21:25,,CLS/RB/Y1/SS1,CLS/RB/Y1/SS2,
2283305,29-07-2026,2,29-07-2026 15:55,29-07-2026 21:25,,CLS/RB/Y1/SS1,CLS/RB/Y1/SS2,
2283306,29-07-2026,2,29-07-2026 15:55,29-07-2026 21:25,,CLS/RB/Y1/SS1,CLS/RB/Y1/SS2,
2283307,29-07-2026,2,29-07-2026 15:55,29-07-2026 21:25,,CLS/RB/Y1/SS1,CLS/RB/Y1/SS2,
2283308,29-07-2026,2,29-07-2026 15:55,29-07-2026 21:25,,CLS/RB/Y1/SS1,CLS/RB/Y1/SS2,
2285002,24-08-2026,2,24-08-2026 10:22,24-08-2026 13:53,,CLS/Y1/SA/C1/SS4,DLA/Y1/SS1,
2285006,24-08-2026,2,24-08-2026 10:22,24-08-2026 13:53,,CLS/Y1/SA/C1/SS4,DLA/Y1/SS1,
2285010,24-08-2026,2,24-08-2026 10:22,24-08-2026 13:53,,CLS/Y1/SA/C1/SS4,DLA/Y1/SS1,
2285016,24-08-2026,2,24-08-2026 10:22,24-08-2026 13:53,,CLS/Y1/SA/C1/SS4,DLA/Y1/SS1,
2285020,24-08-2026,2,24-08-2026 10:22,24-08-2026 13:53,,CLS/Y1/SA/C1/SS4,DLA/Y1/SS1,
2289785,29-07-2026,2,29-07-2026 15:55,29-07-2026 21:25,,CLS/RB/Y1/SS1,CLS/RB/Y1/SS2,
2289788,29-07-2026,2,29-07-2026 15:55,29-07-2026 21:25,,CLS/RB/Y1/SS1,CLS/RB/Y1/SS2,
2289792,29-07-2026,2,29-07-2026 15:55,29-07-2026 21:25,,CLS/RB/Y1/SS1,CLS/RB/Y1/SS2,
2290500,23-07-2026,2,23-07-2026 12:01,23-07-2026 15:03,,CLS/RB/Y1/SS1,CLS/RB/Y1/SS2,
2290500,24-08-2026,2,24-08-2026 10:47,24-08-2026 13:10,,CLS/Y1/SA/C1/SS3,CLS/Y1/SA/C1/SS4,
2290530,23-07-2026,2,23-07-2026 12:01,23-07-2026 15:03,,CLS/RB/Y1/SS1,CLS/RB/Y1/SS2,
2290530,24-08-2026,2,24-08-2026 10:47,24-08-2026 13:10,,CLS/Y1/SA/C1/SS3,CLS/Y1/SA/C1/SS4,
2295230,14-08-2026,2,14-08-2026 12:54,14-08-2026 15:08,,CLS/Y1/SA/C1/SS4,DLA/Y1/SS1,
2296346,24-08-2026,2,24-08-2026 10:45,24-08-2026 13:38,,CLS/RB/Y1/SS1,CLS/RB/Y1/SS2,
2296348,24-08-2026,2,24-08-2026 10:45,24-08-2026 13:38,,CLS/RB/Y1/SS1,CLS/RB/Y1/SS2,
2296350,24-08-2026,2,24-08-2026 10:45,24-08-2026 13:38,,CLS/RB/Y1/SS1,CLS/RB/Y1/SS2,
2296352,24-08-2026,2,24-08-2026 10:45,24-08-2026 13:38,,CLS/RB/Y1/SS1,CLS/RB/Y1/SS2,
2296566,27-08-2026,2,27-08-2026 09:51,27-08-2026 12:27,,CLS/RB/Y1/SS1,CLS/RB/Y1/SS2,
2298339,07-08-2026,2,07-08-2026 11:03,07-08-2026 12:32,,DLA/Y1/SS1,CLS/RB/Y1/SS1,
2298339,27-08-2026,2,27-08-2026 12:18,27-08-2026 13:39,,CLS/Y1/SA/C1/SS4,CLS/Y1/SA/C1/SS3,
2303156,12-08-2026,2,12-08-2026 10:06,12-08-2026 17:30,,CLS/Y1/SA/C1/SS3,DLA/Y1/SS1,
2303547,14-08-2026,2,14-08-2026 12:05,14-08-2026 14:06,,CLS/Y1/SA/C1/SS3,DLA/Y1/SS1,
2303548,14-08-2026,2,14-08-2026 12:05,14-08-2026 14:06,,CLS/Y1/SA/C1/SS3,DLA/Y1/SS1,
2303549,14-08-2026,2,14-08-2026 12:05,14-08-2026 14:06,,CLS/Y1/SA/C1/SS3,DLA/Y1/SS1,
2303550,14-08-2026,2,14-08-2026 12:05,14-08-2026 14:06,,CLS/Y1/SA/C1/SS3,DLA/Y1/SS1,
