ChildID,CLS/RB/Y1/SS2,CLS/RB/Y1/SS1,DLA/Y1/SS1,CLS/Y1/SA/C1/SS4,CLS/Y1/SA/C1/SS3,DLA/Y1/SS2,CLS/Y1/CM/C1/SS5,C2L/RPB/SS1,CLS/Y1/EM/C2/SS7,CLS/Y1/EM/C1/SS6,CLS/Y1/NE/C2/SS13,CLS/Y1/SA/C2/SS8,Total_Sessions_Attended
2248798.0,21-07-2026 15:50,17-07-2026 13:09,04-08-2026 14:03,31-08-2026 12:02,11-08-2026 18:16,,,,,,,,5
2249709.0,23-07-2026 15:03,22-07-2026 16:03,05-08-2026 17:10,24-08-2026 13:10,24-08-2026 10:47,,,,,,,,5
2249712.0,23-07-2026 15:03,22-07-2026 16:03,05-08-2026 17:10,24-08-2026 13:10,24-08-2026 10:47,,,,,,,,5
2249713.0,23-07-2026 15:03,22-07-2026 16:03,05-08-2026 17:10,24-08-2026 13:10,24-08-2026 10:47,,,,,,,,5
2249717.0,23-07-2026 15:03,22-07-2026 16:03,05-08-2026 17:10,24-08-2026 13:10,27-08-2026 15:32,,,,,,,,5
2249724.0,23-07-2026 15:03,22-07-2026 16:03,05-08-2026 17:10,24-08-2026 13:10,24-08-2026 10:47,,,,,,,,5
2249726.0,23-07-2026 15:03,22-07-2026 16:03,05-08-2026 17:10,24-08-2026 13:10,24-08-2026 10:47,,,,,,,,5
2249730.0,23-07-2026 15:03,22-07-2026 16:03,05-08-2026 17:10,24-08-2026 13:10,24-08-2026 10:47,,,,,,,,5
2249733.0,23-07-2026 15:03,22-07-2026 16:03,05-08-2026 17:10,24-08-2026 13:10,24-08-2026 10:47,,,,,,,,5
2249734.0,23-07-2026 15:03,22-07-2026 16:03,05-08-2026 17:10,24-08-2026 13:10,24-08-2026 10:47,,,,,,,,5
2249738.0,23-07-2026 15:03,22-07-2026 16:03,05-08-2026 17:10,24-08-2026 13:10,24-08-2026 10:47,,,,,,,,5
2249741.0,23-07-2026 15:03,22-07-2026 16:03,26-08-2026 14:03,24-08-2026 13:10,24-08-2026 10:47,,,,,,,,5
2249745.0,23-07-2026 15:03,22-07-2026 16:03,05-08-2026 17:10,24-08-2026 13:10,24-08-2026 10:47,,,,,,,,5
2249749.0,23-07-2026 15:03,22-07-2026 16:03,05-08-2026 17:10,24-08-2026 13:10,24-08-2026 10:47,,,,,,,,5
2249755.0,23-07-2026 15:03,22-07-2026 16:03,05-08-2026 17:10,24-08-2026 13:10,24-08-2026 10:47,,,,,,,,5
2249756.0,27-08-2026 12:27,27-08-2026 09:51,05-08-2026 17:10,24-08-2026 13:10,24-08-2026 10:47,,,,,,,,5
2249758.0,23-07-2026 15:03,22-07-2026 16:03,05-08-2026 17:10,24-08-2026 13:10,24-08-2026 10:47,,,,,,,,5
2249761.0,23-07-2026 15:03,23-07-2026 12:01,05-08-2026 17:10,24-08-2026 13:10,27-08-2026 15:32,,,,,,,,5
2249764.0,23-07-2026 15:03,22-07-2026 16:03,05-08-2026 17:10,24-08-2026 13:10,24-08-2026 10:47,,,,,,,,5
2249768.0,23-07-2026 15:03,22-07-2026 16:03,05-08-2026 17:10,24-08-2026 13:10,24-08-2026 10:47,,,,,,,,5
2250250.0,22-07-2026 16:30,20-07-2026 16:59,18-08-2026 19:42,18-08-2026 18:11,14-08-2026 16:49,,,,,,,,5
2250257.0,22-07-2026 16:30,20-07-2026 16:59,05-08-2026 17:01,18-08-2026 18:11,14-08-2026 16:49,,,,,,,,5
2250264.0,22-07-2026 16:30,20-07-2026 16:59,05-08-2026 17:01,18-08-2026 18:11,14-08-2026 16:49,,,,,,,,5
2250267.0,23-07-2026 15:03,22-07-2026 16:03,05-08-2026 17:10,24-08-2026 13:10,24-08-2026 10:47,,,,,,,,5
2250269.0,22-07-2026 16:30,20-07-2026 16:59,05-08-2026 17:01,18-08-2026 18:11,14-08-2026 16:49,,,,,,,,5
2250272.0,23-07-2026 15:03,22-07-2026 16:03,05-08-2026 17:10,24-08-2026 13:10,27-08-2026 15:32,,,,,,,,5
2250273.0,29-07-2026 20:46,20-07-2026 16:59,05-08-2026 17:01,18-08-2026 18:11,14-08-2026 16:49,,,,,,,,5
2250275.0,23-07-2026 15:03,22-07-2026 16:03,05-08-2026 17:10,24-08-2026 13:10,24-08-2026 10:47,,,,,,,,5
2250276.0,22-07-2026 16:30,20-07-2026 16:59,05-08-2026 17:01,18-08-2026 18:11,14-08-2026 16:49,,,,,,,,5
2250279.0,23-07-2026 15:03,22-07-2026 16:03,05-08-2026 17:10,24-08-2026 13:10,24-08-2026 10:47,,,,,,,,5
2250282.0,22-07-2026 16:30,22-07-2026 17:53,05-08-2026 17:01,24-08-2026 13:36,24-08-2026 10:43,,,,,,,,5
2250283.0,22-07-2026 16:30,20-07-2026 16:59,05-08-2026 17:01,18-08-2026 18:11,14-08-2026 16:49,,,,,,,,5
2250286.0,23-07-2026 15:03,22-07-2026 16:03,05-08-2026 17:10,24-08-2026 13:10,24-08-2026 10:47,,,,,,,,5
2250287.0,22-07-2026 16:30,20-07-2026 16:59,05-08-2026 17:01,18-08-2026 18:11,14-08-2026 16:49,,,,,,,,5
2250288.0,23-07-2026 15:03,22-07-2026 16:03,05-08-2026 17:10,24-08-2026 13:10,24-08-2026 10:47,,,,,,,,5
2250291.0,22-07-2026 16:30,20-07-2026 16:59,05-08-2026 17:01,18-08-2026 18:11,14-08-2026 16:49,,,,,,,,5
2250297.0,23-07-2026 15:03,22-07-2026 16:03,05-08-2026 17:10,24-08-2026 13:10,24-08-2026 10:47,,,,,,,,5
2250301.0,22-07-2026 16:30,20-07-2026 16:59,05-08-2026 17:01,18-08-2026 18:11,14-08-2026 16:49,,,,,,,,5
2250304.0,23-07-2026 15:03,22-07-2026 16:03,05-08-2026 17:10,24-08-2026 13:10,24-08-2026 10:47,,,,,,,,5
2250307.0,22-07-2026 16:30,20-07-2026 16:59,05-08-2026 17:01,18-08-2026 18:11,14-08-2026 16:49,,,,,,,,5
2250308.0,23-07-2026 15:03,22-07-2026 16:03,05-08-2026 17:10,24-08-2026 13:10,24-08-2026 10:47,,,,,,,,5
2250312.0,22-07-2026 11:08,20-07-2026 16:11,07-08-2026 14:16,17-08-2026 12:03,11-08-2026 13:59,,,,,,,,5
2250315.0,23-07-2026 15:03,22-07-2026 16:03,05-08-2026 17:10,27-08-2026 17:30,24-08-2026 10:47,,,,,,,,5
2250318.0,23-07-2026 15:03,22-07-2026 16:03,05-08-2026 17:10,27-08-2026 17:30,24-08-2026 10:47,,,,,,,,5
2250320.0,22-07-2026 11:08,20-07-2026 16:11,07-08-2026 14:16,24-08-2026 13:44,11-08-2026 13:59,,,,,,,,5
2250322.0,22-07-2026 16:30,20-07-2026 16:59,05-08-2026 17:01,18-08-2026 18:11,14-08-2026 16:49,,,,,,,,5
2250327.0,22-07-2026 16:30,20-07-2026 16:59,05-08-2026 17:01,18-08-2026 18:11,14-08-2026 16:49,,,,,,,,5
2250332.0,22-07-2026 11:08,20-07-2026 16:11,07-08-2026 14:16,24-08-2026 13:44,11-08-2026 13:59,,,,,,,,5
2250334.0,22-07-2026 16:30,20-07-2026 16:59,05-08-2026 17:01,18-08-2026 18:11,14-08-2026 16:49,,,,,,,,5
2250335.0,23-07-2026 15:03,22-07-2026 16:03,05-08-2026 17:10,24-08-2026 13:10,24-08-2026 10:47,,,,,,,,5
2250337.0,22-07-2026 16:30,22-07-2026 17:53,05-08-2026 17:01,18-08-2026 18:11,14-08-2026 16:49,,,,,,,,5
2250340.0,23-07-2026 15:03,22-07-2026 16:03,05-08-2026 17:10,24-08-2026 13:10,24-08-2026 10:47,,,,,,,,5
2250342.0,22-07-2026 11:08,20-07-2026 16:11,07-08-2026 14:16,17-08-2026 12:03,14-08-2026 16:52,,,,,,,,5
2250343.0,22-07-2026 16:30,20-07-2026 16:59,05-08-2026 17:01,18-08-2026 18:11,14-08-2026 16:49,,,,,,,,5
2250345.0,23-07-2026 15:03,22-07-2026 16:03,05-08-2026 17:10,24-08-2026 13:10,24-08-2026 10:47,,,,,,,,5
2250349.0,22-07-2026 16:30,22-07-2026 17:53,05-08-2026 17:01,20-08-2026 18:33,20-08-2026 13:22,,,,,,,,5
2250351.0,22-07-2026 11:08,20-07-2026 16:11,07-08-2026 14:16,17-08-2026 12:03,14-08-2026 16:52,,,,,,,,5
2250352.0,23-07-2026 15:03,22-07-2026 16:03,05-08-2026 17:10,24-08-2026 13:10,24-08-2026 10:47,,,,,,,,5
2250354.0,30-07-2026 17:30,20-07-2026 16:59,05-08-2026 17:01,18-08-2026 18:11,14-08-2026 16:49,,,,,,,,5
2250356.0,23-07-2026 15:03,22-07-2026 16:03,05-08-2026 17:10,24-08-2026 13:10,27-08-2026 15:32,,,,,,,,5
2250358.0,22-07-2026 11:08,20-07-2026 16:11,07-08-2026 14:16,17-08-2026 12:03,11-08-2026 13:59,,,,,,,,5
2250359.0,23-07-2026 15:03,22-07-2026 16:03,05-08-2026 17:10,24-08-2026 13:10,27-08-2026 15:32,,,,,,,,5
2250360.0,22-07-2026 16:30,20-07-2026 16:59,05-08-2026 17:01,18-08-2026 18:11,14-08-2026 16:49,,,,,,,,5
2250362.0,23-07-2026 15:03,22-07-2026 16:03,05-08-2026 17:10,24-08-2026 13:10,24-08-2026 10:47,,,,,,,,5
2250363.0,22-07-2026 16:30,20-07-2026 16:59,05-08-2026 17:01,18-08-2026 18:11,14-08-2026 16:49,,,,,,,,5
2250367.0,23-07-2026 15:03,22-07-2026 16:03,05-08-2026 17:10,24-08-2026 13:10,24-08-2026 10:47,,,,,,,,5
2250368.0,22-07-2026 11:08,20-07-2026 16:11,07-08-2026 14:16,17-08-2026 12:03,11-08-2026 13:59,,,,,,,,5
2250370.0,23-07-2026 15:03,22-07-2026 16:03,05-08-2026 17:10,24-08-2026 13:10,24-08-2026 10:47,,,,,,,,5
2250371.0,22-07-2026 16:30,22-07-2026 17:53,05-08-2026 17:01,18-08-2026 18:11,14-08-2026 16:49,,,,,,,,5
2250372.0,22-07-2026 11:08,20-07-2026 16:11,07-08-2026 14:16,17-08-2026 12:03,11-08-2026 13:59,,,,,,,,5
2250374.0,23-07-2026 15:03,22-07-2026 16:03,05-08-2026 17:10,24-08-2026 13:10,24-08-2026 10:47,,,,,,,,5
2250377.0,22-07-2026 16:30,20-07-2026 16:59,05-08-2026 17:01,18-08-2026 18:11,14-08-2026 16:49,,,,,,,,5
2250380.0,23-07-2026 15:03,22-07-2026 16:03,26-08-2026 14:03,24-08-2026 13:10,24-08-2026 10:47,,,,,,,,5
2250381.0,22-07-2026 11:08,20-07-2026 16:11,07-08-2026 14:16,24-08-2026 13:44,11-08-2026 13:59,,,,,,,,5
2250387.0,22-07-2026 11:08,20-07-2026 16:11,07-08-2026 14:16,17-08-2026 12:03,14-08-2026 16:52,,,,,,,,5
2250401.0,22-07-2026 11:08,20-07-2026 16:11,07-08-2026 14:16,17-08-2026 12:03,14-08-2026 16:52,,,,,,,,5
2250404.0,23-07-2026 15:03,22-07-2026 16:03,05-08-2026 17:10,24-08-2026 13:10,24-08-2026 10:47,,,,,,,,5
2250405.0,02-08-2026 18:11,31-07-2026 21:56,07-08-2026 14:16,17-08-2026 12:03,14-08-2026 16:52,,,,,,,,5
2250410.0,22-07-2026 11:08,20-07-2026 16:11,07-08-2026 14:16,17-08-2026 12:03,11-08-2026 13:59,,,,,,,,5
2250412.0,22-07-2026 11:08,20-07-2026 16:11,07-08-2026 14:16,17-08-2026 12:03,14-08-2026 16:52,,,,,,,,5
2250414.0,22-07-2026 11:08,20-07-2026 16:11,07-08-2026 14:16,17-08-2026 12:03,11-08-2026 13:59,,,,,,,,5
2250417.0,22-07-2026 11:08,20-07-2026 16:11,07-08-2026 14:16,17-08-2026 12:03,11-08-2026 13:59,,,,,,,,5
2250420.0,22-07-2026 11:08,20-07-2026 16:11,07-08-2026 14:16,17-08-2026 12:03,11-08-2026 13:59,,,,,,,,5
2250424.0,22-07-2026 11:08,20-07-2026 16:11,14-08-2026 20:06,17-08-2026 12:03,14-08-2026 16:52,,,,,,,,5
2250426.0,22-07-2026 11:08,20-07-2026 16:11,07-08-2026 14:16,17-08-2026 12:03,14-08-2026 16:52,,,,,,,,5
2250729.0,21-07-2026 10:37,20-07-2026 14:13,10-08-2026 16:48,17-08-2026 12:25,13-08-2026 16:07,,,,,,,,5
2250745.0,21-07-2026 10:37,20-07-2026 14:13,17-08-2026 15:22,17-08-2026 12:25,13-08-2026 16:07,,,,,,,,5
2250748.0,21-07-2026 10:37,20-07-2026 14:13,17-08-2026 15:22,17-08-2026 12:25,13-08-2026 16:48,,,,,,,,5
2250752.0,21-07-2026 10:37,20-07-2026 14:13,10-08-2026 16:48,17-08-2026 12:25,13-08-2026 16:07,,,,,,,,5
2250755.0,21-07-2026 10:37,20-07-2026 14:13,10-08-2026 16:48,17-08-2026 12:25,13-08-2026 16:07,,,,,,,,5
2250758.0,21-07-2026 10:37,20-07-2026 14:13,10-08-2026 16:48,17-08-2026 12:25,13-08-2026 16:07,,,,,,,,5
2250759.0,21-07-2026 10:37,20-07-2026 14:13,10-08-2026 16:48,17-08-2026 12:25,13-08-2026 16:07,,,,,,,,5
2250763.0,,21-07-2026 13:01,,,,,,,,,,,1
2250765.0,21-07-2026 10:37,20-07-2026 14:13,10-08-2026 16:48,17-08-2026 12:25,13-08-2026 16:07,,,,,,,,5
2250767.0,21-07-2026 10:37,20-07-2026 14:13,17-08-2026 15:22,17-08-2026 12:25,13-08-2026 16:07,,,,,,,,5
2250770.0,21-07-2026 10:37,20-07-2026 14:13,10-08-2026 16:48,17-08-2026 12:25,13-08-2026 16:07,,,,,,,,5
2250772.0,21-07-2026 10:37,20-07-2026 14:13,17-08-2026 15:22,17-08-2026 12:25,13-08-2026 16:07,,,,,,,,5
2250788.0,21-07-2026 10:37,20-07-2026 14:13,10-08-2026 16:48,17-08-2026 12:25,13-08-2026 16:07,,,,,,,,5
2250789.0,21-07-2026 10:37,20-07-2026 14:13,17-08-2026 15:22,17-08-2026 12:25,13-08-2026 16:48,,,,,,,,5
2250790.0,21-07-2026 10:37,20-07-2026 14:13,17-08-2026 15:22,17-08-2026 12:25,13-08-2026 16:07,,,,,,,,5
2250791.0,21-07-2026 10:37,20-07-2026 14:13,10-08-2026 16:48,17-08-2026 12:25,13-08-2026 16:07,,,,,,,,5
2250792.0,21-07-2026 10:37,20-07-2026 14:13,17-08-2026 15:22,17-08-2026 12:25,13-08-2026 16:07,,,,,,,,5
2250793.0,21-07-2026 10:37,20-07-2026 14:13,10-08-2026 16:48,17-08-2026 12:25,13-08-2026 16:07,,,,,,,,5
2250795.0,21-07-2026 10:37,20-07-2026 14:13,10-08-2026 16:48,17-08-2026 12:25,13-08-2026 16:07,,,,,,,,5
2250799.0,21-07-2026 10:37,20-07-2026 14:13,10-08-2026 16:48,17-08-2026 12:25,13-08-2026 16:07,,,,,,,,5
2250800.0,21-07-2026 10:37,20-07-2026 14:13,10-08-2026 16:48,17-08-2026 12:25,13-08-2026 16:07,,,,,,,,5
2250803.0,21-07-2026 10:37,20-07-2026 14:13,17-08-2026 15:22,17-08-2026 12:25,13-08-2026 16:07,,,,,,,,5
2250810.0,23-07-2026 15:03,22-07-2026 16:03,05-08-2026 17:10,24-08-2026 13:10,24-08-2026 10:47,,,,,,,,5
2250812.0,23-07-2026 15:03,22-07-2026 16:03,26-08-2026 14:03,24-08-2026 13:10,24-08-2026 10:47,,,,,,,,5
2250813.0,23-07-2026 15:03,22-07-2026 16:03,05-08-2026 17:10,24-08-2026 13:10,24-08-2026 10:47,,,,,,,,5
2250814.0,23-07-2026 15:03,23-07-2026 12:01,05-08-2026 17:10,24-08-2026 13:10,24-08-2026 10:47,,,,,,,,5
2250816.0,23-07-2026 15:03,22-07-2026 16:03,05-08-2026 17:10,24-08-2026 13:10,24-08-2026 10:47,,,,,,,,5
2250820.0,23-07-2026 15:03,22-07-2026 16:03,05-08-2026 17:10,24-08-2026 13:10,24-08-2026 10:47,,,,,,,,5
2250823.0,23-07-2026 15:03,22-07-2026 16:03,05-08-2026 17:10,24-08-2026 13:10,24-08-2026 10:47,,,,,,,,5
2250825.0,23-07-2026 15:03,22-07-2026 16:03,05-08-2026 17:10,27-08-2026 17:30,24-08-2026 10:47,,,,,,,,5
2250826.0,23-07-2026 15:03,22-07-2026 16:03,05-08-2026 17:10,24-08-2026 13:10,24-08-2026 10:47,,,,,,,,5
2250827.0,23-07-2026 15:03,22-07-2026 16:03,05-08-2026 17:10,24-08-2026 13:10,24-08-2026 10:47,,,,,,,,5
2250829.0,23-07-2026 15:03,22-07-2026 16:03,26-08-2026 14:03,27-08-2026 17:30,24-08-2026 10:47,,,,,,,,5
2250830.0,23-07-2026 15:03,22-07-2026 16:03,26-08-2026 14:03,24-08-2026 13:10,24-08-2026 10:47,,,,,,,,5
2250834.0,23-07-2026 11:38,21-07-2026 13:11,,25-08-2026 14:43,25-08-2026 12:18,,,,,,,,4
2250836.0,23-07-2026 11:38,21-07-2026 13:11,06-08-2026 15:32,25-08-2026 14:43,25-08-2026 12:18,,,,,,,,5
2250839.0,23-07-2026 11:38,21-07-2026 13:11,06-08-2026 15:32,25-08-2026 14:43,25-08-2026 12:18,,,,,,,,5
2250841.0,23-07-2026 11:38,21-07-2026 13:11,06-08-2026 15:32,25-08-2026 14:43,25-08-2026 12:18,,,,,,,,5
2250844.0,23-07-2026 11:38,21-07-2026 13:11,06-08-2026 15:32,25-08-2026 14:43,25-08-2026 12:18,,,,,,,,5
2250846.0,23-07-2026 11:38,21-07-2026 13:11,06-08-2026 15:32,25-08-2026 14:43,25-08-2026 12:18,,,,,,,,5
2250850.0,23-07-2026 11:38,21-07-2026 13:11,06-08-2026 15:32,25-08-2026 14:43,25-08-2026 12:18,,,,,,,,5
2250853.0,23-07-2026 11:38,21-07-2026 13:11,06-08-2026 15:32,25-08-2026 14:43,25-08-2026 12:18,,,,,,,,5
2250854.0,23-07-2026 11:38,21-07-2026 13:11,06-08-2026 15:32,25-08-2026 14:43,25-08-2026 12:18,,,,,,,,5
2250877.0,20-07-2026 12:06,17-07-2026 11:33,04-08-2026 10:58,19-08-2026 11:55,13-08-2026 11:26,,,,,,,,5
2250880.0,20-07-2026 12:06,17-07-2026 11:33,04-08-2026 10:58,19-08-2026 11:55,13-08-2026 11:26,,,,,,,,5
2250882.0,20-07-2026 12:06,17-07-2026 11:33,04-08-2026 10:58,19-08-2026 11:55,13-08-2026 11:26,,,,,,,,5
2250883.0,20-07-2026 12:06,17-07-2026 11:33,04-08-2026 10:58,19-08-2026 11:55,13-08-2026 11:26,,,,,,,,5
2250884.0,20-07-2026 12:06,21-07-2026 12:58,05-08-2026 12:13,21-08-2026 11:53,13-08-2026 11:26,,,,,,,,5
2250885.0,20-07-2026 12:06,17-07-2026 11:33,04-08-2026 10:58,21-08-2026 11:53,13-08-2026 11:26,,,,,,,,5
2250887.0,20-07-2026 12:06,17-07-2026 11:33,04-08-2026 10:58,19-08-2026 11:55,13-08-2026 11:26,,,,,,,,5
2250891.0,20-07-2026 12:06,21-07-2026 12:58,04-08-2026 10:58,19-08-2026 11:55,13-08-2026 11:26,,,,,,,,5
2250895.0,21-07-2026 10:42,17-07-2026 11:33,04-08-2026 10:58,19-08-2026 11:55,12-08-2026 11:37,,,,,,,,5
2250897.0,20-07-2026 12:06,17-07-2026 11:33,04-08-2026 10:58,21-08-2026 11:53,13-08-2026 11:26,,,,,,,,5
2250904.0,20-07-2026 12:06,17-07-2026 11:33,04-08-2026 10:58,19-08-2026 11:55,12-08-2026 11:37,,,,,,,,5
2250923.0,20-07-2026 12:06,17-07-2026 11:33,04-08-2026 10:58,19-08-2026 11:55,13-08-2026 11:26,,,,,,,,5
2250925.0,20-07-2026 12:06,17-07-2026 11:33,04-08-2026 10:58,19-08-2026 11:55,13-08-2026 11:26,,,,,,,,5
2250927.0,20-07-2026 12:06,17-07-2026 11:33,04-08-2026 10:58,19-08-2026 11:55,13-08-2026 11:26,,,,,,,,5
2250929.0,20-07-2026 12:06,21-07-2026 12:58,04-08-2026 10:58,19-08-2026 11:55,12-08-2026 11:37,,,,,,,,5
2250931.0,20-07-2026 12:06,17-07-2026 11:33,04-08-2026 10:58,19-08-2026 11:55,13-08-2026 11:26,,,,,,,,5
2250933.0,20-07-2026 12:06,17-07-2026 11:33,04-08-2026 10:58,21-08-2026 11:53,13-08-2026 11:26,,,,,,,,5
2250934.0,22-07-2026 11:08,20-07-2026 16:11,07-08-2026 14:16,17-08-2026 12:03,14-08-2026 16:52,,,,,,,,5
2250935.0,20-07-2026 12:06,17-07-2026 11:33,04-08-2026 10:58,19-08-2026 11:55,12-08-2026 11:37,,,,,,,,5
2250936.0,22-07-2026 11:08,20-07-2026 16:11,07-08-2026 14:16,17-08-2026 12:03,11-08-2026 13:59,,,,,,,,5
2250937.0,20-07-2026 12:06,17-07-2026 11:33,04-08-2026 10:58,19-08-2026 11:55,13-08-2026 11:26,,,,,,,,5
2250939.0,22-07-2026 11:08,20-07-2026 16:11,07-08-2026 14:16,17-08-2026 12:03,11-08-2026 13:59,,,,,,,,5
2250941.0,23-07-2026 11:38,21-07-2026 13:11,,25-08-2026 14:43,25-08-2026 12:18,,,,,,,,4
2250942.0,20-07-2026 12:06,21-07-2026 12:58,04-08-2026 10:58,19-08-2026 11:55,13-08-2026 11:26,,,,,,,,5
2250943.0,22-07-2026 11:08,20-07-2026 16:11,14-08-2026 20:06,17-08-2026 12:03,14-08-2026 16:52,,,,,,,,5
2250944.0,23-07-2026 11:38,29-07-2026 10:50,06-08-2026 15:32,25-08-2026 14:43,25-08-2026 12:18,,,,,,,,5
2250945.0,20-07-2026 12:06,17-07-2026 11:33,05-08-2026 12:13,19-08-2026 11:55,13-08-2026 11:26,,,,,,,,5
2250946.0,23-07-2026 11:38,21-07-2026 13:11,06-08-2026 15:32,25-08-2026 14:43,25-08-2026 12:18,,,,,,,,5
2250947.0,22-07-2026 11:08,20-07-2026 16:11,07-08-2026 14:16,17-08-2026 12:03,11-08-2026 13:59,,,,,,,,5
2250948.0,23-07-2026 11:38,21-07-2026 13:11,06-08-2026 15:32,25-08-2026 14:43,25-08-2026 12:18,,,,,,,,5
2250950.0,20-07-2026 12:06,17-07-2026 11:33,04-08-2026 10:58,19-08-2026 11:55,13-08-2026 11:26,,,,,,,,5
2250951.0,22-07-2026 11:08,20-07-2026 16:11,07-08-2026 14:16,17-08-2026 12:03,14-08-2026 16:52,,,,,,,,5
2250952.0,23-07-2026 11:38,21-07-2026 13:11,06-08-2026 15:32,25-08-2026 14:43,25-08-2026 12:18,,,,,,,,5
2250953.0,23-07-2026 11:38,21-07-2026 13:11,06-08-2026 15:32,25-08-2026 14:43,25-08-2026 12:18,,,,,,,,5
2250954.0,20-07-2026 12:06,17-07-2026 11:33,04-08-2026 10:58,19-08-2026 11:55,13-08-2026 11:26,,,,,,,,5
2250957.0,23-07-2026 11:38,21-07-2026 13:11,06-08-2026 15:32,25-08-2026 14:43,25-08-2026 12:18,,,,,,,,5
2250958.0,22-07-2026 11:08,20-07-2026 16:11,07-08-2026 14:16,17-08-2026 12:03,14-08-2026 16:52,,,,,,,,5
2250959.0,23-07-2026 11:38,21-07-2026 13:11,06-08-2026 15:32,25-08-2026 14:43,25-08-2026 12:18,,,,,,,,5
2250960.0,20-07-2026 12:06,17-07-2026 11:33,04-08-2026 10:58,19-08-2026 11:55,13-08-2026 11:26,,,,,,,,5
2250961.0,22-07-2026 11:08,20-07-2026 16:11,07-08-2026 14:16,17-08-2026 12:03,11-08-2026 13:59,,,,,,,,5
2250962.0,23-07-2026 11:38,21-07-2026 13:11,06-08-2026 15:32,25-08-2026 14:43,25-08-2026 12:18,,,,,,,,5
2250964.0,23-07-2026 11:38,29-07-2026 10:50,06-08-2026 15:32,25-08-2026 14:43,25-08-2026 12:18,,,,,,,,5
2250965.0,22-07-2026 11:08,20-07-2026 16:11,07-08-2026 14:16,17-08-2026 12:03,14-08-2026 16:52,,,,,,,,5
2250967.0,20-07-2026 12:06,17-07-2026 11:33,04-08-2026 10:58,19-08-2026 11:55,12-08-2026 11:37,,,,,,,,5
2250968.0,23-07-2026 11:38,21-07-2026 13:11,06-08-2026 15:32,25-08-2026 14:43,25-08-2026 12:18,,,,,,,,5
2250969.0,22-07-2026 11:08,20-07-2026 16:11,07-08-2026 14:16,17-08-2026 12:03,14-08-2026 16:52,,,,,,,,5
2250970.0,23-07-2026 11:38,21-07-2026 13:11,06-08-2026 15:32,25-08-2026 14:43,25-08-2026 12:18,,,,,,,,5
2250974.0,20-07-2026 12:06,17-07-2026 11:33,04-08-2026 10:58,19-08-2026 11:55,13-08-2026 11:26,,,,,,,,5
2250975.0,23-07-2026 11:38,21-07-2026 13:11,06-08-2026 15:32,25-08-2026 14:43,25-08-2026 12:18,,,,,,,,5
2250978.0,23-07-2026 11:38,21-07-2026 13:11,,25-08-2026 14:43,25-08-2026 12:18,,,,,,,,4
2250979.0,20-07-2026 12:06,17-07-2026 11:33,04-08-2026 10:58,19-08-2026 11:55,13-08-2026 11:26,,,,,,,,5
2250983.0,23-07-2026 11:38,21-07-2026 13:11,06-08-2026 15:32,25-08-2026 14:43,25-08-2026 12:18,,,,,,,,5
2250986.0,23-07-2026 11:38,21-07-2026 13:11,06-08-2026 15:32,25-08-2026 14:43,25-08-2026 12:18,,,,,,,,5
2250989.0,20-07-2026 12:06,21-07-2026 12:58,04-08-2026 10:58,21-08-2026 11:53,13-08-2026 11:26,,,,,,,,5
2250990.0,23-07-2026 11:38,21-07-2026 13:11,06-08-2026 15:32,25-08-2026 14:43,25-08-2026 12:18,,,,,,,,5
2250993.0,20-07-2026 12:06,21-07-2026 12:58,04-08-2026 10:58,19-08-2026 11:55,12-08-2026 11:37,,,,,,,,5
2250995.0,23-07-2026 11:38,29-07-2026 10:50,,,,,,,,,,,2
2250998.0,23-07-2026 11:38,21-07-2026 13:11,06-08-2026 15:32,25-08-2026 14:43,25-08-2026 12:18,,,,,,,,5
2250999.0,23-07-2026 11:38,21-07-2026 13:11,06-08-2026 15:32,25-08-2026 14:43,25-08-2026 12:18,,,,,,,,5
2251006.0,20-07-2026 12:06,17-07-2026 11:33,04-08-2026 10:58,19-08-2026 11:55,12-08-2026 11:37,,,,,,,,5
2251012.0,20-07-2026 12:06,17-07-2026 11:33,04-08-2026 10:58,19-08-2026 11:55,12-08-2026 11:37,,,,,,,,5
2251017.0,20-07-2026 12:06,21-07-2026 12:58,05-08-2026 12:13,21-08-2026 11:53,13-08-2026 11:26,,,,,,,,5
2251057.0,20-07-2026 12:06,17-07-2026 11:33,04-08-2026 10:58,19-08-2026 11:55,12-08-2026 11:37,,,,,,,,5
2251062.0,20-07-2026 12:06,17-07-2026 11:33,04-08-2026 10:58,19-08-2026 11:55,12-08-2026 11:37,,,,,,,,5
2251067.0,20-07-2026 12:06,17-07-2026 11:33,04-08-2026 10:58,19-08-2026 11:55,12-08-2026 11:37,,,,,,,,5
2251070.0,20-07-2026 12:06,17-07-2026 11:33,04-08-2026 10:58,19-08-2026 11:55,13-08-2026 11:26,,,,,,,,5
2251077.0,20-07-2026 12:06,17-07-2026 11:33,04-08-2026 10:58,19-08-2026 11:55,13-08-2026 11:26,,,,,,,,5
2251083.0,20-07-2026 12:06,17-07-2026 11:33,04-08-2026 10:58,19-08-2026 11:55,13-08-2026 11:26,,,,,,,,5
2251088.0,20-07-2026 12:06,21-07-2026 12:58,04-08-2026 10:58,19-08-2026 11:55,13-08-2026 11:26,,,,,,,,5
2251094.0,20-07-2026 12:06,17-07-2026 11:33,04-08-2026 10:58,19-08-2026 11:55,13-08-2026 11:26,,,,,,,,5
2251097.0,21-07-2026 10:42,17-07-2026 11:33,04-08-2026 10:58,19-08-2026 11:55,13-08-2026 11:26,,,,,,,,5
2251103.0,21-07-2026 10:42,17-07-2026 11:33,04-08-2026 10:58,19-08-2026 11:55,13-08-2026 11:26,,,,,,,,5
2251162.0,23-07-2026 11:38,21-07-2026 13:11,06-08-2026 15:32,25-08-2026 14:43,25-08-2026 12:18,,,,,,,,5
2251167.0,23-07-2026 11:38,21-07-2026 13:11,06-08-2026 15:32,25-08-2026 14:43,25-08-2026 12:18,,,,,,,,5
2251172.0,23-07-2026 11:38,21-07-2026 13:11,06-08-2026 15:32,25-08-2026 14:43,25-08-2026 12:18,,,,,,,,5
2251177.0,23-07-2026 11:38,21-07-2026 13:11,06-08-2026 15:32,25-08-2026 14:43,25-08-2026 12:18,,,,,,,,5
2251184.0,23-07-2026 11:38,21-07-2026 13:11,06-08-2026 15:32,25-08-2026 14:43,25-08-2026 12:18,,,,,,,,5
2251187.0,23-07-2026 11:38,21-07-2026 13:11,06-08-2026 15:32,25-08-2026 14:43,25-08-2026 12:18,,,,,,,,5
2251195.0,23-07-2026 11:38,21-07-2026 13:11,06-08-2026 15:32,25-08-2026 14:43,25-08-2026 12:18,,,,,,,,5
2251200.0,,,06-08-2026 15:48,25-08-2026 14:43,25-08-2026 12:18,,,,,,,,3
2251207.0,,,,25-08-2026 14:43,25-08-2026 12:18,,,,,,,,2
2251258.0,30-07-2026 17:16,30-07-2026 16:11,13-08-2026 14:33,27-08-2026 16:06,13-08-2026 16:31,,,,,,,,5
2251265.0,30-07-2026 17:16,30-07-2026 16:11,13-08-2026 14:33,27-08-2026 16:06,13-08-2026 16:31,,,,,,,,5
2251270.0,31-08-2026 10:37,27-08-2026 21:14,13-08-2026 14:33,27-08-2026 16:06,13-08-2026 16:31,,,,,,,,5
2251285.0,30-07-2026 17:16,30-07-2026 16:11,13-08-2026 14:33,27-08-2026 16:06,13-08-2026 16:31,,,,,,,,5
2251293.0,30-07-2026 17:16,30-07-2026 16:11,13-08-2026 14:33,27-08-2026 16:06,13-08-2026 16:31,,,,,,,,5
2251296.0,23-07-2026 11:38,21-07-2026 13:11,06-08-2026 15:32,25-08-2026 14:43,25-08-2026 12:18,,,,,,,,5
2251303.0,30-07-2026 17:16,30-07-2026 16:11,13-08-2026 14:33,27-08-2026 16:06,13-08-2026 16:31,,,,,,,,5
2251304.0,,,06-08-2026 15:48,25-08-2026 14:43,25-08-2026 12:18,,,,,,,,3
2251310.0,30-07-2026 17:16,30-07-2026 16:11,13-08-2026 14:33,27-08-2026 16:06,13-08-2026 16:31,,,,,,,,5
2251312.0,23-07-2026 11:38,21-07-2026 13:11,06-08-2026 15:32,25-08-2026 14:43,25-08-2026 12:18,,,,,,,,5
2251317.0,23-07-2026 11:38,21-07-2026 13:11,06-08-2026 15:32,25-08-2026 14:43,25-08-2026 12:18,,,,,,,,5
2251318.0,30-07-2026 17:16,30-07-2026 16:11,13-08-2026 14:33,27-08-2026 16:06,13-08-2026 16:31,,,,,,,,5
2251324.0,30-07-2026 17:16,30-07-2026 16:11,13-08-2026 14:33,27-08-2026 16:06,13-08-2026 16:31,,,,,,,,5
2251327.0,23-07-2026 11:38,21-07-2026 13:11,06-08-2026 15:32,25-08-2026 14:43,25-08-2026 12:18,,,,,,,,5
2251329.0,30-07-2026 17:16,30-07-2026 16:11,13-08-2026 14:33,27-08-2026 16:06,13-08-2026 16:31,,,,,,,,5
2251335.0,23-07-2026 11:38,21-07-2026 13:11,06-08-2026 15:32,25-08-2026 14:43,25-08-2026 12:18,,,,,,,,5
2251337.0,30-07-2026 17:16,30-07-2026 16:11,13-08-2026 14:33,27-08-2026 16:06,13-08-2026 16:31,,,,,,,,5
2251342.0,31-08-2026 10:37,27-08-2026 21:14,13-08-2026 14:33,27-08-2026 16:06,13-08-2026 16:31,,,,,,,,5
2251343.0,23-07-2026 11:38,21-07-2026 13:11,06-08-2026 15:32,25-08-2026 14:43,25-08-2026 12:18,,,,,,,,5
2251344.0,31-08-2026 10:37,27-08-2026 21:14,13-08-2026 14:33,27-08-2026 16:06,13-08-2026 16:31,,,,,,,,5
2251346.0,23-07-2026 11:38,21-07-2026 13:11,06-08-2026 15:32,25-08-2026 14:43,25-08-2026 12:18,,,,,,,,5
2251350.0,30-07-2026 17:16,30-07-2026 16:11,13-08-2026 14:33,27-08-2026 16:06,13-08-2026 16:31,,,,,,,,5
2251351.0,23-07-2026 11:38,21-07-2026 13:11,,25-08-2026 14:43,25-08-2026 12:18,,,,,,,,4
2251354.0,30-07-2026 17:16,30-07-2026 16:11,13-08-2026 14:33,27-08-2026 16:06,13-08-2026 16:31,,,,,,,,5
2251357.0,23-07-2026 11:38,21-07-2026 13:11,06-08-2026 15:32,25-08-2026 14:43,25-08-2026 12:18,,,,,,,,5
2251363.0,30-07-2026 17:16,30-07-2026 16:11,13-08-2026 14:33,27-08-2026 16:06,13-08-2026 16:31,,,,,,,,5
2251369.0,23-07-2026 11:38,21-07-2026 13:11,06-08-2026 15:32,25-08-2026 14:43,25-08-2026 12:18,,,,,,,,5
2251371.0,31-08-2026 10:37,27-08-2026 21:14,13-08-2026 14:33,27-08-2026 16:06,13-08-2026 16:31,,,,,,,,5
2251376.0,30-07-2026 17:16,30-07-2026 16:11,13-08-2026 14:33,27-08-2026 16:06,13-08-2026 16:31,,,,,,,,5
2251378.0,23-07-2026 11:38,21-07-2026 13:11,06-08-2026 15:32,25-08-2026 14:43,25-08-2026 12:18,,,,,,,,5
2251381.0,30-07-2026 17:16,30-07-2026 16:11,13-08-2026 14:33,27-08-2026 16:06,13-08-2026 16:31,,,,,,,,5
2251383.0,23-07-2026 11:38,21-07-2026 13:11,06-08-2026 15:32,25-08-2026 14:43,25-08-2026 12:18,,,,,,,,5
2251386.0,30-07-2026 17:16,30-07-2026 16:11,13-08-2026 14:33,27-08-2026 16:06,13-08-2026 16:31,,,,,,,,5
2251390.0,31-08-2026 10:37,27-08-2026 21:14,13-08-2026 14:33,27-08-2026 16:06,13-08-2026 16:31,,,,,,,,5
2251402.0,30-07-2026 17:16,30-07-2026 16:11,13-08-2026 14:33,27-08-2026 16:06,13-08-2026 16:31,,,,,,,,5
2251415.0,31-08-2026 10:37,27-08-2026 21:14,13-08-2026 14:33,27-08-2026 16:06,13-08-2026 16:31,,,,,,,,5
2251419.0,23-07-2026 11:38,21-07-2026 13:11,06-08-2026 15:32,25-08-2026 14:43,25-08-2026 12:18,,,,,,,,5
2251425.0,30-07-2026 17:16,30-07-2026 16:11,13-08-2026 14:33,27-08-2026 16:06,13-08-2026 16:31,,,,,,,,5
2251426.0,23-07-2026 11:38,21-07-2026 13:11,,25-08-2026 14:43,25-08-2026 12:18,,,,,,,,4
2251432.0,23-07-2026 11:38,29-07-2026 10:50,06-08-2026 15:32,25-08-2026 14:43,25-08-2026 12:18,,,,,,,,5
2251434.0,31-08-2026 10:37,27-08-2026 21:14,13-08-2026 14:33,27-08-2026 16:06,13-08-2026 16:31,,,,,,,,5
2251440.0,23-07-2026 11:38,21-07-2026 13:11,06-08-2026 15:32,25-08-2026 14:43,25-08-2026 12:18,,,,,,,,5
2251443.0,31-08-2026 10:37,27-08-2026 21:14,13-08-2026 14:33,27-08-2026 16:06,13-08-2026 16:31,,,,,,,,5
2251448.0,23-07-2026 11:38,29-07-2026 10:50,06-08-2026 15:48,25-08-2026 14:43,,,,,,,,,4
2251455.0,23-07-2026 11:38,21-07-2026 13:11,06-08-2026 15:32,25-08-2026 14:43,25-08-2026 12:18,,,,,,,,5
2251456.0,30-07-2026 17:16,30-07-2026 16:11,13-08-2026 14:33,27-08-2026 16:06,13-08-2026 16:31,,,,,,,,5
2251457.0,23-07-2026 11:38,21-07-2026 13:11,06-08-2026 15:32,25-08-2026 14:43,25-08-2026 12:18,,,,,,,,5
2251458.0,23-07-2026 11:38,29-07-2026 10:50,06-08-2026 15:32,25-08-2026 14:43,25-08-2026 12:18,,,,,,,,5
2251459.0,23-07-2026 11:38,21-07-2026 13:11,06-08-2026 15:32,25-08-2026 14:43,25-08-2026 12:18,,,,,,,,5
2251468.0,30-07-2026 17:16,30-07-2026 16:11,13-08-2026 14:33,27-08-2026 16:06,13-08-2026 16:31,,,,,,,,5
2251477.0,30-07-2026 17:16,30-07-2026 16:11,13-08-2026 14:33,27-08-2026 16:06,13-08-2026 16:31,,,,,,,,5
2251482.0,30-07-2026 17:16,30-07-2026 16:11,13-08-2026 14:33,27-08-2026 16:06,13-08-2026 16:31,,,,,,,,5
2251488.0,31-08-2026 10:37,27-08-2026 21:14,13-08-2026 14:33,27-08-2026 16:06,13-08-2026 16:31,,,,,,,,5
2251496.0,31-08-2026 10:37,27-08-2026 21:14,13-08-2026 14:33,27-08-2026 16:06,13-08-2026 16:31,,,,,,,,5
2251506.0,31-08-2026 10:37,27-08-2026 21:14,13-08-2026 14:33,27-08-2026 16:06,13-08-2026 16:31,,,,,,,,5
2251510.0,31-08-2026 10:37,27-08-2026 21:14,13-08-2026 14:33,27-08-2026 16:06,13-08-2026 16:31,,,,,,,,5
2251513.0,31-08-2026 10:37,27-08-2026 21:14,13-08-2026 14:33,27-08-2026 16:06,13-08-2026 16:31,,,,,,,,5
2251518.0,30-07-2026 17:16,30-07-2026 16:11,13-08-2026 14:33,27-08-2026 16:06,13-08-2026 16:31,,,,,,,,5
2251522.0,31-08-2026 10:37,27-08-2026 21:14,13-08-2026 14:33,27-08-2026 16:06,13-08-2026 16:31,,,,,,,,5
2251523.0,30-07-2026 12:51,30-07-2026 10:56,07-08-2026 11:03,21-08-2026 11:48,21-08-2026 14:51,,,,,,,,5
2251526.0,30-07-2026 17:16,30-07-2026 16:11,13-08-2026 14:33,27-08-2026 16:06,13-08-2026 16:31,,,,,,,,5
2251569.0,30-07-2026 12:51,30-07-2026 10:56,07-08-2026 11:03,21-08-2026 11:48,14-08-2026 11:22,,,,,,,,5
2251570.0,31-08-2026 12:05,07-08-2026 12:32,07-08-2026 11:03,27-08-2026 12:18,27-08-2026 13:39,,,,,,,,5
2251571.0,30-07-2026 12:51,30-07-2026 14:40,07-08-2026 11:03,21-08-2026 11:48,14-08-2026 11:22,,,,,,,,5
2251572.0,30-07-2026 12:51,30-07-2026 10:56,07-08-2026 11:03,21-08-2026 11:48,14-08-2026 11:22,,,,,,,,5
2251573.0,30-07-2026 12:51,30-07-2026 10:56,07-08-2026 11:03,21-08-2026 11:48,14-08-2026 11:22,,,,,,,,5
2251574.0,30-07-2026 12:51,30-07-2026 10:56,07-08-2026 11:03,21-08-2026 11:48,14-08-2026 11:22,,,,,,,,5
2251575.0,30-07-2026 12:51,30-07-2026 10:56,07-08-2026 11:03,21-08-2026 11:48,14-08-2026 11:22,,,,,,,,5
2251576.0,14-08-2026 13:02,30-07-2026 10:56,07-08-2026 11:03,21-08-2026 11:48,14-08-2026 11:22,,,,,,,,5
2251577.0,30-07-2026 12:51,30-07-2026 10:56,07-08-2026 11:03,21-08-2026 11:48,14-08-2026 11:22,,,,,,,,5
2251578.0,30-07-2026 12:51,30-07-2026 10:56,07-08-2026 11:03,21-08-2026 11:48,14-08-2026 11:22,,,,,,,,5
2251579.0,30-07-2026 12:51,30-07-2026 10:56,07-08-2026 11:03,21-08-2026 11:48,14-08-2026 11:22,,,,,,,,5
2251580.0,,07-08-2026 12:32,,,,,,,,,,,1
2251581.0,14-08-2026 13:02,07-08-2026 12:32,07-08-2026 11:03,21-08-2026 11:48,14-08-2026 11:22,,,,,,,,5
2251582.0,14-08-2026 13:02,07-08-2026 12:32,07-08-2026 11:03,21-08-2026 11:48,14-08-2026 11:22,,,,,,,,5
2251583.0,30-07-2026 12:51,30-07-2026 10:56,07-08-2026 11:03,21-08-2026 11:48,14-08-2026 11:22,,,,,,,,5
2251584.0,30-07-2026 12:51,30-07-2026 10:56,14-08-2026 15:39,21-08-2026 11:48,14-08-2026 11:22,,,,,,,,5
2251585.0,27-08-2026 12:20,07-08-2026 12:32,27-08-2026 13:41,21-08-2026 11:48,21-08-2026 14:51,,,,,,,,5
2251586.0,14-08-2026 13:02,07-08-2026 12:32,07-08-2026 11:03,21-08-2026 11:48,14-08-2026 11:22,,,,,,,,5
2251587.0,30-07-2026 12:51,30-07-2026 10:56,14-08-2026 15:39,21-08-2026 11:48,14-08-2026 11:22,,,,,,,,5
2251588.0,14-08-2026 13:02,07-08-2026 12:32,21-08-2026 15:46,21-08-2026 11:48,14-08-2026 11:22,,,,,,,,5
2251589.0,30-07-2026 12:51,30-07-2026 10:56,07-08-2026 11:03,21-08-2026 11:48,14-08-2026 11:22,,,,,,,,5
2251590.0,14-08-2026 13:02,07-08-2026 12:32,07-08-2026 11:03,27-08-2026 12:18,14-08-2026 11:22,,,,,,,,5
2251591.0,14-08-2026 13:02,07-08-2026 12:32,07-08-2026 11:03,21-08-2026 11:48,14-08-2026 11:22,,,,,,,,5
2251592.0,30-07-2026 12:51,30-07-2026 10:56,07-08-2026 11:03,21-08-2026 11:48,14-08-2026 11:22,,,,,,,,5
2251593.0,30-07-2026 12:51,30-07-2026 10:56,07-08-2026 11:03,21-08-2026 11:48,14-08-2026 11:22,,,,,,,,5
2251594.0,31-08-2026 12:05,07-08-2026 12:32,31-08-2026 13:14,27-08-2026 12:18,27-08-2026 13:39,,,,,,,,5
2251595.0,30-07-2026 12:51,30-07-2026 10:56,07-08-2026 11:03,21-08-2026 11:48,14-08-2026 11:22,,,,,,,,5
2251596.0,30-07-2026 12:51,30-07-2026 10:56,07-08-2026 11:03,21-08-2026 11:48,14-08-2026 11:22,,,,,,,,5
2251597.0,14-08-2026 13:02,07-08-2026 12:32,07-08-2026 11:03,27-08-2026 12:18,14-08-2026 11:22,,,,,,,,5
2251598.0,30-07-2026 12:51,30-07-2026 10:56,07-08-2026 11:03,21-08-2026 11:48,14-08-2026 11:22,,,,,,,,5
2251599.0,14-08-2026 13:02,07-08-2026 12:32,07-08-2026 11:03,21-08-2026 11:48,14-08-2026 11:22,,,,,,,,5
2251600.0,14-08-2026 13:02,07-08-2026 12:32,07-08-2026 11:03,21-08-2026 11:48,14-08-2026 11:22,,,,,,,,5
2251601.0,14-08-2026 13:02,07-08-2026 12:32,07-08-2026 11:03,21-08-2026 11:48,14-08-2026 11:22,,,,,,,,5
2251602.0,14-08-2026 13:02,07-08-2026 12:32,07-08-2026 11:03,21-08-2026 11:48,14-08-2026 11:22,,,,,,,,5
2251603.0,14-08-2026 13:02,07-08-2026 12:32,07-08-2026 11:03,21-08-2026 11:48,14-08-2026 11:22,,,,,,,,5
2251604.0,30-07-2026 12:51,30-07-2026 10:56,07-08-2026 11:03,21-08-2026 11:48,14-08-2026 11:22,,,,,,,,5
2251605.0,30-07-2026 12:51,30-07-2026 10:56,07-08-2026 11:03,21-08-2026 11:48,14-08-2026 11:22,,,,,,,,5
2251606.0,30-07-2026 12:51,30-07-2026 10:56,07-08-2026 11:03,21-08-2026 11:48,14-08-2026 11:22,,,,,,,,5
2251607.0,,07-08-2026 12:32,,,,,,,,,,,1
2251608.0,14-08-2026 13:02,07-08-2026 12:32,07-08-2026 11:03,21-08-2026 11:48,21-08-2026 14:51,,,,,,,,5
2251609.0,14-08-2026 13:02,07-08-2026 12:32,21-08-2026 15:46,21-08-2026 11:48,14-08-2026 11:22,,,,,,,,5
2251610.0,14-08-2026 13:02,07-08-2026 12:32,07-08-2026 11:03,21-08-2026 11:48,14-08-2026 11:22,,,,,,,,5
2251611.0,14-08-2026 13:02,07-08-2026 12:32,07-08-2026 11:03,27-08-2026 12:18,14-08-2026 11:22,,,,,,,,5
2251612.0,30-07-2026 12:51,30-07-2026 10:56,07-08-2026 11:03,31-08-2026 12:04,27-08-2026 13:39,,,,,,,,5
2251613.0,31-08-2026 12:05,07-08-2026 12:32,07-08-2026 11:03,27-08-2026 18:25,27-08-2026 13:39,,,,,,,,5
2251614.0,30-07-2026 12:51,30-07-2026 10:56,07-08-2026 11:03,21-08-2026 11:48,21-08-2026 14:51,,,,,,,,5
2251615.0,14-08-2026 13:02,07-08-2026 12:32,07-08-2026 11:03,27-08-2026 12:18,14-08-2026 11:22,,,,,,,,5
2251660.0,30-07-2026 14:19,30-07-2026 12:52,18-08-2026 13:08,14-08-2026 12:54,12-08-2026 16:43,,,,,,,,5
2251661.0,31-07-2026 10:17,30-07-2026 12:52,18-08-2026 13:08,21-08-2026 14:12,12-08-2026 16:43,,,,,,,,5
2251662.0,30-07-2026 14:19,27-07-2026 13:26,18-08-2026 13:08,21-08-2026 14:12,18-08-2026 18:42,,,,,,,,5
2251663.0,30-07-2026 14:19,27-07-2026 13:26,14-08-2026 15:08,14-08-2026 12:54,12-08-2026 16:43,,,,,,,,5
2251664.0,30-07-2026 14:19,27-07-2026 13:26,14-08-2026 15:08,14-08-2026 12:54,12-08-2026 16:43,,,,,,,,5
2251665.0,30-07-2026 14:19,27-07-2026 13:26,14-08-2026 15:08,21-08-2026 14:12,12-08-2026 16:43,,,,,,,,5
2251666.0,31-07-2026 10:17,30-07-2026 12:52,14-08-2026 15:08,21-08-2026 14:12,12-08-2026 16:43,,,,,,,,5
2251667.0,30-07-2026 14:19,27-07-2026 13:26,18-08-2026 13:08,21-08-2026 14:12,18-08-2026 16:08,,,,,,,,5
2251668.0,30-07-2026 14:19,30-07-2026 12:52,18-08-2026 13:08,21-08-2026 14:12,18-08-2026 16:08,,,,,,,,5
2251669.0,31-07-2026 10:17,30-07-2026 12:52,14-08-2026 15:08,21-08-2026 14:12,12-08-2026 16:43,,,,,,,,5
2251673.0,31-07-2026 10:17,30-07-2026 12:52,18-08-2026 13:08,21-08-2026 14:12,18-08-2026 16:08,,,,,,,,5
2251675.0,30-07-2026 14:19,27-07-2026 13:26,14-08-2026 15:08,14-08-2026 12:54,12-08-2026 16:43,,,,,,,,5
2251679.0,30-07-2026 14:19,27-07-2026 13:26,14-08-2026 15:08,21-08-2026 14:12,12-08-2026 16:43,,,,,,,,5
2251680.0,31-07-2026 10:17,24-08-2026 17:27,14-08-2026 15:08,14-08-2026 12:54,12-08-2026 16:43,,,,,,,,5
2251683.0,18-08-2026 12:27,24-08-2026 17:27,21-08-2026 16:21,14-08-2026 12:54,18-08-2026 16:08,,,,,,,,5
2251702.0,30-07-2026 14:19,27-07-2026 13:26,21-08-2026 16:21,14-08-2026 12:54,18-08-2026 16:08,,,,,,,,5
2251706.0,31-07-2026 10:17,24-08-2026 17:27,14-08-2026 15:08,14-08-2026 12:54,18-08-2026 16:08,,,,,,,,5
2251710.0,30-07-2026 14:19,27-07-2026 13:26,21-08-2026 16:21,14-08-2026 12:54,12-08-2026 16:43,,,,,,,,5
2251713.0,30-07-2026 14:19,27-07-2026 13:26,21-08-2026 16:21,21-08-2026 14:12,12-08-2026 16:43,,,,,,,,5
2251717.0,30-07-2026 14:19,27-07-2026 13:26,14-08-2026 15:08,14-08-2026 12:54,18-08-2026 16:08,,,,,,,,5
2251721.0,30-07-2026 14:19,30-07-2026 12:52,21-08-2026 16:21,21-08-2026 14:12,12-08-2026 16:43,,,,,,,,5
2251728.0,30-07-2026 14:19,30-07-2026 12:52,14-08-2026 15:08,14-08-2026 12:54,18-08-2026 16:08,,,,,,,,5
2251801.0,,,07-08-2026 14:16,17-08-2026 12:03,14-08-2026 16:52,,,,,,,,3
2251815.0,22-07-2026 11:08,20-07-2026 16:11,07-08-2026 14:16,17-08-2026 12:03,14-08-2026 16:52,,,,,,,,5
2251825.0,22-07-2026 11:08,20-07-2026 16:11,07-08-2026 14:16,17-08-2026 12:03,11-08-2026 13:59,,,,,,,,5
2251838.0,22-07-2026 11:08,20-07-2026 16:11,07-08-2026 14:16,17-08-2026 12:03,11-08-2026 13:59,,,,,,,,5
2251841.0,22-07-2026 11:08,20-07-2026 16:11,07-08-2026 14:16,17-08-2026 12:03,14-08-2026 16:52,,,,,,,,5
2251842.0,22-07-2026 11:08,20-07-2026 16:11,07-08-2026 14:16,17-08-2026 12:03,14-08-2026 16:52,,,,,,,,5
2251852.0,22-07-2026 16:29,16-07-2026 12:20,05-08-2026 13:35,20-08-2026 15:20,17-08-2026 11:17,,,,,,,,5
2251859.0,22-07-2026 16:29,16-07-2026 12:20,05-08-2026 13:35,20-08-2026 15:20,17-08-2026 11:17,,,,,,,,5
2251864.0,30-07-2026 11:26,29-07-2026 16:09,05-08-2026 13:35,20-08-2026 15:20,17-08-2026 11:17,,,,,,,,5
2251878.0,30-07-2026 11:26,29-07-2026 16:09,05-08-2026 13:35,20-08-2026 15:20,17-08-2026 11:17,,,,,,,,5
2251887.0,22-07-2026 16:29,16-07-2026 12:20,05-08-2026 13:35,20-08-2026 15:20,17-08-2026 11:17,,,,,,,,5
2251893.0,30-07-2026 11:26,29-07-2026 16:09,05-08-2026 13:35,20-08-2026 15:20,17-08-2026 11:17,,,,,,,,5
2251897.0,22-07-2026 16:29,16-07-2026 12:20,05-08-2026 13:35,20-08-2026 15:20,17-08-2026 11:17,,,,,,,,5
2251902.0,22-07-2026 16:29,16-07-2026 12:20,05-08-2026 13:35,20-08-2026 15:20,17-08-2026 11:17,,,,,,,,5
2251913.0,22-07-2026 16:29,16-07-2026 12:20,05-08-2026 13:35,20-08-2026 15:20,17-08-2026 11:17,,,,,,,,5
2251920.0,30-07-2026 11:26,29-07-2026 16:09,05-08-2026 13:35,20-08-2026 15:20,17-08-2026 11:17,,,,,,,,5
2251933.0,22-07-2026 16:29,16-07-2026 12:20,05-08-2026 13:35,20-08-2026 15:20,17-08-2026 11:17,,,,,,,,5
2251937.0,22-07-2026 16:29,16-07-2026 12:20,05-08-2026 13:35,20-08-2026 15:20,17-08-2026 11:17,,,,,,,,5
2251941.0,30-07-2026 11:26,29-07-2026 16:09,05-08-2026 13:35,,,,,,,,,,3
2251948.0,22-07-2026 16:29,16-07-2026 12:20,05-08-2026 13:35,20-08-2026 15:20,17-08-2026 11:17,,,,,,,,5
2252036.0,22-07-2026 16:29,16-07-2026 12:20,05-08-2026 13:35,20-08-2026 15:20,17-08-2026 11:17,,,,,,,,5
2252042.0,22-07-2026 16:29,16-07-2026 12:20,05-08-2026 13:35,20-08-2026 15:20,17-08-2026 11:17,,,,,,,,5
2252045.0,22-07-2026 16:29,16-07-2026 12:20,05-08-2026 13:35,20-08-2026 15:20,17-08-2026 11:17,,,,,,,,5
2252048.0,22-07-2026 16:29,16-07-2026 12:20,05-08-2026 13:35,20-08-2026 15:20,17-08-2026 11:17,,,,,,,,5
2252050.0,22-07-2026 16:29,16-07-2026 12:20,05-08-2026 13:35,20-08-2026 15:20,17-08-2026 11:17,,,,,,,,5
2252061.0,30-07-2026 11:26,29-07-2026 16:09,24-08-2026 15:22,20-08-2026 15:20,17-08-2026 11:17,,,,,,,,5
2252069.0,22-07-2026 16:29,16-07-2026 12:20,05-08-2026 13:35,20-08-2026 15:20,17-08-2026 11:17,,,,,,,,5
2252074.0,22-07-2026 16:29,16-07-2026 12:20,05-08-2026 13:35,20-08-2026 15:20,17-08-2026 11:17,,,,,,,,5
2252087.0,30-07-2026 11:26,29-07-2026 16:09,05-08-2026 13:35,20-08-2026 15:20,17-08-2026 11:17,,,,,,,,5
2252093.0,22-07-2026 16:29,16-07-2026 12:20,05-08-2026 13:35,20-08-2026 15:20,17-08-2026 11:17,,,,,,,,5
2252101.0,22-07-2026 16:29,16-07-2026 12:20,05-08-2026 13:35,20-08-2026 15:20,17-08-2026 11:17,,,,,,,,5
2252107.0,30-07-2026 11:26,29-07-2026 16:09,05-08-2026 13:35,20-08-2026 15:20,17-08-2026 11:17,,,,,,,,5
2252112.0,22-07-2026 16:29,16-07-2026 12:20,05-08-2026 13:35,20-08-2026 15:20,17-08-2026 11:17,,,,,,,,5
2252119.0,30-07-2026 11:26,29-07-2026 16:09,05-08-2026 13:35,20-08-2026 15:20,17-08-2026 11:17,,,,,,,,5
2252127.0,22-07-2026 16:29,16-07-2026 12:20,05-08-2026 13:35,20-08-2026 15:20,17-08-2026 11:17,,,,,,,,5
2252135.0,22-07-2026 16:29,16-07-2026 12:20,05-08-2026 13:35,20-08-2026 15:20,17-08-2026 11:17,,,,,,,,5
2252138.0,30-07-2026 11:26,29-07-2026 16:09,05-08-2026 13:35,20-08-2026 15:20,17-08-2026 11:17,,,,,,,,5
2252143.0,28-07-2026 17:27,28-07-2026 13:42,11-08-2026 17:33,20-08-2026 16:58,11-08-2026 14:08,,,,,,,,5
2252150.0,27-08-2026 14:37,27-08-2026 12:46,25-08-2026 15:52,20-08-2026 16:58,25-08-2026 13:27,,,,,,,,5
2252155.0,28-07-2026 17:27,28-07-2026 13:42,11-08-2026 17:33,20-08-2026 16:58,11-08-2026 14:08,,,,,,,,5
2252184.0,22-07-2026 16:29,16-07-2026 12:20,05-08-2026 13:35,20-08-2026 15:20,17-08-2026 11:17,,,,,,,,5
2252198.0,30-07-2026 11:26,29-07-2026 16:09,05-08-2026 13:35,20-08-2026 15:20,17-08-2026 11:17,,,,,,,,5
2252209.0,22-07-2026 16:29,16-07-2026 12:20,05-08-2026 13:35,20-08-2026 15:20,17-08-2026 11:17,,,,,,,,5
2252216.0,22-07-2026 16:29,16-07-2026 12:20,05-08-2026 13:35,20-08-2026 15:20,17-08-2026 11:17,,,,,,,,5
2252220.0,22-07-2026 16:29,16-07-2026 12:20,05-08-2026 13:35,20-08-2026 15:20,17-08-2026 11:17,,,,,,,,5
2252224.0,30-07-2026 11:26,29-07-2026 16:09,05-08-2026 13:35,20-08-2026 15:20,17-08-2026 11:17,,,,,,,,5
2252230.0,22-07-2026 16:29,16-07-2026 12:20,05-08-2026 13:35,20-08-2026 15:20,17-08-2026 11:17,,,,,,,,5
2252232.0,28-07-2026 17:27,28-07-2026 13:42,11-08-2026 17:33,20-08-2026 16:58,11-08-2026 14:08,,,,,,,,5
2252235.0,22-07-2026 16:29,16-07-2026 12:20,05-08-2026 13:35,20-08-2026 15:20,17-08-2026 11:17,,,,,,,,5
2252236.0,28-07-2026 17:27,28-07-2026 13:42,25-08-2026 15:52,20-08-2026 16:58,25-08-2026 13:27,,,,,,,,5
2252240.0,23-07-2026 13:40,22-07-2026 15:17,07-08-2026 14:02,21-08-2026 17:21,12-08-2026 18:35,,,,,,,,5
2252244.0,23-07-2026 13:40,22-07-2026 15:17,07-08-2026 14:02,21-08-2026 17:21,12-08-2026 18:35,,,,,,,,5
2252246.0,22-07-2026 16:29,16-07-2026 12:20,05-08-2026 13:35,20-08-2026 15:20,17-08-2026 11:17,,,,,,,,5
2252250.0,22-07-2026 16:29,16-07-2026 12:20,05-08-2026 13:35,20-08-2026 15:20,17-08-2026 11:17,,,,,,,,5
2252251.0,23-07-2026 13:40,22-07-2026 15:17,07-08-2026 14:02,21-08-2026 17:21,12-08-2026 18:35,,,,,,,,5
2252257.0,22-07-2026 16:29,16-07-2026 12:20,05-08-2026 13:35,20-08-2026 15:20,17-08-2026 11:17,,,,,,,,5
2252258.0,23-07-2026 13:40,22-07-2026 15:17,07-08-2026 14:02,25-08-2026 19:42,25-08-2026 18:33,,,,,,,,5
2252260.0,28-07-2026 17:27,28-07-2026 13:42,25-08-2026 15:52,20-08-2026 16:58,25-08-2026 13:27,,,,,,,,5
2252265.0,23-07-2026 13:40,22-07-2026 15:17,07-08-2026 14:02,21-08-2026 17:21,12-08-2026 18:35,,,,,,,,5
2252270.0,23-07-2026 13:40,22-07-2026 15:17,25-08-2026 18:31,21-08-2026 17:21,21-08-2026 19:46,,,,,,,,5
2252273.0,28-07-2026 17:27,28-07-2026 13:42,25-08-2026 15:52,20-08-2026 16:58,25-08-2026 13:27,,,,,,,,5
2252276.0,23-07-2026 13:40,22-07-2026 15:17,07-08-2026 14:02,21-08-2026 17:21,12-08-2026 18:35,,,,,,,,5
2252280.0,23-07-2026 13:40,22-07-2026 15:17,21-08-2026 19:47,21-08-2026 17:21,12-08-2026 18:35,,,,,,,,5
2252286.0,23-07-2026 13:40,22-07-2026 15:17,07-08-2026 14:02,21-08-2026 17:21,12-08-2026 18:35,,,,,,,,5
2252288.0,23-07-2026 13:40,22-07-2026 15:17,07-08-2026 14:02,21-08-2026 17:21,12-08-2026 18:35,,,,,,,,5
2252290.0,23-07-2026 13:40,22-07-2026 15:17,07-08-2026 14:02,21-08-2026 17:21,12-08-2026 18:35,,,,,,,,5
2252297.0,23-07-2026 13:40,22-07-2026 15:17,07-08-2026 14:02,21-08-2026 17:21,12-08-2026 18:35,,,,,,,,5
2252302.0,23-07-2026 13:40,22-07-2026 15:17,07-08-2026 14:02,21-08-2026 17:21,12-08-2026 18:35,,,,,,,,5
2252306.0,23-07-2026 13:40,22-07-2026 15:17,07-08-2026 14:02,21-08-2026 17:21,12-08-2026 18:35,,,,,,,,5
2252310.0,23-07-2026 13:40,22-07-2026 15:17,07-08-2026 14:02,21-08-2026 17:21,12-08-2026 18:35,,,,,,,,5
2252317.0,23-07-2026 13:40,22-07-2026 15:17,07-08-2026 14:02,21-08-2026 17:21,12-08-2026 18:35,,,,,,,,5
2252324.0,23-07-2026 13:40,22-07-2026 15:17,07-08-2026 14:02,21-08-2026 17:21,12-08-2026 18:35,,,,,,,,5
2252329.0,23-07-2026 13:40,22-07-2026 15:17,07-08-2026 14:02,21-08-2026 17:21,12-08-2026 18:35,,,,,,,,5
2252332.0,23-07-2026 13:40,22-07-2026 15:17,07-08-2026 14:02,21-08-2026 17:21,21-08-2026 19:46,,,,,,,,5
2252342.0,28-07-2026 17:27,28-07-2026 13:42,25-08-2026 15:52,20-08-2026 16:58,25-08-2026 13:27,,,,,,,,5
2252343.0,23-07-2026 13:40,22-07-2026 15:17,07-08-2026 14:02,21-08-2026 17:21,12-08-2026 18:35,,,,,,,,5
2252350.0,26-08-2026 18:21,26-08-2026 18:29,07-08-2026 14:02,25-08-2026 19:42,25-08-2026 18:33,,,,,,,,5
2252358.0,23-07-2026 13:40,22-07-2026 15:17,07-08-2026 14:02,21-08-2026 17:21,12-08-2026 18:35,,,,,,,,5
2252362.0,23-07-2026 13:40,22-07-2026 15:17,07-08-2026 14:02,21-08-2026 17:21,12-08-2026 18:35,,,,,,,,5
2252366.0,23-07-2026 13:40,22-07-2026 15:17,07-08-2026 14:02,21-08-2026 17:21,12-08-2026 18:35,,,,,,,,5
2252369.0,23-07-2026 13:40,22-07-2026 15:17,07-08-2026 14:02,21-08-2026 17:21,12-08-2026 18:35,,,,,,,,5
2252373.0,25-08-2026 19:42,25-08-2026 18:32,07-08-2026 14:02,21-08-2026 17:21,12-08-2026 18:35,,,,,,,,5
2252375.0,23-07-2026 13:40,22-07-2026 15:17,07-08-2026 14:02,21-08-2026 17:21,12-08-2026 18:35,,,,,,,,5
2252377.0,23-07-2026 13:40,30-07-2026 13:29,07-08-2026 14:02,21-08-2026 17:21,12-08-2026 18:35,,,,,,,,5
2252379.0,23-07-2026 13:40,22-07-2026 15:17,07-08-2026 14:02,25-08-2026 19:42,12-08-2026 18:35,,,,,,,,5
2252381.0,02-08-2026 18:11,31-07-2026 21:56,07-08-2026 14:16,17-08-2026 12:03,14-08-2026 16:52,,,,,,,,5
2252384.0,23-07-2026 13:40,22-07-2026 15:17,07-08-2026 14:02,21-08-2026 17:21,12-08-2026 18:35,,,,,,,,5
2252385.0,22-07-2026 11:08,20-07-2026 16:11,07-08-2026 14:16,17-08-2026 12:03,11-08-2026 13:59,,,,,,,,5
2252389.0,22-07-2026 11:08,20-07-2026 16:11,07-08-2026 14:16,17-08-2026 12:03,14-08-2026 16:52,,,,,,,,5
2252391.0,22-07-2026 16:30,20-07-2026 16:59,05-08-2026 17:01,20-08-2026 18:33,20-08-2026 13:22,,,,,,,,5
2252394.0,22-07-2026 16:30,20-07-2026 16:59,05-08-2026 17:01,24-08-2026 13:36,14-08-2026 16:49,,,,,,,,5
2252399.0,22-07-2026 16:30,20-07-2026 16:59,05-08-2026 17:01,24-08-2026 13:36,14-08-2026 16:49,,,,,,,,5
2252404.0,29-07-2026 20:46,29-07-2026 19:13,05-08-2026 17:01,18-08-2026 18:11,14-08-2026 16:49,,,,,,,,5
2252406.0,22-07-2026 16:30,20-07-2026 16:59,05-08-2026 17:01,18-08-2026 18:11,14-08-2026 16:49,,,,,,,,5
2252409.0,28-07-2026 17:27,28-07-2026 13:42,25-08-2026 15:52,20-08-2026 16:58,25-08-2026 13:27,,,,,,,,5
2252411.0,22-07-2026 16:30,22-07-2026 17:53,05-08-2026 17:01,18-08-2026 18:11,14-08-2026 16:49,,,,,,,,5
2252416.0,28-07-2026 17:27,28-07-2026 13:42,25-08-2026 15:52,20-08-2026 16:58,25-08-2026 13:27,,,,,,,,5
2252419.0,22-07-2026 16:30,20-07-2026 16:59,05-08-2026 17:01,18-08-2026 18:11,14-08-2026 16:49,,,,,,,,5
2252425.0,22-07-2026 16:30,20-07-2026 16:59,05-08-2026 17:01,18-08-2026 18:11,14-08-2026 16:49,,,,,,,,5
2252431.0,22-07-2026 16:30,20-07-2026 16:59,05-08-2026 17:01,18-08-2026 18:11,14-08-2026 16:49,,,,,,,,5
2252434.0,28-07-2026 17:27,28-07-2026 13:42,11-08-2026 17:33,20-08-2026 16:58,11-08-2026 14:08,,,,,,,,5
2252436.0,22-07-2026 16:30,20-07-2026 16:59,05-08-2026 17:01,18-08-2026 18:11,14-08-2026 16:49,,,,,,,,5
2252447.0,22-07-2026 16:30,22-07-2026 17:53,18-08-2026 19:42,18-08-2026 18:11,14-08-2026 16:49,,,,,,,,5
2252453.0,29-07-2026 20:46,29-07-2026 19:13,24-08-2026 10:42,18-08-2026 18:11,18-08-2026 19:41,,,,,,,,5
2252457.0,30-07-2026 17:30,20-07-2026 16:59,05-08-2026 17:01,18-08-2026 18:11,14-08-2026 16:49,,,,,,,,5
2252463.0,22-07-2026 16:30,20-07-2026 16:59,05-08-2026 17:01,18-08-2026 18:11,14-08-2026 16:49,,,,,,,,5
2252466.0,22-07-2026 16:30,20-07-2026 16:59,05-08-2026 17:01,18-08-2026 18:11,14-08-2026 16:49,,,,,,,,5
2252468.0,30-07-2026 17:30,20-07-2026 16:59,05-08-2026 17:01,18-08-2026 18:11,14-08-2026 16:49,,,,,,,,5
2252471.0,22-07-2026 16:30,20-07-2026 16:59,05-08-2026 17:01,18-08-2026 18:11,14-08-2026 16:49,,,,,,,,5
2252477.0,22-07-2026 16:30,22-07-2026 17:53,05-08-2026 17:01,18-08-2026 18:11,14-08-2026 16:49,,,,,,,,5
2252479.0,22-07-2026 16:30,20-07-2026 16:59,05-08-2026 17:01,18-08-2026 18:11,14-08-2026 16:49,,,,,,,,5
2252485.0,22-07-2026 16:30,20-07-2026 16:59,05-08-2026 17:01,18-08-2026 18:11,14-08-2026 16:49,,,,,,,,5
2252488.0,22-07-2026 16:30,20-07-2026 16:59,24-08-2026 10:42,18-08-2026 18:11,18-08-2026 19:41,,,,,,,,5
2252491.0,22-07-2026 16:30,20-07-2026 16:59,05-08-2026 17:01,18-08-2026 18:11,14-08-2026 16:49,,,,,,,,5
2252493.0,27-08-2026 14:37,27-08-2026 12:46,25-08-2026 15:52,20-08-2026 16:58,25-08-2026 13:27,,,,,,,,5
2252496.0,29-07-2026 20:46,29-07-2026 19:13,05-08-2026 17:01,18-08-2026 18:11,14-08-2026 16:49,,,,,,,,5
2252498.0,22-07-2026 16:30,20-07-2026 16:59,05-08-2026 17:01,18-08-2026 18:11,14-08-2026 16:49,,,,,,,,5
2252502.0,22-07-2026 16:30,20-07-2026 16:59,05-08-2026 17:01,18-08-2026 18:11,14-08-2026 16:49,,,,,,,,5
2252505.0,28-07-2026 17:27,28-07-2026 13:42,25-08-2026 15:52,20-08-2026 16:58,25-08-2026 13:27,,,,,,,,5
2252508.0,22-07-2026 16:30,20-07-2026 16:59,05-08-2026 17:01,18-08-2026 18:11,14-08-2026 16:49,,,,,,,,5
2252513.0,22-07-2026 16:30,22-07-2026 17:53,05-08-2026 17:01,18-08-2026 18:11,14-08-2026 16:49,,,,,,,,5
2252516.0,22-07-2026 16:30,20-07-2026 16:59,05-08-2026 17:01,18-08-2026 18:11,14-08-2026 16:49,,,,,,,,5
2252524.0,22-07-2026 16:30,22-07-2026 17:53,24-08-2026 10:42,18-08-2026 18:11,18-08-2026 19:41,,,,,,,,5
2252528.0,22-07-2026 16:30,22-07-2026 17:53,18-08-2026 19:42,18-08-2026 18:11,14-08-2026 16:49,,,,,,,,5
2252531.0,22-07-2026 16:30,22-07-2026 17:53,25-08-2026 18:38,24-08-2026 13:36,24-08-2026 10:43,,,,,,,,5
2252533.0,28-07-2026 17:27,28-07-2026 13:42,25-08-2026 15:52,20-08-2026 16:58,25-08-2026 13:27,,,,,,,,5
2252537.0,22-07-2026 16:30,20-07-2026 16:59,05-08-2026 17:01,18-08-2026 18:11,18-08-2026 19:41,,,,,,,,5
2252538.0,22-07-2026 16:30,20-07-2026 16:59,05-08-2026 17:01,18-08-2026 18:11,14-08-2026 16:49,,,,,,,,5
2252540.0,22-07-2026 16:30,20-07-2026 16:59,05-08-2026 17:01,18-08-2026 18:11,14-08-2026 16:49,,,,,,,,5
2252541.0,28-07-2026 17:27,28-07-2026 13:42,11-08-2026 17:33,20-08-2026 16:58,11-08-2026 14:08,,,,,,,,5
2252542.0,29-07-2026 20:46,29-07-2026 19:13,24-08-2026 10:42,20-08-2026 18:33,20-08-2026 13:22,,,,,,,,5
2252547.0,22-07-2026 16:30,22-07-2026 17:53,18-08-2026 19:42,18-08-2026 18:11,14-08-2026 16:49,,,,,,,,5
2252548.0,22-07-2026 16:30,20-07-2026 16:59,05-08-2026 17:01,18-08-2026 18:11,14-08-2026 16:49,,,,,,,,5
2252552.0,22-07-2026 16:30,22-07-2026 17:53,05-08-2026 17:01,18-08-2026 18:11,14-08-2026 16:49,,,,,,,,5
2252553.0,28-07-2026 17:27,28-07-2026 13:42,25-08-2026 15:52,20-08-2026 16:58,25-08-2026 13:27,,,,,,,,5
2252554.0,22-07-2026 16:30,20-07-2026 16:59,05-08-2026 17:01,18-08-2026 18:11,18-08-2026 19:41,,,,,,,,5
2252557.0,22-07-2026 16:30,20-07-2026 16:59,05-08-2026 17:01,18-08-2026 18:11,14-08-2026 16:49,,,,,,,,5
2252572.0,28-07-2026 17:27,28-07-2026 13:42,25-08-2026 15:52,20-08-2026 16:58,25-08-2026 13:27,,,,,,,,5
2252583.0,28-07-2026 17:27,28-07-2026 13:42,25-08-2026 15:52,20-08-2026 16:58,25-08-2026 13:27,,,,,,,,5
2252603.0,28-07-2026 17:27,28-07-2026 13:42,11-08-2026 17:33,20-08-2026 16:58,11-08-2026 14:08,,,,,,,,5
2252607.0,28-07-2026 17:27,28-07-2026 13:42,11-08-2026 17:33,20-08-2026 16:58,11-08-2026 14:08,,,,,,,,5
2252640.0,30-07-2026 13:12,23-07-2026 13:29,06-08-2026 14:38,26-08-2026 18:20,13-08-2026 14:16,,,,,,,,5
2252641.0,30-07-2026 13:12,23-07-2026 13:29,06-08-2026 14:38,20-08-2026 16:51,13-08-2026 14:16,,,,,,,,5
2252642.0,07-08-2026 15:35,07-08-2026 12:34,06-08-2026 14:38,20-08-2026 16:51,13-08-2026 14:16,,,,,,,,5
2252643.0,07-08-2026 15:35,07-08-2026 12:34,27-08-2026 13:27,26-08-2026 18:20,26-08-2026 16:48,,,,,,,,5
2252644.0,30-07-2026 13:12,23-07-2026 13:29,06-08-2026 14:38,20-08-2026 16:51,13-08-2026 16:56,,,,,,,,5
2252645.0,30-07-2026 15:52,30-07-2026 14:44,06-08-2026 14:38,20-08-2026 16:51,13-08-2026 14:16,,,,,,,,5
2252646.0,30-07-2026 13:12,23-07-2026 13:29,20-08-2026 18:43,20-08-2026 16:51,13-08-2026 14:16,,,,,,,,5
2252647.0,07-08-2026 15:35,07-08-2026 12:34,06-08-2026 14:38,26-08-2026 18:20,26-08-2026 16:48,,,,,,,,5
2252648.0,31-07-2026 16:36,31-07-2026 14:50,06-08-2026 14:38,20-08-2026 16:51,13-08-2026 14:16,,,,,,,,5
2252649.0,31-07-2026 16:36,31-07-2026 14:50,06-08-2026 14:38,20-08-2026 16:51,13-08-2026 14:16,,,,,,,,5
2252650.0,31-07-2026 16:36,31-07-2026 14:50,06-08-2026 14:38,20-08-2026 16:51,20-08-2026 18:44,,,,,,,,5
2252651.0,07-08-2026 15:35,07-08-2026 12:34,06-08-2026 14:38,20-08-2026 16:51,13-08-2026 14:16,,,,,,,,5
2252652.0,31-07-2026 16:36,31-07-2026 14:50,06-08-2026 14:38,20-08-2026 16:51,13-08-2026 14:16,,,,,,,,5
2252653.0,07-08-2026 15:35,07-08-2026 12:34,06-08-2026 14:38,20-08-2026 16:51,13-08-2026 14:16,,,,,,,,5
2252654.0,30-07-2026 13:12,23-07-2026 13:29,06-08-2026 14:38,20-08-2026 16:51,13-08-2026 14:16,,,,,,,,5
2252655.0,30-07-2026 13:12,23-07-2026 13:29,06-08-2026 14:38,20-08-2026 16:51,13-08-2026 14:16,,,,,,,,5
2252656.0,07-08-2026 15:35,07-08-2026 12:34,20-08-2026 18:43,20-08-2026 16:51,13-08-2026 14:16,,,,,,,,5
2252657.0,30-07-2026 13:12,23-07-2026 13:29,06-08-2026 14:38,20-08-2026 16:51,20-08-2026 18:44,,,,,,,,5
2252658.0,31-07-2026 16:36,31-07-2026 18:02,06-08-2026 14:38,20-08-2026 16:51,13-08-2026 14:16,,,,,,,,5
2252659.0,30-07-2026 13:12,30-07-2026 14:44,06-08-2026 14:38,20-08-2026 16:51,13-08-2026 14:16,,,,,,,,5
2252660.0,30-07-2026 15:52,30-07-2026 14:44,06-08-2026 14:38,20-08-2026 16:51,13-08-2026 16:56,,,,,,,,5
2252661.0,31-07-2026 16:36,31-07-2026 14:50,06-08-2026 14:38,20-08-2026 16:51,13-08-2026 14:16,,,,,,,,5
2252662.0,30-07-2026 13:12,23-07-2026 13:29,20-08-2026 18:43,20-08-2026 16:51,13-08-2026 16:56,,,,,,,,5
2252663.0,31-07-2026 16:36,31-07-2026 14:50,06-08-2026 14:38,20-08-2026 16:51,13-08-2026 16:56,,,,,,,,5
2252664.0,07-08-2026 15:35,07-08-2026 12:34,06-08-2026 14:38,20-08-2026 16:51,13-08-2026 16:56,,,,,,,,5
2252665.0,07-08-2026 15:35,07-08-2026 12:34,06-08-2026 14:38,20-08-2026 16:51,13-08-2026 16:56,,,,,,,,5
2252666.0,07-08-2026 15:35,07-08-2026 12:34,06-08-2026 14:38,20-08-2026 16:51,13-08-2026 16:56,,,,,,,,5
2252667.0,07-08-2026 15:35,07-08-2026 12:34,20-08-2026 18:43,20-08-2026 16:51,13-08-2026 14:16,,,,,,,,5
2252668.0,31-07-2026 16:36,31-07-2026 14:50,06-08-2026 17:16,20-08-2026 16:51,13-08-2026 14:16,,,,,,,,5
2252669.0,07-08-2026 15:35,07-08-2026 12:34,20-08-2026 18:43,20-08-2026 16:51,13-08-2026 16:56,,,,,,,,5
2252670.0,30-07-2026 13:12,23-07-2026 13:29,06-08-2026 14:38,20-08-2026 16:51,13-08-2026 16:56,,,,,,,,5
2252671.0,30-07-2026 15:52,30-07-2026 14:44,06-08-2026 14:38,20-08-2026 16:51,13-08-2026 16:56,,,,,,,,5
2252672.0,30-07-2026 13:12,23-07-2026 13:29,20-08-2026 18:43,20-08-2026 16:51,13-08-2026 16:56,,,,,,,,5
2252673.0,30-07-2026 13:12,23-07-2026 13:29,06-08-2026 14:38,20-08-2026 16:51,13-08-2026 16:56,,,,,,,,5
2252674.0,07-08-2026 15:35,07-08-2026 12:34,06-08-2026 14:38,20-08-2026 16:51,13-08-2026 14:16,,,,,,,,5
2252675.0,31-07-2026 16:36,31-07-2026 14:50,27-08-2026 13:27,26-08-2026 18:20,26-08-2026 16:48,,,,,,,,5
2252676.0,31-07-2026 16:36,07-08-2026 12:34,27-08-2026 13:27,26-08-2026 18:20,26-08-2026 16:48,,,,,,,,5
2252677.0,07-08-2026 15:35,07-08-2026 12:34,06-08-2026 14:38,20-08-2026 16:51,13-08-2026 14:16,,,,,,,,5
2252678.0,31-07-2026 16:36,31-07-2026 14:50,27-08-2026 13:27,26-08-2026 18:20,26-08-2026 16:48,,,,,,,,5
2252679.0,07-08-2026 15:35,07-08-2026 12:34,06-08-2026 14:38,20-08-2026 16:51,13-08-2026 14:16,,,,,,,,5
2252680.0,07-08-2026 15:35,07-08-2026 12:34,06-08-2026 14:38,20-08-2026 16:51,13-08-2026 14:16,,,,,,,,5
2252681.0,07-08-2026 15:35,07-08-2026 12:34,06-08-2026 14:38,20-08-2026 16:51,13-08-2026 14:16,,,,,,,,5
2252682.0,30-07-2026 13:12,30-07-2026 14:44,06-08-2026 14:38,20-08-2026 16:51,13-08-2026 14:16,,,,,,,,5
2252683.0,30-07-2026 13:12,23-07-2026 13:29,06-08-2026 14:38,20-08-2026 16:51,13-08-2026 16:56,,,,,,,,5
2252684.0,31-07-2026 16:36,31-07-2026 14:50,06-08-2026 14:38,26-08-2026 18:20,26-08-2026 16:48,,,,,,,,5
2252685.0,07-08-2026 15:35,07-08-2026 12:34,06-08-2026 14:38,20-08-2026 16:51,13-08-2026 14:16,,,,,,,,5
2252686.0,07-08-2026 15:35,07-08-2026 12:34,06-08-2026 14:38,20-08-2026 16:51,13-08-2026 14:16,,,,,,,,5
2252687.0,30-07-2026 13:12,23-07-2026 13:29,06-08-2026 14:38,20-08-2026 16:51,13-08-2026 16:56,,,,,,,,5
2252688.0,07-08-2026 15:35,07-08-2026 12:34,06-08-2026 14:38,20-08-2026 16:51,13-08-2026 14:16,,,,,,,,5
2252689.0,30-07-2026 13:12,30-07-2026 14:44,06-08-2026 14:38,20-08-2026 16:51,13-08-2026 14:16,,,,,,,,5
2252690.0,07-08-2026 15:35,07-08-2026 12:34,06-08-2026 14:38,26-08-2026 18:20,13-08-2026 14:16,,,,,,,,5
2252691.0,07-08-2026 15:35,07-08-2026 12:34,06-08-2026 14:38,20-08-2026 16:51,13-08-2026 16:56,,,,,,,,5
2252692.0,30-07-2026 13:12,30-07-2026 14:44,06-08-2026 14:38,20-08-2026 16:51,13-08-2026 14:16,,,,,,,,5
2252693.0,31-07-2026 16:36,31-07-2026 14:50,06-08-2026 14:38,20-08-2026 16:51,13-08-2026 16:56,,,,,,,,5
2252694.0,30-07-2026 13:12,23-07-2026 13:29,27-08-2026 13:27,26-08-2026 18:20,13-08-2026 16:56,,,,,,,,5
2252695.0,07-08-2026 15:35,07-08-2026 12:34,,,,,,,,,,,2
2252696.0,30-07-2026 13:12,23-07-2026 13:29,06-08-2026 14:38,20-08-2026 16:51,13-08-2026 16:56,,,,,,,,5
2252697.0,07-08-2026 15:35,07-08-2026 12:34,06-08-2026 14:38,20-08-2026 16:51,20-08-2026 18:44,,,,,,,,5
2252698.0,30-07-2026 13:12,23-07-2026 13:29,06-08-2026 14:38,20-08-2026 16:51,13-08-2026 16:56,,,,,,,,5
2252699.0,07-08-2026 15:35,07-08-2026 12:34,27-08-2026 13:27,26-08-2026 18:20,26-08-2026 16:48,,,,,,,,5
2252700.0,07-08-2026 15:35,07-08-2026 12:34,06-08-2026 14:38,20-08-2026 16:51,13-08-2026 16:56,,,,,,,,5
2252701.0,07-08-2026 15:35,07-08-2026 12:34,06-08-2026 14:38,20-08-2026 16:51,13-08-2026 16:56,,,,,,,,5
2252702.0,07-08-2026 15:35,07-08-2026 12:34,06-08-2026 14:38,,,,,,,,,,3
2252703.0,30-07-2026 13:12,23-07-2026 13:29,20-08-2026 18:43,20-08-2026 16:51,13-08-2026 16:56,,,,,,,,5
2252704.0,30-07-2026 13:12,23-07-2026 13:29,06-08-2026 14:38,20-08-2026 16:51,13-08-2026 16:56,,,,,,,,5
2253529.0,28-07-2026 17:27,28-07-2026 13:42,11-08-2026 17:33,20-08-2026 16:58,11-08-2026 14:08,,,,,,,,5
2253535.0,28-07-2026 17:27,28-07-2026 13:42,11-08-2026 17:33,20-08-2026 16:58,11-08-2026 14:08,,,,,,,,5
2253550.0,28-07-2026 17:27,28-07-2026 13:42,25-08-2026 15:52,20-08-2026 16:58,25-08-2026 13:27,,,,,,,,5
2253555.0,28-07-2026 17:27,28-07-2026 13:42,11-08-2026 17:33,20-08-2026 16:58,11-08-2026 14:08,,,,,,,,5
2253560.0,28-07-2026 17:27,28-07-2026 13:42,11-08-2026 17:33,20-08-2026 16:58,11-08-2026 14:08,,,,,,,,5
2253564.0,28-07-2026 17:27,28-07-2026 13:42,25-08-2026 15:52,20-08-2026 16:58,25-08-2026 13:27,,,,,,,,5
2253569.0,28-07-2026 17:27,28-07-2026 13:42,25-08-2026 15:52,20-08-2026 16:58,25-08-2026 13:27,,,,,,,,5
2253576.0,28-07-2026 17:27,28-07-2026 13:42,11-08-2026 17:33,20-08-2026 16:58,11-08-2026 14:08,,,,,,,,5
2253578.0,27-08-2026 14:37,27-08-2026 12:46,11-08-2026 17:33,20-08-2026 16:58,11-08-2026 14:08,,,,,,,,5
2253586.0,27-08-2026 14:37,27-08-2026 12:46,25-08-2026 15:52,20-08-2026 16:58,25-08-2026 13:27,,,,,,,,5
2253590.0,28-07-2026 17:27,28-07-2026 13:42,25-08-2026 15:52,20-08-2026 16:58,25-08-2026 13:27,,,,,,,,5
2253593.0,27-08-2026 14:37,27-08-2026 12:46,25-08-2026 15:52,20-08-2026 16:58,25-08-2026 13:27,,,,,,,,5
2253596.0,28-07-2026 17:27,28-07-2026 13:42,25-08-2026 15:52,20-08-2026 16:58,25-08-2026 13:27,,,,,,,,5
2253598.0,28-07-2026 17:27,28-07-2026 13:42,11-08-2026 17:33,20-08-2026 16:58,11-08-2026 14:08,,,,,,,,5
2253602.0,28-07-2026 17:40,28-07-2026 13:42,25-08-2026 15:52,20-08-2026 16:58,25-08-2026 13:27,,,,,,,,5
2253635.0,29-07-2026 21:25,29-07-2026 15:55,05-08-2026 14:30,25-08-2026 15:10,14-08-2026 11:38,,,,,,,,5
2253638.0,29-07-2026 21:25,21-07-2026 16:55,05-08-2026 14:30,18-08-2026 18:35,14-08-2026 11:38,,,,,,,,5
2253641.0,23-07-2026 12:06,21-07-2026 16:55,05-08-2026 14:30,25-08-2026 15:10,14-08-2026 11:38,,,,,,,,5
2253645.0,29-07-2026 21:25,29-07-2026 15:55,05-08-2026 14:30,25-08-2026 15:10,14-08-2026 11:38,,,,,,,,5
2253648.0,23-07-2026 12:06,21-07-2026 16:55,05-08-2026 14:30,18-08-2026 18:35,14-08-2026 11:38,,,,,,,,5
2253653.0,23-07-2026 12:06,21-07-2026 16:55,05-08-2026 14:30,18-08-2026 18:35,14-08-2026 11:38,,,,,,,,5
2253659.0,23-07-2026 12:06,21-07-2026 16:55,05-08-2026 14:30,18-08-2026 18:35,25-08-2026 14:10,,,,,,,,5
2253665.0,29-07-2026 21:25,29-07-2026 15:55,05-08-2026 14:30,25-08-2026 15:10,14-08-2026 11:38,,,,,,,,5
2253667.0,23-07-2026 12:06,21-07-2026 16:55,05-08-2026 14:30,25-08-2026 15:10,14-08-2026 11:38,,,,,,,,5
2253672.0,29-07-2026 21:25,29-07-2026 15:55,05-08-2026 14:30,25-08-2026 15:10,14-08-2026 11:38,,,,,,,,5
2253676.0,23-07-2026 12:06,21-07-2026 16:55,05-08-2026 14:30,18-08-2026 18:35,14-08-2026 11:38,,,,,,,,5
2253680.0,29-07-2026 21:25,29-07-2026 15:55,05-08-2026 14:30,25-08-2026 15:10,14-08-2026 11:38,,,,,,,,5
2253683.0,29-07-2026 21:25,29-07-2026 15:55,05-08-2026 14:30,25-08-2026 15:10,14-08-2026 11:38,,,,,,,,5
2253686.0,29-07-2026 21:25,29-07-2026 15:55,05-08-2026 14:30,25-08-2026 15:10,25-08-2026 14:10,,,,,,,,5
2253692.0,29-07-2026 21:25,29-07-2026 15:55,05-08-2026 14:30,25-08-2026 15:10,14-08-2026 11:38,,,,,,,,5
2253694.0,23-07-2026 12:06,21-07-2026 16:55,13-08-2026 00:55,18-08-2026 18:35,14-08-2026 11:38,,,,,,,,5
2253695.0,28-07-2026 17:27,28-07-2026 13:42,25-08-2026 15:52,20-08-2026 16:58,25-08-2026 13:27,,,,,,,,5
2253696.0,29-07-2026 21:25,29-07-2026 15:55,05-08-2026 14:30,18-08-2026 18:35,14-08-2026 11:38,,,,,,,,5
2253697.0,27-08-2026 14:37,27-08-2026 12:46,25-08-2026 15:52,20-08-2026 16:58,25-08-2026 13:27,,,,,,,,5
2253698.0,29-07-2026 21:25,29-07-2026 15:55,13-08-2026 00:55,18-08-2026 18:35,14-08-2026 11:38,,,,,,,,5
2253701.0,29-07-2026 21:25,29-07-2026 15:55,05-08-2026 14:30,25-08-2026 15:10,14-08-2026 11:38,,,,,,,,5
2253704.0,29-07-2026 21:25,29-07-2026 15:55,05-08-2026 14:30,25-08-2026 15:10,25-08-2026 14:10,,,,,,,,5
2253711.0,28-07-2026 17:27,28-07-2026 13:42,25-08-2026 15:52,20-08-2026 16:58,25-08-2026 13:27,,,,,,,,5
2253713.0,28-07-2026 17:27,28-07-2026 13:42,11-08-2026 17:33,20-08-2026 16:58,11-08-2026 14:08,,,,,,,,5
2253715.0,28-07-2026 17:27,28-07-2026 13:42,11-08-2026 17:33,20-08-2026 16:58,11-08-2026 14:08,,,,,,,,5
2253717.0,28-07-2026 17:27,28-07-2026 13:42,25-08-2026 15:52,20-08-2026 16:58,25-08-2026 13:27,,,,,,,,5
2253720.0,28-07-2026 17:27,28-07-2026 13:42,25-08-2026 15:52,20-08-2026 16:58,25-08-2026 13:27,,,,,,,,5
2253723.0,28-07-2026 17:27,28-07-2026 13:42,25-08-2026 15:52,20-08-2026 16:58,25-08-2026 13:27,,,,,,,,5
2253727.0,28-07-2026 17:27,28-07-2026 13:42,11-08-2026 17:33,20-08-2026 16:58,11-08-2026 14:08,,,,,,,,5
2253730.0,28-07-2026 17:27,28-07-2026 13:42,25-08-2026 15:52,20-08-2026 16:58,25-08-2026 13:27,,,,,,,,5
2253734.0,28-07-2026 17:27,28-07-2026 13:42,25-08-2026 15:52,20-08-2026 16:58,25-08-2026 13:27,,,,,,,,5
2253749.0,21-07-2026 16:56,20-07-2026 17:26,05-08-2026 14:31,21-08-2026 18:12,21-08-2026 19:32,,,,,,,,5
2253750.0,21-07-2026 16:56,20-07-2026 17:26,05-08-2026 14:31,21-08-2026 18:12,14-08-2026 16:47,,,,,,,,5
2253751.0,21-07-2026 16:56,20-07-2026 17:26,,21-08-2026 18:12,14-08-2026 16:47,,,,,,,,4
2253752.0,21-07-2026 16:56,20-07-2026 17:26,05-08-2026 14:31,21-08-2026 18:12,14-08-2026 16:47,,,,,,,,5
2253753.0,21-07-2026 16:56,20-07-2026 17:26,05-08-2026 14:31,21-08-2026 18:12,14-08-2026 16:47,,,,,,,,5
2253754.0,21-07-2026 16:56,20-07-2026 17:26,05-08-2026 14:31,21-08-2026 18:12,14-08-2026 16:47,,,,,,,,5
2253784.0,21-07-2026 16:56,20-07-2026 17:26,,21-08-2026 18:12,14-08-2026 16:47,,,,,,,,4
2253785.0,21-07-2026 16:56,20-07-2026 17:26,,21-08-2026 18:12,14-08-2026 16:47,,,,,,,,4
2253786.0,21-07-2026 16:56,20-07-2026 17:26,05-08-2026 14:31,21-08-2026 18:12,14-08-2026 16:47,,,,,,,,5
2253787.0,02-08-2026 18:11,31-07-2026 21:56,07-08-2026 14:16,17-08-2026 12:03,14-08-2026 16:52,,,,,,,,5
2253788.0,02-08-2026 18:11,31-07-2026 21:56,07-08-2026 14:16,17-08-2026 12:03,14-08-2026 16:52,,,,,,,,5
2253789.0,02-08-2026 18:11,31-07-2026 21:56,14-08-2026 20:06,17-08-2026 12:03,11-08-2026 13:59,,,,,,,,5
2253790.0,02-08-2026 18:11,31-07-2026 21:56,14-08-2026 20:06,17-08-2026 12:03,14-08-2026 16:52,,,,,,,,5
2253999.0,21-07-2026 16:56,20-07-2026 17:26,05-08-2026 14:31,21-08-2026 18:12,21-08-2026 19:32,,,,,,,,5
2254003.0,21-07-2026 16:56,20-07-2026 17:26,05-08-2026 14:31,21-08-2026 18:12,14-08-2026 16:47,,,,,,,,5
2254005.0,22-07-2026 11:08,20-07-2026 16:11,07-08-2026 14:16,17-08-2026 12:03,11-08-2026 13:59,,,,,,,,5
2254008.0,21-07-2026 16:56,20-07-2026 17:26,05-08-2026 14:31,21-08-2026 18:12,14-08-2026 16:47,,,,,,,,5
2254009.0,22-07-2026 11:08,20-07-2026 16:11,07-08-2026 14:16,17-08-2026 12:03,11-08-2026 13:59,,,,,,,,5
2254010.0,22-07-2026 11:08,20-07-2026 16:11,07-08-2026 14:16,17-08-2026 12:03,14-08-2026 16:52,,,,,,,,5
2254011.0,21-07-2026 16:56,20-07-2026 17:26,05-08-2026 14:31,21-08-2026 18:12,14-08-2026 16:47,,,,,,,,5
2254012.0,22-07-2026 11:08,20-07-2026 16:11,07-08-2026 14:16,17-08-2026 12:03,14-08-2026 16:52,,,,,,,,5
2254013.0,21-07-2026 16:56,20-07-2026 17:26,05-08-2026 14:31,21-08-2026 18:12,14-08-2026 16:47,,,,,,,,5
2254023.0,22-07-2026 11:08,20-07-2026 16:11,07-08-2026 14:16,17-08-2026 12:03,14-08-2026 16:52,,,,,,,,5
2254026.0,22-07-2026 11:08,20-07-2026 16:11,07-08-2026 14:16,17-08-2026 12:03,11-08-2026 13:59,,,,,,,,5
2254030.0,22-07-2026 11:08,20-07-2026 16:11,07-08-2026 14:16,17-08-2026 12:03,11-08-2026 13:59,,,,,,,,5
2254035.0,22-07-2026 11:08,20-07-2026 16:11,07-08-2026 14:16,17-08-2026 12:03,14-08-2026 16:52,,,,,,,,5
2254039.0,22-07-2026 11:08,20-07-2026 16:11,07-08-2026 14:16,17-08-2026 12:03,11-08-2026 13:59,,,,,,,,5
2254041.0,22-07-2026 11:08,20-07-2026 16:11,07-08-2026 14:16,17-08-2026 12:03,14-08-2026 16:52,,,,,,,,5
2254044.0,22-07-2026 11:08,20-07-2026 16:11,07-08-2026 14:16,17-08-2026 12:03,14-08-2026 16:52,,,,,,,,5
2254047.0,22-07-2026 11:08,20-07-2026 16:11,07-08-2026 14:16,17-08-2026 12:03,11-08-2026 13:59,,,,,,,,5
2254049.0,21-07-2026 16:56,20-07-2026 17:26,05-08-2026 14:31,21-08-2026 18:12,14-08-2026 16:47,,,,,,,,5
2254050.0,22-07-2026 11:08,20-07-2026 16:11,07-08-2026 14:16,17-08-2026 12:03,11-08-2026 13:59,,,,,,,,5
2254053.0,02-08-2026 18:11,31-07-2026 21:56,07-08-2026 14:16,24-08-2026 13:44,14-08-2026 16:52,,,,,,,,5
2254056.0,21-07-2026 16:56,20-07-2026 17:26,05-08-2026 14:31,21-08-2026 18:12,14-08-2026 16:47,,,,,,,,5
2254059.0,21-07-2026 16:56,20-07-2026 17:26,05-08-2026 14:31,21-08-2026 18:12,14-08-2026 16:47,,,,,,,,5
2254062.0,21-07-2026 16:56,20-07-2026 17:26,05-08-2026 14:31,21-08-2026 18:12,14-08-2026 16:47,,,,,,,,5
2254067.0,21-07-2026 16:56,20-07-2026 17:26,05-08-2026 14:31,21-08-2026 18:12,14-08-2026 16:47,,,,,,,,5
2254068.0,21-07-2026 16:56,20-07-2026 17:26,05-08-2026 14:31,21-08-2026 18:12,21-08-2026 19:32,,,,,,,,5
2254069.0,21-07-2026 16:56,20-07-2026 17:26,05-08-2026 14:31,21-08-2026 18:12,14-08-2026 16:47,,,,,,,,5
2254073.0,21-07-2026 16:56,20-07-2026 17:26,05-08-2026 14:31,21-08-2026 18:12,21-08-2026 19:32,,,,,,,,5
2254083.0,21-07-2026 16:56,21-07-2026 18:18,05-08-2026 14:31,21-08-2026 18:12,14-08-2026 16:47,,,,,,,,5
2254085.0,21-07-2026 16:56,20-07-2026 17:26,05-08-2026 14:31,21-08-2026 18:12,14-08-2026 16:47,,,,,,,,5
2254090.0,31-07-2026 10:17,24-08-2026 17:27,14-08-2026 15:08,14-08-2026 12:54,18-08-2026 16:08,,,,,,,,5
2254091.0,21-07-2026 16:56,20-07-2026 17:26,05-08-2026 14:31,21-08-2026 18:12,14-08-2026 16:47,,,,,,,,5
2254097.0,21-07-2026 16:56,20-07-2026 17:26,05-08-2026 14:31,21-08-2026 18:12,21-08-2026 19:32,,,,,,,,5
2254102.0,21-07-2026 16:56,20-07-2026 17:26,05-08-2026 14:31,21-08-2026 18:12,14-08-2026 16:47,,,,,,,,5
2254106.0,21-07-2026 16:56,20-07-2026 17:26,05-08-2026 14:31,21-08-2026 18:12,21-08-2026 19:32,,,,,,,,5
2254109.0,31-07-2026 10:17,30-07-2026 12:52,21-08-2026 16:21,,,,,,,,,,3
2254111.0,21-07-2026 16:56,20-07-2026 17:26,05-08-2026 14:31,21-08-2026 18:12,14-08-2026 16:47,,,,,,,,5
2254112.0,31-07-2026 10:17,30-07-2026 12:52,18-08-2026 13:08,21-08-2026 14:12,18-08-2026 16:08,,,,,,,,5
2254118.0,30-07-2026 14:19,27-07-2026 13:26,14-08-2026 15:08,14-08-2026 12:54,12-08-2026 16:43,,,,,,,,5
2254126.0,30-07-2026 14:19,27-07-2026 13:26,14-08-2026 15:08,14-08-2026 12:54,12-08-2026 16:43,,,,,,,,5
2254131.0,31-07-2026 10:17,30-07-2026 12:52,18-08-2026 13:08,24-08-2026 15:13,18-08-2026 18:42,,,,,,,,5
2254141.0,31-07-2026 10:17,30-07-2026 12:52,14-08-2026 15:08,14-08-2026 12:54,12-08-2026 16:43,,,,,,,,5
2254146.0,31-07-2026 10:17,30-07-2026 12:52,14-08-2026 15:08,21-08-2026 14:12,18-08-2026 16:08,,,,,,,,5
2254151.0,30-07-2026 14:19,27-07-2026 13:26,14-08-2026 15:08,14-08-2026 12:54,12-08-2026 16:43,,,,,,,,5
2254157.0,30-07-2026 14:19,27-07-2026 13:26,14-08-2026 15:08,14-08-2026 12:54,12-08-2026 16:43,,,,,,,,5
2254160.0,31-07-2026 10:17,24-08-2026 17:27,21-08-2026 16:21,14-08-2026 12:54,12-08-2026 16:43,,,,,,,,5
2254167.0,30-07-2026 14:19,27-07-2026 13:26,14-08-2026 15:08,14-08-2026 12:54,12-08-2026 16:43,,,,,,,,5
2254173.0,30-07-2026 14:19,27-07-2026 13:26,14-08-2026 15:08,14-08-2026 12:54,12-08-2026 16:43,,,,,,,,5
2254192.0,30-07-2026 14:19,27-07-2026 13:26,14-08-2026 15:08,14-08-2026 12:54,12-08-2026 16:43,,,,,,,,5
2254194.0,30-07-2026 14:19,30-07-2026 12:52,14-08-2026 15:08,14-08-2026 12:54,12-08-2026 16:43,,,,,,,,5
2254198.0,31-07-2026 10:17,24-08-2026 17:27,14-08-2026 15:08,14-08-2026 12:54,12-08-2026 16:43,,,,,,,,5
2254203.0,31-07-2026 14:06,17-07-2026 12:37,07-08-2026 17:18,25-08-2026 15:09,25-08-2026 11:52,,,,,,,,5
2254208.0,28-07-2026 16:32,17-07-2026 12:37,07-08-2026 17:18,25-08-2026 15:09,25-08-2026 11:52,,,,,,,,5
2254211.0,31-07-2026 14:06,17-07-2026 12:37,07-08-2026 17:18,25-08-2026 15:09,25-08-2026 11:52,,,,,,,,5
2254214.0,,,07-08-2026 17:18,,,,,,,,,,1
2254218.0,,,07-08-2026 17:18,25-08-2026 15:09,25-08-2026 11:52,,,,,,,,3
2254221.0,,,29-08-2026 09:14,25-08-2026 15:09,25-08-2026 11:52,,,,,,,,3
2254222.0,28-07-2026 16:32,17-07-2026 12:37,07-08-2026 17:18,25-08-2026 15:09,25-08-2026 11:52,,,,,,,,5
2254223.0,28-07-2026 16:32,17-07-2026 12:37,07-08-2026 17:18,25-08-2026 15:09,25-08-2026 11:52,,,,,,,,5
2254225.0,,,06-08-2026 16:24,,,,,,,,,,1
2254227.0,31-07-2026 14:06,17-07-2026 12:37,07-08-2026 17:18,31-08-2026 10:07,31-08-2026 13:00,,,,,,,,5
2254231.0,28-07-2026 16:32,31-07-2026 16:31,07-08-2026 17:18,25-08-2026 15:09,25-08-2026 11:52,,,,,,,,5
2254288.0,28-07-2026 16:32,17-07-2026 12:37,29-08-2026 09:14,25-08-2026 15:09,25-08-2026 11:52,,,,,,,,5
2254289.0,,,06-08-2026 16:24,17-08-2026 10:09,14-08-2026 14:27,,,,,,,,3
2254291.0,28-07-2026 16:32,31-07-2026 16:31,07-08-2026 17:18,31-08-2026 10:07,31-08-2026 13:00,,,,,,,,5
2254295.0,31-07-2026 14:06,17-07-2026 12:37,29-08-2026 09:14,25-08-2026 15:09,25-08-2026 11:52,,,,,,,,5
2254296.0,,,06-08-2026 16:24,,,,,,,,,,1
2254297.0,28-07-2026 16:32,17-07-2026 12:37,07-08-2026 17:18,25-08-2026 15:09,25-08-2026 11:52,,,,,,,,5
2254305.0,23-07-2026 12:20,22-07-2026 16:57,06-08-2026 16:24,17-08-2026 10:09,14-08-2026 14:27,,,,,,,,5
2254321.0,23-07-2026 12:20,22-07-2026 16:57,06-08-2026 16:24,17-08-2026 10:09,14-08-2026 14:27,,,,,,,,5
2254324.0,,,06-08-2026 16:24,17-08-2026 10:09,14-08-2026 14:27,,,,,,,,3
2254327.0,23-07-2026 12:20,22-07-2026 16:57,06-08-2026 16:24,17-08-2026 10:09,14-08-2026 14:27,,,,,,,,5
2254329.0,23-07-2026 12:20,22-07-2026 16:57,06-08-2026 16:24,17-08-2026 10:09,14-08-2026 14:27,,,,,,,,5
2254333.0,23-07-2026 12:20,22-07-2026 16:57,06-08-2026 16:24,17-08-2026 10:09,14-08-2026 14:27,,,,,,,,5
2254335.0,23-07-2026 12:20,22-07-2026 16:57,06-08-2026 16:24,17-08-2026 10:09,14-08-2026 14:27,,,,,,,,5
2254338.0,23-07-2026 12:20,22-07-2026 16:57,06-08-2026 16:24,17-08-2026 10:09,14-08-2026 14:27,,,,,,,,5
2254340.0,23-07-2026 12:20,22-07-2026 16:57,06-08-2026 16:24,17-08-2026 10:09,14-08-2026 14:27,,,,,,,,5
2254342.0,23-07-2026 12:20,22-07-2026 16:57,06-08-2026 16:24,17-08-2026 10:09,14-08-2026 14:27,,,,,,,,5
2254347.0,23-07-2026 12:20,22-07-2026 16:57,06-08-2026 16:24,17-08-2026 10:09,14-08-2026 14:27,,,,,,,,5
2254350.0,23-07-2026 12:20,22-07-2026 16:57,06-08-2026 16:24,17-08-2026 10:09,14-08-2026 14:27,,,,,,,,5
2254352.0,,,06-08-2026 16:24,17-08-2026 10:09,14-08-2026 14:27,,,,,,,,3
2254354.0,23-07-2026 12:20,22-07-2026 16:57,06-08-2026 16:24,17-08-2026 10:09,14-08-2026 14:27,,,,,,,,5
2254359.0,23-07-2026 12:20,22-07-2026 16:57,06-08-2026 16:24,17-08-2026 10:09,14-08-2026 14:27,,,,,,,,5
2254369.0,23-07-2026 12:20,22-07-2026 16:57,06-08-2026 16:24,17-08-2026 10:09,14-08-2026 14:27,,,,,,,,5
2254373.0,23-07-2026 12:20,22-07-2026 16:57,06-08-2026 16:24,17-08-2026 10:09,14-08-2026 14:27,,,,,,,,5
2254376.0,23-07-2026 12:20,22-07-2026 16:57,06-08-2026 16:24,17-08-2026 10:09,14-08-2026 14:27,,,,,,,,5
2254377.0,23-07-2026 12:20,22-07-2026 16:57,06-08-2026 16:24,17-08-2026 10:09,14-08-2026 14:27,,,,,,,,5
2254381.0,23-07-2026 12:20,22-07-2026 16:57,06-08-2026 16:24,17-08-2026 10:09,14-08-2026 14:27,,,,,,,,5
2254383.0,23-07-2026 12:20,22-07-2026 16:57,06-08-2026 16:24,17-08-2026 10:09,14-08-2026 14:27,,,,,,,,5
2254420.0,23-07-2026 12:20,22-07-2026 16:57,06-08-2026 16:24,17-08-2026 10:09,14-08-2026 14:27,,,,,,,,5
2254435.0,23-07-2026 12:20,22-07-2026 16:57,06-08-2026 16:24,17-08-2026 10:09,14-08-2026 14:27,,,,,,,,5
2254436.0,23-07-2026 12:20,22-07-2026 16:57,06-08-2026 16:24,17-08-2026 10:09,14-08-2026 14:27,,,,,,,,5
2254439.0,23-07-2026 12:20,22-07-2026 16:57,06-08-2026 16:24,17-08-2026 10:09,14-08-2026 14:27,,,,,,,,5
2254440.0,23-07-2026 12:20,22-07-2026 16:57,06-08-2026 16:24,17-08-2026 10:09,14-08-2026 14:27,,,,,,,,5
2254442.0,23-07-2026 12:20,22-07-2026 16:57,06-08-2026 16:24,17-08-2026 10:09,14-08-2026 14:27,,,,,,,,5
2254447.0,23-07-2026 12:20,22-07-2026 16:57,06-08-2026 16:24,17-08-2026 10:09,14-08-2026 14:27,,,,,,,,5
2254451.0,23-07-2026 12:20,22-07-2026 16:57,06-08-2026 16:24,17-08-2026 10:09,14-08-2026 14:27,,,,,,,,5
2254453.0,23-07-2026 12:20,22-07-2026 16:57,06-08-2026 16:24,17-08-2026 10:09,14-08-2026 14:27,,,,,,,,5
2254459.0,,,06-08-2026 16:24,17-08-2026 10:09,14-08-2026 14:27,,,,,,,,3
2254462.0,23-07-2026 12:20,22-07-2026 16:57,06-08-2026 16:24,17-08-2026 10:09,14-08-2026 14:27,,,,,,,,5
2254465.0,23-07-2026 12:20,22-07-2026 16:57,06-08-2026 16:24,17-08-2026 10:09,14-08-2026 14:27,,,,,,,,5
2254481.0,23-07-2026 12:20,22-07-2026 16:57,06-08-2026 16:24,17-08-2026 10:09,14-08-2026 14:27,,,,,,,,5
2254484.0,23-07-2026 12:20,22-07-2026 16:57,06-08-2026 16:24,17-08-2026 10:09,14-08-2026 14:27,,,,,,,,5
2254817.0,30-07-2026 14:19,27-07-2026 13:26,14-08-2026 15:08,14-08-2026 12:54,12-08-2026 16:43,,,,,,,,5
2254819.0,12-08-2026 14:13,24-08-2026 17:27,14-08-2026 15:08,14-08-2026 12:54,12-08-2026 16:43,,,,,,,,5
2254820.0,30-07-2026 14:19,27-07-2026 13:26,14-08-2026 15:08,14-08-2026 12:54,12-08-2026 16:43,,,,,,,,5
2254829.0,30-07-2026 14:19,27-07-2026 13:26,14-08-2026 15:08,14-08-2026 12:54,12-08-2026 16:43,,,,,,,,5
2254860.0,23-07-2026 12:20,22-07-2026 16:57,06-08-2026 16:24,17-08-2026 10:09,14-08-2026 14:27,,,,,,,,5
2254863.0,23-07-2026 12:20,22-07-2026 16:57,06-08-2026 16:24,17-08-2026 10:09,14-08-2026 14:27,,,,,,,,5
2254871.0,23-07-2026 12:20,22-07-2026 16:57,06-08-2026 16:24,17-08-2026 10:09,14-08-2026 14:27,,,,,,,,5
2254877.0,,,06-08-2026 16:24,17-08-2026 10:09,14-08-2026 14:27,,,,,,,,3
2254883.0,23-07-2026 12:20,22-07-2026 16:57,06-08-2026 16:24,17-08-2026 10:09,14-08-2026 14:27,,,,,,,,5
2254890.0,21-07-2026 10:37,20-07-2026 14:13,17-08-2026 15:22,17-08-2026 12:25,13-08-2026 16:48,,,,,,,,5
2254892.0,23-07-2026 12:20,22-07-2026 16:57,06-08-2026 16:24,17-08-2026 10:09,14-08-2026 14:27,,,,,,,,5
2254898.0,13-08-2026 13:50,21-07-2026 13:01,17-08-2026 15:22,17-08-2026 12:25,13-08-2026 16:07,,,,,,,,5
2254905.0,23-07-2026 12:20,22-07-2026 16:57,06-08-2026 16:24,17-08-2026 10:09,14-08-2026 14:27,,,,,,,,5
2254909.0,21-07-2026 10:37,20-07-2026 14:13,17-08-2026 15:22,17-08-2026 12:25,13-08-2026 16:07,,,,,,,,5
2254912.0,21-07-2026 10:37,20-07-2026 14:13,10-08-2026 16:48,17-08-2026 12:25,13-08-2026 16:07,,,,,,,,5
2254913.0,21-07-2026 10:37,20-07-2026 14:13,10-08-2026 16:48,17-08-2026 12:25,13-08-2026 16:07,,,,,,,,5
2254929.0,23-07-2026 12:20,22-07-2026 16:57,06-08-2026 16:24,17-08-2026 10:09,14-08-2026 14:27,,,,,,,,5
2254990.0,23-07-2026 12:20,22-07-2026 16:57,06-08-2026 16:24,17-08-2026 10:09,14-08-2026 14:27,,,,,,,,5
2254996.0,23-07-2026 12:20,22-07-2026 16:57,06-08-2026 16:24,17-08-2026 10:09,14-08-2026 14:27,,,,,,,,5
2255001.0,23-07-2026 12:20,22-07-2026 16:57,06-08-2026 16:24,17-08-2026 10:09,14-08-2026 14:27,,,,,,,,5
2255068.0,23-07-2026 12:20,22-07-2026 16:57,06-08-2026 16:24,17-08-2026 10:09,14-08-2026 14:27,,,,,,,,5
2255069.0,,,06-08-2026 16:24,17-08-2026 10:09,14-08-2026 14:27,,,,,,,,3
2255085.0,23-07-2026 12:20,22-07-2026 16:57,06-08-2026 16:24,17-08-2026 10:09,14-08-2026 14:27,,,,,,,,5
2255089.0,23-07-2026 12:20,22-07-2026 16:57,06-08-2026 16:24,17-08-2026 10:09,14-08-2026 14:27,,,,,,,,5
2255094.0,23-07-2026 12:20,22-07-2026 16:57,06-08-2026 16:24,17-08-2026 10:09,14-08-2026 14:27,,,,,,,,5
2255099.0,23-07-2026 12:20,22-07-2026 16:57,06-08-2026 16:24,17-08-2026 10:09,14-08-2026 14:27,,,,,,,,5
2255110.0,28-07-2026 17:19,17-07-2026 13:09,11-08-2026 16:13,18-08-2026 11:24,18-08-2026 14:01,,,,,,,,5
2255114.0,21-07-2026 15:50,21-07-2026 17:20,11-08-2026 16:13,31-08-2026 12:02,18-08-2026 14:01,,,,,,,,5
2255116.0,21-07-2026 15:50,17-07-2026 13:09,04-08-2026 14:03,18-08-2026 11:24,11-08-2026 12:02,,,,,,,,5
2255121.0,21-07-2026 15:50,17-07-2026 13:09,04-08-2026 14:03,31-08-2026 12:02,18-08-2026 14:01,,,,,,,,5
2255123.0,21-07-2026 15:50,17-07-2026 13:09,04-08-2026 14:03,18-08-2026 11:24,11-08-2026 18:16,,,,,,,,5
2255127.0,21-07-2026 15:50,17-07-2026 13:09,04-08-2026 14:03,18-08-2026 11:24,11-08-2026 12:02,,,,,,,,5
2255129.0,28-07-2026 17:19,17-07-2026 13:09,04-08-2026 14:03,18-08-2026 11:24,31-08-2026 12:03,,,,,,,,5
2255130.0,21-07-2026 15:50,17-07-2026 13:09,04-08-2026 14:03,18-08-2026 11:24,11-08-2026 12:02,,,,,,,,5
2255133.0,21-07-2026 15:50,17-07-2026 13:09,04-08-2026 14:03,18-08-2026 11:24,18-08-2026 14:01,,,,,,,,5
2255136.0,21-07-2026 15:50,17-07-2026 13:09,04-08-2026 14:03,18-08-2026 11:24,11-08-2026 12:02,,,,,,,,5
2255138.0,23-07-2026 12:20,22-07-2026 16:57,06-08-2026 16:24,17-08-2026 10:09,14-08-2026 14:27,,,,,,,,5
2255141.0,21-07-2026 15:50,17-07-2026 13:09,04-08-2026 14:03,18-08-2026 11:24,11-08-2026 12:02,,,,,,,,5
2255143.0,23-07-2026 12:20,22-07-2026 16:57,06-08-2026 16:24,17-08-2026 10:09,14-08-2026 14:27,,,,,,,,5
2255144.0,21-07-2026 15:50,21-07-2026 17:20,04-08-2026 14:03,18-08-2026 11:24,18-08-2026 14:01,,,,,,,,5
2255146.0,21-07-2026 15:50,17-07-2026 13:09,04-08-2026 14:03,18-08-2026 11:24,18-08-2026 14:01,,,,,,,,5
2255149.0,28-07-2026 18:32,28-07-2026 17:16,04-08-2026 14:03,18-08-2026 11:24,18-08-2026 14:01,,,,,,,,5
2255151.0,21-07-2026 15:50,17-07-2026 13:09,04-08-2026 14:03,18-08-2026 11:24,11-08-2026 12:02,,,,,,,,5
2255152.0,21-07-2026 15:50,17-07-2026 13:09,04-08-2026 14:03,18-08-2026 11:24,11-08-2026 12:02,,,,,,,,5
2255154.0,21-07-2026 15:50,17-07-2026 13:09,04-08-2026 14:03,18-08-2026 11:24,11-08-2026 12:02,,,,,,,,5
2255155.0,21-07-2026 15:50,17-07-2026 13:09,04-08-2026 14:03,18-08-2026 11:24,18-08-2026 14:01,,,,,,,,5
2255201.0,23-07-2026 12:20,22-07-2026 16:57,06-08-2026 16:24,17-08-2026 10:09,14-08-2026 14:27,,,,,,,,5
2255206.0,23-07-2026 12:20,22-07-2026 16:57,06-08-2026 16:24,17-08-2026 10:09,14-08-2026 14:27,,,,,,,,5
2255211.0,23-07-2026 12:20,22-07-2026 16:57,06-08-2026 16:24,,,,,,,,,,3
2255443.0,22-07-2026 16:29,16-07-2026 12:20,05-08-2026 13:35,20-08-2026 15:20,17-08-2026 11:17,,,,,,,,5
2255445.0,30-07-2026 11:26,29-07-2026 16:09,05-08-2026 13:35,20-08-2026 15:20,17-08-2026 11:17,,,,,,,,5
2255448.0,30-07-2026 11:26,29-07-2026 16:09,05-08-2026 13:35,20-08-2026 15:20,17-08-2026 11:17,,,,,,,,5
2255454.0,22-07-2026 16:29,16-07-2026 12:20,05-08-2026 13:35,20-08-2026 15:20,17-08-2026 11:17,,,,,,,,5
2255456.0,22-07-2026 16:29,16-07-2026 12:20,05-08-2026 13:35,20-08-2026 15:20,17-08-2026 11:17,,,,,,,,5
2255458.0,22-07-2026 16:29,16-07-2026 12:20,05-08-2026 13:35,20-08-2026 15:20,17-08-2026 11:17,,,,,,,,5
2255462.0,22-07-2026 16:29,16-07-2026 12:20,05-08-2026 13:35,20-08-2026 15:20,17-08-2026 11:17,,,,,,,,5
2255463.0,22-07-2026 16:29,16-07-2026 12:20,05-08-2026 13:35,20-08-2026 15:20,17-08-2026 11:17,,,,,,,,5
2255467.0,22-07-2026 16:29,16-07-2026 12:20,05-08-2026 13:35,20-08-2026 15:20,17-08-2026 11:17,,,,,,,,5
2255471.0,22-07-2026 16:29,16-07-2026 12:20,05-08-2026 13:35,20-08-2026 15:20,17-08-2026 11:17,,,,,,,,5
2255477.0,22-07-2026 16:29,16-07-2026 12:20,05-08-2026 13:35,20-08-2026 15:20,17-08-2026 11:17,,,,,,,,5
2255484.0,22-07-2026 16:29,16-07-2026 12:20,05-08-2026 13:35,20-08-2026 15:20,17-08-2026 11:17,,,,,,,,5
2255486.0,22-07-2026 16:29,16-07-2026 12:20,05-08-2026 13:35,20-08-2026 15:20,17-08-2026 11:17,,,,,,,,5
2255489.0,22-07-2026 16:29,16-07-2026 12:20,05-08-2026 13:35,20-08-2026 15:20,17-08-2026 11:17,,,,,,,,5
2255493.0,22-07-2026 16:29,16-07-2026 12:20,05-08-2026 13:35,20-08-2026 15:20,17-08-2026 11:17,,,,,,,,5
2255495.0,22-07-2026 16:29,16-07-2026 12:20,05-08-2026 13:35,20-08-2026 15:20,17-08-2026 11:17,,,,,,,,5
2255497.0,22-07-2026 16:29,16-07-2026 12:20,05-08-2026 13:35,20-08-2026 15:20,17-08-2026 11:17,,,,,,,,5
2255501.0,30-07-2026 11:26,29-07-2026 16:09,24-08-2026 15:22,20-08-2026 15:20,17-08-2026 11:17,,,,,,,,5
2255503.0,30-07-2026 11:26,29-07-2026 16:03,05-08-2026 15:33,20-08-2026 15:20,17-08-2026 11:17,,,,,,,,5
2255505.0,22-07-2026 16:29,20-07-2026 13:06,05-08-2026 15:33,20-08-2026 15:20,17-08-2026 11:17,,,,,,,,5
2255506.0,22-07-2026 16:29,20-07-2026 13:06,05-08-2026 15:33,20-08-2026 15:20,17-08-2026 11:17,,,,,,,,5
2255507.0,22-07-2026 16:29,20-07-2026 13:06,05-08-2026 15:33,20-08-2026 15:20,17-08-2026 11:17,,,,,,,,5
2255509.0,30-07-2026 11:26,29-07-2026 16:03,24-08-2026 15:22,20-08-2026 15:20,17-08-2026 11:17,,,,,,,,5
2255511.0,22-07-2026 16:29,20-07-2026 13:06,24-08-2026 15:22,20-08-2026 15:20,17-08-2026 11:17,,,,,,,,5
2255513.0,22-07-2026 16:29,20-07-2026 13:06,05-08-2026 15:33,20-08-2026 15:20,17-08-2026 11:17,,,,,,,,5
2255514.0,22-07-2026 16:29,20-07-2026 13:06,05-08-2026 15:33,20-08-2026 15:20,17-08-2026 11:17,,,,,,,,5
2255515.0,30-07-2026 11:26,29-07-2026 16:09,,,,,,,,,,,2
2255517.0,22-07-2026 16:29,20-07-2026 13:06,05-08-2026 15:33,20-08-2026 15:20,17-08-2026 11:17,,,,,,,,5
2255520.0,22-07-2026 16:29,20-07-2026 13:06,05-08-2026 15:33,20-08-2026 15:20,17-08-2026 11:17,,,,,,,,5
2255522.0,30-07-2026 11:26,29-07-2026 16:03,24-08-2026 15:22,20-08-2026 15:20,17-08-2026 11:17,,,,,,,,5
2255525.0,22-07-2026 16:29,20-07-2026 13:06,05-08-2026 15:33,20-08-2026 15:20,17-08-2026 11:17,,,,,,,,5
2255527.0,22-07-2026 16:29,20-07-2026 13:06,05-08-2026 15:33,20-08-2026 15:20,17-08-2026 11:17,,,,,,,,5
2255530.0,22-07-2026 16:29,20-07-2026 13:06,05-08-2026 15:33,20-08-2026 15:20,17-08-2026 11:17,,,,,,,,5
2255534.0,22-07-2026 16:29,20-07-2026 13:06,05-08-2026 15:33,20-08-2026 15:20,17-08-2026 11:17,,,,,,,,5
2255535.0,22-07-2026 16:29,20-07-2026 13:06,05-08-2026 15:33,20-08-2026 15:20,17-08-2026 11:17,,,,,,,,5
2255539.0,22-07-2026 16:29,20-07-2026 13:06,05-08-2026 15:33,20-08-2026 15:20,17-08-2026 11:17,,,,,,,,5
2255541.0,22-07-2026 16:29,20-07-2026 13:06,05-08-2026 15:33,20-08-2026 15:20,17-08-2026 11:17,,,,,,,,5
2255546.0,30-07-2026 11:26,29-07-2026 16:03,05-08-2026 15:33,20-08-2026 15:20,17-08-2026 11:17,,,,,,,,5
2255547.0,22-07-2026 16:29,20-07-2026 13:06,05-08-2026 15:33,20-08-2026 15:20,17-08-2026 11:17,,,,,,,,5
2255550.0,22-07-2026 16:29,20-07-2026 13:06,05-08-2026 15:33,20-08-2026 15:20,17-08-2026 11:17,,,,,,,,5
2255552.0,22-07-2026 16:29,20-07-2026 13:06,05-08-2026 15:33,20-08-2026 15:20,17-08-2026 11:17,,,,,,,,5
2255556.0,22-07-2026 16:29,20-07-2026 13:06,05-08-2026 15:33,20-08-2026 15:20,17-08-2026 11:17,,,,,,,,5
2255557.0,30-07-2026 11:26,29-07-2026 16:03,24-08-2026 15:22,20-08-2026 15:20,17-08-2026 11:17,,,,,,,,5
2255560.0,22-07-2026 16:29,20-07-2026 13:06,05-08-2026 15:33,20-08-2026 15:20,17-08-2026 11:17,,,,,,,,5
2255564.0,22-07-2026 16:29,20-07-2026 13:06,05-08-2026 15:33,20-08-2026 15:20,17-08-2026 11:17,,,,,,,,5
2255567.0,22-07-2026 16:29,20-07-2026 13:06,05-08-2026 15:33,20-08-2026 15:20,17-08-2026 11:17,,,,,,,,5
2255570.0,22-07-2026 16:29,20-07-2026 13:06,05-08-2026 15:33,20-08-2026 15:20,17-08-2026 11:17,,,,,,,,5
2255572.0,22-07-2026 16:29,20-07-2026 13:06,05-08-2026 15:33,20-08-2026 15:20,17-08-2026 11:17,,,,,,,,5
2255576.0,22-07-2026 16:29,20-07-2026 13:06,05-08-2026 15:33,20-08-2026 15:20,17-08-2026 11:17,,,,,,,,5
2255578.0,22-07-2026 16:29,20-07-2026 13:06,05-08-2026 15:33,20-08-2026 15:20,17-08-2026 11:17,,,,,,,,5
2255580.0,22-07-2026 16:29,20-07-2026 13:06,05-08-2026 15:33,20-08-2026 15:20,17-08-2026 11:17,,,,,,,,5
2255583.0,22-07-2026 16:29,20-07-2026 13:06,05-08-2026 15:33,20-08-2026 15:20,17-08-2026 11:17,,,,,,,,5
2255604.0,22-07-2026 16:29,20-07-2026 13:06,05-08-2026 15:33,20-08-2026 15:20,17-08-2026 11:17,,,,,,,,5
2255607.0,22-07-2026 16:29,20-07-2026 13:06,05-08-2026 15:33,20-08-2026 15:20,17-08-2026 11:17,,,,,,,,5
2255611.0,22-07-2026 16:29,20-07-2026 13:06,05-08-2026 15:33,20-08-2026 15:20,17-08-2026 11:17,,,,,,,,5
2255613.0,22-07-2026 16:29,20-07-2026 13:06,24-08-2026 15:22,20-08-2026 15:20,17-08-2026 11:17,,,,,,,,5
2255617.0,22-07-2026 16:29,20-07-2026 13:06,05-08-2026 15:33,20-08-2026 15:20,17-08-2026 11:17,,,,,,,,5
2255621.0,22-07-2026 16:29,20-07-2026 13:06,24-08-2026 15:22,20-08-2026 15:20,17-08-2026 11:17,,,,,,,,5
2255624.0,22-07-2026 16:29,20-07-2026 13:06,24-08-2026 15:22,20-08-2026 15:20,17-08-2026 11:17,,,,,,,,5
2255628.0,22-07-2026 16:29,20-07-2026 13:06,05-08-2026 15:33,20-08-2026 15:20,17-08-2026 11:17,,,,,,,,5
2255630.0,22-07-2026 16:29,20-07-2026 13:06,05-08-2026 15:33,20-08-2026 15:20,17-08-2026 11:17,,,,,,,,5
2255632.0,22-07-2026 16:29,20-07-2026 13:06,05-08-2026 15:33,20-08-2026 15:20,17-08-2026 11:17,,,,,,,,5
2255635.0,22-07-2026 16:29,20-07-2026 13:06,05-08-2026 15:33,20-08-2026 15:20,17-08-2026 11:17,,,,,,,,5
2255640.0,22-07-2026 16:29,20-07-2026 13:06,05-08-2026 15:33,20-08-2026 15:20,17-08-2026 11:17,,,,,,,,5
2255653.0,28-07-2026 17:19,17-07-2026 13:09,04-08-2026 14:03,18-08-2026 11:24,11-08-2026 12:02,,,,,,,,5
2255658.0,21-07-2026 15:50,17-07-2026 13:09,04-08-2026 14:03,18-08-2026 11:24,11-08-2026 12:02,,,,,,,,5
2255661.0,21-07-2026 15:50,21-07-2026 17:20,04-08-2026 14:03,18-08-2026 11:24,18-08-2026 14:01,,,,,,,,5
2255662.0,21-07-2026 15:50,17-07-2026 13:09,04-08-2026 14:03,18-08-2026 11:24,11-08-2026 12:02,,,,,,,,5
2255664.0,21-07-2026 15:50,21-07-2026 17:20,04-08-2026 14:03,18-08-2026 11:24,11-08-2026 12:02,,,,,,,,5
2255665.0,21-07-2026 15:50,21-07-2026 17:20,04-08-2026 14:03,18-08-2026 11:24,11-08-2026 12:02,,,,,,,,5
2255674.0,21-07-2026 15:50,17-07-2026 13:09,04-08-2026 14:03,18-08-2026 11:24,11-08-2026 12:02,,,,,,,,5
2255678.0,21-07-2026 15:50,17-07-2026 13:09,04-08-2026 14:03,18-08-2026 11:24,11-08-2026 12:02,,,,,,,,5
2255683.0,21-07-2026 15:50,17-07-2026 13:09,04-08-2026 14:03,18-08-2026 11:24,18-08-2026 14:01,,,,,,,,5
2255685.0,21-07-2026 15:50,17-07-2026 13:09,04-08-2026 14:03,18-08-2026 11:24,11-08-2026 12:02,,,,,,,,5
2255688.0,21-07-2026 15:50,17-07-2026 13:09,04-08-2026 14:03,18-08-2026 11:24,11-08-2026 12:02,,,,,,,,5
2255690.0,21-07-2026 15:50,17-07-2026 13:09,04-08-2026 14:03,18-08-2026 11:24,11-08-2026 12:02,,,,,,,,5
2255691.0,21-07-2026 15:50,17-07-2026 13:09,04-08-2026 14:03,18-08-2026 11:24,11-08-2026 12:02,,,,,,,,5
2255694.0,21-07-2026 15:50,17-07-2026 13:09,04-08-2026 14:03,18-08-2026 11:24,11-08-2026 12:02,,,,,,,,5
2255697.0,21-07-2026 15:50,17-07-2026 13:09,04-08-2026 14:03,18-08-2026 11:24,18-08-2026 14:01,,,,,,,,5
2255700.0,21-07-2026 15:50,17-07-2026 13:09,04-08-2026 14:03,18-08-2026 11:24,11-08-2026 12:02,,,,,,,,5
2255702.0,21-07-2026 15:50,17-07-2026 13:09,04-08-2026 14:03,18-08-2026 11:24,11-08-2026 12:02,,,,,,,,5
2255704.0,21-07-2026 15:50,17-07-2026 13:09,04-08-2026 14:03,18-08-2026 11:24,11-08-2026 12:02,,,,,,,,5
2255785.0,30-07-2026 11:26,29-07-2026 16:03,05-08-2026 15:33,20-08-2026 15:20,17-08-2026 11:17,,,,,,,,5
2255786.0,22-07-2026 16:29,20-07-2026 13:06,05-08-2026 15:33,20-08-2026 15:20,17-08-2026 11:17,,,,,,,,5
2255787.0,30-07-2026 11:26,29-07-2026 16:03,24-08-2026 15:22,20-08-2026 15:20,17-08-2026 11:17,,,,,,,,5
2255789.0,22-07-2026 16:29,20-07-2026 13:06,05-08-2026 15:33,20-08-2026 15:20,17-08-2026 11:17,,,,,,,,5
2255791.0,22-07-2026 16:29,20-07-2026 13:06,05-08-2026 15:33,20-08-2026 15:20,17-08-2026 11:17,,,,,,,,5
2255795.0,22-07-2026 16:29,20-07-2026 13:06,24-08-2026 15:22,20-08-2026 15:20,17-08-2026 11:17,,,,,,,,5
2255798.0,30-07-2026 11:26,29-07-2026 16:03,05-08-2026 15:33,20-08-2026 15:20,17-08-2026 11:17,,,,,,,,5
2255800.0,30-07-2026 11:26,29-07-2026 16:03,05-08-2026 15:33,20-08-2026 15:20,17-08-2026 11:17,,,,,,,,5
2255812.0,23-07-2026 12:06,21-07-2026 16:55,05-08-2026 14:30,18-08-2026 18:35,14-08-2026 11:38,,,,,,,,5
2255813.0,23-07-2026 12:06,21-07-2026 16:55,13-08-2026 00:55,25-08-2026 15:10,14-08-2026 11:38,,,,,,,,5
2255814.0,23-07-2026 12:06,21-07-2026 16:55,05-08-2026 14:30,18-08-2026 18:35,14-08-2026 11:38,,,,,,,,5
2255815.0,23-07-2026 12:06,21-07-2026 16:55,05-08-2026 14:30,18-08-2026 18:35,14-08-2026 11:38,,,,,,,,5
2255816.0,29-07-2026 21:25,29-07-2026 15:55,05-08-2026 14:30,25-08-2026 15:10,25-08-2026 14:10,,,,,,,,5
2255817.0,29-07-2026 21:25,21-07-2026 16:55,05-08-2026 14:30,18-08-2026 18:35,14-08-2026 11:38,,,,,,,,5
2255818.0,31-07-2026 14:01,31-07-2026 10:54,05-08-2026 14:30,25-08-2026 15:10,25-08-2026 14:10,,,,,,,,5
2255819.0,31-07-2026 14:01,31-07-2026 10:54,13-08-2026 00:55,18-08-2026 18:35,14-08-2026 11:38,,,,,,,,5
2255821.0,29-07-2026 21:25,21-07-2026 16:55,05-08-2026 14:30,18-08-2026 18:35,14-08-2026 11:38,,,,,,,,5
2255825.0,23-07-2026 12:06,21-07-2026 16:55,05-08-2026 14:30,18-08-2026 18:35,14-08-2026 11:38,,,,,,,,5
2255827.0,29-07-2026 21:25,29-07-2026 15:55,05-08-2026 14:30,25-08-2026 15:10,14-08-2026 11:38,,,,,,,,5
2255840.0,22-07-2026 16:29,20-07-2026 13:06,24-08-2026 15:22,20-08-2026 15:20,17-08-2026 11:17,,,,,,,,5
2255841.0,22-07-2026 16:29,20-07-2026 13:06,24-08-2026 15:22,20-08-2026 15:20,17-08-2026 11:17,,,,,,,,5
2255844.0,22-07-2026 16:29,20-07-2026 13:06,05-08-2026 15:33,20-08-2026 15:20,17-08-2026 11:17,,,,,,,,5
2255845.0,30-07-2026 11:26,29-07-2026 16:09,24-08-2026 15:22,20-08-2026 15:20,17-08-2026 11:17,,,,,,,,5
2255848.0,22-07-2026 16:29,20-07-2026 13:06,05-08-2026 15:33,20-08-2026 15:20,17-08-2026 11:17,,,,,,,,5
2255851.0,30-07-2026 11:26,29-07-2026 16:09,24-08-2026 15:22,20-08-2026 15:20,17-08-2026 11:17,,,,,,,,5
2255854.0,22-07-2026 16:29,20-07-2026 13:06,05-08-2026 15:33,20-08-2026 15:20,17-08-2026 11:17,,,,,,,,5
2255857.0,30-07-2026 11:26,29-07-2026 16:09,05-08-2026 15:33,20-08-2026 15:20,17-08-2026 11:17,,,,,,,,5
2255861.0,30-07-2026 11:26,29-07-2026 16:09,05-08-2026 15:33,20-08-2026 15:20,17-08-2026 11:17,,,,,,,,5
2255868.0,22-07-2026 16:29,20-07-2026 13:06,05-08-2026 15:33,20-08-2026 15:20,17-08-2026 11:17,,,,,,,,5
2255876.0,22-07-2026 16:29,20-07-2026 13:06,24-08-2026 15:22,20-08-2026 15:20,17-08-2026 11:17,,,,,,,,5
2255880.0,22-07-2026 16:29,20-07-2026 13:06,05-08-2026 15:33,20-08-2026 15:20,17-08-2026 11:17,,,,,,,,5
2255955.0,29-07-2026 21:25,29-07-2026 15:55,05-08-2026 14:30,18-08-2026 18:35,14-08-2026 11:38,,,,,,,,5
2255960.0,29-07-2026 21:25,29-07-2026 15:55,05-08-2026 14:30,25-08-2026 15:10,14-08-2026 11:38,,,,,,,,5
2255967.0,29-07-2026 21:25,29-07-2026 15:55,05-08-2026 14:30,25-08-2026 15:10,14-08-2026 11:38,,,,,,,,5
2255971.0,29-07-2026 21:25,21-07-2026 16:55,05-08-2026 14:30,18-08-2026 18:35,14-08-2026 11:38,,,,,,,,5
2255977.0,29-07-2026 21:25,29-07-2026 15:55,05-08-2026 14:30,25-08-2026 15:10,14-08-2026 11:38,,,,,,,,5
2255982.0,29-07-2026 21:25,29-07-2026 15:55,05-08-2026 14:30,25-08-2026 15:10,14-08-2026 11:38,,,,,,,,5
2255986.0,29-07-2026 21:25,29-07-2026 15:55,05-08-2026 14:30,25-08-2026 15:10,14-08-2026 11:38,,,,,,,,5
2255992.0,23-07-2026 12:06,21-07-2026 16:55,31-08-2026 10:37,18-08-2026 18:35,14-08-2026 11:38,,,,,,,,5
2256006.0,29-07-2026 21:25,29-07-2026 15:55,05-08-2026 14:30,25-08-2026 15:10,25-08-2026 14:10,,,,,,,,5
2256008.0,29-07-2026 21:25,29-07-2026 15:55,05-08-2026 14:30,25-08-2026 15:10,14-08-2026 11:38,,,,,,,,5
2256011.0,29-07-2026 21:25,29-07-2026 15:55,05-08-2026 14:30,25-08-2026 15:10,25-08-2026 14:10,,,,,,,,5
2256013.0,29-07-2026 21:25,29-07-2026 15:55,05-08-2026 14:30,25-08-2026 15:10,14-08-2026 11:38,,,,,,,,5
2256014.0,29-07-2026 21:25,21-07-2026 16:55,05-08-2026 14:30,25-08-2026 15:10,14-08-2026 11:38,,,,,,,,5
2256015.0,29-07-2026 21:25,29-07-2026 15:55,05-08-2026 14:30,25-08-2026 15:10,14-08-2026 11:38,,,,,,,,5
2256016.0,29-07-2026 21:25,29-07-2026 15:55,05-08-2026 14:30,25-08-2026 15:10,25-08-2026 14:10,,,,,,,,5
2256017.0,23-07-2026 12:06,21-07-2026 16:55,05-08-2026 14:30,25-08-2026 15:10,14-08-2026 11:38,,,,,,,,5
2256018.0,23-07-2026 12:06,21-07-2026 16:55,05-08-2026 14:30,25-08-2026 15:10,14-08-2026 11:38,,,,,,,,5
2256019.0,29-07-2026 21:25,29-07-2026 15:55,05-08-2026 14:30,25-08-2026 15:10,14-08-2026 11:38,,,,,,,,5
2256063.0,29-07-2026 21:25,21-07-2026 16:55,05-08-2026 14:30,25-08-2026 15:10,14-08-2026 11:38,,,,,,,,5
2256066.0,29-07-2026 21:25,29-07-2026 15:55,05-08-2026 14:30,25-08-2026 15:10,14-08-2026 11:38,,,,,,,,5
2256067.0,23-07-2026 12:06,21-07-2026 16:55,05-08-2026 14:30,18-08-2026 18:35,14-08-2026 11:38,,,,,,,,5
2256070.0,29-07-2026 21:25,29-07-2026 15:55,05-08-2026 14:30,25-08-2026 15:10,25-08-2026 14:10,,,,,,,,5
2256073.0,23-07-2026 12:06,21-07-2026 16:55,05-08-2026 14:30,18-08-2026 18:35,14-08-2026 11:38,,,,,,,,5
2256074.0,29-07-2026 21:25,29-07-2026 15:55,05-08-2026 14:30,25-08-2026 15:10,14-08-2026 11:38,,,,,,,,5
2256077.0,29-07-2026 21:25,29-07-2026 15:55,05-08-2026 14:30,25-08-2026 15:10,25-08-2026 14:10,,,,,,,,5
2256079.0,29-07-2026 21:25,21-07-2026 16:55,05-08-2026 14:30,18-08-2026 18:35,14-08-2026 11:38,,,,,,,,5
2256081.0,29-07-2026 21:25,29-07-2026 15:55,05-08-2026 14:30,25-08-2026 15:10,14-08-2026 11:38,,,,,,,,5
2256083.0,23-07-2026 12:06,21-07-2026 16:55,05-08-2026 14:30,18-08-2026 18:35,14-08-2026 11:38,,,,,,,,5
2256086.0,23-07-2026 12:06,21-07-2026 16:55,05-08-2026 14:30,18-08-2026 18:35,14-08-2026 11:38,,,,,,,,5
2256089.0,29-07-2026 21:25,21-07-2026 16:55,05-08-2026 14:30,18-08-2026 18:35,25-08-2026 14:10,,,,,,,,5
2256092.0,29-07-2026 21:25,29-07-2026 15:55,05-08-2026 14:30,25-08-2026 15:10,14-08-2026 11:38,,,,,,,,5
2256095.0,29-07-2026 21:25,21-07-2026 16:55,05-08-2026 14:30,18-08-2026 18:35,14-08-2026 11:38,,,,,,,,5
2256098.0,29-07-2026 21:25,21-07-2026 16:55,05-08-2026 14:30,18-08-2026 18:35,14-08-2026 11:38,,,,,,,,5
2256099.0,23-07-2026 12:06,21-07-2026 16:55,05-08-2026 14:30,18-08-2026 18:35,14-08-2026 11:38,,,,,,,,5
2256100.0,23-07-2026 12:06,21-07-2026 16:55,05-08-2026 14:30,18-08-2026 18:35,14-08-2026 11:38,,,,,,,,5
2256101.0,29-07-2026 21:25,29-07-2026 15:55,05-08-2026 14:30,18-08-2026 18:35,14-08-2026 11:38,,,,,,,,5
2256103.0,23-07-2026 12:06,21-07-2026 16:55,05-08-2026 14:30,18-08-2026 18:35,14-08-2026 11:38,,,,,,,,5
2256105.0,29-07-2026 21:25,29-07-2026 15:55,05-08-2026 14:30,25-08-2026 15:10,14-08-2026 11:38,,,,,,,,5
2256108.0,29-07-2026 21:25,29-07-2026 15:55,05-08-2026 14:30,25-08-2026 15:10,14-08-2026 11:38,,,,,,,,5
2256112.0,29-07-2026 21:25,29-07-2026 15:55,05-08-2026 14:30,25-08-2026 15:10,14-08-2026 11:38,,,,,,,,5
2256115.0,23-07-2026 12:06,21-07-2026 16:55,05-08-2026 14:30,18-08-2026 18:35,14-08-2026 11:38,,,,,,,,5
2256116.0,23-07-2026 12:06,21-07-2026 16:55,05-08-2026 14:30,25-08-2026 15:10,14-08-2026 11:38,,,,,,,,5
2256118.0,29-07-2026 21:25,29-07-2026 15:55,05-08-2026 14:30,25-08-2026 15:10,14-08-2026 11:38,,,,,,,,5
2256120.0,29-07-2026 21:25,21-07-2026 16:55,05-08-2026 14:30,25-08-2026 15:10,14-08-2026 11:38,,,,,,,,5
2256122.0,29-07-2026 21:25,29-07-2026 15:55,05-08-2026 14:30,25-08-2026 15:10,14-08-2026 11:38,,,,,,,,5
2256125.0,29-07-2026 21:25,29-07-2026 15:55,05-08-2026 14:30,25-08-2026 15:10,25-08-2026 14:10,,,,,,,,5
2256127.0,29-07-2026 21:25,21-07-2026 16:55,05-08-2026 14:30,18-08-2026 18:35,14-08-2026 11:38,,,,,,,,5
2256128.0,31-07-2026 14:01,31-07-2026 10:54,13-08-2026 00:55,25-08-2026 15:10,14-08-2026 11:38,,,,,,,,5
2256135.0,23-07-2026 12:06,21-07-2026 16:55,05-08-2026 14:30,18-08-2026 18:35,14-08-2026 11:38,,,,,,,,5
2256139.0,29-07-2026 21:25,21-07-2026 16:55,05-08-2026 14:30,25-08-2026 15:10,14-08-2026 11:38,,,,,,,,5
2256154.0,29-07-2026 21:25,21-07-2026 16:55,05-08-2026 14:30,18-08-2026 18:35,14-08-2026 11:38,,,,,,,,5
2256159.0,29-07-2026 21:25,21-07-2026 16:55,05-08-2026 14:30,18-08-2026 18:35,14-08-2026 11:38,,,,,,,,5
2256198.0,29-07-2026 21:25,29-07-2026 15:55,05-08-2026 14:30,25-08-2026 15:10,14-08-2026 11:38,,,,,,,,5
2256200.0,23-07-2026 12:06,21-07-2026 16:55,05-08-2026 14:30,18-08-2026 18:35,14-08-2026 11:38,,,,,,,,5
2256202.0,29-07-2026 21:25,29-07-2026 15:55,05-08-2026 14:30,25-08-2026 15:10,14-08-2026 11:38,,,,,,,,5
2256203.0,29-07-2026 21:25,21-07-2026 16:55,05-08-2026 14:30,18-08-2026 18:35,14-08-2026 11:38,,,,,,,,5
2256205.0,31-07-2026 14:01,31-07-2026 10:54,05-08-2026 14:30,25-08-2026 15:10,14-08-2026 11:38,,,,,,,,5
2256206.0,29-07-2026 21:25,21-07-2026 16:55,05-08-2026 14:30,18-08-2026 18:35,14-08-2026 11:38,,,,,,,,5
2256209.0,29-07-2026 21:25,29-07-2026 15:55,05-08-2026 14:30,25-08-2026 15:10,25-08-2026 14:10,,,,,,,,5
2256211.0,29-07-2026 21:25,29-07-2026 15:55,05-08-2026 14:30,25-08-2026 15:10,14-08-2026 11:38,,,,,,,,5
2256214.0,29-07-2026 21:25,29-07-2026 15:55,05-08-2026 14:30,25-08-2026 15:10,14-08-2026 11:38,,,,,,,,5
2256217.0,23-07-2026 12:06,21-07-2026 16:55,05-08-2026 14:30,18-08-2026 18:35,14-08-2026 11:38,,,,,,,,5
2256219.0,31-07-2026 14:01,31-07-2026 10:54,05-08-2026 14:30,25-08-2026 15:10,14-08-2026 11:38,,,,,,,,5
2256223.0,29-07-2026 21:25,29-07-2026 15:55,05-08-2026 14:30,18-08-2026 18:35,14-08-2026 11:38,,,,,,,,5
2256224.0,29-07-2026 21:25,29-07-2026 15:55,05-08-2026 14:30,25-08-2026 15:10,14-08-2026 11:38,,,,,,,,5
2256227.0,29-07-2026 21:25,29-07-2026 15:55,05-08-2026 14:30,25-08-2026 15:10,25-08-2026 14:10,,,,,,,,5
2256229.0,29-07-2026 21:25,29-07-2026 15:55,05-08-2026 14:30,18-08-2026 18:35,14-08-2026 11:38,,,,,,,,5
2256231.0,29-07-2026 21:25,29-07-2026 15:55,05-08-2026 14:30,25-08-2026 15:10,14-08-2026 11:38,,,,,,,,5
2256232.0,23-07-2026 12:06,21-07-2026 16:55,05-08-2026 14:30,18-08-2026 18:35,14-08-2026 11:38,,,,,,,,5
2256244.0,03-08-2026 16:53,03-08-2026 22:53,05-08-2026 21:29,25-08-2026 19:03,12-08-2026 10:06,,,,,,,,5
2256245.0,03-08-2026 16:53,03-08-2026 22:53,05-08-2026 21:29,25-08-2026 19:03,25-08-2026 17:18,,,,,,,,5
2256246.0,03-08-2026 16:53,03-08-2026 22:53,25-08-2026 13:16,25-08-2026 19:03,25-08-2026 17:18,,,,,,,,5
2256247.0,03-08-2026 16:53,03-08-2026 22:53,05-08-2026 21:29,25-08-2026 19:03,12-08-2026 10:06,,,,,,,,5
2256248.0,03-08-2026 16:53,03-08-2026 22:53,05-08-2026 21:29,25-08-2026 19:03,12-08-2026 10:06,,,,,,,,5
2256249.0,03-08-2026 16:53,03-08-2026 22:53,05-08-2026 21:29,25-08-2026 19:03,12-08-2026 10:06,,,,,,,,5
2256250.0,03-08-2026 16:53,03-08-2026 22:53,05-08-2026 21:29,25-08-2026 19:03,12-08-2026 10:06,,,,,,,,5
2256251.0,03-08-2026 16:53,03-08-2026 22:53,12-08-2026 17:30,25-08-2026 19:03,12-08-2026 10:06,,,,,,,,5
2256252.0,03-08-2026 16:53,03-08-2026 22:53,05-08-2026 21:29,25-08-2026 19:03,25-08-2026 17:18,,,,,,,,5
2256253.0,03-08-2026 16:53,03-08-2026 22:53,12-08-2026 17:30,25-08-2026 19:03,12-08-2026 10:06,,,,,,,,5
2256254.0,30-07-2026 17:26,30-07-2026 16:08,05-08-2026 21:29,25-08-2026 19:03,12-08-2026 10:06,,,,,,,,5
2256255.0,30-07-2026 17:26,30-07-2026 16:08,05-08-2026 21:29,20-08-2026 17:13,12-08-2026 10:06,,,,,,,,5
2256256.0,03-08-2026 16:53,03-08-2026 22:53,05-08-2026 21:29,25-08-2026 19:03,12-08-2026 10:06,,,,,,,,5
2256257.0,31-07-2026 18:38,31-07-2026 17:36,05-08-2026 21:29,25-08-2026 19:03,12-08-2026 10:06,,,,,,,,5
2256258.0,30-07-2026 17:26,30-07-2026 16:08,12-08-2026 17:30,25-08-2026 19:03,12-08-2026 10:06,,,,,,,,5
2256259.0,03-08-2026 16:53,03-08-2026 22:53,05-08-2026 21:29,25-08-2026 19:03,25-08-2026 17:18,,,,,,,,5
2256260.0,03-08-2026 16:53,03-08-2026 22:53,05-08-2026 21:29,25-08-2026 19:03,12-08-2026 10:06,,,,,,,,5
2256261.0,03-08-2026 16:53,03-08-2026 22:53,05-08-2026 21:29,25-08-2026 19:03,25-08-2026 17:18,,,,,,,,5
2256262.0,03-08-2026 16:53,03-08-2026 22:53,05-08-2026 21:29,25-08-2026 19:03,25-08-2026 17:18,,,,,,,,5
2256263.0,03-08-2026 16:53,31-07-2026 17:36,05-08-2026 21:29,25-08-2026 19:03,12-08-2026 10:06,,,,,,,,5
2256264.0,03-08-2026 16:53,03-08-2026 22:53,05-08-2026 21:29,25-08-2026 19:03,25-08-2026 17:18,,,,,,,,5
2256275.0,31-07-2026 18:38,31-07-2026 17:36,12-08-2026 17:30,25-08-2026 19:03,25-08-2026 17:18,,,,,,,,5
2256276.0,03-08-2026 16:53,03-08-2026 22:53,05-08-2026 21:29,25-08-2026 19:03,12-08-2026 10:06,,,,,,,,5
2256280.0,31-07-2026 18:38,31-07-2026 17:36,05-08-2026 21:29,25-08-2026 19:03,12-08-2026 10:06,,,,,,,,5
2256281.0,30-07-2026 17:26,30-07-2026 16:08,05-08-2026 21:29,25-08-2026 19:03,12-08-2026 10:06,,,,,,,,5
2256282.0,03-08-2026 16:53,03-08-2026 22:53,05-08-2026 21:29,25-08-2026 19:03,12-08-2026 10:06,,,,,,,,5
2256283.0,03-08-2026 16:53,,05-08-2026 21:29,,12-08-2026 10:06,,,,,,,,3
2256284.0,03-08-2026 16:53,03-08-2026 22:53,05-08-2026 21:29,25-08-2026 19:03,,,,,,,,,4
2256286.0,30-07-2026 17:26,30-07-2026 16:08,05-08-2026 21:29,25-08-2026 19:03,25-08-2026 17:18,,,,,,,,5
2256287.0,03-08-2026 16:53,03-08-2026 22:53,05-08-2026 21:29,25-08-2026 19:03,12-08-2026 10:06,,,,,,,,5
2256289.0,03-08-2026 16:53,03-08-2026 22:53,05-08-2026 21:29,25-08-2026 19:03,12-08-2026 10:06,,,,,,,,5
2256290.0,03-08-2026 16:53,03-08-2026 22:53,25-08-2026 13:16,25-08-2026 19:03,12-08-2026 10:06,,,,,,,,5
2256291.0,03-08-2026 16:53,03-08-2026 22:53,05-08-2026 21:29,25-08-2026 19:03,12-08-2026 10:06,,,,,,,,5
2256292.0,03-08-2026 16:53,03-08-2026 22:53,05-08-2026 21:29,25-08-2026 19:03,12-08-2026 10:06,,,,,,,,5
2256293.0,03-08-2026 16:53,03-08-2026 22:53,05-08-2026 21:29,25-08-2026 19:03,12-08-2026 10:06,,,,,,,,5
2256294.0,30-07-2026 17:26,30-07-2026 16:08,05-08-2026 21:29,25-08-2026 19:03,12-08-2026 10:06,,,,,,,,5
2256295.0,30-07-2026 17:26,30-07-2026 16:08,05-08-2026 21:29,25-08-2026 19:03,12-08-2026 10:06,,,,,,,,5
2256296.0,03-08-2026 16:53,03-08-2026 22:53,12-08-2026 17:30,25-08-2026 19:03,12-08-2026 10:06,,,,,,,,5
2256706.0,03-08-2026 16:53,03-08-2026 22:53,05-08-2026 21:29,25-08-2026 19:03,12-08-2026 10:06,,,,,,,,5
2256707.0,03-08-2026 16:53,03-08-2026 22:53,12-08-2026 17:30,25-08-2026 19:03,12-08-2026 10:06,,,,,,,,5
2256708.0,03-08-2026 16:53,03-08-2026 22:53,05-08-2026 21:29,25-08-2026 19:03,12-08-2026 10:06,,,,,,,,5
2256709.0,03-08-2026 16:53,03-08-2026 22:53,05-08-2026 21:29,25-08-2026 19:03,12-08-2026 10:06,,,,,,,,5
2256710.0,03-08-2026 16:53,03-08-2026 22:53,05-08-2026 21:29,25-08-2026 19:03,25-08-2026 17:18,,,,,,,,5
2256711.0,03-08-2026 16:53,03-08-2026 22:53,12-08-2026 17:30,25-08-2026 19:03,12-08-2026 10:06,,,,,,,,5
2256712.0,03-08-2026 16:53,03-08-2026 22:53,05-08-2026 21:29,25-08-2026 19:03,12-08-2026 10:06,,,,,,,,5
2256713.0,03-08-2026 16:53,03-08-2026 22:53,25-08-2026 13:16,25-08-2026 19:03,12-08-2026 10:06,,,,,,,,5
2256714.0,03-08-2026 16:53,03-08-2026 22:53,12-08-2026 17:30,25-08-2026 19:03,25-08-2026 17:18,,,,,,,,5
2256715.0,31-07-2026 18:38,31-07-2026 17:36,05-08-2026 21:29,25-08-2026 19:03,25-08-2026 17:18,,,,,,,,5
2256716.0,03-08-2026 16:53,03-08-2026 22:53,05-08-2026 21:29,25-08-2026 19:03,12-08-2026 10:06,,,,,,,,5
2256717.0,03-08-2026 16:53,03-08-2026 22:53,05-08-2026 21:29,25-08-2026 19:03,25-08-2026 17:18,,,,,,,,5
2256718.0,03-08-2026 16:53,03-08-2026 22:53,05-08-2026 21:29,25-08-2026 19:03,12-08-2026 10:06,,,,,,,,5
2256719.0,03-08-2026 16:53,03-08-2026 22:53,05-08-2026 21:29,25-08-2026 19:03,12-08-2026 10:06,,,,,,,,5
2256720.0,31-07-2026 18:38,31-07-2026 17:36,05-08-2026 21:29,25-08-2026 19:03,12-08-2026 10:06,,,,,,,,5
2256721.0,03-08-2026 16:53,03-08-2026 22:53,05-08-2026 21:29,25-08-2026 19:03,25-08-2026 17:18,,,,,,,,5
2256722.0,03-08-2026 16:53,03-08-2026 22:53,05-08-2026 21:29,25-08-2026 19:03,25-08-2026 17:18,,,,,,,,5
2256723.0,03-08-2026 16:53,03-08-2026 22:53,05-08-2026 21:29,25-08-2026 19:03,12-08-2026 10:06,,,,,,,,5
2256724.0,03-08-2026 16:53,03-08-2026 22:53,05-08-2026 21:29,25-08-2026 19:03,12-08-2026 10:06,,,,,,,,5
2256725.0,31-07-2026 18:38,31-07-2026 17:36,05-08-2026 21:29,25-08-2026 19:03,12-08-2026 10:06,,,,,,,,5
2256730.0,03-08-2026 16:53,03-08-2026 22:53,05-08-2026 21:29,25-08-2026 19:03,25-08-2026 17:18,,,,,,,,5
2256732.0,03-08-2026 16:53,03-08-2026 22:53,05-08-2026 21:29,25-08-2026 19:03,12-08-2026 10:06,,,,,,,,5
2256733.0,03-08-2026 16:53,03-08-2026 22:53,12-08-2026 17:30,25-08-2026 19:03,12-08-2026 10:06,,,,,,,,5
2256734.0,03-08-2026 16:53,03-08-2026 22:53,05-08-2026 21:29,25-08-2026 19:03,25-08-2026 17:18,,,,,,,,5
2256735.0,03-08-2026 16:53,03-08-2026 22:53,05-08-2026 21:29,25-08-2026 19:03,12-08-2026 10:06,,,,,,,,5
2256736.0,03-08-2026 16:53,03-08-2026 22:53,05-08-2026 21:29,25-08-2026 19:03,25-08-2026 17:18,,,,,,,,5
2256739.0,03-08-2026 16:53,03-08-2026 22:53,05-08-2026 21:29,25-08-2026 19:03,25-08-2026 17:18,,,,,,,,5
2256741.0,03-08-2026 16:53,03-08-2026 22:53,05-08-2026 21:29,25-08-2026 19:03,12-08-2026 10:06,,,,,,,,5
2256743.0,03-08-2026 16:53,03-08-2026 22:53,12-08-2026 17:30,25-08-2026 19:03,12-08-2026 10:06,,,,,,,,5
2256747.0,29-07-2026 09:31,28-07-2026 12:01,20-08-2026 15:14,24-08-2026 09:31,21-08-2026 10:50,,,,,,,,5
2256749.0,29-07-2026 09:31,28-07-2026 12:01,20-08-2026 15:14,24-08-2026 09:31,21-08-2026 10:50,,,,,,,,5
2256750.0,29-07-2026 09:31,28-07-2026 12:01,20-08-2026 15:14,24-08-2026 09:31,21-08-2026 10:50,,,,,,,,5
2256761.0,29-07-2026 09:31,28-07-2026 12:01,20-08-2026 15:14,24-08-2026 09:31,21-08-2026 10:50,,,,,,,,5
2256769.0,29-07-2026 09:31,28-07-2026 12:01,20-08-2026 15:14,24-08-2026 09:31,21-08-2026 10:50,,,,,,,,5
2256770.0,29-07-2026 09:31,28-07-2026 12:01,20-08-2026 15:14,24-08-2026 09:31,21-08-2026 10:50,,,,,,,,5
2256772.0,29-07-2026 09:31,28-07-2026 12:01,20-08-2026 15:14,24-08-2026 09:31,21-08-2026 10:50,,,,,,,,5
2256774.0,29-07-2026 09:31,28-07-2026 12:01,20-08-2026 15:14,24-08-2026 09:31,21-08-2026 10:50,,,,,,,,5
2256776.0,29-07-2026 09:31,28-07-2026 12:01,20-08-2026 15:14,24-08-2026 09:31,21-08-2026 10:50,,,,,,,,5
2256781.0,29-07-2026 09:31,28-07-2026 12:01,20-08-2026 15:14,24-08-2026 09:31,21-08-2026 10:50,,,,,,,,5
2256787.0,29-07-2026 09:31,28-07-2026 12:01,20-08-2026 15:14,24-08-2026 09:31,21-08-2026 10:50,,,,,,,,5
2256788.0,29-07-2026 09:31,28-07-2026 12:01,20-08-2026 15:14,24-08-2026 09:31,21-08-2026 10:50,,,,,,,,5
2256790.0,29-07-2026 09:31,28-07-2026 12:01,20-08-2026 15:14,24-08-2026 09:31,21-08-2026 10:50,,,,,,,,5
2256791.0,29-07-2026 09:31,28-07-2026 12:01,20-08-2026 15:14,24-08-2026 09:31,21-08-2026 10:50,,,,,,,,5
2256792.0,21-07-2026 15:50,17-07-2026 13:09,04-08-2026 14:03,18-08-2026 11:24,18-08-2026 14:01,,,,,,,,5
2256793.0,29-07-2026 09:31,28-07-2026 12:01,20-08-2026 15:14,24-08-2026 09:31,21-08-2026 10:50,,,,,,,,5
2256795.0,28-07-2026 17:19,17-07-2026 13:09,04-08-2026 14:03,18-08-2026 11:24,18-08-2026 14:01,,,,,,,,5
2256796.0,29-07-2026 09:31,28-07-2026 12:01,20-08-2026 15:14,24-08-2026 09:31,21-08-2026 10:50,,,,,,,,5
2256797.0,21-07-2026 15:50,17-07-2026 13:09,04-08-2026 14:03,18-08-2026 11:24,11-08-2026 12:02,,,,,,,,5
2256798.0,29-07-2026 09:31,28-07-2026 12:01,20-08-2026 15:14,24-08-2026 09:31,21-08-2026 10:50,,,,,,,,5
2256799.0,29-07-2026 09:31,28-07-2026 12:01,20-08-2026 15:14,24-08-2026 09:31,21-08-2026 10:50,,,,,,,,5
2256801.0,21-07-2026 15:50,17-07-2026 13:09,04-08-2026 14:03,18-08-2026 11:24,11-08-2026 12:02,,,,,,,,5
2256804.0,29-07-2026 09:31,28-07-2026 12:01,20-08-2026 15:14,24-08-2026 09:31,21-08-2026 10:50,,,,,,,,5
2256809.0,29-07-2026 09:31,28-07-2026 12:01,20-08-2026 15:14,24-08-2026 09:31,21-08-2026 10:50,,,,,,,,5
2256811.0,29-07-2026 09:31,28-07-2026 12:01,20-08-2026 15:14,24-08-2026 09:31,21-08-2026 10:50,,,,,,,,5
2256813.0,29-07-2026 09:31,28-07-2026 12:01,20-08-2026 15:14,24-08-2026 09:31,21-08-2026 10:50,,,,,,,,5
2256817.0,29-07-2026 09:31,28-07-2026 12:01,20-08-2026 15:14,24-08-2026 09:31,21-08-2026 10:50,,,,,,,,5
2256819.0,21-07-2026 15:50,17-07-2026 13:09,04-08-2026 14:03,18-08-2026 11:24,11-08-2026 12:02,,,,,,,,5
2256820.0,21-07-2026 15:50,17-07-2026 13:09,04-08-2026 14:03,18-08-2026 11:24,11-08-2026 12:02,,,,,,,,5
2256821.0,29-07-2026 09:31,28-07-2026 12:01,20-08-2026 15:14,24-08-2026 09:31,21-08-2026 10:50,,,,,,,,5
2256822.0,21-07-2026 15:50,17-07-2026 13:09,04-08-2026 14:03,18-08-2026 11:24,11-08-2026 12:02,,,,,,,,5
2256826.0,21-07-2026 15:50,17-07-2026 13:09,04-08-2026 14:03,18-08-2026 11:24,18-08-2026 14:01,,,,,,,,5
2256827.0,29-07-2026 09:31,28-07-2026 12:01,20-08-2026 15:14,24-08-2026 09:31,21-08-2026 10:50,,,,,,,,5
2256832.0,21-07-2026 15:50,17-07-2026 13:09,04-08-2026 14:03,18-08-2026 11:24,18-08-2026 14:01,,,,,,,,5
2256836.0,29-07-2026 09:31,28-07-2026 12:01,20-08-2026 15:14,24-08-2026 09:31,21-08-2026 10:50,,,,,,,,5
2256840.0,29-07-2026 09:31,28-07-2026 12:01,20-08-2026 15:14,24-08-2026 09:31,21-08-2026 10:50,,,,,,,,5
2256842.0,21-07-2026 15:50,17-07-2026 13:09,04-08-2026 14:03,18-08-2026 11:24,11-08-2026 12:02,,,,,,,,5
2256844.0,21-07-2026 15:50,17-07-2026 13:09,04-08-2026 14:03,18-08-2026 11:24,11-08-2026 12:02,,,,,,,,5
2256846.0,29-07-2026 09:31,28-07-2026 12:01,20-08-2026 15:14,24-08-2026 09:31,21-08-2026 10:50,,,,,,,,5
2256847.0,21-07-2026 15:50,17-07-2026 13:09,04-08-2026 14:03,18-08-2026 11:24,11-08-2026 12:02,,,,,,,,5
2256851.0,29-07-2026 09:31,28-07-2026 12:01,20-08-2026 15:14,24-08-2026 09:31,21-08-2026 10:50,,,,,,,,5
2256852.0,21-07-2026 15:50,17-07-2026 13:09,04-08-2026 14:03,18-08-2026 11:24,11-08-2026 12:02,,,,,,,,5
2256853.0,21-07-2026 15:50,17-07-2026 13:09,04-08-2026 14:03,18-08-2026 11:24,11-08-2026 12:02,,,,,,,,5
2256854.0,29-07-2026 09:31,28-07-2026 12:01,20-08-2026 15:14,24-08-2026 09:31,21-08-2026 10:50,,,,,,,,5
2256856.0,21-07-2026 15:50,17-07-2026 13:09,11-08-2026 16:13,18-08-2026 11:24,11-08-2026 12:02,,,,,,,,5
2256857.0,29-07-2026 09:31,28-07-2026 12:01,20-08-2026 15:14,24-08-2026 09:31,21-08-2026 10:50,,,,,,,,5
2256860.0,21-07-2026 15:50,17-07-2026 13:09,04-08-2026 14:03,18-08-2026 11:24,11-08-2026 12:02,,,,,,,,5
2256861.0,29-07-2026 09:31,28-07-2026 12:01,20-08-2026 15:14,24-08-2026 09:31,21-08-2026 10:50,,,,,,,,5
2256863.0,21-07-2026 15:50,17-07-2026 13:09,04-08-2026 14:03,18-08-2026 11:24,11-08-2026 12:02,,,,,,,,5
2256864.0,29-07-2026 09:31,28-07-2026 12:01,20-08-2026 15:14,24-08-2026 09:31,21-08-2026 10:50,,,,,,,,5
2256865.0,28-07-2026 17:19,17-07-2026 13:09,11-08-2026 16:13,18-08-2026 11:24,11-08-2026 12:02,,,,,,,,5
2256866.0,21-07-2026 15:50,17-07-2026 13:09,04-08-2026 14:03,18-08-2026 11:24,11-08-2026 12:02,,,,,,,,5
2256868.0,21-07-2026 15:50,17-07-2026 13:09,04-08-2026 14:03,18-08-2026 11:24,11-08-2026 12:02,,,,,,,,5
2256869.0,21-07-2026 15:50,17-07-2026 13:09,04-08-2026 14:03,18-08-2026 11:24,11-08-2026 12:02,,,,,,,,5
2256870.0,21-07-2026 15:50,17-07-2026 13:09,04-08-2026 14:03,18-08-2026 11:24,11-08-2026 12:02,,,,,,,,5
2256873.0,21-07-2026 15:50,21-07-2026 17:20,04-08-2026 14:03,31-08-2026 12:02,11-08-2026 12:02,,,,,,,,5
2256874.0,21-07-2026 15:50,17-07-2026 13:09,04-08-2026 14:03,18-08-2026 11:24,31-08-2026 12:03,,,,,,,,5
2256881.0,21-07-2026 15:50,17-07-2026 13:09,31-08-2026 12:03,18-08-2026 11:24,18-08-2026 14:01,,,,,,,,5
2256882.0,29-07-2026 09:31,28-07-2026 12:01,20-08-2026 15:14,24-08-2026 09:31,21-08-2026 10:50,,,,,,,,5
2256883.0,29-07-2026 09:31,28-07-2026 12:01,20-08-2026 15:14,24-08-2026 09:31,21-08-2026 10:50,,,,,,,,5
2256884.0,29-07-2026 09:31,28-07-2026 12:01,20-08-2026 15:14,24-08-2026 09:31,21-08-2026 10:50,,,,,,,,5
2256885.0,29-07-2026 09:31,28-07-2026 12:01,20-08-2026 15:14,24-08-2026 09:31,21-08-2026 10:50,,,,,,,,5
2256886.0,29-07-2026 09:31,28-07-2026 12:01,20-08-2026 15:14,24-08-2026 09:31,21-08-2026 10:50,,,,,,,,5
2256887.0,29-07-2026 09:31,28-07-2026 12:01,20-08-2026 15:14,24-08-2026 09:31,21-08-2026 10:50,,,,,,,,5
2256890.0,29-07-2026 09:31,28-07-2026 12:01,20-08-2026 15:14,24-08-2026 09:31,21-08-2026 10:50,,,,,,,,5
2256891.0,29-07-2026 09:31,28-07-2026 12:01,20-08-2026 15:14,24-08-2026 09:31,21-08-2026 10:50,,,,,,,,5
2256893.0,29-07-2026 09:31,28-07-2026 12:01,20-08-2026 15:14,24-08-2026 09:31,21-08-2026 10:50,,,,,,,,5
2256896.0,29-07-2026 09:31,28-07-2026 12:01,20-08-2026 15:14,24-08-2026 09:31,21-08-2026 10:50,,,,,,,,5
2256898.0,29-07-2026 09:31,28-07-2026 12:01,20-08-2026 15:14,24-08-2026 09:31,21-08-2026 10:50,,,,,,,,5
2256900.0,29-07-2026 09:31,28-07-2026 12:01,20-08-2026 15:14,24-08-2026 09:31,21-08-2026 10:50,,,,,,,,5
2256901.0,29-07-2026 09:31,28-07-2026 12:01,20-08-2026 15:14,24-08-2026 09:31,21-08-2026 10:50,,,,,,,,5
2256903.0,29-07-2026 09:31,28-07-2026 12:01,20-08-2026 15:14,24-08-2026 09:31,21-08-2026 10:50,,,,,,,,5
2257156.0,22-07-2026 10:33,21-07-2026 10:34,10-08-2026 16:33,19-08-2026 15:03,14-08-2026 12:05,,,,,,,,5
2257157.0,22-07-2026 10:33,,,,,,,,,,,,1
2257158.0,22-07-2026 10:33,21-07-2026 10:34,10-08-2026 16:33,31-08-2026 10:19,14-08-2026 12:05,,,,,,,,5
2257159.0,22-07-2026 10:33,21-07-2026 10:34,10-08-2026 16:33,19-08-2026 15:03,14-08-2026 12:05,,,,,,,,5
2257160.0,22-07-2026 10:33,21-07-2026 10:34,14-08-2026 14:06,19-08-2026 15:03,14-08-2026 12:05,,,,,,,,5
2257161.0,22-07-2026 10:33,21-07-2026 10:34,10-08-2026 16:33,19-08-2026 15:03,14-08-2026 12:05,,,,,,,,5
2257162.0,22-07-2026 10:33,21-07-2026 10:34,10-08-2026 16:33,19-08-2026 15:03,14-08-2026 12:05,,,,,,,,5
2257163.0,22-07-2026 10:33,21-07-2026 10:34,14-08-2026 14:06,19-08-2026 15:03,14-08-2026 12:05,,,,,,,,5
2257164.0,22-07-2026 10:33,21-07-2026 10:34,10-08-2026 16:33,19-08-2026 15:03,14-08-2026 12:05,,,,,,,,5
2257165.0,22-07-2026 10:33,21-07-2026 10:34,10-08-2026 16:33,19-08-2026 15:03,14-08-2026 12:05,,,,,,,,5
2257166.0,22-07-2026 10:33,21-07-2026 10:34,10-08-2026 16:33,19-08-2026 15:03,14-08-2026 12:05,,,,,,,,5
2257167.0,22-07-2026 10:33,21-07-2026 10:34,10-08-2026 16:33,19-08-2026 15:03,14-08-2026 12:05,,,,,,,,5
2257169.0,22-07-2026 10:33,21-07-2026 10:34,10-08-2026 16:33,19-08-2026 15:03,14-08-2026 12:05,,,,,,,,5
2257170.0,22-07-2026 10:33,21-07-2026 10:34,10-08-2026 16:33,19-08-2026 15:03,14-08-2026 12:05,,,,,,,,5
2257171.0,22-07-2026 10:33,21-07-2026 10:34,10-08-2026 16:33,19-08-2026 15:03,14-08-2026 12:05,,,,,,,,5
2259083.0,31-07-2026 14:06,17-07-2026 12:37,07-08-2026 17:18,31-08-2026 10:07,31-08-2026 13:00,,,,,,,,5
2259084.0,28-07-2026 16:32,17-07-2026 12:37,07-08-2026 17:18,31-08-2026 10:07,31-08-2026 13:00,,,,,,,,5
2259085.0,28-07-2026 16:32,17-07-2026 12:37,07-08-2026 17:18,31-08-2026 10:07,31-08-2026 13:00,,,,,,,,5
2259086.0,31-07-2026 14:06,17-07-2026 12:37,07-08-2026 17:18,31-08-2026 10:07,31-08-2026 13:00,,,,,,,,5
2259087.0,31-07-2026 14:06,17-07-2026 12:37,07-08-2026 17:18,25-08-2026 15:09,25-08-2026 11:52,,,,,,,,5
2259088.0,28-07-2026 16:32,31-07-2026 16:31,07-08-2026 17:18,25-08-2026 15:09,25-08-2026 11:52,,,,,,,,5
2259089.0,28-07-2026 16:32,17-07-2026 12:37,07-08-2026 17:18,25-08-2026 15:09,25-08-2026 11:52,,,,,,,,5
2259090.0,28-07-2026 16:32,17-07-2026 12:37,07-08-2026 17:18,25-08-2026 15:09,25-08-2026 11:52,,,,,,,,5
2259091.0,,,29-08-2026 09:14,25-08-2026 15:09,25-08-2026 11:52,,,,,,,,3
2259092.0,28-07-2026 16:32,17-07-2026 12:37,07-08-2026 17:18,25-08-2026 15:09,25-08-2026 11:52,,,,,,,,5
2259093.0,28-07-2026 16:32,17-07-2026 12:37,07-08-2026 17:18,31-08-2026 10:07,31-08-2026 13:00,,,,,,,,5
2259094.0,28-07-2026 16:32,17-07-2026 12:37,29-08-2026 09:14,25-08-2026 15:09,25-08-2026 11:52,,,,,,,,5
2259095.0,28-07-2026 16:32,31-07-2026 16:31,07-08-2026 17:18,25-08-2026 15:09,25-08-2026 11:52,,,,,,,,5
2259096.0,31-07-2026 14:06,17-07-2026 12:37,07-08-2026 17:18,31-08-2026 10:07,31-08-2026 13:00,,,,,,,,5
2259097.0,28-07-2026 16:32,17-07-2026 12:37,07-08-2026 17:18,31-08-2026 10:07,31-08-2026 13:00,,,,,,,,5
2259098.0,31-07-2026 14:06,17-07-2026 12:37,29-08-2026 09:14,31-08-2026 10:07,31-08-2026 13:00,,,,,,,,5
2259133.0,21-07-2026 15:50,17-07-2026 13:09,11-08-2026 16:13,18-08-2026 11:24,11-08-2026 12:02,,,,,,,,5
2259134.0,21-07-2026 15:50,17-07-2026 13:09,04-08-2026 14:03,18-08-2026 11:24,11-08-2026 12:02,,,,,,,,5
2259135.0,28-07-2026 17:19,17-07-2026 13:09,04-08-2026 14:03,18-08-2026 11:24,18-08-2026 14:01,,,,,,,,5
2259136.0,21-07-2026 15:50,17-07-2026 13:09,04-08-2026 14:03,18-08-2026 11:24,11-08-2026 12:02,,,,,,,,5
2259140.0,21-07-2026 15:50,17-07-2026 13:09,04-08-2026 14:03,18-08-2026 11:24,11-08-2026 12:02,,,,,,,,5
2259141.0,21-07-2026 15:50,17-07-2026 13:09,04-08-2026 14:03,18-08-2026 11:24,11-08-2026 12:02,,,,,,,,5
2259152.0,21-07-2026 16:56,20-07-2026 17:26,05-08-2026 14:31,21-08-2026 18:12,14-08-2026 16:47,,,,,,,,5
2259154.0,21-07-2026 16:56,20-07-2026 17:26,,21-08-2026 18:12,14-08-2026 16:47,,,,,,,,4
2259158.0,21-07-2026 16:56,20-07-2026 17:26,05-08-2026 14:31,21-08-2026 18:12,14-08-2026 16:47,,,,,,,,5
2259160.0,21-07-2026 16:56,20-07-2026 17:26,05-08-2026 14:31,21-08-2026 18:12,14-08-2026 16:47,,,,,,,,5
2259161.0,21-07-2026 16:56,20-07-2026 17:26,05-08-2026 14:31,21-08-2026 18:12,14-08-2026 16:47,,,,,,,,5
2259162.0,21-07-2026 16:56,20-07-2026 17:26,05-08-2026 14:31,21-08-2026 18:12,14-08-2026 16:47,,,,,,,,5
2259164.0,21-07-2026 16:56,20-07-2026 17:26,05-08-2026 14:31,21-08-2026 18:12,14-08-2026 16:47,,,,,,,,5
2259166.0,21-07-2026 16:56,21-07-2026 18:18,05-08-2026 14:31,21-08-2026 18:12,14-08-2026 16:47,,,,,,,,5
2259170.0,21-07-2026 16:56,20-07-2026 17:26,05-08-2026 14:31,21-08-2026 18:12,14-08-2026 16:47,,,,,,,,5
2259171.0,21-07-2026 16:56,20-07-2026 17:26,05-08-2026 14:31,21-08-2026 18:12,14-08-2026 16:47,,,,,,,,5
2259172.0,21-07-2026 16:56,20-07-2026 17:26,05-08-2026 14:31,21-08-2026 18:12,14-08-2026 16:47,,,,,,,,5
2259173.0,21-07-2026 16:56,20-07-2026 17:26,05-08-2026 14:31,21-08-2026 18:12,14-08-2026 16:47,,,,,,,,5
2259174.0,21-07-2026 16:56,20-07-2026 17:26,05-08-2026 14:31,21-08-2026 18:12,14-08-2026 16:47,,,,,,,,5
2259175.0,21-07-2026 16:56,20-07-2026 17:26,05-08-2026 14:31,21-08-2026 18:12,14-08-2026 16:47,,,,,,,,5
2259176.0,21-07-2026 16:56,20-07-2026 17:26,05-08-2026 14:31,21-08-2026 18:12,14-08-2026 16:47,,,,,,,,5
2259177.0,21-07-2026 16:56,20-07-2026 17:26,05-08-2026 14:31,21-08-2026 18:12,14-08-2026 16:47,,,,,,,,5
2259178.0,21-07-2026 16:56,20-07-2026 17:26,05-08-2026 14:31,21-08-2026 18:12,14-08-2026 16:47,,,,,,,,5
2259179.0,21-07-2026 16:56,20-07-2026 17:26,05-08-2026 14:31,21-08-2026 18:12,14-08-2026 16:47,,,,,,,,5
2259180.0,21-07-2026 16:56,20-07-2026 17:26,05-08-2026 14:31,21-08-2026 18:12,14-08-2026 16:47,,,,,,,,5
2259181.0,21-07-2026 16:56,20-07-2026 17:26,05-08-2026 14:31,21-08-2026 18:12,14-08-2026 16:47,,,,,,,,5
2259182.0,21-07-2026 16:56,20-07-2026 17:26,05-08-2026 14:31,21-08-2026 18:12,14-08-2026 16:47,,,,,,,,5
2259183.0,21-07-2026 16:56,21-07-2026 18:18,05-08-2026 14:31,21-08-2026 18:12,14-08-2026 16:47,,,,,,,,5
2259199.0,23-07-2026 12:20,22-07-2026 16:57,06-08-2026 16:24,17-08-2026 10:09,14-08-2026 14:27,,,,,,,,5
2259200.0,,,06-08-2026 16:24,17-08-2026 10:09,14-08-2026 14:27,,,,,,,,3
2259201.0,23-07-2026 12:20,22-07-2026 16:57,06-08-2026 16:24,17-08-2026 10:09,14-08-2026 14:27,,,,,,,,5
2259202.0,23-07-2026 12:20,22-07-2026 16:57,06-08-2026 16:24,17-08-2026 10:09,14-08-2026 14:27,,,,,,,,5
2259203.0,23-07-2026 12:20,22-07-2026 16:57,06-08-2026 16:24,17-08-2026 10:09,14-08-2026 14:27,,,,,,,,5
2259204.0,23-07-2026 12:20,22-07-2026 16:57,06-08-2026 16:24,17-08-2026 10:09,14-08-2026 14:27,,,,,,,,5
2259205.0,23-07-2026 12:20,22-07-2026 16:57,06-08-2026 16:24,17-08-2026 10:09,14-08-2026 14:27,,,,,,,,5
2259206.0,23-07-2026 12:20,22-07-2026 16:57,06-08-2026 16:24,17-08-2026 10:09,14-08-2026 14:27,,,,,,,,5
2259207.0,23-07-2026 12:20,22-07-2026 16:57,06-08-2026 16:24,17-08-2026 10:09,14-08-2026 14:27,,,,,,,,5
2259208.0,23-07-2026 12:20,22-07-2026 16:57,06-08-2026 16:24,17-08-2026 10:09,14-08-2026 14:27,,,,,,,,5
2259209.0,23-07-2026 12:20,22-07-2026 16:57,06-08-2026 16:24,17-08-2026 10:09,14-08-2026 14:27,,,,,,,,5
2259210.0,28-07-2026 16:32,17-07-2026 12:37,29-08-2026 09:14,31-08-2026 10:07,31-08-2026 13:00,,,,,,,,5
2259343.0,23-07-2026 13:40,22-07-2026 15:17,07-08-2026 14:02,21-08-2026 17:21,12-08-2026 18:35,,,,,,,,5
2259347.0,23-07-2026 13:40,22-07-2026 15:17,07-08-2026 14:02,21-08-2026 17:21,12-08-2026 18:35,,,,,,,,5
2259348.0,23-07-2026 13:40,22-07-2026 15:17,07-08-2026 14:02,21-08-2026 17:21,12-08-2026 18:35,,,,,,,,5
2259351.0,23-07-2026 13:40,22-07-2026 15:17,07-08-2026 14:02,21-08-2026 17:21,12-08-2026 18:35,,,,,,,,5
2259354.0,23-07-2026 13:40,22-07-2026 15:17,07-08-2026 14:02,21-08-2026 17:21,12-08-2026 18:35,,,,,,,,5
2259356.0,23-07-2026 13:40,22-07-2026 15:17,07-08-2026 14:02,21-08-2026 17:21,12-08-2026 18:35,,,,,,,,5
2259357.0,22-07-2026 16:30,20-07-2026 16:59,05-08-2026 17:01,18-08-2026 18:11,14-08-2026 16:49,,,,,,,,5
2259358.0,22-07-2026 16:30,20-07-2026 16:59,05-08-2026 17:01,18-08-2026 18:11,14-08-2026 16:49,,,,,,,,5
2260507.0,30-07-2026 14:19,30-07-2026 12:52,14-08-2026 15:08,14-08-2026 12:54,12-08-2026 16:43,,,,,,,,5
2260559.0,30-07-2026 14:19,30-07-2026 12:52,14-08-2026 15:08,14-08-2026 12:54,12-08-2026 16:43,,,,,,,,5
2260568.0,30-07-2026 14:19,27-07-2026 13:26,18-08-2026 13:08,14-08-2026 12:54,12-08-2026 16:43,,,,,,,,5
2260598.0,12-08-2026 14:13,24-08-2026 17:27,21-08-2026 16:21,24-08-2026 15:13,12-08-2026 16:43,,,,,,,,5
2260722.0,07-08-2026 15:35,07-08-2026 12:34,06-08-2026 14:38,20-08-2026 16:51,13-08-2026 16:56,,,,,,,,5
2260724.0,30-07-2026 13:12,23-07-2026 13:29,06-08-2026 14:38,20-08-2026 16:51,13-08-2026 16:56,,,,,,,,5
2260726.0,07-08-2026 15:35,07-08-2026 12:34,,20-08-2026 16:51,,,,,,,,,3
2260729.0,30-07-2026 13:12,23-07-2026 13:29,06-08-2026 14:38,20-08-2026 16:51,13-08-2026 16:56,,,,,,,,5
2260732.0,07-08-2026 15:35,07-08-2026 12:34,06-08-2026 14:38,20-08-2026 16:51,13-08-2026 16:56,,,,,,,,5
2260735.0,07-08-2026 15:35,07-08-2026 12:34,06-08-2026 14:38,20-08-2026 16:51,13-08-2026 16:56,,,,,,,,5
2260914.0,30-07-2026 12:51,30-07-2026 10:56,07-08-2026 11:03,27-08-2026 12:18,14-08-2026 11:22,,,,,,,,5
2260918.0,,07-08-2026 12:32,07-08-2026 11:03,,,,,,,,,,2
2260922.0,30-07-2026 12:51,30-07-2026 10:56,,,,,,,,,,,2
2260926.0,30-07-2026 12:51,30-07-2026 10:56,07-08-2026 11:03,21-08-2026 11:48,14-08-2026 11:22,,,,,,,,5
2260930.0,30-07-2026 12:51,30-07-2026 10:56,07-08-2026 11:03,21-08-2026 11:48,14-08-2026 11:22,,,,,,,,5
2260933.0,30-07-2026 12:51,07-08-2026 12:32,,,,,,,,,,,2
2260951.0,30-07-2026 12:51,30-07-2026 10:56,07-08-2026 11:03,21-08-2026 11:48,21-08-2026 14:51,,,,,,,,5
2260954.0,,07-08-2026 12:32,,,,,,,,,,,1
2260962.0,30-07-2026 12:51,30-07-2026 10:56,07-08-2026 11:03,21-08-2026 11:48,14-08-2026 11:22,,,,,,,,5
2260965.0,14-08-2026 13:02,07-08-2026 12:32,07-08-2026 11:03,21-08-2026 11:48,14-08-2026 11:22,,,,,,,,5
2260971.0,14-08-2026 13:02,07-08-2026 12:32,07-08-2026 11:03,21-08-2026 11:48,14-08-2026 11:22,,,,,,,,5
2261397.0,21-07-2026 10:37,20-07-2026 14:13,10-08-2026 16:48,17-08-2026 12:25,13-08-2026 16:07,,,,,,,,5
2261400.0,21-07-2026 10:37,20-07-2026 14:13,10-08-2026 16:48,17-08-2026 12:25,13-08-2026 16:48,,,,,,,,5
2261402.0,21-07-2026 10:37,20-07-2026 14:13,10-08-2026 16:48,17-08-2026 12:25,13-08-2026 16:07,,,,,,,,5
2261404.0,21-07-2026 10:37,20-07-2026 14:13,10-08-2026 16:48,17-08-2026 12:25,13-08-2026 16:07,,,,,,,,5
2261406.0,13-08-2026 13:50,21-07-2026 13:01,17-08-2026 15:22,17-08-2026 12:25,13-08-2026 16:48,,,,,,,,5
2261408.0,21-07-2026 10:37,20-07-2026 14:13,10-08-2026 16:48,17-08-2026 12:25,13-08-2026 16:07,,,,,,,,5
2261410.0,13-08-2026 13:50,21-07-2026 13:01,17-08-2026 15:22,17-08-2026 12:25,13-08-2026 16:07,,,,,,,,5
2261482.0,23-07-2026 10:09,22-07-2026 11:46,07-08-2026 08:10,25-08-2026 10:09,25-08-2026 08:30,,,,,,,,5
2261491.0,23-07-2026 10:09,22-07-2026 11:46,07-08-2026 08:10,25-08-2026 10:09,25-08-2026 08:30,,,,,,,,5
2261549.0,23-07-2026 10:09,22-07-2026 11:46,07-08-2026 08:10,25-08-2026 10:09,25-08-2026 08:30,,,,,,,,5
2261554.0,23-07-2026 10:09,22-07-2026 11:46,07-08-2026 08:10,25-08-2026 10:09,25-08-2026 08:30,,,,,,,,5
2261557.0,23-07-2026 10:09,22-07-2026 11:46,07-08-2026 08:10,25-08-2026 10:09,25-08-2026 08:30,,,,,,,,5
2261561.0,23-07-2026 10:09,22-07-2026 11:46,07-08-2026 08:10,25-08-2026 10:09,25-08-2026 08:30,,,,,,,,5
2261563.0,23-07-2026 10:09,22-07-2026 11:46,07-08-2026 08:10,25-08-2026 10:09,25-08-2026 08:30,,,,,,,,5
2261565.0,23-07-2026 10:09,22-07-2026 11:46,07-08-2026 08:10,25-08-2026 10:09,25-08-2026 08:30,,,,,,,,5
2261568.0,23-07-2026 10:09,22-07-2026 11:46,07-08-2026 08:10,25-08-2026 10:09,25-08-2026 08:30,,,,,,,,5
2261570.0,23-07-2026 10:09,22-07-2026 11:46,07-08-2026 08:10,25-08-2026 10:09,25-08-2026 08:30,,,,,,,,5
2261575.0,23-07-2026 10:09,22-07-2026 11:46,07-08-2026 08:10,25-08-2026 10:09,25-08-2026 08:30,,,,,,,,5
2261576.0,23-07-2026 10:09,22-07-2026 11:46,07-08-2026 08:10,25-08-2026 10:09,25-08-2026 08:30,,,,,,,,5
2261626.0,,,24-08-2026 13:53,24-08-2026 10:22,13-08-2026 15:34,,,,,,,,3
2261629.0,31-07-2026 09:39,30-07-2026 15:12,24-08-2026 13:53,24-08-2026 10:22,21-08-2026 14:07,,,,,,,,5
2261631.0,31-07-2026 09:39,30-07-2026 15:12,24-08-2026 13:53,24-08-2026 10:22,21-08-2026 14:07,,,,,,,,5
2261633.0,31-07-2026 09:39,30-07-2026 15:12,24-08-2026 13:53,24-08-2026 10:22,21-08-2026 14:07,,,,,,,,5
2261636.0,31-07-2026 09:39,30-07-2026 15:12,24-08-2026 13:53,24-08-2026 10:22,13-08-2026 15:34,,,,,,,,5
2261639.0,31-07-2026 09:39,30-07-2026 15:12,24-08-2026 13:53,24-08-2026 10:22,21-08-2026 14:07,,,,,,,,5
2261640.0,31-07-2026 09:39,30-07-2026 15:12,,,13-08-2026 15:34,,,,,,,,3
2261641.0,,,24-08-2026 13:53,24-08-2026 10:22,,,,,,,,,2
2261642.0,31-07-2026 09:39,30-07-2026 15:12,24-08-2026 13:53,24-08-2026 10:22,21-08-2026 14:07,,,,,,,,5
2261646.0,31-07-2026 09:39,30-07-2026 15:12,24-08-2026 13:53,24-08-2026 10:22,13-08-2026 15:34,,,,,,,,5
2261692.0,23-07-2026 10:09,22-07-2026 11:46,07-08-2026 08:10,25-08-2026 10:09,25-08-2026 08:30,,,,,,,,5
2261698.0,23-07-2026 10:09,22-07-2026 11:46,07-08-2026 08:10,25-08-2026 10:09,25-08-2026 08:30,,,,,,,,5
2261703.0,23-07-2026 10:09,22-07-2026 11:46,07-08-2026 08:10,25-08-2026 10:09,25-08-2026 08:30,,,,,,,,5
2261710.0,23-07-2026 10:09,22-07-2026 11:46,07-08-2026 08:10,25-08-2026 10:09,25-08-2026 08:30,,,,,,,,5
2261740.0,23-07-2026 10:09,22-07-2026 11:46,07-08-2026 08:10,25-08-2026 10:09,25-08-2026 08:30,,,,,,,,5
2261755.0,23-07-2026 10:09,22-07-2026 11:46,07-08-2026 08:10,25-08-2026 10:09,25-08-2026 08:30,,,,,,,,5
2261763.0,23-07-2026 10:09,22-07-2026 11:46,07-08-2026 08:10,25-08-2026 10:09,25-08-2026 08:30,,,,,,,,5
2261768.0,23-07-2026 10:09,22-07-2026 11:46,07-08-2026 08:10,25-08-2026 10:09,25-08-2026 08:30,,,,,,,,5
2261772.0,23-07-2026 10:09,22-07-2026 11:46,07-08-2026 08:10,25-08-2026 10:09,25-08-2026 08:30,,,,,,,,5
2261775.0,23-07-2026 10:09,22-07-2026 11:46,07-08-2026 08:10,25-08-2026 10:09,25-08-2026 08:30,,,,,,,,5
2261781.0,23-07-2026 10:09,22-07-2026 11:46,07-08-2026 08:10,25-08-2026 10:09,25-08-2026 08:30,,,,,,,,5
2261786.0,23-07-2026 10:09,22-07-2026 11:46,07-08-2026 08:10,25-08-2026 10:09,25-08-2026 08:30,,,,,,,,5
2261792.0,23-07-2026 10:09,22-07-2026 11:46,07-08-2026 08:10,25-08-2026 10:09,25-08-2026 08:30,,,,,,,,5
2261796.0,23-07-2026 10:09,22-07-2026 11:46,07-08-2026 08:10,25-08-2026 10:09,25-08-2026 08:30,,,,,,,,5
2261847.0,23-07-2026 10:09,22-07-2026 11:46,07-08-2026 08:10,25-08-2026 10:09,25-08-2026 08:30,,,,,,,,5
2261850.0,23-07-2026 10:09,22-07-2026 11:46,07-08-2026 08:10,25-08-2026 10:09,25-08-2026 08:30,,,,,,,,5
2261852.0,23-07-2026 10:09,22-07-2026 11:46,07-08-2026 08:10,25-08-2026 10:09,25-08-2026 08:30,,,,,,,,5
2261854.0,23-07-2026 10:09,22-07-2026 11:46,07-08-2026 08:10,25-08-2026 10:09,25-08-2026 08:30,,,,,,,,5
2261858.0,23-07-2026 10:09,22-07-2026 11:46,07-08-2026 08:10,25-08-2026 10:09,25-08-2026 08:30,,,,,,,,5
2261862.0,23-07-2026 10:09,22-07-2026 11:46,07-08-2026 08:10,25-08-2026 10:09,25-08-2026 08:30,,,,,,,,5
2261866.0,23-07-2026 10:09,22-07-2026 11:46,07-08-2026 08:10,25-08-2026 10:09,25-08-2026 08:30,,,,,,,,5
2261869.0,23-07-2026 10:09,22-07-2026 11:46,07-08-2026 08:10,25-08-2026 10:09,25-08-2026 08:30,,,,,,,,5
2261879.0,23-07-2026 10:09,22-07-2026 11:46,07-08-2026 08:10,25-08-2026 10:09,25-08-2026 08:30,,,,,,,,5
2261883.0,23-07-2026 10:09,22-07-2026 11:46,07-08-2026 08:10,25-08-2026 10:09,25-08-2026 08:30,,,,,,,,5
2261888.0,23-07-2026 10:09,22-07-2026 11:46,07-08-2026 08:10,25-08-2026 10:09,25-08-2026 08:30,,,,,,,,5
2261910.0,23-07-2026 10:09,22-07-2026 11:46,07-08-2026 08:10,25-08-2026 10:09,25-08-2026 08:30,,,,,,,,5
2261920.0,23-07-2026 10:09,22-07-2026 11:46,07-08-2026 08:10,25-08-2026 10:09,25-08-2026 08:30,,,,,,,,5
2261926.0,23-07-2026 10:09,22-07-2026 11:46,07-08-2026 08:10,25-08-2026 10:09,25-08-2026 08:30,,,,,,,,5
2261930.0,23-07-2026 10:09,22-07-2026 11:46,07-08-2026 08:10,25-08-2026 10:09,25-08-2026 08:30,,,,,,,,5
2261937.0,23-07-2026 10:09,22-07-2026 11:46,07-08-2026 08:10,25-08-2026 10:09,25-08-2026 08:30,,,,,,,,5
2261940.0,23-07-2026 10:09,22-07-2026 11:46,07-08-2026 08:10,25-08-2026 10:09,25-08-2026 08:30,,,,,,,,5
2261944.0,23-07-2026 10:09,22-07-2026 11:46,07-08-2026 08:10,25-08-2026 10:09,25-08-2026 08:30,,,,,,,,5
2261993.0,23-07-2026 10:09,22-07-2026 11:46,07-08-2026 08:10,25-08-2026 10:09,25-08-2026 08:30,,,,,,,,5
2261999.0,23-07-2026 10:09,22-07-2026 11:46,07-08-2026 08:10,25-08-2026 10:09,25-08-2026 08:30,,,,,,,,5
2262002.0,23-07-2026 10:09,22-07-2026 11:46,07-08-2026 08:10,25-08-2026 10:09,25-08-2026 08:30,,,,,,,,5
2262011.0,23-07-2026 10:09,22-07-2026 11:46,07-08-2026 08:10,25-08-2026 10:09,25-08-2026 08:30,,,,,,,,5
2262036.0,23-07-2026 10:09,22-07-2026 11:46,07-08-2026 08:10,25-08-2026 10:09,25-08-2026 08:30,,,,,,,,5
2262930.0,31-08-2026 10:37,27-08-2026 21:14,13-08-2026 14:33,27-08-2026 16:06,13-08-2026 16:31,,,,,,,,5
2263020.0,20-07-2026 12:06,21-07-2026 12:58,05-08-2026 12:13,19-08-2026 11:55,13-08-2026 11:26,,,,,,,,5
2263030.0,20-07-2026 12:06,17-07-2026 11:33,04-08-2026 10:58,19-08-2026 11:55,13-08-2026 11:26,,,,,,,,5
2263360.0,28-07-2026 15:05,16-07-2026 13:59,10-08-2026 14:14,13-08-2026 16:03,13-08-2026 13:03,,,,,,,,5
2263365.0,28-07-2026 15:05,16-07-2026 13:59,14-08-2026 15:43,13-08-2026 16:03,13-08-2026 13:03,,,,,,,,5
2263368.0,28-07-2026 15:05,16-07-2026 13:59,14-08-2026 15:43,13-08-2026 16:03,13-08-2026 13:03,,,,,,,,5
2263370.0,28-07-2026 15:05,16-07-2026 13:59,14-08-2026 15:43,13-08-2026 16:03,13-08-2026 13:03,,,,,,,,5
2263376.0,28-07-2026 15:05,16-07-2026 13:59,14-08-2026 15:43,13-08-2026 16:03,13-08-2026 13:03,,,,,,,,5
2263379.0,28-07-2026 15:05,16-07-2026 13:59,10-08-2026 14:14,13-08-2026 16:03,13-08-2026 13:03,,,,,,,,5
2263383.0,28-07-2026 15:05,16-07-2026 13:59,10-08-2026 14:14,13-08-2026 16:03,13-08-2026 13:03,,,,,,,,5
2263386.0,28-07-2026 15:05,16-07-2026 13:59,10-08-2026 14:14,13-08-2026 16:03,13-08-2026 13:03,,,,,,,,5
2263388.0,28-07-2026 15:05,16-07-2026 13:59,10-08-2026 14:14,13-08-2026 16:03,13-08-2026 13:03,,,,,,,,5
2263392.0,28-07-2026 15:05,16-07-2026 13:59,14-08-2026 15:43,13-08-2026 16:03,13-08-2026 13:03,,,,,,,,5
2263395.0,28-07-2026 15:05,16-07-2026 13:59,,,,,,,,,,,2
2263398.0,28-07-2026 15:05,16-07-2026 13:59,10-08-2026 14:14,13-08-2026 16:03,13-08-2026 13:03,,,,,,,,5
2263401.0,28-07-2026 15:05,16-07-2026 13:59,10-08-2026 14:14,13-08-2026 16:03,13-08-2026 13:03,,,,,,,,5
2263474.0,31-07-2026 09:39,30-07-2026 15:12,24-08-2026 13:53,24-08-2026 10:22,13-08-2026 15:34,,,,,,,,5
2263478.0,31-07-2026 09:39,30-07-2026 15:12,24-08-2026 13:53,24-08-2026 10:22,13-08-2026 15:34,,,,,,,,5
2263486.0,31-07-2026 09:39,30-07-2026 15:12,24-08-2026 13:53,24-08-2026 10:22,13-08-2026 15:34,,,,,,,,5
2263488.0,31-07-2026 09:39,30-07-2026 15:12,24-08-2026 13:53,24-08-2026 10:22,13-08-2026 15:34,,,,,,,,5
2263493.0,,,24-08-2026 13:53,24-08-2026 10:22,21-08-2026 14:07,,,,,,,,3
2263497.0,31-07-2026 09:39,30-07-2026 15:12,24-08-2026 13:53,24-08-2026 10:22,13-08-2026 15:34,,,,,,,,5
2263500.0,,,24-08-2026 13:53,24-08-2026 10:22,13-08-2026 15:34,,,,,,,,3
2263505.0,31-07-2026 09:39,30-07-2026 15:12,24-08-2026 13:53,24-08-2026 10:22,21-08-2026 14:07,,,,,,,,5
2263508.0,31-07-2026 09:39,30-07-2026 15:12,24-08-2026 13:53,24-08-2026 10:22,21-08-2026 14:07,,,,,,,,5
2263513.0,31-07-2026 09:39,30-07-2026 15:12,24-08-2026 13:53,24-08-2026 10:22,21-08-2026 14:07,,,,,,,,5
2263520.0,31-07-2026 09:39,30-07-2026 15:12,24-08-2026 13:53,24-08-2026 10:22,13-08-2026 15:34,,,,,,,,5
2264144.0,03-08-2026 16:53,03-08-2026 22:53,05-08-2026 21:29,25-08-2026 19:03,25-08-2026 17:18,,,,,,,,5
2264253.0,29-07-2026 09:31,28-07-2026 12:01,20-08-2026 15:14,24-08-2026 09:31,21-08-2026 10:50,,,,,,,,5
2264836.0,,20-07-2026 16:59,05-08-2026 17:01,,,,,,,,,,2
2264842.0,22-07-2026 10:33,21-07-2026 10:34,10-08-2026 16:33,19-08-2026 15:03,14-08-2026 12:05,,,,,,,,5
2264847.0,22-07-2026 10:33,21-07-2026 10:34,10-08-2026 16:33,31-08-2026 10:19,14-08-2026 12:05,,,,,,,,5
2264867.0,22-07-2026 10:33,21-07-2026 10:34,14-08-2026 14:06,19-08-2026 15:03,14-08-2026 12:05,,,,,,,,5
2264876.0,22-07-2026 10:33,21-07-2026 10:34,10-08-2026 16:33,19-08-2026 15:03,14-08-2026 12:05,,,,,,,,5
2264892.0,22-07-2026 10:33,21-07-2026 10:34,10-08-2026 16:33,19-08-2026 15:03,14-08-2026 12:05,,,,,,,,5
2264899.0,22-07-2026 10:33,21-07-2026 10:34,10-08-2026 16:33,19-08-2026 15:03,14-08-2026 12:05,,,,,,,,5
2264916.0,22-07-2026 10:33,21-07-2026 10:34,10-08-2026 16:33,19-08-2026 15:03,14-08-2026 12:05,,,,,,,,5
2264924.0,22-07-2026 10:33,21-07-2026 10:34,10-08-2026 16:33,19-08-2026 15:03,14-08-2026 12:05,,,,,,,,5
2264937.0,22-07-2026 10:33,21-07-2026 10:34,10-08-2026 16:33,19-08-2026 15:03,14-08-2026 12:05,,,,,,,,5
2264943.0,22-07-2026 10:33,21-07-2026 10:34,10-08-2026 16:33,19-08-2026 15:03,14-08-2026 12:05,,,,,,,,5
2264956.0,22-07-2026 10:33,21-07-2026 10:34,10-08-2026 16:33,19-08-2026 15:03,14-08-2026 12:05,,,,,,,,5
2264974.0,22-07-2026 10:33,21-07-2026 10:34,14-08-2026 14:06,31-08-2026 10:19,14-08-2026 12:05,,,,,,,,5
2266198.0,28-07-2026 17:27,28-07-2026 13:42,25-08-2026 15:52,20-08-2026 16:58,25-08-2026 13:27,,,,,,,,5
2266202.0,27-08-2026 14:37,27-08-2026 12:46,25-08-2026 15:52,20-08-2026 16:58,25-08-2026 13:27,,,,,,,,5
2266211.0,27-08-2026 14:37,27-08-2026 12:46,25-08-2026 15:52,20-08-2026 16:58,25-08-2026 13:27,,,,,,,,5
2266214.0,28-07-2026 17:27,28-07-2026 13:42,11-08-2026 17:33,20-08-2026 16:58,11-08-2026 14:08,,,,,,,,5
2266220.0,28-07-2026 17:27,28-07-2026 13:42,25-08-2026 15:52,20-08-2026 16:58,25-08-2026 13:27,,,,,,,,5
2266222.0,28-07-2026 17:27,28-07-2026 13:42,11-08-2026 17:33,20-08-2026 16:58,11-08-2026 14:08,,,,,,,,5
2272498.0,23-07-2026 10:09,22-07-2026 11:46,07-08-2026 08:10,25-08-2026 10:09,25-08-2026 08:30,,,,,,,,5
2272501.0,23-07-2026 10:09,22-07-2026 11:46,07-08-2026 08:10,25-08-2026 10:09,25-08-2026 08:30,,,,,,,,5
2272504.0,23-07-2026 10:09,22-07-2026 11:46,07-08-2026 08:10,25-08-2026 10:09,25-08-2026 08:30,,,,,,,,5
2272506.0,23-07-2026 10:09,22-07-2026 11:46,07-08-2026 08:10,25-08-2026 10:09,25-08-2026 08:30,,,,,,,,5
2272513.0,23-07-2026 10:09,22-07-2026 11:46,07-08-2026 08:10,25-08-2026 10:09,25-08-2026 08:30,,,,,,,,5
2272532.0,21-07-2026 16:56,20-07-2026 17:26,05-08-2026 14:31,21-08-2026 18:12,14-08-2026 16:47,,,,,,,,5
2272537.0,21-07-2026 16:56,20-07-2026 17:26,05-08-2026 14:31,21-08-2026 18:12,14-08-2026 16:47,,,,,,,,5
2278161.0,21-07-2026 16:56,21-07-2026 18:18,,21-08-2026 18:12,14-08-2026 16:47,,,,,,,,4
2278163.0,21-07-2026 16:56,20-07-2026 17:26,05-08-2026 14:31,21-08-2026 18:12,14-08-2026 16:47,,,,,,,,5
2278164.0,21-07-2026 16:56,20-07-2026 17:26,05-08-2026 14:31,21-08-2026 18:12,14-08-2026 16:47,,,,,,,,5
2278166.0,21-07-2026 16:56,20-07-2026 17:26,05-08-2026 14:31,21-08-2026 18:12,14-08-2026 16:47,,,,,,,,5
2278168.0,21-07-2026 16:56,20-07-2026 17:26,05-08-2026 14:31,21-08-2026 18:12,14-08-2026 16:47,,,,,,,,5
2278169.0,21-07-2026 16:56,20-07-2026 17:26,05-08-2026 14:31,21-08-2026 18:12,14-08-2026 16:47,,,,,,,,5
2278170.0,21-07-2026 16:56,20-07-2026 17:26,05-08-2026 14:31,21-08-2026 18:12,14-08-2026 16:47,,,,,,,,5
2278470.0,28-07-2026 17:27,28-07-2026 18:27,25-08-2026 15:52,20-08-2026 16:58,25-08-2026 13:27,,,,,,,,5
2278471.0,28-07-2026 17:27,28-07-2026 13:42,,,,,,,,,,,2
2278472.0,28-07-2026 17:27,28-07-2026 13:42,,,,,,,,,,,2
2278473.0,27-08-2026 14:37,27-08-2026 12:46,25-08-2026 15:52,20-08-2026 16:58,25-08-2026 13:27,,,,,,,,5
2278621.0,22-07-2026 16:30,20-07-2026 16:59,05-08-2026 17:01,18-08-2026 18:11,14-08-2026 16:49,,,,,,,,5
2278718.0,28-07-2026 16:32,17-07-2026 12:37,07-08-2026 17:18,25-08-2026 15:09,25-08-2026 11:52,,,,,,,,5
2278719.0,31-07-2026 14:06,17-07-2026 12:37,07-08-2026 17:18,25-08-2026 15:09,25-08-2026 11:52,,,,,,,,5
2278720.0,28-07-2026 16:32,17-07-2026 12:37,07-08-2026 17:18,25-08-2026 15:09,25-08-2026 11:52,,,,,,,,5
2278721.0,31-07-2026 14:06,17-07-2026 12:37,29-08-2026 09:14,25-08-2026 15:09,25-08-2026 11:52,,,,,,,,5
2278722.0,28-07-2026 16:32,17-07-2026 12:37,07-08-2026 17:18,25-08-2026 15:09,25-08-2026 11:52,,,,,,,,5
2278723.0,31-07-2026 14:06,17-07-2026 12:37,29-08-2026 09:14,25-08-2026 15:09,25-08-2026 11:52,,,,,,,,5
2278724.0,28-07-2026 16:32,17-07-2026 12:37,07-08-2026 17:18,25-08-2026 15:09,25-08-2026 11:52,,,,,,,,5
2278725.0,,,29-08-2026 09:14,25-08-2026 15:09,25-08-2026 11:52,,,,,,,,3
2278726.0,28-07-2026 16:32,17-07-2026 12:37,07-08-2026 17:18,25-08-2026 15:09,25-08-2026 11:52,,,,,,,,5
2278727.0,28-07-2026 16:32,31-07-2026 16:31,07-08-2026 17:18,25-08-2026 15:09,25-08-2026 11:52,,,,,,,,5
2278728.0,31-07-2026 14:06,17-07-2026 12:37,07-08-2026 17:18,25-08-2026 15:09,25-08-2026 11:52,,,,,,,,5
2278729.0,31-07-2026 14:06,17-07-2026 12:37,07-08-2026 17:18,31-08-2026 10:07,31-08-2026 13:00,,,,,,,,5
2278730.0,31-07-2026 14:06,17-07-2026 12:37,07-08-2026 17:18,31-08-2026 10:07,31-08-2026 13:00,,,,,,,,5
2278731.0,28-07-2026 16:32,17-07-2026 12:37,07-08-2026 17:18,25-08-2026 15:09,25-08-2026 11:52,,,,,,,,5
2278732.0,28-07-2026 16:32,17-07-2026 12:37,07-08-2026 17:18,25-08-2026 15:09,25-08-2026 11:52,,,,,,,,5
2278733.0,28-07-2026 16:32,17-07-2026 12:37,07-08-2026 17:18,31-08-2026 10:07,31-08-2026 13:00,,,,,,,,5
2278734.0,28-07-2026 16:32,17-07-2026 12:37,07-08-2026 17:18,25-08-2026 15:09,25-08-2026 11:52,,,,,,,,5
2278735.0,28-07-2026 16:32,17-07-2026 12:37,07-08-2026 17:18,25-08-2026 15:09,25-08-2026 11:52,,,,,,,,5
2278736.0,28-07-2026 16:32,17-07-2026 12:37,07-08-2026 17:18,25-08-2026 15:09,25-08-2026 11:52,,,,,,,,5
2278737.0,28-07-2026 16:32,31-07-2026 16:31,07-08-2026 17:18,25-08-2026 15:09,25-08-2026 11:52,,,,,,,,5
2278738.0,31-07-2026 14:06,17-07-2026 12:37,07-08-2026 17:18,25-08-2026 15:09,25-08-2026 11:52,,,,,,,,5
2278739.0,28-07-2026 16:32,17-07-2026 12:37,07-08-2026 17:18,25-08-2026 15:09,25-08-2026 11:52,,,,,,,,5
2278740.0,31-07-2026 14:06,17-07-2026 12:37,07-08-2026 17:18,25-08-2026 15:09,25-08-2026 11:52,,,,,,,,5
2278741.0,28-07-2026 16:32,17-07-2026 12:37,07-08-2026 17:18,25-08-2026 15:09,25-08-2026 11:52,,,,,,,,5
2278742.0,28-07-2026 16:32,17-07-2026 12:37,07-08-2026 17:18,31-08-2026 10:07,31-08-2026 13:00,,,,,,,,5
2278743.0,31-07-2026 14:06,17-07-2026 12:37,29-08-2026 09:14,31-08-2026 10:07,31-08-2026 13:00,,,,,,,,5
2278744.0,28-07-2026 16:32,31-07-2026 16:31,07-08-2026 17:18,25-08-2026 15:09,25-08-2026 11:52,,,,,,,,5
2278745.0,28-07-2026 16:32,31-07-2026 16:31,07-08-2026 17:18,25-08-2026 15:09,25-08-2026 11:52,,,,,,,,5
2278746.0,31-07-2026 14:06,17-07-2026 12:37,07-08-2026 17:18,31-08-2026 10:07,31-08-2026 13:00,,,,,,,,5
2278747.0,31-07-2026 14:06,17-07-2026 12:37,07-08-2026 17:18,31-08-2026 10:07,31-08-2026 13:00,,,,,,,,5
2278748.0,28-07-2026 16:32,31-07-2026 16:31,07-08-2026 17:18,31-08-2026 10:07,31-08-2026 13:00,,,,,,,,5
2278749.0,28-07-2026 16:32,17-07-2026 12:37,07-08-2026 17:18,25-08-2026 15:09,25-08-2026 11:52,,,,,,,,5
2278750.0,31-07-2026 14:06,17-07-2026 12:37,07-08-2026 17:18,25-08-2026 15:09,25-08-2026 11:52,,,,,,,,5
2278751.0,,,07-08-2026 17:18,,,,,,,,,,1
2278753.0,31-07-2026 14:06,17-07-2026 12:37,07-08-2026 17:18,25-08-2026 15:09,25-08-2026 11:52,,,,,,,,5
2278754.0,28-07-2026 16:32,17-07-2026 12:37,07-08-2026 17:18,25-08-2026 15:09,25-08-2026 11:52,,,,,,,,5
2278755.0,28-07-2026 16:32,17-07-2026 12:37,29-08-2026 09:14,31-08-2026 10:07,31-08-2026 13:00,,,,,,,,5
2278756.0,31-07-2026 14:06,17-07-2026 12:37,07-08-2026 17:18,25-08-2026 15:09,25-08-2026 11:52,,,,,,,,5
2278757.0,28-07-2026 16:32,17-07-2026 12:37,07-08-2026 17:18,25-08-2026 15:09,25-08-2026 11:52,,,,,,,,5
2278758.0,28-07-2026 16:32,17-07-2026 12:37,07-08-2026 17:18,25-08-2026 15:09,25-08-2026 11:52,,,,,,,,5
2278759.0,28-07-2026 16:32,31-07-2026 16:31,07-08-2026 17:18,31-08-2026 10:07,31-08-2026 13:00,,,,,,,,5
2278760.0,28-07-2026 16:32,17-07-2026 12:37,07-08-2026 17:18,25-08-2026 15:09,25-08-2026 11:52,,,,,,,,5
2278761.0,28-07-2026 16:32,31-07-2026 16:31,07-08-2026 17:18,25-08-2026 15:09,25-08-2026 11:52,,,,,,,,5
2278762.0,28-07-2026 16:32,17-07-2026 12:37,29-08-2026 09:14,31-08-2026 10:07,31-08-2026 13:00,,,,,,,,5
2279908.0,30-07-2026 14:19,27-07-2026 13:26,14-08-2026 15:08,14-08-2026 12:54,12-08-2026 16:43,,,,,,,,5
2282205.0,21-07-2026 10:42,20-07-2026 10:02,05-08-2026 11:18,18-08-2026 12:26,13-08-2026 11:26,,,,,,,,5
2282208.0,31-07-2026 16:36,31-07-2026 14:50,06-08-2026 17:16,26-08-2026 18:20,13-08-2026 14:16,,,,,,,,5
2282212.0,07-08-2026 15:35,07-08-2026 12:34,06-08-2026 17:16,20-08-2026 16:51,20-08-2026 18:44,,,,,,,,5
2282213.0,21-07-2026 10:42,20-07-2026 10:02,05-08-2026 11:18,18-08-2026 12:26,13-08-2026 11:26,,,,,,,,5
2282214.0,30-07-2026 15:52,30-07-2026 14:44,06-08-2026 17:16,20-08-2026 16:51,13-08-2026 14:16,,,,,,,,5
2282216.0,21-07-2026 10:42,20-07-2026 10:02,13-08-2026 19:51,18-08-2026 12:26,13-08-2026 11:26,,,,,,,,5
2282217.0,07-08-2026 15:35,07-08-2026 12:34,06-08-2026 17:16,20-08-2026 16:51,13-08-2026 14:16,,,,,,,,5
2282219.0,21-07-2026 10:42,20-07-2026 10:02,05-08-2026 11:18,18-08-2026 12:26,13-08-2026 11:26,,,,,,,,5
2282220.0,07-08-2026 15:35,07-08-2026 12:34,06-08-2026 17:16,20-08-2026 16:51,13-08-2026 14:16,,,,,,,,5
2282222.0,07-08-2026 15:35,07-08-2026 12:34,,,,,,,,,,,2
2282223.0,07-08-2026 15:35,07-08-2026 12:34,06-08-2026 17:16,26-08-2026 18:20,13-08-2026 14:16,,,,,,,,5
2282224.0,21-07-2026 10:42,20-07-2026 10:02,05-08-2026 11:18,18-08-2026 12:26,13-08-2026 11:26,,,,,,,,5
2282225.0,07-08-2026 15:35,07-08-2026 12:34,06-08-2026 17:16,20-08-2026 16:51,13-08-2026 14:16,,,,,,,,5
2282226.0,31-07-2026 16:36,31-07-2026 14:50,06-08-2026 17:16,20-08-2026 16:51,13-08-2026 14:16,,,,,,,,5
2282227.0,21-07-2026 10:42,20-07-2026 10:02,05-08-2026 11:18,18-08-2026 12:26,13-08-2026 11:26,,,,,,,,5
2282228.0,07-08-2026 15:35,07-08-2026 12:34,06-08-2026 17:16,20-08-2026 16:51,13-08-2026 14:16,,,,,,,,5
2282229.0,21-07-2026 10:42,20-07-2026 10:02,05-08-2026 11:18,18-08-2026 12:26,13-08-2026 11:26,,,,,,,,5
2282230.0,07-08-2026 15:35,07-08-2026 12:34,,,,,,,,,,,2
2282231.0,07-08-2026 15:35,07-08-2026 12:34,06-08-2026 17:16,20-08-2026 16:51,13-08-2026 14:16,,,,,,,,5
2282232.0,21-07-2026 10:42,20-07-2026 10:02,05-08-2026 11:18,18-08-2026 12:26,12-08-2026 11:37,,,,,,,,5
2282233.0,31-07-2026 16:36,31-07-2026 14:50,06-08-2026 17:16,20-08-2026 16:51,13-08-2026 14:16,,,,,,,,5
2282234.0,21-07-2026 10:42,20-07-2026 10:02,05-08-2026 11:18,18-08-2026 12:26,13-08-2026 11:26,,,,,,,,5
2282235.0,30-07-2026 15:52,30-07-2026 14:44,06-08-2026 17:16,20-08-2026 16:51,13-08-2026 14:16,,,,,,,,5
2282237.0,21-07-2026 10:42,20-07-2026 10:02,05-08-2026 11:18,18-08-2026 12:26,13-08-2026 11:26,,,,,,,,5
2282239.0,07-08-2026 15:35,07-08-2026 12:34,06-08-2026 17:16,20-08-2026 16:51,20-08-2026 18:44,,,,,,,,5
2282241.0,07-08-2026 15:35,07-08-2026 12:34,06-08-2026 17:16,20-08-2026 16:51,13-08-2026 14:16,,,,,,,,5
2282243.0,07-08-2026 15:35,07-08-2026 12:34,06-08-2026 17:16,20-08-2026 16:51,13-08-2026 14:16,,,,,,,,5
2282244.0,21-07-2026 10:42,20-07-2026 10:02,05-08-2026 11:18,18-08-2026 12:26,12-08-2026 11:37,,,,,,,,5
2282245.0,07-08-2026 15:35,07-08-2026 12:34,06-08-2026 17:16,20-08-2026 16:51,13-08-2026 14:16,,,,,,,,5
2282247.0,21-07-2026 10:42,20-07-2026 10:02,05-08-2026 11:18,18-08-2026 12:26,13-08-2026 11:26,,,,,,,,5
2282248.0,07-08-2026 15:35,07-08-2026 12:34,06-08-2026 17:16,20-08-2026 16:51,13-08-2026 14:16,,,,,,,,5
2282250.0,21-07-2026 10:42,20-07-2026 10:02,05-08-2026 11:18,18-08-2026 12:26,13-08-2026 11:26,,,,,,,,5
2282251.0,31-07-2026 16:36,31-07-2026 14:50,06-08-2026 17:16,20-08-2026 16:51,13-08-2026 14:16,,,,,,,,5
2282253.0,07-08-2026 15:35,07-08-2026 12:34,06-08-2026 17:16,26-08-2026 18:20,13-08-2026 14:16,,,,,,,,5
2282255.0,31-07-2026 16:36,31-07-2026 14:50,06-08-2026 17:16,20-08-2026 16:51,13-08-2026 14:16,,,,,,,,5
2282257.0,31-07-2026 18:38,31-07-2026 17:36,12-08-2026 17:30,20-08-2026 17:13,25-08-2026 17:18,,,,,,,,5
2282258.0,21-07-2026 10:42,20-07-2026 10:02,05-08-2026 11:18,18-08-2026 12:26,12-08-2026 11:37,,,,,,,,5
2282259.0,07-08-2026 15:35,07-08-2026 12:34,,,,,,,,,,,2
2282261.0,21-07-2026 10:42,20-07-2026 10:02,05-08-2026 11:18,18-08-2026 12:26,13-08-2026 11:26,,,,,,,,5
2282262.0,07-08-2026 15:35,07-08-2026 12:34,,,,,,,,,,,2
2282266.0,07-08-2026 15:35,07-08-2026 12:34,06-08-2026 17:16,20-08-2026 16:51,13-08-2026 14:16,,,,,,,,5
2282267.0,21-07-2026 10:42,20-07-2026 10:02,05-08-2026 11:18,18-08-2026 12:26,13-08-2026 11:26,,,,,,,,5
2282269.0,07-08-2026 15:35,07-08-2026 12:34,,,,,,,,,,,2
2282271.0,07-08-2026 15:35,07-08-2026 12:34,06-08-2026 17:16,,,,,,,,,,3
2282272.0,21-07-2026 10:42,20-07-2026 10:02,05-08-2026 11:18,18-08-2026 12:26,12-08-2026 11:37,,,,,,,,5
2282273.0,30-07-2026 15:52,30-07-2026 14:44,06-08-2026 17:16,20-08-2026 16:51,13-08-2026 14:16,,,,,,,,5
2282275.0,31-07-2026 16:36,31-07-2026 14:50,06-08-2026 17:16,20-08-2026 16:51,13-08-2026 14:16,,,,,,,,5
2282277.0,03-08-2026 16:53,03-08-2026 22:53,12-08-2026 17:30,25-08-2026 19:03,25-08-2026 17:18,,,,,,,,5
2282281.0,21-07-2026 10:42,20-07-2026 10:02,05-08-2026 11:18,18-08-2026 12:26,13-08-2026 11:26,,,,,,,,5
2282282.0,03-08-2026 16:53,03-08-2026 22:53,05-08-2026 21:29,20-08-2026 17:13,25-08-2026 17:18,,,,,,,,5
2282283.0,21-07-2026 10:42,20-07-2026 10:02,05-08-2026 11:18,18-08-2026 12:26,13-08-2026 11:26,,,,,,,,5
2282285.0,21-07-2026 10:42,20-07-2026 10:02,21-08-2026 14:30,18-08-2026 12:26,13-08-2026 11:26,,,,,,,,5
2282286.0,21-07-2026 10:42,20-07-2026 10:02,05-08-2026 11:18,18-08-2026 12:26,12-08-2026 11:37,,,,,,,,5
2282288.0,21-07-2026 10:42,20-07-2026 10:02,05-08-2026 11:18,18-08-2026 12:26,13-08-2026 11:26,,,,,,,,5
2282289.0,31-07-2026 16:36,31-07-2026 14:50,06-08-2026 17:16,20-08-2026 16:51,20-08-2026 18:44,,,,,,,,5
2282291.0,07-08-2026 15:35,07-08-2026 12:34,06-08-2026 17:16,20-08-2026 16:51,13-08-2026 14:16,,,,,,,,5
2282292.0,21-07-2026 10:42,20-07-2026 10:02,05-08-2026 11:18,18-08-2026 12:26,13-08-2026 11:26,,,,,,,,5
2282294.0,07-08-2026 15:35,07-08-2026 12:34,,,,,,,,,,,2
2282295.0,21-07-2026 10:42,20-07-2026 10:02,05-08-2026 11:18,18-08-2026 12:26,13-08-2026 11:26,,,,,,,,5
2282296.0,07-08-2026 15:35,07-08-2026 12:34,06-08-2026 17:16,26-08-2026 18:20,13-08-2026 14:16,,,,,,,,5
2282297.0,21-07-2026 10:42,20-07-2026 10:02,05-08-2026 11:18,18-08-2026 12:26,13-08-2026 11:26,,,,,,,,5
2282298.0,03-08-2026 16:53,03-08-2026 22:53,05-08-2026 21:29,20-08-2026 17:13,12-08-2026 10:06,,,,,,,,5
2282300.0,07-08-2026 15:35,07-08-2026 12:34,,,,,,,,,,,2
2282302.0,21-07-2026 10:42,20-07-2026 10:02,05-08-2026 11:18,18-08-2026 12:26,13-08-2026 11:26,,,,,,,,5
2282303.0,31-07-2026 16:36,31-07-2026 14:50,06-08-2026 17:16,20-08-2026 16:51,13-08-2026 14:16,,,,,,,,5
2282305.0,30-07-2026 17:26,30-07-2026 16:08,12-08-2026 17:30,25-08-2026 19:03,12-08-2026 10:06,,,,,,,,5
2282307.0,07-08-2026 15:35,07-08-2026 12:34,06-08-2026 17:16,20-08-2026 16:51,13-08-2026 14:16,,,,,,,,5
2282308.0,30-07-2026 15:52,30-07-2026 14:44,06-08-2026 17:16,20-08-2026 16:51,13-08-2026 14:16,,,,,,,,5
2282312.0,07-08-2026 15:35,07-08-2026 12:34,06-08-2026 17:16,26-08-2026 18:20,13-08-2026 14:16,,,,,,,,5
2282314.0,07-08-2026 15:35,07-08-2026 12:34,06-08-2026 17:16,20-08-2026 16:51,13-08-2026 14:16,,,,,,,,5
2282315.0,07-08-2026 15:35,07-08-2026 12:34,06-08-2026 17:16,20-08-2026 16:51,13-08-2026 14:16,,,,,,,,5
2282317.0,07-08-2026 15:35,07-08-2026 12:34,,,,,,,,,,,2
2282329.0,31-07-2026 16:36,31-07-2026 14:50,06-08-2026 17:16,20-08-2026 16:51,13-08-2026 14:16,,,,,,,,5
2282331.0,07-08-2026 15:35,07-08-2026 12:34,06-08-2026 17:16,26-08-2026 18:20,13-08-2026 14:16,,,,,,,,5
2282333.0,07-08-2026 15:35,07-08-2026 12:34,06-08-2026 17:16,20-08-2026 16:51,13-08-2026 14:16,,,,,,,,5
2282334.0,07-08-2026 15:35,07-08-2026 12:34,20-08-2026 18:43,20-08-2026 16:51,13-08-2026 14:16,,,,,,,,5
2282335.0,07-08-2026 15:35,07-08-2026 12:34,06-08-2026 17:16,20-08-2026 16:51,13-08-2026 14:16,,,,,,,,5
2282336.0,07-08-2026 15:35,07-08-2026 12:34,06-08-2026 17:16,20-08-2026 16:51,13-08-2026 14:16,,,,,,,,5
2282337.0,07-08-2026 15:35,07-08-2026 12:34,06-08-2026 17:16,20-08-2026 16:51,13-08-2026 14:16,,,,,,,,5
2282338.0,07-08-2026 15:35,07-08-2026 12:34,20-08-2026 18:43,20-08-2026 16:51,13-08-2026 14:16,,,,,,,,5
2282339.0,07-08-2026 15:35,07-08-2026 12:34,06-08-2026 17:16,20-08-2026 16:51,13-08-2026 14:16,,,,,,,,5
2282340.0,07-08-2026 15:35,07-08-2026 12:34,06-08-2026 17:16,20-08-2026 16:51,13-08-2026 14:16,,,,,,,,5
2282341.0,07-08-2026 15:35,07-08-2026 12:34,,20-08-2026 16:51,,,,,,,,,3
2282342.0,07-08-2026 15:35,07-08-2026 12:34,20-08-2026 18:43,20-08-2026 16:51,13-08-2026 14:16,,,,,,,,5
2282343.0,07-08-2026 15:35,07-08-2026 12:34,,,,,,,,,,,2
2282344.0,31-07-2026 16:36,31-07-2026 14:50,06-08-2026 17:16,20-08-2026 16:51,13-08-2026 14:16,,,,,,,,5
2282345.0,07-08-2026 15:35,07-08-2026 12:34,06-08-2026 17:16,26-08-2026 18:20,13-08-2026 14:16,,,,,,,,5
2282346.0,31-07-2026 16:36,31-07-2026 14:50,06-08-2026 17:16,20-08-2026 16:51,13-08-2026 14:16,,,,,,,,5
2282347.0,07-08-2026 15:35,07-08-2026 12:34,,,,,,,,,,,2
2282348.0,07-08-2026 15:35,07-08-2026 12:34,06-08-2026 17:16,20-08-2026 16:51,13-08-2026 14:16,,,,,,,,5
2282349.0,31-07-2026 16:36,31-07-2026 14:50,06-08-2026 17:16,20-08-2026 16:51,13-08-2026 14:16,,,,,,,,5
2282350.0,07-08-2026 15:35,07-08-2026 12:34,06-08-2026 17:16,20-08-2026 16:51,13-08-2026 14:16,,,,,,,,5
2282360.0,21-07-2026 10:42,20-07-2026 10:02,05-08-2026 11:18,18-08-2026 12:26,13-08-2026 11:26,,,,,,,,5
2282361.0,21-07-2026 10:42,20-07-2026 10:02,05-08-2026 11:18,18-08-2026 12:26,13-08-2026 11:26,,,,,,,,5
2282362.0,21-07-2026 10:42,20-07-2026 10:02,05-08-2026 11:18,18-08-2026 12:26,13-08-2026 11:26,,,,,,,,5
2282363.0,21-07-2026 10:42,20-07-2026 10:02,05-08-2026 11:18,18-08-2026 12:26,13-08-2026 11:26,,,,,,,,5
2282484.0,22-07-2026 12:06,21-07-2026 15:52,06-08-2026 16:48,24-08-2026 13:10,21-08-2026 10:55,,,,,,,,5
2282486.0,22-07-2026 12:06,21-07-2026 15:52,06-08-2026 16:48,24-08-2026 13:10,21-08-2026 10:55,,,,,,,,5
2282490.0,22-07-2026 12:06,21-07-2026 15:52,06-08-2026 16:48,24-08-2026 13:10,21-08-2026 10:55,,,,,,,,5
2282492.0,22-07-2026 12:06,21-07-2026 15:52,06-08-2026 16:48,24-08-2026 13:10,21-08-2026 10:55,,,,,,,,5
2282496.0,,,06-08-2026 16:48,26-08-2026 10:46,,,,,,,,,2
2282500.0,22-07-2026 12:06,21-07-2026 15:52,06-08-2026 16:48,26-08-2026 10:46,21-08-2026 10:55,,,,,,,,5
2282504.0,27-08-2026 12:27,27-08-2026 09:51,06-08-2026 16:48,,,,,,,,,,3
2282507.0,22-07-2026 12:06,21-07-2026 15:52,06-08-2026 16:48,26-08-2026 10:46,21-08-2026 10:55,,,,,,,,5
2282509.0,22-07-2026 12:06,21-07-2026 15:52,06-08-2026 16:48,24-08-2026 13:10,27-08-2026 15:32,,,,,,,,5
2282514.0,22-07-2026 12:06,21-07-2026 15:52,26-08-2026 14:03,24-08-2026 13:10,21-08-2026 10:55,,,,,,,,5
2282518.0,22-07-2026 12:06,21-07-2026 15:52,06-08-2026 16:48,24-08-2026 13:10,21-08-2026 10:55,,,,,,,,5
2282521.0,22-07-2026 12:06,21-07-2026 15:52,06-08-2026 16:48,26-08-2026 10:46,21-08-2026 10:55,,,,,,,,5
2282526.0,23-07-2026 15:03,23-07-2026 12:01,05-08-2026 17:10,24-08-2026 13:10,24-08-2026 10:47,,,,,,,,5
2282531.0,29-07-2026 15:09,29-07-2026 12:07,26-08-2026 14:03,26-08-2026 16:10,21-08-2026 10:55,,,,,,,,5
2282628.0,03-08-2026 16:53,03-08-2026 22:53,05-08-2026 21:29,25-08-2026 19:03,12-08-2026 10:06,,,,,,,,5
2282633.0,03-08-2026 16:53,03-08-2026 22:53,05-08-2026 21:29,20-08-2026 17:13,12-08-2026 10:06,,,,,,,,5
2282635.0,31-07-2026 18:38,31-07-2026 17:36,12-08-2026 17:30,20-08-2026 17:13,12-08-2026 10:06,,,,,,,,5
2282643.0,22-07-2026 16:29,16-07-2026 15:38,04-08-2026 13:01,20-08-2026 15:20,17-08-2026 11:17,,,,,,,,5
2282647.0,22-07-2026 16:29,16-07-2026 15:38,04-08-2026 13:01,20-08-2026 15:20,17-08-2026 11:17,,,,,,,,5
2282648.0,30-07-2026 17:26,30-07-2026 16:08,05-08-2026 21:29,20-08-2026 17:13,25-08-2026 17:18,,,,,,,,5
2282651.0,22-07-2026 16:29,16-07-2026 15:38,04-08-2026 13:01,20-08-2026 15:20,17-08-2026 11:17,,,,,,,,5
2282654.0,30-07-2026 17:26,30-07-2026 16:08,12-08-2026 17:30,20-08-2026 17:13,12-08-2026 10:06,,,,,,,,5
2282658.0,22-07-2026 16:29,16-07-2026 15:38,04-08-2026 13:01,20-08-2026 15:20,17-08-2026 11:17,,,,,,,,5
2282659.0,30-07-2026 17:26,30-07-2026 16:08,05-08-2026 21:29,20-08-2026 17:13,12-08-2026 10:06,,,,,,,,5
2282665.0,22-07-2026 16:29,16-07-2026 15:38,04-08-2026 13:01,20-08-2026 15:20,17-08-2026 11:17,,,,,,,,5
2282668.0,30-07-2026 17:26,30-07-2026 16:08,12-08-2026 17:30,20-08-2026 17:13,12-08-2026 10:06,,,,,,,,5
2282672.0,22-07-2026 16:29,16-07-2026 15:38,04-08-2026 13:01,20-08-2026 15:20,17-08-2026 11:17,,,,,,,,5
2282679.0,03-08-2026 16:53,03-08-2026 22:53,05-08-2026 21:29,20-08-2026 17:13,12-08-2026 10:06,,,,,,,,5
2282680.0,30-07-2026 11:26,29-07-2026 16:09,24-08-2026 15:22,20-08-2026 15:20,17-08-2026 11:17,,,,,,,,5
2282683.0,22-07-2026 16:29,16-07-2026 15:38,04-08-2026 13:01,20-08-2026 15:20,17-08-2026 11:17,,,,,,,,5
2282688.0,22-07-2026 16:29,16-07-2026 15:38,04-08-2026 13:01,20-08-2026 15:20,17-08-2026 11:17,,,,,,,,5
2282690.0,31-07-2026 18:38,31-07-2026 17:36,05-08-2026 21:29,20-08-2026 17:13,12-08-2026 10:06,,,,,,,,5
2282695.0,30-07-2026 11:26,29-07-2026 16:09,04-08-2026 13:01,20-08-2026 15:20,17-08-2026 11:17,,,,,,,,5
2282697.0,03-08-2026 16:53,03-08-2026 22:53,05-08-2026 21:29,25-08-2026 19:03,12-08-2026 10:06,,,,,,,,5
2282699.0,30-07-2026 11:26,29-07-2026 16:09,04-08-2026 13:01,20-08-2026 15:20,17-08-2026 11:17,,,,,,,,5
2282702.0,30-07-2026 11:26,29-07-2026 16:09,04-08-2026 13:01,20-08-2026 15:20,17-08-2026 11:17,,,,,,,,5
2282703.0,03-08-2026 16:53,03-08-2026 22:53,05-08-2026 21:29,20-08-2026 17:13,12-08-2026 10:06,,,,,,,,5
2282705.0,22-07-2026 16:29,16-07-2026 15:38,04-08-2026 13:01,20-08-2026 15:20,17-08-2026 11:17,,,,,,,,5
2282706.0,03-08-2026 16:53,03-08-2026 22:53,05-08-2026 21:29,20-08-2026 17:13,12-08-2026 10:06,,,,,,,,5
2282711.0,03-08-2026 16:53,03-08-2026 22:53,12-08-2026 17:30,20-08-2026 17:13,12-08-2026 10:06,,,,,,,,5
2282714.0,03-08-2026 16:53,03-08-2026 22:53,05-08-2026 21:29,20-08-2026 17:13,12-08-2026 10:06,,,,,,,,5
2282718.0,23-07-2026 15:03,23-07-2026 12:01,05-08-2026 17:10,24-08-2026 13:10,24-08-2026 10:47,,,,,,,,5
2282720.0,03-08-2026 16:53,03-08-2026 22:53,05-08-2026 21:29,25-08-2026 19:03,25-08-2026 17:18,,,,,,,,5
2282722.0,22-07-2026 12:06,21-07-2026 15:52,06-08-2026 16:48,24-08-2026 13:10,21-08-2026 10:55,,,,,,,,5
2282723.0,22-07-2026 12:06,21-07-2026 15:52,06-08-2026 16:48,24-08-2026 13:10,21-08-2026 10:55,,,,,,,,5
2282724.0,22-07-2026 12:06,21-07-2026 15:52,06-08-2026 16:48,26-08-2026 16:10,21-08-2026 10:55,,,,,,,,5
2282725.0,22-07-2026 12:06,21-07-2026 15:52,06-08-2026 16:48,24-08-2026 13:10,21-08-2026 10:55,,,,,,,,5
2282726.0,22-07-2026 12:06,21-07-2026 15:52,06-08-2026 16:48,24-08-2026 13:10,21-08-2026 10:55,,,,,,,,5
2282727.0,22-07-2026 12:06,21-07-2026 15:52,06-08-2026 16:48,26-08-2026 16:10,21-08-2026 10:55,,,,,,,,5
2282728.0,22-07-2026 12:06,21-07-2026 15:52,06-08-2026 16:48,27-08-2026 17:30,21-08-2026 10:55,,,,,,,,5
2282729.0,23-07-2026 15:03,23-07-2026 12:01,05-08-2026 17:10,24-08-2026 13:10,24-08-2026 10:47,,,,,,,,5
2282730.0,22-07-2026 12:06,21-07-2026 15:52,06-08-2026 16:48,26-08-2026 16:10,21-08-2026 10:55,,,,,,,,5
2282731.0,22-07-2026 12:06,21-07-2026 15:52,06-08-2026 16:48,26-08-2026 16:10,21-08-2026 10:55,,,,,,,,5
2282732.0,22-07-2026 16:29,16-07-2026 15:38,04-08-2026 13:01,20-08-2026 15:20,17-08-2026 11:17,,,,,,,,5
2282733.0,22-07-2026 12:06,21-07-2026 15:52,06-08-2026 16:48,26-08-2026 16:10,21-08-2026 10:55,,,,,,,,5
2282735.0,29-07-2026 15:09,29-07-2026 12:07,06-08-2026 16:48,24-08-2026 13:10,21-08-2026 10:55,,,,,,,,5
2282736.0,22-07-2026 16:29,16-07-2026 15:38,04-08-2026 13:01,20-08-2026 15:20,17-08-2026 11:17,,,,,,,,5
2282738.0,22-07-2026 12:06,21-07-2026 15:52,06-08-2026 16:48,24-08-2026 13:10,21-08-2026 10:55,,,,,,,,5
2282739.0,22-07-2026 16:29,16-07-2026 15:38,04-08-2026 13:01,20-08-2026 15:20,17-08-2026 11:17,,,,,,,,5
2282740.0,22-07-2026 12:06,21-07-2026 15:52,06-08-2026 16:48,26-08-2026 16:10,,,,,,,,,4
2282741.0,22-07-2026 16:29,16-07-2026 15:38,04-08-2026 13:01,20-08-2026 15:20,17-08-2026 11:17,,,,,,,,5
2282742.0,,,06-08-2026 16:48,,,,,,,,,,1
2282744.0,22-07-2026 12:06,21-07-2026 15:52,06-08-2026 16:48,26-08-2026 16:10,21-08-2026 10:55,,,,,,,,5
2282745.0,22-07-2026 12:06,29-07-2026 10:46,06-08-2026 16:48,26-08-2026 16:10,21-08-2026 10:55,,,,,,,,5
2282746.0,29-07-2026 15:09,29-07-2026 12:07,06-08-2026 16:48,26-08-2026 16:10,21-08-2026 10:55,,,,,,,,5
2282822.0,22-07-2026 16:29,16-07-2026 15:38,04-08-2026 13:01,20-08-2026 15:20,17-08-2026 11:17,,,,,,,,5
2282826.0,22-07-2026 16:29,16-07-2026 15:38,04-08-2026 13:01,20-08-2026 15:20,17-08-2026 11:17,,,,,,,,5
2282828.0,22-07-2026 16:29,16-07-2026 15:38,04-08-2026 13:01,20-08-2026 15:20,17-08-2026 11:17,,,,,,,,5
2282831.0,22-07-2026 16:29,16-07-2026 15:38,04-08-2026 13:01,20-08-2026 15:20,17-08-2026 11:17,,,,,,,,5
2282833.0,22-07-2026 16:29,16-07-2026 15:38,04-08-2026 13:01,20-08-2026 15:20,17-08-2026 11:17,,,,,,,,5
2282835.0,22-07-2026 16:29,16-07-2026 15:38,04-08-2026 13:01,20-08-2026 15:20,17-08-2026 11:17,,,,,,,,5
2282838.0,22-07-2026 16:29,16-07-2026 15:38,04-08-2026 13:01,20-08-2026 15:20,17-08-2026 11:17,,,,,,,,5
2282842.0,22-07-2026 16:29,16-07-2026 15:38,04-08-2026 13:01,20-08-2026 15:20,17-08-2026 11:17,,,,,,,,5
2282847.0,22-07-2026 16:29,16-07-2026 15:38,04-08-2026 13:01,20-08-2026 15:20,17-08-2026 11:17,,,,,,,,5
2282848.0,30-07-2026 11:26,29-07-2026 16:09,04-08-2026 13:01,20-08-2026 15:20,17-08-2026 11:17,,,,,,,,5
2282878.0,22-07-2026 16:29,16-07-2026 15:38,04-08-2026 13:01,20-08-2026 15:20,17-08-2026 11:17,,,,,,,,5
2282881.0,22-07-2026 16:29,16-07-2026 15:38,04-08-2026 13:01,20-08-2026 15:20,17-08-2026 11:17,,,,,,,,5
2282883.0,22-07-2026 16:29,16-07-2026 15:38,04-08-2026 13:01,20-08-2026 15:20,17-08-2026 11:17,,,,,,,,5
2282884.0,22-07-2026 16:29,16-07-2026 15:38,04-08-2026 13:01,20-08-2026 15:20,17-08-2026 11:17,,,,,,,,5
2282887.0,22-07-2026 16:29,16-07-2026 15:38,04-08-2026 13:01,20-08-2026 15:20,17-08-2026 11:17,,,,,,,,5
2282903.0,03-08-2026 16:53,03-08-2026 22:53,12-08-2026 17:30,20-08-2026 17:13,12-08-2026 10:06,,,,,,,,5
2282904.0,29-07-2026 15:09,29-07-2026 12:07,06-08-2026 16:48,24-08-2026 13:10,21-08-2026 10:55,,,,,,,,5
2282905.0,29-07-2026 15:09,29-07-2026 12:07,26-08-2026 14:03,24-08-2026 13:10,21-08-2026 10:55,,,,,,,,5
2282906.0,22-07-2026 12:06,21-07-2026 15:52,06-08-2026 16:48,24-08-2026 13:10,21-08-2026 10:55,,,,,,,,5
2282907.0,22-07-2026 12:06,21-07-2026 15:52,06-08-2026 16:48,24-08-2026 13:10,21-08-2026 10:55,,,,,,,,5
2282908.0,22-07-2026 12:06,21-07-2026 15:52,06-08-2026 16:48,24-08-2026 13:10,21-08-2026 10:55,,,,,,,,5
2282909.0,23-07-2026 15:03,23-07-2026 12:01,05-08-2026 17:10,24-08-2026 13:10,24-08-2026 10:47,,,,,,,,5
2282910.0,22-07-2026 12:06,21-07-2026 15:52,06-08-2026 16:48,26-08-2026 16:10,21-08-2026 10:55,,,,,,,,5
2282911.0,22-07-2026 12:06,21-07-2026 15:52,06-08-2026 16:48,24-08-2026 13:10,21-08-2026 10:55,,,,,,,,5
2282912.0,22-07-2026 12:06,21-07-2026 15:52,06-08-2026 16:48,24-08-2026 13:10,21-08-2026 10:55,,,,,,,,5
2282913.0,22-07-2026 12:06,21-07-2026 15:52,06-08-2026 16:48,24-08-2026 13:10,21-08-2026 10:55,,,,,,,,5
2282914.0,22-07-2026 12:06,21-07-2026 15:52,06-08-2026 16:48,24-08-2026 13:10,21-08-2026 10:55,,,,,,,,5
2282915.0,29-07-2026 15:09,29-07-2026 12:07,06-08-2026 16:48,26-08-2026 16:10,27-08-2026 15:32,,,,,,,,5
2282916.0,22-07-2026 12:06,21-07-2026 15:52,06-08-2026 16:48,24-08-2026 13:10,21-08-2026 10:55,,,,,,,,5
2282917.0,27-08-2026 12:27,27-08-2026 09:51,,,21-08-2026 10:55,,,,,,,,3
2282918.0,22-07-2026 12:06,21-07-2026 15:52,06-08-2026 16:48,27-08-2026 17:30,21-08-2026 10:55,,,,,,,,5
2282919.0,22-07-2026 12:06,21-07-2026 15:52,06-08-2026 16:48,27-08-2026 17:30,21-08-2026 10:55,,,,,,,,5
2282920.0,22-07-2026 12:06,21-07-2026 15:52,06-08-2026 16:48,26-08-2026 10:46,21-08-2026 10:55,,,,,,,,5
2282921.0,29-07-2026 15:09,29-07-2026 12:07,26-08-2026 14:03,26-08-2026 16:10,21-08-2026 10:55,,,,,,,,5
2282922.0,22-07-2026 12:06,21-07-2026 15:52,06-08-2026 16:48,26-08-2026 16:10,21-08-2026 10:55,,,,,,,,5
2282923.0,,,06-08-2026 16:48,,,,,,,,,,1
2282924.0,22-07-2026 12:06,21-07-2026 15:52,06-08-2026 16:48,26-08-2026 10:46,21-08-2026 10:55,,,,,,,,5
2282925.0,22-07-2026 12:06,21-07-2026 15:52,06-08-2026 16:48,24-08-2026 13:10,21-08-2026 10:55,,,,,,,,5
2282926.0,03-08-2026 16:53,03-08-2026 22:53,05-08-2026 21:29,20-08-2026 17:13,12-08-2026 10:06,,,,,,,,5
2282927.0,03-08-2026 16:53,03-08-2026 22:53,05-08-2026 21:29,20-08-2026 17:13,12-08-2026 10:06,,,,,,,,5
2282929.0,22-07-2026 12:06,21-07-2026 15:52,06-08-2026 16:48,26-08-2026 10:46,21-08-2026 10:55,,,,,,,,5
2282930.0,03-08-2026 16:53,03-08-2026 22:53,05-08-2026 21:29,20-08-2026 17:13,12-08-2026 10:06,,,,,,,,5
2282931.0,22-07-2026 12:06,21-07-2026 15:52,06-08-2026 16:48,27-08-2026 17:30,21-08-2026 10:55,,,,,,,,5
2282932.0,22-07-2026 12:06,21-07-2026 15:52,26-08-2026 14:03,26-08-2026 16:10,21-08-2026 10:55,,,,,,,,5
2282933.0,03-08-2026 16:53,03-08-2026 22:53,05-08-2026 21:29,20-08-2026 17:13,12-08-2026 10:06,,,,,,,,5
2282934.0,22-07-2026 12:06,21-07-2026 15:52,06-08-2026 16:48,26-08-2026 10:46,21-08-2026 10:55,,,,,,,,5
2282935.0,30-07-2026 17:26,30-07-2026 16:08,12-08-2026 17:30,20-08-2026 17:13,25-08-2026 17:18,,,,,,,,5
2282936.0,22-07-2026 12:06,21-07-2026 15:52,06-08-2026 16:48,24-08-2026 13:10,21-08-2026 10:55,,,,,,,,5
2282937.0,03-08-2026 16:53,03-08-2026 22:53,25-08-2026 13:16,20-08-2026 17:13,12-08-2026 10:06,,,,,,,,5
2282938.0,22-07-2026 12:06,21-07-2026 15:52,06-08-2026 16:48,24-08-2026 13:10,21-08-2026 10:55,,,,,,,,5
2282940.0,29-07-2026 15:09,29-07-2026 12:07,06-08-2026 16:48,26-08-2026 16:10,21-08-2026 10:55,,,,,,,,5
2282941.0,22-07-2026 12:06,21-07-2026 15:52,06-08-2026 16:48,26-08-2026 16:10,21-08-2026 10:55,,,,,,,,5
2282942.0,30-07-2026 17:26,30-07-2026 16:08,05-08-2026 21:29,20-08-2026 17:13,12-08-2026 10:06,,,,,,,,5
2282943.0,22-07-2026 12:06,29-07-2026 10:46,06-08-2026 16:48,26-08-2026 10:46,27-08-2026 15:32,,,,,,,,5
2282945.0,22-07-2026 12:06,21-07-2026 15:52,06-08-2026 16:48,26-08-2026 10:46,21-08-2026 10:55,,,,,,,,5
2282946.0,29-07-2026 15:09,29-07-2026 12:07,06-08-2026 16:48,26-08-2026 16:10,21-08-2026 10:55,,,,,,,,5
2282947.0,29-07-2026 15:09,29-07-2026 12:07,06-08-2026 16:48,24-08-2026 13:10,21-08-2026 10:55,,,,,,,,5
2282948.0,22-07-2026 12:06,21-07-2026 15:52,06-08-2026 16:48,24-08-2026 13:10,21-08-2026 10:55,,,,,,,,5
2282950.0,31-07-2026 18:38,31-07-2026 17:36,25-08-2026 13:16,20-08-2026 17:13,12-08-2026 10:06,,,,,,,,5
2282951.0,03-08-2026 16:53,03-08-2026 22:53,05-08-2026 21:29,20-08-2026 17:13,12-08-2026 10:06,,,,,,,,5
2282953.0,03-08-2026 16:53,03-08-2026 22:53,05-08-2026 21:29,20-08-2026 17:13,12-08-2026 10:06,,,,,,,,5
2282955.0,03-08-2026 16:53,03-08-2026 22:53,05-08-2026 21:29,20-08-2026 17:13,12-08-2026 10:06,,,,,,,,5
2282956.0,03-08-2026 16:53,03-08-2026 22:53,05-08-2026 21:29,20-08-2026 17:13,12-08-2026 10:06,,,,,,,,5
2282958.0,03-08-2026 16:53,03-08-2026 22:53,05-08-2026 21:29,20-08-2026 17:13,25-08-2026 17:18,,,,,,,,5
2282959.0,03-08-2026 16:53,03-08-2026 22:53,05-08-2026 21:29,20-08-2026 17:13,12-08-2026 10:06,,,,,,,,5
2282961.0,30-07-2026 17:26,30-07-2026 16:08,05-08-2026 21:29,25-08-2026 19:03,12-08-2026 10:06,,,,,,,,5
2282962.0,03-08-2026 16:53,03-08-2026 22:53,05-08-2026 21:29,20-08-2026 17:13,12-08-2026 10:06,,,,,,,,5
2282963.0,03-08-2026 16:53,03-08-2026 22:53,25-08-2026 13:16,20-08-2026 17:13,12-08-2026 10:06,,,,,,,,5
2282964.0,22-07-2026 16:29,16-07-2026 15:38,04-08-2026 13:01,20-08-2026 15:20,17-08-2026 11:17,,,,,,,,5
2282971.0,29-07-2026 21:25,29-07-2026 15:55,13-08-2026 00:55,25-08-2026 15:10,14-08-2026 11:38,,,,,,,,5
2282972.0,29-07-2026 21:25,29-07-2026 15:55,13-08-2026 00:55,18-08-2026 18:35,14-08-2026 11:38,,,,,,,,5
2282973.0,29-07-2026 21:25,29-07-2026 15:55,13-08-2026 00:55,25-08-2026 15:10,14-08-2026 11:38,,,,,,,,5
2282974.0,29-07-2026 21:25,29-07-2026 15:55,05-08-2026 14:30,25-08-2026 15:10,14-08-2026 11:38,,,,,,,,5
2282975.0,29-07-2026 21:25,29-07-2026 15:55,05-08-2026 14:30,25-08-2026 15:10,14-08-2026 11:38,,,,,,,,5
2282976.0,31-07-2026 14:01,31-07-2026 10:54,05-08-2026 14:30,25-08-2026 15:10,14-08-2026 11:38,,,,,,,,5
2282977.0,29-07-2026 21:25,29-07-2026 15:55,05-08-2026 14:30,25-08-2026 15:10,14-08-2026 11:38,,,,,,,,5
2282978.0,29-07-2026 21:25,29-07-2026 15:55,05-08-2026 14:30,25-08-2026 15:10,14-08-2026 11:38,,,,,,,,5
2282979.0,29-07-2026 21:25,29-07-2026 15:55,05-08-2026 14:30,25-08-2026 15:10,14-08-2026 11:38,,,,,,,,5
2282981.0,29-07-2026 21:25,29-07-2026 15:55,05-08-2026 14:30,25-08-2026 15:10,14-08-2026 11:38,,,,,,,,5
2282992.0,29-07-2026 21:25,29-07-2026 15:55,13-08-2026 00:55,25-08-2026 15:10,14-08-2026 11:38,,,,,,,,5
2282995.0,29-07-2026 21:25,29-07-2026 15:55,05-08-2026 14:30,18-08-2026 18:35,14-08-2026 11:38,,,,,,,,5
2282998.0,29-07-2026 21:25,29-07-2026 15:55,05-08-2026 14:30,25-08-2026 15:10,14-08-2026 11:38,,,,,,,,5
2283001.0,29-07-2026 21:25,29-07-2026 15:55,05-08-2026 14:30,25-08-2026 15:10,25-08-2026 14:10,,,,,,,,5
2283006.0,29-07-2026 21:25,29-07-2026 15:55,05-08-2026 14:30,25-08-2026 15:10,14-08-2026 11:38,,,,,,,,5
2283008.0,29-07-2026 21:25,29-07-2026 15:55,05-08-2026 14:30,25-08-2026 15:10,25-08-2026 14:10,,,,,,,,5
2283011.0,29-07-2026 21:25,29-07-2026 15:55,13-08-2026 00:55,25-08-2026 15:10,14-08-2026 11:38,,,,,,,,5
2283012.0,29-07-2026 21:25,29-07-2026 15:55,13-08-2026 00:55,25-08-2026 15:10,14-08-2026 11:38,,,,,,,,5
2283015.0,29-07-2026 21:25,29-07-2026 15:55,13-08-2026 00:55,25-08-2026 15:10,14-08-2026 11:38,,,,,,,,5
2283020.0,29-07-2026 21:25,29-07-2026 15:55,05-08-2026 14:30,25-08-2026 15:10,25-08-2026 14:10,,,,,,,,5
2283024.0,29-07-2026 21:25,29-07-2026 15:55,13-08-2026 00:55,25-08-2026 15:10,14-08-2026 11:38,,,,,,,,5
2283026.0,29-07-2026 21:25,29-07-2026 15:55,13-08-2026 00:55,25-08-2026 15:10,14-08-2026 11:38,,,,,,,,5
2283027.0,22-07-2026 16:29,16-07-2026 15:38,24-08-2026 15:22,20-08-2026 15:20,17-08-2026 11:17,,,,,,,,5
2283029.0,22-07-2026 16:29,16-07-2026 15:38,04-08-2026 13:01,20-08-2026 15:20,17-08-2026 11:17,,,,,,,,5
2283030.0,29-07-2026 21:25,29-07-2026 15:55,05-08-2026 14:30,25-08-2026 15:10,14-08-2026 11:38,,,,,,,,5
2283032.0,31-07-2026 14:01,31-07-2026 10:54,05-08-2026 14:30,25-08-2026 15:10,14-08-2026 11:38,,,,,,,,5
2283033.0,22-07-2026 16:29,16-07-2026 15:38,04-08-2026 13:01,20-08-2026 15:20,17-08-2026 11:17,,,,,,,,5
2283037.0,22-07-2026 16:29,16-07-2026 15:38,04-08-2026 13:01,20-08-2026 15:20,17-08-2026 11:17,,,,,,,,5
2283038.0,29-07-2026 21:25,29-07-2026 15:55,05-08-2026 14:30,25-08-2026 15:10,14-08-2026 11:38,,,,,,,,5
2283040.0,22-07-2026 16:29,16-07-2026 15:38,04-08-2026 13:01,20-08-2026 15:20,17-08-2026 11:17,,,,,,,,5
2283043.0,22-07-2026 16:29,16-07-2026 15:38,04-08-2026 13:01,20-08-2026 15:20,17-08-2026 11:17,,,,,,,,5
2283045.0,22-07-2026 16:29,16-07-2026 15:38,04-08-2026 13:01,20-08-2026 15:20,17-08-2026 11:17,,,,,,,,5
2283047.0,30-07-2026 11:26,29-07-2026 16:09,04-08-2026 13:01,20-08-2026 15:20,17-08-2026 11:17,,,,,,,,5
2283049.0,22-07-2026 16:29,16-07-2026 15:38,04-08-2026 13:01,20-08-2026 15:20,17-08-2026 11:17,,,,,,,,5
2283051.0,22-07-2026 16:29,16-07-2026 15:38,04-08-2026 13:01,20-08-2026 15:20,17-08-2026 11:17,,,,,,,,5
2283054.0,22-07-2026 16:29,20-07-2026 16:10,05-08-2026 16:20,20-08-2026 15:20,17-08-2026 11:17,,,,,,,,5
2283055.0,22-07-2026 16:29,20-07-2026 16:10,05-08-2026 16:20,20-08-2026 15:20,17-08-2026 11:17,,,,,,,,5
2283056.0,30-07-2026 11:26,29-07-2026 16:09,24-08-2026 15:22,20-08-2026 15:20,17-08-2026 11:17,,,,,,,,5
2283057.0,30-07-2026 11:26,29-07-2026 16:09,24-08-2026 15:22,20-08-2026 15:20,17-08-2026 11:17,,,,,,,,5
2283059.0,22-07-2026 16:29,20-07-2026 16:10,05-08-2026 16:20,20-08-2026 15:20,17-08-2026 11:17,,,,,,,,5
2283061.0,22-07-2026 16:29,20-07-2026 16:10,05-08-2026 16:20,20-08-2026 15:20,17-08-2026 11:17,,,,,,,,5
2283062.0,22-07-2026 16:29,20-07-2026 16:10,05-08-2026 16:20,20-08-2026 15:20,17-08-2026 11:17,,,,,,,,5
2283063.0,22-07-2026 16:29,20-07-2026 16:10,05-08-2026 16:20,20-08-2026 15:20,17-08-2026 11:17,,,,,,,,5
2283064.0,22-07-2026 16:29,20-07-2026 16:10,05-08-2026 16:20,20-08-2026 15:20,17-08-2026 11:17,,,,,,,,5
2283065.0,22-07-2026 16:29,20-07-2026 16:10,05-08-2026 16:20,20-08-2026 15:20,17-08-2026 11:17,,,,,,,,5
2283066.0,22-07-2026 16:29,20-07-2026 16:10,05-08-2026 16:20,20-08-2026 15:20,17-08-2026 11:17,,,,,,,,5
2283067.0,22-07-2026 16:29,20-07-2026 16:10,05-08-2026 16:20,20-08-2026 15:20,17-08-2026 11:17,,,,,,,,5
2283068.0,22-07-2026 16:29,20-07-2026 16:10,05-08-2026 16:20,20-08-2026 15:20,17-08-2026 11:17,,,,,,,,5
2283069.0,22-07-2026 16:29,20-07-2026 16:10,05-08-2026 16:20,20-08-2026 15:20,17-08-2026 11:17,,,,,,,,5
2283070.0,30-07-2026 11:26,29-07-2026 16:09,05-08-2026 16:20,20-08-2026 15:20,17-08-2026 11:17,,,,,,,,5
2283072.0,22-07-2026 16:29,20-07-2026 16:10,05-08-2026 16:20,20-08-2026 15:20,17-08-2026 11:17,,,,,,,,5
2283073.0,22-07-2026 16:29,20-07-2026 16:10,05-08-2026 16:20,20-08-2026 15:20,17-08-2026 11:17,,,,,,,,5
2283075.0,22-07-2026 16:29,20-07-2026 16:10,05-08-2026 16:20,20-08-2026 15:20,17-08-2026 11:17,,,,,,,,5
2283076.0,22-07-2026 16:29,20-07-2026 16:10,05-08-2026 16:20,20-08-2026 15:20,17-08-2026 11:17,,,,,,,,5
2283077.0,22-07-2026 16:29,20-07-2026 16:10,05-08-2026 16:20,20-08-2026 15:20,17-08-2026 11:17,,,,,,,,5
2283079.0,22-07-2026 16:29,20-07-2026 16:10,24-08-2026 15:22,20-08-2026 15:20,17-08-2026 11:17,,,,,,,,5
2283080.0,22-07-2026 16:29,20-07-2026 16:10,05-08-2026 16:20,20-08-2026 15:20,17-08-2026 11:17,,,,,,,,5
2283081.0,22-07-2026 16:29,20-07-2026 16:10,05-08-2026 16:20,20-08-2026 15:20,17-08-2026 11:17,,,,,,,,5
2283082.0,22-07-2026 16:29,20-07-2026 16:10,05-08-2026 16:20,20-08-2026 15:20,17-08-2026 11:17,,,,,,,,5
2283083.0,22-07-2026 16:29,20-07-2026 16:10,05-08-2026 16:20,20-08-2026 15:20,17-08-2026 11:17,,,,,,,,5
2283084.0,22-07-2026 16:29,20-07-2026 16:10,05-08-2026 16:20,20-08-2026 15:20,17-08-2026 11:17,,,,,,,,5
2283085.0,22-07-2026 16:29,20-07-2026 16:10,05-08-2026 16:20,20-08-2026 15:20,17-08-2026 11:17,,,,,,,,5
2283087.0,30-07-2026 11:26,29-07-2026 16:09,05-08-2026 16:20,20-08-2026 15:20,17-08-2026 11:17,,,,,,,,5
2283088.0,22-07-2026 16:29,20-07-2026 16:10,05-08-2026 16:20,20-08-2026 15:20,17-08-2026 11:17,,,,,,,,5
2283089.0,22-07-2026 16:29,20-07-2026 16:10,05-08-2026 16:20,20-08-2026 15:20,17-08-2026 11:17,,,,,,,,5
2283091.0,22-07-2026 16:29,20-07-2026 16:10,05-08-2026 16:20,20-08-2026 15:20,17-08-2026 11:17,,,,,,,,5
2283092.0,22-07-2026 16:29,20-07-2026 16:10,05-08-2026 16:20,20-08-2026 15:20,17-08-2026 11:17,,,,,,,,5
2283093.0,30-07-2026 11:26,29-07-2026 16:09,24-08-2026 15:22,20-08-2026 15:20,17-08-2026 11:17,,,,,,,,5
2283094.0,22-07-2026 16:29,20-07-2026 16:10,05-08-2026 16:20,20-08-2026 15:20,17-08-2026 11:17,,,,,,,,5
2283095.0,22-07-2026 16:29,20-07-2026 16:10,05-08-2026 16:20,20-08-2026 15:20,17-08-2026 11:17,,,,,,,,5
2283096.0,22-07-2026 16:29,20-07-2026 16:10,05-08-2026 16:20,20-08-2026 15:20,17-08-2026 11:17,,,,,,,,5
2283097.0,22-07-2026 16:29,20-07-2026 16:10,05-08-2026 16:20,20-08-2026 15:20,17-08-2026 11:17,,,,,,,,5
2283098.0,30-07-2026 11:26,29-07-2026 16:09,24-08-2026 15:22,20-08-2026 15:20,17-08-2026 11:17,,,,,,,,5
2283099.0,30-07-2026 11:26,29-07-2026 16:09,24-08-2026 15:22,20-08-2026 15:20,17-08-2026 11:17,,,,,,,,5
2283101.0,22-07-2026 16:29,20-07-2026 16:10,05-08-2026 16:20,20-08-2026 15:20,17-08-2026 11:17,,,,,,,,5
2283244.0,29-07-2026 21:25,29-07-2026 15:55,05-08-2026 14:30,25-08-2026 15:10,25-08-2026 14:10,,,,,,,,5
2283245.0,29-07-2026 21:25,29-07-2026 15:55,05-08-2026 14:30,25-08-2026 15:10,14-08-2026 11:38,,,,,,,,5
2283246.0,29-07-2026 21:25,29-07-2026 15:55,05-08-2026 14:30,25-08-2026 15:10,25-08-2026 14:10,,,,,,,,5
2283247.0,29-07-2026 21:25,29-07-2026 15:55,05-08-2026 14:30,25-08-2026 15:10,14-08-2026 11:38,,,,,,,,5
2283248.0,29-07-2026 21:25,29-07-2026 15:55,05-08-2026 14:30,25-08-2026 15:10,14-08-2026 11:38,,,,,,,,5
2283249.0,29-07-2026 21:25,29-07-2026 15:55,05-08-2026 14:30,25-08-2026 15:10,25-08-2026 14:10,,,,,,,,5
2283250.0,31-07-2026 14:01,31-07-2026 10:54,05-08-2026 14:30,25-08-2026 15:10,14-08-2026 11:38,,,,,,,,5
2283251.0,29-07-2026 21:25,29-07-2026 15:55,05-08-2026 14:30,18-08-2026 18:35,14-08-2026 11:38,,,,,,,,5
2283252.0,29-07-2026 21:25,29-07-2026 15:55,05-08-2026 14:30,25-08-2026 15:10,14-08-2026 11:38,,,,,,,,5
2283253.0,29-07-2026 21:25,29-07-2026 15:55,05-08-2026 14:30,18-08-2026 18:35,14-08-2026 11:38,,,,,,,,5
2283254.0,29-07-2026 21:25,29-07-2026 15:55,05-08-2026 14:30,18-08-2026 18:35,14-08-2026 11:38,,,,,,,,5
2283255.0,29-07-2026 21:25,29-07-2026 15:55,05-08-2026 14:30,18-08-2026 18:35,14-08-2026 11:38,,,,,,,,5
2283256.0,29-07-2026 21:25,29-07-2026 15:55,05-08-2026 14:30,25-08-2026 15:10,14-08-2026 11:38,,,,,,,,5
2283257.0,29-07-2026 21:25,29-07-2026 15:55,05-08-2026 14:30,18-08-2026 18:35,14-08-2026 11:38,,,,,,,,5
2283258.0,31-07-2026 14:01,31-07-2026 10:54,05-08-2026 14:30,18-08-2026 18:35,14-08-2026 11:38,,,,,,,,5
2283259.0,29-07-2026 21:25,29-07-2026 15:55,05-08-2026 14:30,18-08-2026 18:35,25-08-2026 14:10,,,,,,,,5
2283260.0,29-07-2026 21:25,29-07-2026 15:55,05-08-2026 14:30,18-08-2026 18:35,14-08-2026 11:38,,,,,,,,5
2283261.0,29-07-2026 21:25,29-07-2026 15:55,05-08-2026 14:30,18-08-2026 18:35,25-08-2026 14:10,,,,,,,,5
2283263.0,29-07-2026 21:25,29-07-2026 15:55,05-08-2026 14:30,25-08-2026 15:10,14-08-2026 11:38,,,,,,,,5
2283265.0,31-07-2026 14:01,31-07-2026 10:54,05-08-2026 14:30,25-08-2026 15:10,14-08-2026 11:38,,,,,,,,5
2283266.0,29-07-2026 21:25,29-07-2026 15:55,05-08-2026 14:30,18-08-2026 18:35,25-08-2026 14:10,,,,,,,,5
2283267.0,29-07-2026 21:25,29-07-2026 15:55,05-08-2026 14:30,18-08-2026 18:35,25-08-2026 14:10,,,,,,,,5
2283269.0,29-07-2026 21:25,29-07-2026 15:55,05-08-2026 14:30,25-08-2026 15:10,25-08-2026 14:10,,,,,,,,5
2283271.0,29-07-2026 21:25,29-07-2026 15:55,05-08-2026 14:30,18-08-2026 18:35,14-08-2026 11:38,,,,,,,,5
2283273.0,29-07-2026 21:25,29-07-2026 15:55,05-08-2026 14:30,18-08-2026 18:35,14-08-2026 11:38,,,,,,,,5
2283274.0,29-07-2026 21:25,29-07-2026 15:55,31-08-2026 10:37,18-08-2026 18:35,14-08-2026 11:38,,,,,,,,5
2283283.0,29-07-2026 21:25,29-07-2026 15:55,13-08-2026 00:55,18-08-2026 18:35,14-08-2026 11:38,,,,,,,,5
2283287.0,29-07-2026 21:25,29-07-2026 15:55,05-08-2026 14:30,18-08-2026 18:35,25-08-2026 14:10,,,,,,,,5
2283288.0,29-07-2026 21:25,29-07-2026 15:55,05-08-2026 14:30,25-08-2026 15:10,14-08-2026 11:38,,,,,,,,5
2283289.0,31-07-2026 14:01,31-07-2026 10:54,05-08-2026 14:30,25-08-2026 15:10,14-08-2026 11:38,,,,,,,,5
2283290.0,29-07-2026 21:25,29-07-2026 15:55,05-08-2026 14:30,18-08-2026 18:35,14-08-2026 11:38,,,,,,,,5
2283291.0,29-07-2026 21:25,29-07-2026 15:55,13-08-2026 00:55,25-08-2026 15:10,14-08-2026 11:38,,,,,,,,5
2283292.0,31-07-2026 14:01,31-07-2026 10:54,05-08-2026 14:30,18-08-2026 18:35,14-08-2026 11:38,,,,,,,,5
2283293.0,31-07-2026 14:01,31-07-2026 10:54,05-08-2026 14:30,18-08-2026 18:35,25-08-2026 14:10,,,,,,,,5
2283294.0,29-07-2026 21:25,29-07-2026 15:55,05-08-2026 14:30,18-08-2026 18:35,25-08-2026 14:10,,,,,,,,5
2283295.0,29-07-2026 21:25,29-07-2026 15:55,05-08-2026 14:30,18-08-2026 18:35,14-08-2026 11:38,,,,,,,,5
2283296.0,29-07-2026 21:25,29-07-2026 15:55,05-08-2026 14:30,18-08-2026 18:35,25-08-2026 14:10,,,,,,,,5
2283297.0,29-07-2026 21:25,29-07-2026 15:55,05-08-2026 14:30,18-08-2026 18:35,25-08-2026 14:10,,,,,,,,5
2283298.0,29-07-2026 21:25,29-07-2026 15:55,05-08-2026 14:30,18-08-2026 18:35,14-08-2026 11:38,,,,,,,,5
2283299.0,29-07-2026 21:25,29-07-2026 15:55,05-08-2026 14:30,18-08-2026 18:35,14-08-2026 11:38,,,,,,,,5
2283300.0,29-07-2026 21:25,29-07-2026 15:55,05-08-2026 14:30,25-08-2026 15:10,25-08-2026 14:10,,,,,,,,5
2283301.0,29-07-2026 21:25,29-07-2026 15:55,05-08-2026 14:30,18-08-2026 18:35,14-08-2026 11:38,,,,,,,,5
2283302.0,29-07-2026 21:25,29-07-2026 15:55,05-08-2026 14:30,18-08-2026 18:35,14-08-2026 11:38,,,,,,,,5
2283303.0,31-07-2026 14:01,31-07-2026 10:54,05-08-2026 14:30,25-08-2026 15:10,25-08-2026 14:10,,,,,,,,5
2283304.0,29-07-2026 21:25,29-07-2026 15:55,05-08-2026 14:30,25-08-2026 15:10,14-08-2026 11:38,,,,,,,,5
2283305.0,29-07-2026 21:25,29-07-2026 15:55,05-08-2026 14:30,18-08-2026 18:35,14-08-2026 11:38,,,,,,,,5
2283306.0,29-07-2026 21:25,29-07-2026 15:55,05-08-2026 14:30,18-08-2026 18:35,14-08-2026 11:38,,,,,,,,5
2283307.0,29-07-2026 21:25,29-07-2026 15:55,05-08-2026 14:30,25-08-2026 15:10,14-08-2026 11:38,,,,,,,,5
2283308.0,29-07-2026 21:25,29-07-2026 15:55,05-08-2026 14:30,18-08-2026 18:35,14-08-2026 11:38,,,,,,,,5
2285002.0,31-07-2026 09:39,30-07-2026 15:12,24-08-2026 13:53,24-08-2026 10:22,13-08-2026 15:34,,,,,,,,5
2285006.0,31-07-2026 09:39,30-07-2026 15:12,24-08-2026 13:53,24-08-2026 10:22,13-08-2026 15:34,,,,,,,,5
2285010.0,,,24-08-2026 13:53,24-08-2026 10:22,21-08-2026 14:07,,,,,,,,3
2285016.0,31-07-2026 09:39,30-07-2026 15:12,24-08-2026 13:53,24-08-2026 10:22,13-08-2026 15:34,,,,,,,,5
2285020.0,31-07-2026 09:39,30-07-2026 15:12,24-08-2026 13:53,24-08-2026 10:22,21-08-2026 14:07,,,,,,,,5
2286564.0,23-07-2026 12:20,22-07-2026 16:57,06-08-2026 16:24,17-08-2026 10:09,14-08-2026 14:27,,,,,,,,5
2286565.0,23-07-2026 12:20,22-07-2026 16:57,06-08-2026 16:24,17-08-2026 10:09,14-08-2026 14:27,,,,,,,,5
2289785.0,29-07-2026 21:25,29-07-2026 15:55,05-08-2026 14:30,18-08-2026 18:35,14-08-2026 11:38,,,,,,,,5
2289788.0,29-07-2026 21:25,29-07-2026 15:55,13-08-2026 00:55,18-08-2026 18:35,14-08-2026 11:38,,,,,,,,5
2289792.0,29-07-2026 21:25,29-07-2026 15:55,05-08-2026 14:30,25-08-2026 15:10,14-08-2026 11:38,,,,,,,,5
2290500.0,23-07-2026 15:03,23-07-2026 12:01,05-08-2026 17:10,24-08-2026 13:10,24-08-2026 10:47,,,,,,,,5
2290530.0,23-07-2026 15:03,23-07-2026 12:01,26-08-2026 14:03,24-08-2026 13:10,24-08-2026 10:47,,,,,,,,5
2295230.0,31-07-2026 10:17,24-08-2026 17:27,14-08-2026 15:08,14-08-2026 12:54,12-08-2026 16:43,,,,,,,,5
2296346.0,24-08-2026 13:38,24-08-2026 10:45,05-08-2026 17:01,18-08-2026 18:11,14-08-2026 16:49,,,,,,,,5
2296348.0,24-08-2026 13:38,24-08-2026 10:45,05-08-2026 17:01,18-08-2026 18:11,14-08-2026 16:49,,,,,,,,5
2296350.0,24-08-2026 13:38,24-08-2026 10:45,05-08-2026 17:01,18-08-2026 18:11,14-08-2026 16:49,,,,,,,,5
2296352.0,24-08-2026 13:38,24-08-2026 10:45,05-08-2026 17:01,18-08-2026 18:11,14-08-2026 16:49,,,,,,,,5
2296566.0,27-08-2026 12:27,27-08-2026 09:51,05-08-2026 17:10,24-08-2026 13:10,,,,,,,,,4
2298339.0,14-08-2026 13:02,07-08-2026 12:32,07-08-2026 11:03,27-08-2026 12:18,27-08-2026 13:39,,,,,,,,5
2302609.0,,,14-08-2026 20:06,17-08-2026 12:03,11-08-2026 13:59,,,,,,,,3
2302610.0,,,14-08-2026 20:06,24-08-2026 13:44,11-08-2026 13:59,,,,,,,,3
2303156.0,,,12-08-2026 17:30,20-08-2026 17:13,12-08-2026 10:06,,,,,,,,3
2303547.0,,,14-08-2026 14:06,19-08-2026 15:03,14-08-2026 12:05,,,,,,,,3
2303548.0,,,14-08-2026 14:06,19-08-2026 15:03,14-08-2026 12:05,,,,,,,,3
2303549.0,,,14-08-2026 14:06,19-08-2026 15:03,14-08-2026 12:05,,,,,,,,3
2303550.0,,,14-08-2026 14:06,19-08-2026 15:03,14-08-2026 12:05,,,,,,,,3
2304555.0,,,31-08-2026 10:37,18-08-2026 18:35,25-08-2026 14:10,,,,,,,,3
