ChildID,CLS/RB/Y1/SS2,CLS/RB/Y1/SS1,DLA/Y1/SS1,CLS/Y1/SA/C1/SS4,CLS/Y1/SA/C1/SS3,DLA/Y1/SS2,CLS/Y1/CM/C1/SS5,C2L/RPB/SS1,CLS/Y1/EM/C2/SS7,CLS/Y1/EM/C1/SS6,CLS/Y1/NE/C2/SS13,CLS/Y1/SA/C2/SS8,Total_Sessions_Attended
2254430.0,06-08-2026 12:27,30-07-2026 16:13,,18-08-2026 14:35,12-08-2026 14:30,,,,,,,,4
2254431.0,06-08-2026 12:27,06-08-2026 14:06,,18-08-2026 14:35,12-08-2026 14:30,,,,,,,,4
2254432.0,27-08-2026 10:51,31-07-2026 12:18,28-08-2026 16:05,17-08-2026 13:55,14-08-2026 12:30,31-08-2026 13:56,,,,,,,6
2254433.0,06-08-2026 12:27,30-07-2026 16:13,27-08-2026 11:46,31-08-2026 12:00,12-08-2026 14:30,,,,,,,,5
2254434.0,04-08-2026 13:56,31-07-2026 12:18,28-08-2026 16:05,17-08-2026 13:55,14-08-2026 12:30,31-08-2026 13:56,,,,,,,6
2254437.0,06-08-2026 12:27,30-07-2026 16:13,27-08-2026 11:46,18-08-2026 14:35,12-08-2026 14:30,,,,,,,,5
2254438.0,04-08-2026 13:56,06-08-2026 14:06,28-08-2026 16:05,17-08-2026 13:55,14-08-2026 12:30,,,,,,,,5
2254441.0,06-08-2026 12:27,06-08-2026 14:06,27-08-2026 11:46,18-08-2026 14:35,12-08-2026 14:30,,,,,,,,5
2254444.0,06-08-2026 12:27,30-07-2026 16:13,27-08-2026 11:46,18-08-2026 14:35,12-08-2026 14:30,,,,,,,,5
2254445.0,06-08-2026 12:27,30-07-2026 16:13,27-08-2026 11:46,18-08-2026 14:35,,,,,,,,,4
2254446.0,04-08-2026 13:56,31-07-2026 12:18,28-08-2026 16:05,17-08-2026 13:55,14-08-2026 12:30,31-08-2026 13:56,,,,,,,6
2254448.0,27-08-2026 10:51,30-07-2026 16:13,27-08-2026 11:46,18-08-2026 14:35,12-08-2026 14:30,,,,,,,,5
2254450.0,04-08-2026 13:56,31-07-2026 12:18,28-08-2026 16:05,17-08-2026 13:55,14-08-2026 12:30,,,,,,,,5
2254452.0,04-08-2026 13:56,31-07-2026 12:18,28-08-2026 16:05,31-08-2026 12:00,14-08-2026 12:30,31-08-2026 13:56,,,,,,,6
2254454.0,06-08-2026 12:27,30-07-2026 16:13,27-08-2026 11:46,18-08-2026 14:35,12-08-2026 14:30,,,,,,,,5
2254456.0,27-08-2026 10:51,31-07-2026 12:18,28-08-2026 16:05,17-08-2026 13:55,14-08-2026 12:30,31-08-2026 13:56,,,,,,,6
2254457.0,06-08-2026 12:27,30-07-2026 16:13,27-08-2026 11:46,18-08-2026 14:35,12-08-2026 14:30,,,,,,,,5
2254458.0,06-08-2026 12:27,30-07-2026 16:13,27-08-2026 11:46,,24-08-2026 15:34,,,,,,,,4
2254460.0,04-08-2026 13:56,31-07-2026 12:18,,17-08-2026 13:55,14-08-2026 12:30,,,,,,,,4
2254461.0,06-08-2026 12:27,30-07-2026 16:13,27-08-2026 11:46,,12-08-2026 14:30,,,,,,,,4
2254463.0,06-08-2026 12:27,06-08-2026 14:06,27-08-2026 11:46,18-08-2026 14:35,12-08-2026 14:30,,,,,,,,5
2254464.0,04-08-2026 13:56,31-07-2026 12:18,28-08-2026 16:05,17-08-2026 13:55,14-08-2026 12:30,,,,,,,,5
2254466.0,06-08-2026 12:27,30-07-2026 16:13,27-08-2026 11:46,18-08-2026 14:35,12-08-2026 14:30,,,,,,,,5
2254467.0,27-08-2026 10:51,30-07-2026 16:13,27-08-2026 11:46,18-08-2026 14:35,12-08-2026 14:30,,,,,,,,5
2254468.0,04-08-2026 13:56,06-08-2026 14:06,28-08-2026 16:05,31-08-2026 12:00,,,,,,,,,4
2254469.0,06-08-2026 12:27,30-07-2026 16:13,27-08-2026 11:46,18-08-2026 14:35,12-08-2026 14:30,,,,,,,,5
2254470.0,06-08-2026 12:27,30-07-2026 16:13,27-08-2026 11:46,18-08-2026 14:35,12-08-2026 14:30,,,,,,,,5
2254471.0,04-08-2026 13:56,31-07-2026 12:18,28-08-2026 16:05,17-08-2026 13:55,14-08-2026 12:30,,,,,,,,5
2254472.0,06-08-2026 12:27,30-07-2026 16:13,27-08-2026 11:46,18-08-2026 14:35,12-08-2026 14:30,,,,,,,,5
2254473.0,06-08-2026 12:27,30-07-2026 16:13,27-08-2026 11:46,18-08-2026 14:35,12-08-2026 14:30,,,,,,,,5
2254474.0,04-08-2026 13:56,31-07-2026 12:18,,17-08-2026 13:55,,,,,,,,,3
2254475.0,06-08-2026 12:27,30-07-2026 16:13,27-08-2026 11:46,,12-08-2026 14:30,,,,,,,,4
2254476.0,04-08-2026 13:56,31-07-2026 12:18,28-08-2026 16:05,17-08-2026 13:55,14-08-2026 12:30,,,,,,,,5
2254477.0,27-08-2026 10:51,30-07-2026 16:13,27-08-2026 11:46,18-08-2026 14:35,12-08-2026 14:30,,,,,,,,5
2254479.0,06-08-2026 12:27,30-07-2026 16:13,,,12-08-2026 14:30,,,,,,,,3
2254483.0,27-08-2026 10:51,30-07-2026 16:13,,18-08-2026 14:35,24-08-2026 15:34,,,,,,,,4
2254485.0,04-08-2026 13:56,06-08-2026 14:06,,17-08-2026 13:55,14-08-2026 12:30,31-08-2026 13:56,,,,,,,5
2254486.0,06-08-2026 12:27,06-08-2026 14:06,27-08-2026 11:46,18-08-2026 14:35,12-08-2026 14:30,,,,,,,,5
2254487.0,06-08-2026 12:27,30-07-2026 16:13,27-08-2026 11:46,18-08-2026 14:35,24-08-2026 15:34,,,,,,,,5
2254488.0,27-08-2026 10:51,31-07-2026 12:18,28-08-2026 16:05,17-08-2026 13:55,14-08-2026 12:30,,,,,,,,5
2254490.0,04-08-2026 13:56,31-07-2026 12:18,,17-08-2026 13:55,14-08-2026 12:30,,,,,,,,4
2254492.0,06-08-2026 12:27,30-07-2026 16:13,27-08-2026 11:46,,12-08-2026 14:30,,,,,,,,4
2254493.0,04-08-2026 13:56,31-07-2026 12:18,28-08-2026 16:05,17-08-2026 13:55,14-08-2026 12:30,31-08-2026 13:56,,,,,,,6
2254494.0,06-08-2026 12:27,30-07-2026 16:13,,18-08-2026 14:35,12-08-2026 14:30,,,,,,,,4
2254496.0,27-08-2026 10:51,31-07-2026 12:18,28-08-2026 16:05,17-08-2026 13:55,14-08-2026 12:30,,,,,,,,5
2254498.0,04-08-2026 13:56,31-07-2026 12:18,28-08-2026 16:05,17-08-2026 13:55,,31-08-2026 13:56,,,,,,,5
2254499.0,06-08-2026 12:27,30-07-2026 16:13,27-08-2026 11:46,18-08-2026 14:35,12-08-2026 14:30,,,,,,,,5
2254501.0,06-08-2026 12:27,30-07-2026 16:13,27-08-2026 11:46,18-08-2026 14:35,,,,,,,,,4
2254502.0,27-08-2026 10:51,31-07-2026 12:18,28-08-2026 16:05,17-08-2026 13:55,14-08-2026 12:30,31-08-2026 13:56,,,,,,,6
2254504.0,06-08-2026 12:27,06-08-2026 14:06,27-08-2026 11:46,,24-08-2026 15:34,,,,,,,,4
2254505.0,06-08-2026 12:27,30-07-2026 16:13,,18-08-2026 14:35,12-08-2026 14:30,,,,,,,,4
2254506.0,04-08-2026 13:56,06-08-2026 14:06,28-08-2026 16:05,17-08-2026 13:55,14-08-2026 12:30,31-08-2026 13:56,,,,,,,6
2254507.0,04-08-2026 13:56,31-07-2026 12:18,28-08-2026 16:05,17-08-2026 13:55,14-08-2026 12:30,,,,,,,,5
2254508.0,27-08-2026 10:51,30-07-2026 16:13,27-08-2026 11:46,31-08-2026 12:00,12-08-2026 14:30,,,,,,,,5
2254511.0,06-08-2026 12:27,30-07-2026 16:13,,,24-08-2026 15:34,,,,,,,,3
2254512.0,04-08-2026 13:56,31-07-2026 12:18,28-08-2026 16:05,17-08-2026 13:55,14-08-2026 12:30,31-08-2026 13:56,,,,,,,6
2254513.0,04-08-2026 13:56,31-07-2026 12:18,28-08-2026 16:05,,14-08-2026 12:30,31-08-2026 13:56,,,,,,,5
2254515.0,04-08-2026 15:21,24-07-2026 11:33,27-08-2026 14:34,19-08-2026 15:23,13-08-2026 14:32,31-08-2026 13:56,,,,,,,6
2254516.0,04-08-2026 13:56,31-07-2026 12:18,28-08-2026 16:05,31-08-2026 12:00,14-08-2026 12:30,,,,,,,,5
2254517.0,04-08-2026 13:56,31-07-2026 12:18,28-08-2026 16:05,17-08-2026 13:55,14-08-2026 12:30,,,,,,,,5
2254519.0,04-08-2026 13:56,31-07-2026 12:18,28-08-2026 16:05,17-08-2026 13:55,14-08-2026 12:30,,,,,,,,5
2254521.0,04-08-2026 13:56,31-07-2026 12:18,,17-08-2026 13:55,14-08-2026 12:30,,,,,,,,4
2254522.0,,31-07-2026 12:18,28-08-2026 16:05,31-08-2026 12:00,,31-08-2026 13:56,,,,,,,4
2254523.0,06-08-2026 12:27,30-07-2026 16:13,27-08-2026 11:46,18-08-2026 14:35,12-08-2026 14:30,,,,,,,,5
2254524.0,27-08-2026 10:51,31-07-2026 12:18,28-08-2026 16:05,17-08-2026 13:55,19-08-2026 12:26,,,,,,,,5
2254525.0,04-08-2026 13:56,31-07-2026 12:18,28-08-2026 16:05,31-08-2026 12:00,,,,,,,,,4
2254526.0,04-08-2026 13:56,06-08-2026 14:06,28-08-2026 16:05,31-08-2026 12:00,,,,,,,,,4
2254527.0,04-08-2026 13:56,31-07-2026 12:18,,17-08-2026 13:55,,,,,,,,,3
2254529.0,04-08-2026 13:56,31-07-2026 12:18,28-08-2026 16:05,17-08-2026 13:55,14-08-2026 12:30,,,,,,,,5
2254531.0,04-08-2026 13:56,31-07-2026 12:18,,17-08-2026 13:55,14-08-2026 12:30,31-08-2026 13:56,,,,,,,5
2254533.0,04-08-2026 13:56,31-07-2026 12:18,28-08-2026 16:05,17-08-2026 13:55,,31-08-2026 13:56,,,,,,,5
2254534.0,04-08-2026 13:56,06-08-2026 14:06,28-08-2026 16:05,17-08-2026 13:55,,,,,,,,,4
2254535.0,27-08-2026 10:51,31-07-2026 11:34,28-08-2026 15:29,31-08-2026 12:00,12-08-2026 13:56,,,,,,,,5
2254536.0,04-08-2026 16:13,31-07-2026 11:34,28-08-2026 15:29,14-08-2026 11:45,12-08-2026 13:56,,,,,,,,5
2254537.0,04-08-2026 13:56,31-07-2026 12:18,28-08-2026 16:05,17-08-2026 13:55,14-08-2026 12:30,,,,,,,,5
2254538.0,04-08-2026 16:13,31-07-2026 11:34,28-08-2026 15:29,14-08-2026 11:45,24-08-2026 15:34,,,,,,,,5
2254539.0,04-08-2026 16:13,31-07-2026 11:34,28-08-2026 15:29,14-08-2026 11:45,12-08-2026 13:56,,,,,,,,5
2254544.0,06-08-2026 11:36,06-08-2026 14:06,27-08-2026 13:53,31-08-2026 12:00,13-08-2026 13:54,,,,,,,,5
2254545.0,04-08-2026 16:13,31-07-2026 11:34,,14-08-2026 11:45,12-08-2026 13:56,,,,,,,,4
2254546.0,04-08-2026 16:13,31-07-2026 11:34,28-08-2026 15:29,14-08-2026 11:45,12-08-2026 13:56,,,,,,,,5
2254547.0,06-08-2026 11:36,22-07-2026 15:28,27-08-2026 13:53,18-08-2026 11:47,13-08-2026 13:54,,,,,,,,5
2254548.0,06-08-2026 11:36,06-08-2026 14:06,27-08-2026 13:53,18-08-2026 11:47,24-08-2026 15:34,,,,,,,,5
2254549.0,04-08-2026 16:13,31-07-2026 11:34,28-08-2026 15:29,14-08-2026 11:45,12-08-2026 13:56,,,,,,,,5
2254550.0,27-08-2026 10:51,22-07-2026 15:28,27-08-2026 13:53,18-08-2026 11:47,13-08-2026 13:54,,,,,,,,5
2254551.0,04-08-2026 16:13,31-07-2026 11:34,28-08-2026 15:29,14-08-2026 11:45,12-08-2026 13:56,,,,,,,,5
2254552.0,04-08-2026 16:13,31-07-2026 11:34,28-08-2026 15:29,14-08-2026 11:45,12-08-2026 13:56,,,,,,,,5
2254553.0,06-08-2026 11:36,22-07-2026 15:28,27-08-2026 13:53,18-08-2026 11:47,24-08-2026 15:34,,,,,,,,5
2254554.0,04-08-2026 16:13,31-07-2026 11:34,,14-08-2026 11:45,12-08-2026 13:56,,,,,,,,4
2254555.0,04-08-2026 16:13,31-07-2026 11:34,28-08-2026 15:29,14-08-2026 11:45,12-08-2026 13:56,,,,,,,,5
2254556.0,06-08-2026 11:36,22-07-2026 15:28,27-08-2026 13:53,18-08-2026 11:47,13-08-2026 13:54,,,,,,,,5
2254557.0,04-08-2026 16:13,,28-08-2026 15:29,31-08-2026 12:00,12-08-2026 13:56,,,,,,,,4
2254558.0,27-08-2026 10:51,06-08-2026 14:06,28-08-2026 15:29,31-08-2026 12:00,12-08-2026 13:56,,,,,,,,5
2254559.0,04-08-2026 16:13,31-07-2026 11:34,28-08-2026 15:29,14-08-2026 11:45,24-08-2026 15:34,,,,,,,,5
2254561.0,06-08-2026 11:36,22-07-2026 15:28,27-08-2026 13:53,18-08-2026 11:47,13-08-2026 13:54,,,,,,,,5
2254562.0,06-08-2026 11:36,22-07-2026 15:28,27-08-2026 13:53,18-08-2026 11:47,24-08-2026 15:34,,,,,,,,5
2254563.0,04-08-2026 16:13,31-07-2026 11:34,28-08-2026 15:29,31-08-2026 12:00,12-08-2026 13:56,,,,,,,,5
2254564.0,06-08-2026 11:36,22-07-2026 15:28,27-08-2026 13:53,31-08-2026 12:00,,,,,,,,,4
2254566.0,04-08-2026 16:13,06-08-2026 14:06,28-08-2026 15:29,31-08-2026 12:00,12-08-2026 13:56,,,,,,,,5
2254567.0,04-08-2026 16:13,06-08-2026 14:06,28-08-2026 15:29,14-08-2026 11:45,12-08-2026 13:56,,,,,,,,5
2254568.0,06-08-2026 11:36,22-07-2026 15:28,27-08-2026 13:53,18-08-2026 11:47,13-08-2026 13:54,,,,,,,,5
2254569.0,06-08-2026 11:36,22-07-2026 15:28,27-08-2026 13:53,18-08-2026 11:47,13-08-2026 13:54,,,,,,,,5
2254570.0,04-08-2026 16:13,31-07-2026 11:34,,14-08-2026 11:45,12-08-2026 13:56,,,,,,,,4
2254571.0,04-08-2026 16:13,31-07-2026 11:34,28-08-2026 15:29,14-08-2026 11:45,12-08-2026 13:56,,,,,,,,5
2254572.0,06-08-2026 11:36,22-07-2026 15:28,27-08-2026 13:53,18-08-2026 11:47,13-08-2026 13:54,,,,,,,,5
2254573.0,04-08-2026 16:13,06-08-2026 14:06,28-08-2026 15:29,14-08-2026 11:45,12-08-2026 13:56,,,,,,,,5
2254575.0,06-08-2026 11:36,22-07-2026 15:28,27-08-2026 13:53,31-08-2026 12:00,13-08-2026 13:54,,,,,,,,5
2254576.0,04-08-2026 16:13,31-07-2026 11:34,28-08-2026 15:29,14-08-2026 11:45,24-08-2026 15:34,,,,,,,,5
2254577.0,,22-07-2026 15:28,27-08-2026 13:53,18-08-2026 11:47,19-08-2026 12:26,,,,,,,,4
2254579.0,04-08-2026 16:13,31-07-2026 11:34,28-08-2026 15:29,14-08-2026 11:45,12-08-2026 13:56,,,,,,,,5
2254580.0,04-08-2026 16:13,,28-08-2026 15:29,31-08-2026 12:00,12-08-2026 13:56,,,,,,,,4
2254581.0,06-08-2026 11:36,22-07-2026 15:28,,18-08-2026 11:47,13-08-2026 13:54,,,,,,,,4
2254582.0,06-08-2026 11:36,22-07-2026 15:28,27-08-2026 13:53,18-08-2026 11:47,24-08-2026 15:34,,,,,,,,5
2254584.0,04-08-2026 16:13,31-07-2026 11:34,,31-08-2026 12:00,12-08-2026 13:56,,,,,,,,4
2254585.0,06-08-2026 11:36,22-07-2026 15:28,27-08-2026 13:53,18-08-2026 11:47,13-08-2026 13:54,,,,,,,,5
2254586.0,06-08-2026 11:36,06-08-2026 14:06,27-08-2026 13:53,18-08-2026 11:47,13-08-2026 13:54,,,,,,,,5
2254587.0,04-08-2026 16:13,31-07-2026 11:34,28-08-2026 15:29,14-08-2026 11:45,12-08-2026 13:56,,,,,,,,5
2254589.0,04-08-2026 16:13,31-07-2026 11:34,28-08-2026 15:29,14-08-2026 11:45,12-08-2026 13:56,,,,,,,,5
2254590.0,06-08-2026 11:36,22-07-2026 15:28,27-08-2026 13:53,18-08-2026 11:47,13-08-2026 13:54,,,,,,,,5
2254591.0,27-08-2026 10:51,22-07-2026 15:28,27-08-2026 13:53,18-08-2026 11:47,13-08-2026 13:54,,,,,,,,5
2254592.0,04-08-2026 16:13,31-07-2026 11:34,28-08-2026 15:29,14-08-2026 11:45,12-08-2026 13:56,,,,,,,,5
2254593.0,06-08-2026 11:36,22-07-2026 15:28,,18-08-2026 11:47,13-08-2026 13:54,,,,,,,,4
2254594.0,06-08-2026 11:36,22-07-2026 15:28,27-08-2026 13:53,18-08-2026 11:47,13-08-2026 13:54,,,,,,,,5
2254595.0,04-08-2026 16:13,31-07-2026 11:34,28-08-2026 15:29,14-08-2026 11:45,12-08-2026 13:56,,,,,,,,5
2254596.0,06-08-2026 11:36,22-07-2026 15:28,27-08-2026 13:53,18-08-2026 11:47,13-08-2026 13:54,,,,,,,,5
2254598.0,27-08-2026 10:51,06-08-2026 14:06,,14-08-2026 11:45,19-08-2026 12:26,,,,,,,,4
2254599.0,06-08-2026 11:36,22-07-2026 15:28,,31-08-2026 12:00,13-08-2026 13:54,,,,,,,,4
2254600.0,27-08-2026 10:51,31-07-2026 11:34,28-08-2026 15:29,14-08-2026 11:45,12-08-2026 13:56,,,,,,,,5
2254601.0,06-08-2026 11:36,22-07-2026 15:28,,18-08-2026 11:47,13-08-2026 13:54,,,,,,,,4
2254603.0,06-08-2026 11:36,06-08-2026 14:06,27-08-2026 13:53,31-08-2026 12:00,13-08-2026 13:54,,,,,,,,5
2254604.0,04-08-2026 16:13,06-08-2026 14:06,28-08-2026 15:29,31-08-2026 12:00,12-08-2026 13:56,,,,,,,,5
2254605.0,06-08-2026 11:36,22-07-2026 15:28,27-08-2026 13:53,18-08-2026 11:47,13-08-2026 13:54,,,,,,,,5
2254608.0,06-08-2026 11:36,22-07-2026 15:28,27-08-2026 13:53,18-08-2026 11:47,13-08-2026 13:54,,,,,,,,5
2254609.0,06-08-2026 11:36,22-07-2026 15:28,27-08-2026 13:53,18-08-2026 11:47,13-08-2026 13:54,,,,,,,,5
2254610.0,04-08-2026 16:13,31-07-2026 11:34,28-08-2026 15:29,14-08-2026 11:45,12-08-2026 13:56,,,,,,,,5
2254611.0,04-08-2026 16:13,31-07-2026 11:34,28-08-2026 15:29,14-08-2026 11:45,24-08-2026 15:34,,,,,,,,5
2254612.0,06-08-2026 11:36,06-08-2026 14:06,27-08-2026 13:53,18-08-2026 11:47,13-08-2026 13:54,,,,,,,,5
2254613.0,04-08-2026 16:13,31-07-2026 11:34,28-08-2026 15:29,14-08-2026 11:45,12-08-2026 13:56,,,,,,,,5
2254614.0,04-08-2026 16:13,31-07-2026 11:34,28-08-2026 15:29,14-08-2026 11:45,12-08-2026 13:56,,,,,,,,5
2254615.0,06-08-2026 11:36,06-08-2026 14:06,27-08-2026 13:53,18-08-2026 11:47,13-08-2026 13:54,,,,,,,,5
2254616.0,04-08-2026 16:13,31-07-2026 11:34,28-08-2026 15:29,14-08-2026 11:45,24-08-2026 15:34,,,,,,,,5
2254617.0,06-08-2026 11:36,22-07-2026 15:28,27-08-2026 13:53,18-08-2026 11:47,13-08-2026 13:54,,,,,,,,5
2254618.0,04-08-2026 16:13,06-08-2026 14:06,28-08-2026 15:29,31-08-2026 12:00,12-08-2026 13:56,,,,,,,,5
2254619.0,06-08-2026 11:36,22-07-2026 15:28,27-08-2026 13:53,18-08-2026 11:47,13-08-2026 13:54,,,,,,,,5
2254620.0,06-08-2026 11:36,22-07-2026 15:28,27-08-2026 13:53,18-08-2026 11:47,13-08-2026 13:54,,,,,,,,5
2254621.0,06-08-2026 11:36,22-07-2026 15:28,27-08-2026 13:53,18-08-2026 11:47,13-08-2026 13:54,,,,,,,,5
2254622.0,27-08-2026 10:51,22-07-2026 15:28,27-08-2026 13:53,18-08-2026 11:47,19-08-2026 12:26,,,,,,,,5
2254623.0,06-08-2026 11:36,22-07-2026 15:28,27-08-2026 13:53,18-08-2026 11:47,13-08-2026 13:54,,,,,,,,5
2254624.0,06-08-2026 11:36,22-07-2026 15:28,27-08-2026 13:53,,13-08-2026 13:54,,,,,,,,4
2254784.0,04-08-2026 15:21,24-07-2026 11:33,27-08-2026 14:34,19-08-2026 15:23,13-08-2026 14:32,31-08-2026 13:56,,,,,,,6
2254805.0,04-08-2026 15:21,,27-08-2026 14:34,19-08-2026 15:23,13-08-2026 14:32,31-08-2026 13:56,,,,,,,5
2254809.0,04-08-2026 15:21,24-07-2026 11:33,27-08-2026 14:34,19-08-2026 15:23,13-08-2026 14:32,31-08-2026 13:56,,,,,,,6
2254811.0,04-08-2026 15:21,24-07-2026 11:33,27-08-2026 14:34,19-08-2026 15:23,13-08-2026 14:32,31-08-2026 13:56,,,,,,,6
2254815.0,04-08-2026 15:21,24-07-2026 11:33,27-08-2026 14:34,19-08-2026 15:23,13-08-2026 14:32,,,,,,,,5
2254816.0,04-08-2026 15:21,24-07-2026 11:33,27-08-2026 14:34,19-08-2026 15:23,13-08-2026 14:32,31-08-2026 13:56,,,,,,,6
2254818.0,04-08-2026 15:21,,27-08-2026 11:46,18-08-2026 14:35,13-08-2026 14:32,,,,,,,,4
2254821.0,04-08-2026 15:21,24-07-2026 11:33,27-08-2026 14:34,19-08-2026 15:23,13-08-2026 14:32,31-08-2026 13:56,,,,,,,6
2254822.0,04-08-2026 15:21,24-07-2026 11:33,27-08-2026 14:34,19-08-2026 15:23,13-08-2026 14:32,31-08-2026 13:56,,,,,,,6
2254823.0,04-08-2026 15:21,24-07-2026 11:33,27-08-2026 14:34,19-08-2026 15:23,13-08-2026 14:32,31-08-2026 13:56,,,,,,,6
2254824.0,04-08-2026 15:21,,27-08-2026 14:34,19-08-2026 15:23,13-08-2026 14:32,31-08-2026 13:56,,,,,,,5
2254832.0,27-08-2026 10:51,24-07-2026 11:33,27-08-2026 14:34,19-08-2026 15:23,13-08-2026 14:32,31-08-2026 13:56,,,,,,,6
2254862.0,,,25-08-2026 11:45,12-08-2026 12:23,11-08-2026 11:45,,,,,,,,3
2254866.0,05-08-2026 12:23,30-07-2026 13:54,25-08-2026 11:45,12-08-2026 12:23,11-08-2026 11:45,,,,,,,,5
2254872.0,05-08-2026 12:23,30-07-2026 13:54,25-08-2026 11:45,12-08-2026 12:23,11-08-2026 11:45,,,,,,,,5
2254875.0,28-08-2026 11:17,,,12-08-2026 12:23,11-08-2026 11:45,,,,,,,,3
2254878.0,05-08-2026 12:23,30-07-2026 13:54,25-08-2026 11:45,12-08-2026 12:23,11-08-2026 11:45,,,,,,,,5
2254880.0,05-08-2026 12:23,,25-08-2026 11:45,12-08-2026 12:23,11-08-2026 11:45,,,,,,,,4
2254882.0,05-08-2026 12:23,30-07-2026 13:54,25-08-2026 11:45,31-08-2026 12:00,24-08-2026 15:34,,,,,,,,5
2254886.0,05-08-2026 12:23,30-07-2026 13:54,,12-08-2026 12:23,11-08-2026 11:45,,,,,,,,4
2254889.0,05-08-2026 12:23,30-07-2026 13:54,25-08-2026 11:45,12-08-2026 12:23,11-08-2026 11:45,,,,,,,,5
2254893.0,05-08-2026 12:23,30-07-2026 13:54,,12-08-2026 12:23,11-08-2026 11:45,,,,,,,,4
2254894.0,05-08-2026 12:23,30-07-2026 13:54,25-08-2026 11:45,12-08-2026 12:23,11-08-2026 11:45,,,,,,,,5
2254897.0,05-08-2026 12:23,30-07-2026 13:54,25-08-2026 11:45,12-08-2026 12:23,11-08-2026 11:45,,,,,,,,5
2254899.0,28-08-2026 11:17,30-07-2026 13:54,,12-08-2026 12:23,11-08-2026 11:45,,,,,,,,4
2254906.0,05-08-2026 12:23,30-07-2026 13:54,25-08-2026 11:45,12-08-2026 12:23,11-08-2026 11:45,,,,,,,,5
2254910.0,05-08-2026 12:23,30-07-2026 13:54,25-08-2026 11:45,12-08-2026 12:23,11-08-2026 11:45,,,,,,,,5
2254914.0,28-08-2026 11:17,30-07-2026 13:54,25-08-2026 11:45,12-08-2026 12:23,11-08-2026 11:45,,,,,,,,5
2254916.0,05-08-2026 12:23,30-07-2026 13:54,25-08-2026 11:45,31-08-2026 12:00,11-08-2026 11:45,,,,,,,,5
2254919.0,05-08-2026 12:23,30-07-2026 13:54,25-08-2026 11:45,12-08-2026 12:23,11-08-2026 11:45,,,,,,,,5
2254922.0,05-08-2026 12:23,30-07-2026 13:54,25-08-2026 11:45,12-08-2026 12:23,,,,,,,,,4
2254923.0,28-08-2026 11:17,30-07-2026 13:54,25-08-2026 11:45,12-08-2026 12:23,11-08-2026 11:45,,,,,,,,5
2254924.0,,30-07-2026 13:54,,,24-08-2026 15:34,,,,,,,,2
2254927.0,05-08-2026 12:23,30-07-2026 13:54,25-08-2026 11:45,12-08-2026 12:23,11-08-2026 11:45,,,,,,,,5
2254930.0,05-08-2026 12:23,30-07-2026 13:54,,12-08-2026 12:23,11-08-2026 11:45,,,,,,,,4
2254932.0,05-08-2026 12:23,30-07-2026 13:54,25-08-2026 11:45,31-08-2026 12:00,11-08-2026 11:45,,,,,,,,5
2254935.0,28-08-2026 11:17,30-07-2026 13:54,,,11-08-2026 11:45,,,,,,,,3
2254937.0,28-08-2026 11:17,30-07-2026 13:54,25-08-2026 11:45,12-08-2026 12:23,11-08-2026 11:45,,,,,,,,5
2254941.0,05-08-2026 12:23,30-07-2026 13:54,25-08-2026 11:45,12-08-2026 12:23,24-08-2026 15:34,,,,,,,,5
2254943.0,05-08-2026 12:23,30-07-2026 13:54,25-08-2026 11:45,31-08-2026 12:00,11-08-2026 11:45,,,,,,,,5
2254947.0,05-08-2026 12:23,30-07-2026 13:54,25-08-2026 11:45,12-08-2026 12:23,11-08-2026 11:45,,,,,,,,5
2254948.0,05-08-2026 12:23,30-07-2026 13:54,25-08-2026 11:45,12-08-2026 12:23,11-08-2026 11:45,,,,,,,,5
2254952.0,05-08-2026 12:23,30-07-2026 13:54,25-08-2026 11:45,12-08-2026 12:23,11-08-2026 11:45,,,,,,,,5
2254955.0,05-08-2026 12:23,30-07-2026 13:54,25-08-2026 11:45,12-08-2026 12:23,11-08-2026 11:45,,,,,,,,5
2254965.0,05-08-2026 12:23,30-07-2026 13:54,25-08-2026 11:45,12-08-2026 12:23,11-08-2026 11:45,,,,,,,,5
2254976.0,28-08-2026 11:17,,,12-08-2026 12:23,11-08-2026 11:45,,,,,,,,3
2254982.0,28-08-2026 11:17,30-07-2026 13:54,25-08-2026 11:45,12-08-2026 12:23,11-08-2026 11:45,,,,,,,,5
2254995.0,28-08-2026 11:17,30-07-2026 13:54,25-08-2026 11:45,12-08-2026 12:23,11-08-2026 11:45,,,,,,,,5
2255009.0,27-08-2026 10:51,30-07-2026 16:13,27-08-2026 11:46,18-08-2026 14:35,12-08-2026 14:30,,,,,,,,5
2255011.0,04-08-2026 13:56,31-07-2026 12:18,28-08-2026 16:05,17-08-2026 13:55,14-08-2026 12:30,31-08-2026 13:56,,,,,,,6
2271757.0,05-08-2026 10:49,23-07-2026 14:33,31-08-2026 16:05,20-08-2026 13:32,24-08-2026 11:32,,,,,,,,5
2271759.0,17-08-2026 11:50,23-07-2026 14:33,,12-08-2026 13:03,,,,,,,,,3
2271771.0,05-08-2026 10:49,23-07-2026 14:33,,20-08-2026 13:32,24-08-2026 11:32,,,,,,,,4
2271774.0,05-08-2026 10:49,23-07-2026 14:33,31-08-2026 16:05,12-08-2026 13:03,11-08-2026 13:55,,,,,,,,5
2271777.0,05-08-2026 10:49,23-07-2026 14:33,31-08-2026 16:05,12-08-2026 13:03,11-08-2026 13:55,,,,,,,,5
2271780.0,05-08-2026 10:49,07-08-2026 14:28,31-08-2026 16:05,12-08-2026 13:03,07-08-2026 14:24,,,,,,,,5
2271783.0,05-08-2026 10:49,23-07-2026 14:33,31-08-2026 16:05,12-08-2026 13:03,11-08-2026 13:55,,,,,,,,5
2271785.0,27-08-2026 10:29,,,,,,,,,,,,1
2271786.0,05-08-2026 10:49,07-08-2026 14:28,31-08-2026 16:05,20-08-2026 13:32,07-08-2026 14:24,,,,,,,,5
2271788.0,05-08-2026 10:49,23-07-2026 14:33,31-08-2026 16:05,20-08-2026 13:32,11-08-2026 13:55,,,,,,,,5
2271790.0,05-08-2026 10:49,23-07-2026 14:33,31-08-2026 16:05,12-08-2026 13:03,24-08-2026 11:32,,,,,,,,5
2271793.0,05-08-2026 10:49,23-07-2026 14:33,31-08-2026 16:05,12-08-2026 13:03,11-08-2026 13:55,,,,,,,,5
2271798.0,05-08-2026 10:49,23-07-2026 14:33,31-08-2026 16:05,12-08-2026 13:03,11-08-2026 13:55,,,,,,,,5
2271800.0,05-08-2026 10:49,23-07-2026 14:33,31-08-2026 16:05,12-08-2026 13:03,11-08-2026 13:55,,,,,,,,5
2271803.0,05-08-2026 10:49,23-07-2026 14:33,31-08-2026 16:05,12-08-2026 13:03,11-08-2026 13:55,,,,,,,,5
2271821.0,06-08-2026 15:20,27-07-2026 10:40,31-08-2026 16:05,19-08-2026 11:44,14-08-2026 10:56,,,,,,,,5
2271823.0,06-08-2026 15:20,27-07-2026 10:40,,19-08-2026 11:44,24-08-2026 11:32,,,,,,,,4
2271826.0,06-08-2026 15:20,27-07-2026 10:40,31-08-2026 16:05,19-08-2026 11:44,14-08-2026 10:56,,,,,,,,5
2271829.0,06-08-2026 15:20,27-07-2026 10:40,,,14-08-2026 10:56,,,,,,,,3
2271831.0,06-08-2026 15:20,27-07-2026 10:40,31-08-2026 16:05,19-08-2026 11:44,24-08-2026 11:32,,,,,,,,5
2271833.0,06-08-2026 15:20,27-07-2026 10:40,31-08-2026 16:05,19-08-2026 11:44,14-08-2026 10:56,,,,,,,,5
2271836.0,06-08-2026 15:20,27-07-2026 10:40,31-08-2026 16:05,19-08-2026 11:44,24-08-2026 11:32,,,,,,,,5
2271838.0,06-08-2026 15:20,27-07-2026 10:40,31-08-2026 16:05,19-08-2026 11:44,14-08-2026 10:56,,,,,,,,5
2272464.0,05-08-2026 10:49,23-07-2026 14:33,31-08-2026 16:05,12-08-2026 13:03,11-08-2026 13:55,,,,,,,,5
2272465.0,05-08-2026 10:49,23-07-2026 14:33,31-08-2026 16:05,12-08-2026 13:03,11-08-2026 13:55,,,,,,,,5
2272466.0,05-08-2026 10:49,23-07-2026 14:33,31-08-2026 16:05,12-08-2026 13:03,11-08-2026 13:55,,,,,,,,5
2272467.0,05-08-2026 10:49,07-08-2026 14:28,,12-08-2026 13:03,07-08-2026 14:24,,,,,,,,4
2272468.0,05-08-2026 10:49,23-07-2026 14:33,31-08-2026 16:05,12-08-2026 13:03,11-08-2026 13:55,,,,,,,,5
2272469.0,05-08-2026 10:49,23-07-2026 14:33,31-08-2026 16:05,12-08-2026 13:03,11-08-2026 13:55,,,,,,,,5
2272470.0,05-08-2026 10:49,23-07-2026 14:33,31-08-2026 16:05,12-08-2026 13:03,11-08-2026 13:55,,,,,,,,5
2272471.0,05-08-2026 10:49,23-07-2026 14:33,31-08-2026 16:05,12-08-2026 13:03,11-08-2026 13:55,,,,,,,,5
2272472.0,05-08-2026 10:49,23-07-2026 14:33,31-08-2026 16:05,20-08-2026 13:32,11-08-2026 13:55,,,,,,,,5
2272473.0,05-08-2026 10:49,23-07-2026 14:33,31-08-2026 16:05,,11-08-2026 13:55,,,,,,,,4
2272475.0,05-08-2026 10:49,23-07-2026 14:33,31-08-2026 16:05,12-08-2026 13:03,11-08-2026 13:55,,,,,,,,5
2273643.0,07-08-2026 15:59,27-07-2026 16:04,25-08-2026 16:09,19-08-2026 16:03,13-08-2026 15:34,,,,,,,,5
2273647.0,07-08-2026 10:54,27-07-2026 16:04,,19-08-2026 16:03,13-08-2026 15:34,,,,,,,,4
2273651.0,27-08-2026 10:29,23-07-2026 14:33,31-08-2026 16:05,,,,,,,,,,3
2273655.0,07-08-2026 15:59,27-07-2026 16:04,25-08-2026 16:09,19-08-2026 16:03,13-08-2026 15:34,,,,,,,,5
2273657.0,06-08-2026 15:58,23-07-2026 16:08,28-08-2026 10:52,19-08-2026 10:57,12-08-2026 16:07,,,,,,,,5
2273661.0,06-08-2026 15:58,23-07-2026 16:08,28-08-2026 10:52,19-08-2026 10:57,12-08-2026 16:07,,,,,,,,5
2273663.0,07-08-2026 15:59,27-07-2026 16:04,,19-08-2026 16:03,13-08-2026 15:34,,,,,,,,4
2273668.0,06-08-2026 15:58,23-07-2026 16:08,28-08-2026 10:52,20-08-2026 13:32,12-08-2026 16:07,,,,,,,,5
2273669.0,07-08-2026 15:59,27-07-2026 16:04,,20-08-2026 13:32,13-08-2026 15:34,,,,,,,,4
2273671.0,07-08-2026 10:54,27-07-2026 16:04,25-08-2026 16:09,19-08-2026 16:03,13-08-2026 15:34,,,,,,,,5
2273673.0,06-08-2026 15:58,23-07-2026 16:08,28-08-2026 10:52,19-08-2026 10:57,12-08-2026 16:07,,,,,,,,5
2273674.0,06-08-2026 15:58,07-08-2026 14:28,28-08-2026 10:52,20-08-2026 13:32,07-08-2026 14:24,,,,,,,,5
2273677.0,07-08-2026 10:54,27-07-2026 16:04,25-08-2026 16:09,19-08-2026 16:03,13-08-2026 15:34,,,,,,,,5
2273680.0,07-08-2026 15:59,27-07-2026 16:04,25-08-2026 16:09,19-08-2026 16:03,13-08-2026 15:34,,,,,,,,5
2273683.0,07-08-2026 10:54,27-07-2026 16:04,25-08-2026 16:09,19-08-2026 16:03,13-08-2026 15:34,,,,,,,,5
2273687.0,07-08-2026 15:59,27-07-2026 16:04,25-08-2026 16:09,19-08-2026 16:03,13-08-2026 15:34,,,,,,,,5
2273688.0,06-08-2026 15:58,23-07-2026 16:08,28-08-2026 10:52,19-08-2026 10:57,12-08-2026 16:07,,,,,,,,5
2273691.0,07-08-2026 15:59,27-07-2026 16:04,25-08-2026 16:09,19-08-2026 16:03,13-08-2026 15:34,,,,,,,,5
2273693.0,06-08-2026 15:58,23-07-2026 16:08,28-08-2026 10:52,19-08-2026 10:57,12-08-2026 16:07,,,,,,,,5
2273694.0,06-08-2026 15:58,23-07-2026 16:08,28-08-2026 10:52,19-08-2026 10:57,12-08-2026 16:07,,,,,,,,5
2273698.0,07-08-2026 15:59,27-07-2026 16:04,25-08-2026 16:09,19-08-2026 16:03,13-08-2026 15:34,,,,,,,,5
2273699.0,06-08-2026 15:58,23-07-2026 16:08,28-08-2026 10:52,19-08-2026 10:57,12-08-2026 16:07,,,,,,,,5
2273700.0,06-08-2026 15:58,23-07-2026 16:08,28-08-2026 10:52,19-08-2026 10:57,12-08-2026 16:07,,,,,,,,5
2273703.0,07-08-2026 10:54,27-07-2026 16:04,25-08-2026 16:09,19-08-2026 16:03,24-08-2026 11:32,,,,,,,,5
2273704.0,07-08-2026 10:54,27-07-2026 16:04,25-08-2026 16:09,19-08-2026 16:03,13-08-2026 15:34,,,,,,,,5
2273705.0,27-08-2026 10:29,23-07-2026 14:33,31-08-2026 16:05,,,,,,,,,,3
2273706.0,06-08-2026 15:58,23-07-2026 16:08,28-08-2026 10:52,20-08-2026 13:32,12-08-2026 16:07,,,,,,,,5
2273707.0,07-08-2026 10:54,27-07-2026 16:04,25-08-2026 16:09,19-08-2026 16:03,13-08-2026 15:34,,,,,,,,5
2273709.0,05-08-2026 10:49,23-07-2026 14:33,31-08-2026 16:05,20-08-2026 13:32,24-08-2026 11:32,,,,,,,,5
2273711.0,07-08-2026 15:59,27-07-2026 16:04,25-08-2026 16:09,19-08-2026 16:03,13-08-2026 15:34,,,,,,,,5
2273713.0,06-08-2026 15:58,23-07-2026 16:08,28-08-2026 10:52,19-08-2026 10:57,12-08-2026 16:07,,,,,,,,5
2273714.0,05-08-2026 10:49,23-07-2026 14:33,31-08-2026 16:05,12-08-2026 13:03,11-08-2026 13:55,,,,,,,,5
2273716.0,07-08-2026 10:54,27-07-2026 16:04,25-08-2026 16:09,19-08-2026 16:03,13-08-2026 15:34,,,,,,,,5
2273721.0,07-08-2026 15:59,27-07-2026 16:04,25-08-2026 16:09,19-08-2026 16:03,13-08-2026 15:34,,,,,,,,5
2273722.0,07-08-2026 15:20,27-07-2026 11:32,25-08-2026 10:00,18-08-2026 10:50,14-08-2026 10:56,,,,,,,,5
2273723.0,05-08-2026 10:49,23-07-2026 14:33,31-08-2026 16:05,12-08-2026 13:03,11-08-2026 13:55,,,,,,,,5
2273728.0,06-08-2026 15:58,23-07-2026 16:08,,20-08-2026 13:32,12-08-2026 16:07,,,,,,,,4
2273733.0,27-08-2026 10:29,,,18-08-2026 10:50,14-08-2026 10:56,,,,,,,,3
2273735.0,07-08-2026 10:54,27-07-2026 16:04,,20-08-2026 13:32,13-08-2026 15:34,,,,,,,,4
2273740.0,07-08-2026 15:20,27-07-2026 11:32,,18-08-2026 10:50,14-08-2026 10:56,,,,,,,,4
2273742.0,07-08-2026 10:54,27-07-2026 16:04,25-08-2026 16:09,19-08-2026 16:03,13-08-2026 15:34,,,,,,,,5
2273746.0,05-08-2026 10:49,23-07-2026 14:33,31-08-2026 16:05,12-08-2026 13:03,11-08-2026 13:55,,,,,,,,5
2273754.0,17-08-2026 11:50,27-07-2026 11:32,25-08-2026 10:00,18-08-2026 10:50,14-08-2026 10:56,,,,,,,,5
2273755.0,07-08-2026 15:59,27-07-2026 16:04,25-08-2026 16:09,19-08-2026 16:03,13-08-2026 15:34,,,,,,,,5
2273763.0,07-08-2026 15:59,27-07-2026 16:04,25-08-2026 16:09,19-08-2026 16:03,13-08-2026 15:34,,,,,,,,5
2273764.0,17-08-2026 11:50,27-07-2026 11:32,,18-08-2026 10:50,14-08-2026 10:56,,,,,,,,4
2273767.0,07-08-2026 15:20,27-07-2026 11:32,25-08-2026 10:00,18-08-2026 10:50,14-08-2026 10:56,,,,,,,,5
2273772.0,07-08-2026 15:20,27-07-2026 11:32,25-08-2026 10:00,18-08-2026 10:50,14-08-2026 10:56,,,,,,,,5
2273774.0,07-08-2026 15:20,27-07-2026 11:32,25-08-2026 10:00,18-08-2026 10:50,14-08-2026 10:56,,,,,,,,5
2273775.0,06-08-2026 15:58,23-07-2026 16:08,,19-08-2026 10:57,24-08-2026 11:32,,,,,,,,4
2273777.0,07-08-2026 15:20,27-07-2026 11:32,25-08-2026 10:00,18-08-2026 10:50,24-08-2026 11:32,,,,,,,,5
2273780.0,17-08-2026 11:50,27-07-2026 16:04,25-08-2026 16:09,19-08-2026 16:03,13-08-2026 15:34,,,,,,,,5
2273782.0,06-08-2026 15:58,07-08-2026 14:28,28-08-2026 10:52,19-08-2026 10:57,07-08-2026 14:24,,,,,,,,5
2273785.0,07-08-2026 15:20,27-07-2026 11:32,25-08-2026 10:00,18-08-2026 10:50,14-08-2026 10:56,,,,,,,,5
2273786.0,07-08-2026 15:20,27-07-2026 11:32,25-08-2026 10:00,18-08-2026 10:50,14-08-2026 10:56,,,,,,,,5
2273787.0,06-08-2026 15:58,07-08-2026 14:28,,19-08-2026 10:57,07-08-2026 14:24,,,,,,,,4
2273788.0,17-08-2026 11:50,27-07-2026 16:04,,19-08-2026 16:03,13-08-2026 15:34,,,,,,,,4
2273789.0,07-08-2026 15:20,27-07-2026 11:32,,18-08-2026 10:50,14-08-2026 10:56,,,,,,,,4
2273790.0,17-08-2026 11:50,27-07-2026 11:32,25-08-2026 10:00,18-08-2026 10:50,14-08-2026 10:56,,,,,,,,5
2273793.0,07-08-2026 10:54,27-07-2026 16:04,25-08-2026 16:09,19-08-2026 16:03,13-08-2026 15:34,,,,,,,,5
2273797.0,27-08-2026 10:29,31-07-2026 10:43,25-08-2026 10:55,20-08-2026 11:03,,,,,,,,,4
2273798.0,07-08-2026 15:59,27-07-2026 16:04,25-08-2026 16:09,19-08-2026 16:03,13-08-2026 15:34,,,,,,,,5
2273801.0,06-08-2026 10:48,31-07-2026 10:43,25-08-2026 10:55,,,,,,,,,,3
2273802.0,07-08-2026 15:59,27-07-2026 16:04,,19-08-2026 16:03,13-08-2026 15:34,,,,,,,,4
2273805.0,06-08-2026 10:48,31-07-2026 10:43,,20-08-2026 11:03,14-08-2026 15:26,,,,,,,,4
2273806.0,07-08-2026 15:59,27-07-2026 16:04,25-08-2026 16:09,19-08-2026 16:03,13-08-2026 15:34,,,,,,,,5
2273809.0,06-08-2026 15:58,23-07-2026 16:08,28-08-2026 10:52,19-08-2026 10:57,24-08-2026 11:32,,,,,,,,5
2273810.0,06-08-2026 10:48,31-07-2026 10:43,25-08-2026 10:55,20-08-2026 11:03,14-08-2026 15:26,,,,,,,,5
2273811.0,17-08-2026 11:50,,25-08-2026 16:09,19-08-2026 16:03,13-08-2026 15:34,,,,,,,,4
2273812.0,06-08-2026 15:58,23-07-2026 16:08,28-08-2026 10:52,,12-08-2026 16:07,,,,,,,,4
2273816.0,17-08-2026 11:50,31-07-2026 10:43,25-08-2026 10:55,20-08-2026 11:03,14-08-2026 15:26,,,,,,,,5
2273817.0,06-08-2026 15:58,23-07-2026 16:08,,19-08-2026 10:57,12-08-2026 16:07,,,,,,,,4
2273818.0,07-08-2026 15:59,27-07-2026 16:04,25-08-2026 16:09,19-08-2026 16:03,13-08-2026 15:34,,,,,,,,5
2273820.0,07-08-2026 15:20,07-08-2026 14:28,25-08-2026 10:00,18-08-2026 10:50,07-08-2026 14:24,,,,,,,,5
2273822.0,06-08-2026 10:48,07-08-2026 14:28,25-08-2026 10:55,,07-08-2026 14:24,,,,,,,,4
2273827.0,07-08-2026 10:54,27-07-2026 16:04,25-08-2026 16:09,19-08-2026 16:03,13-08-2026 15:34,,,,,,,,5
2273828.0,06-08-2026 15:58,23-07-2026 16:08,28-08-2026 10:52,19-08-2026 10:57,12-08-2026 16:07,,,,,,,,5
2273830.0,06-08-2026 10:48,31-07-2026 10:43,,20-08-2026 11:03,,,,,,,,,3
2273833.0,07-08-2026 15:59,27-07-2026 16:04,25-08-2026 16:09,19-08-2026 16:03,13-08-2026 15:34,,,,,,,,5
2273836.0,06-08-2026 10:48,31-07-2026 10:43,25-08-2026 10:55,20-08-2026 11:03,14-08-2026 15:26,,,,,,,,5
2273839.0,06-08-2026 15:58,23-07-2026 16:08,28-08-2026 10:52,19-08-2026 10:57,24-08-2026 11:32,,,,,,,,5
2273843.0,06-08-2026 10:48,31-07-2026 10:43,25-08-2026 10:55,20-08-2026 11:03,14-08-2026 15:26,,,,,,,,5
2273844.0,06-08-2026 15:58,23-07-2026 16:08,28-08-2026 10:52,19-08-2026 10:57,12-08-2026 16:07,,,,,,,,5
2273847.0,06-08-2026 10:48,31-07-2026 10:43,25-08-2026 10:55,20-08-2026 11:03,14-08-2026 15:26,,,,,,,,5
2273849.0,06-08-2026 15:58,23-07-2026 16:08,,19-08-2026 10:57,12-08-2026 16:07,,,,,,,,4
2273851.0,06-08-2026 10:48,31-07-2026 10:43,25-08-2026 10:55,,14-08-2026 15:26,,,,,,,,4
2273852.0,06-08-2026 15:58,23-07-2026 16:08,,19-08-2026 10:57,12-08-2026 16:07,,,,,,,,4
2273853.0,06-08-2026 10:48,07-08-2026 14:28,25-08-2026 10:55,20-08-2026 11:03,07-08-2026 14:24,,,,,,,,5
2273855.0,06-08-2026 15:58,23-07-2026 16:08,,19-08-2026 10:57,24-08-2026 11:32,,,,,,,,4
2273856.0,06-08-2026 10:48,31-07-2026 10:43,25-08-2026 10:55,20-08-2026 11:03,14-08-2026 15:26,,,,,,,,5
2273857.0,06-08-2026 10:48,31-07-2026 10:43,25-08-2026 10:55,,14-08-2026 15:26,,,,,,,,4
2273859.0,06-08-2026 15:58,23-07-2026 16:08,28-08-2026 10:52,19-08-2026 10:57,12-08-2026 16:07,,,,,,,,5
2273860.0,06-08-2026 10:48,31-07-2026 10:43,25-08-2026 10:55,20-08-2026 11:03,14-08-2026 15:26,,,,,,,,5
2273862.0,06-08-2026 15:58,23-07-2026 16:08,28-08-2026 10:52,19-08-2026 10:57,12-08-2026 16:07,,,,,,,,5
2273864.0,06-08-2026 15:58,07-08-2026 14:28,28-08-2026 10:52,19-08-2026 10:57,07-08-2026 14:24,,,,,,,,5
2273866.0,06-08-2026 10:48,31-07-2026 10:43,25-08-2026 10:55,20-08-2026 11:03,14-08-2026 15:26,,,,,,,,5
2273870.0,06-08-2026 10:48,31-07-2026 10:43,25-08-2026 10:55,20-08-2026 11:03,14-08-2026 15:26,,,,,,,,5
2273874.0,06-08-2026 15:58,23-07-2026 16:08,28-08-2026 10:52,19-08-2026 10:57,12-08-2026 16:07,,,,,,,,5
2273876.0,06-08-2026 10:48,31-07-2026 10:43,25-08-2026 10:55,20-08-2026 11:03,24-08-2026 11:32,,,,,,,,5
2273880.0,06-08-2026 10:48,31-07-2026 10:43,25-08-2026 10:55,20-08-2026 11:03,14-08-2026 15:26,,,,,,,,5
2273882.0,06-08-2026 10:48,31-07-2026 10:43,25-08-2026 10:55,20-08-2026 11:03,24-08-2026 11:32,,,,,,,,5
2273883.0,06-08-2026 15:58,23-07-2026 16:08,28-08-2026 10:52,19-08-2026 10:57,12-08-2026 16:07,,,,,,,,5
2273884.0,06-08-2026 10:48,31-07-2026 10:43,25-08-2026 10:55,20-08-2026 11:03,14-08-2026 15:26,,,,,,,,5
2273886.0,06-08-2026 10:48,07-08-2026 14:28,25-08-2026 10:55,20-08-2026 11:03,07-08-2026 14:24,,,,,,,,5
2273887.0,06-08-2026 15:58,23-07-2026 16:08,28-08-2026 10:52,20-08-2026 13:32,12-08-2026 16:07,,,,,,,,5
2273888.0,06-08-2026 10:48,31-07-2026 10:43,25-08-2026 10:55,20-08-2026 11:03,14-08-2026 15:26,,,,,,,,5
2273890.0,06-08-2026 10:48,31-07-2026 10:43,25-08-2026 10:55,20-08-2026 11:03,14-08-2026 15:26,,,,,,,,5
2273891.0,06-08-2026 15:58,23-07-2026 16:08,28-08-2026 10:52,20-08-2026 13:32,12-08-2026 16:07,,,,,,,,5
2273893.0,06-08-2026 10:48,07-08-2026 14:28,25-08-2026 10:55,,07-08-2026 14:24,,,,,,,,4
2273894.0,06-08-2026 10:48,31-07-2026 10:43,25-08-2026 10:55,20-08-2026 11:03,24-08-2026 11:32,,,,,,,,5
2273895.0,06-08-2026 15:58,23-07-2026 16:08,28-08-2026 10:52,19-08-2026 10:57,12-08-2026 16:07,,,,,,,,5
2273898.0,06-08-2026 10:48,31-07-2026 10:43,25-08-2026 10:55,20-08-2026 11:03,14-08-2026 15:26,,,,,,,,5
2273899.0,06-08-2026 10:48,31-07-2026 10:43,25-08-2026 10:55,20-08-2026 11:03,14-08-2026 15:26,,,,,,,,5
2273900.0,06-08-2026 10:48,31-07-2026 10:43,25-08-2026 10:55,20-08-2026 11:03,24-08-2026 11:32,,,,,,,,5
2273901.0,06-08-2026 10:48,31-07-2026 10:43,25-08-2026 10:55,20-08-2026 11:03,14-08-2026 15:26,,,,,,,,5
2274284.0,07-08-2026 15:20,27-07-2026 11:32,25-08-2026 10:00,18-08-2026 10:50,24-08-2026 11:32,,,,,,,,5
2274294.0,17-08-2026 11:50,27-07-2026 11:32,25-08-2026 10:00,18-08-2026 10:50,14-08-2026 10:56,,,,,,,,5
2274304.0,07-08-2026 15:20,27-07-2026 11:32,25-08-2026 10:00,20-08-2026 13:32,14-08-2026 10:56,,,,,,,,5
2274314.0,07-08-2026 15:20,27-07-2026 11:32,25-08-2026 10:00,18-08-2026 10:50,14-08-2026 10:56,,,,,,,,5
2274323.0,07-08-2026 15:20,27-07-2026 11:32,25-08-2026 10:00,18-08-2026 10:50,14-08-2026 10:56,,,,,,,,5
2274340.0,07-08-2026 15:20,27-07-2026 11:32,25-08-2026 10:00,18-08-2026 10:50,14-08-2026 10:56,,,,,,,,5
2274347.0,07-08-2026 15:20,27-07-2026 11:32,25-08-2026 10:00,18-08-2026 10:50,14-08-2026 10:56,,,,,,,,5
2274352.0,07-08-2026 15:20,27-07-2026 11:32,25-08-2026 10:00,18-08-2026 10:50,24-08-2026 11:32,,,,,,,,5
2274357.0,17-08-2026 11:50,27-07-2026 11:32,,20-08-2026 13:32,14-08-2026 10:56,,,,,,,,4
2274364.0,07-08-2026 15:20,27-07-2026 11:32,,18-08-2026 10:50,14-08-2026 10:56,,,,,,,,4
2274382.0,17-08-2026 11:50,27-07-2026 11:32,25-08-2026 10:00,18-08-2026 10:50,14-08-2026 10:56,,,,,,,,5
2274394.0,07-08-2026 15:20,27-07-2026 11:32,25-08-2026 10:00,18-08-2026 10:50,14-08-2026 10:56,,,,,,,,5
2274403.0,07-08-2026 15:20,27-07-2026 11:32,,18-08-2026 10:50,14-08-2026 10:56,,,,,,,,4
2274419.0,07-08-2026 15:20,27-07-2026 11:32,25-08-2026 10:00,20-08-2026 13:32,14-08-2026 10:56,,,,,,,,5
2274427.0,07-08-2026 15:20,27-07-2026 11:32,25-08-2026 10:00,18-08-2026 10:50,24-08-2026 11:32,,,,,,,,5
2274434.0,27-08-2026 10:29,27-07-2026 11:32,25-08-2026 10:00,18-08-2026 10:50,14-08-2026 10:56,,,,,,,,5
2277229.0,06-08-2026 10:48,31-07-2026 10:43,25-08-2026 10:55,20-08-2026 11:03,14-08-2026 15:26,,,,,,,,5
2277290.0,06-08-2026 10:48,31-07-2026 10:43,25-08-2026 10:55,20-08-2026 11:03,24-08-2026 11:32,,,,,,,,5
2277307.0,05-08-2026 10:49,23-07-2026 14:33,31-08-2026 16:05,12-08-2026 13:03,11-08-2026 13:55,,,,,,,,5
2279329.0,06-08-2026 12:27,06-08-2026 14:06,27-08-2026 11:46,,12-08-2026 14:30,,,,,,,,4
2279330.0,06-08-2026 12:27,30-07-2026 16:13,27-08-2026 11:46,18-08-2026 14:35,12-08-2026 14:30,,,,,,,,5
2279331.0,27-08-2026 10:51,31-07-2026 12:18,28-08-2026 16:05,17-08-2026 13:55,19-08-2026 12:26,,,,,,,,5
2279333.0,05-08-2026 12:23,30-07-2026 13:54,25-08-2026 11:45,31-08-2026 12:00,,,,,,,,,4
2279335.0,05-08-2026 12:23,30-07-2026 13:54,25-08-2026 11:45,12-08-2026 12:23,24-08-2026 15:34,,,,,,,,5
2279337.0,28-08-2026 11:17,30-07-2026 13:54,25-08-2026 11:45,12-08-2026 12:23,11-08-2026 11:45,,,,,,,,5
2279338.0,04-08-2026 13:56,06-08-2026 14:06,28-08-2026 16:05,17-08-2026 13:55,14-08-2026 12:30,,,,,,,,5
2279343.0,04-08-2026 13:56,06-08-2026 14:06,28-08-2026 16:05,17-08-2026 13:55,,31-08-2026 13:56,,,,,,,5
2279347.0,06-08-2026 11:36,22-07-2026 15:28,27-08-2026 13:53,18-08-2026 11:47,24-08-2026 15:34,,,,,,,,5
2279350.0,27-08-2026 10:51,31-07-2026 11:34,28-08-2026 15:29,14-08-2026 11:45,19-08-2026 12:26,,,,,,,,5
2279351.0,04-08-2026 16:13,31-07-2026 11:34,,14-08-2026 11:45,12-08-2026 13:56,,,,,,,,4
2279354.0,05-08-2026 12:23,30-07-2026 13:54,25-08-2026 11:45,31-08-2026 12:00,11-08-2026 11:45,,,,,,,,5
2279359.0,06-08-2026 12:27,30-07-2026 16:13,27-08-2026 11:46,18-08-2026 14:35,12-08-2026 14:30,,,,,,,,5
2279361.0,27-08-2026 10:51,31-07-2026 11:34,28-08-2026 15:29,14-08-2026 11:45,19-08-2026 12:26,,,,,,,,5
2279366.0,06-08-2026 12:27,30-07-2026 16:13,27-08-2026 11:46,18-08-2026 14:35,12-08-2026 14:30,,,,,,,,5
2279368.0,04-08-2026 16:13,31-07-2026 11:34,28-08-2026 15:29,14-08-2026 11:45,12-08-2026 13:56,,,,,,,,5
2279369.0,05-08-2026 12:23,30-07-2026 13:54,25-08-2026 11:45,12-08-2026 12:23,24-08-2026 15:34,,,,,,,,5
2279371.0,27-08-2026 10:51,,,18-08-2026 11:47,13-08-2026 13:54,,,,,,,,3
2279374.0,06-08-2026 11:36,22-07-2026 15:28,27-08-2026 13:53,18-08-2026 11:47,13-08-2026 13:54,,,,,,,,5
2279376.0,04-08-2026 13:56,31-07-2026 12:18,28-08-2026 16:05,17-08-2026 13:55,14-08-2026 12:30,,,,,,,,5
2279377.0,04-08-2026 15:21,24-07-2026 11:33,27-08-2026 14:34,19-08-2026 15:23,13-08-2026 14:32,31-08-2026 13:56,,,,,,,6
2279379.0,27-08-2026 10:51,22-07-2026 15:28,,18-08-2026 11:47,13-08-2026 13:54,,,,,,,,4
2279383.0,04-08-2026 15:21,24-07-2026 11:33,27-08-2026 14:34,19-08-2026 15:23,13-08-2026 14:32,31-08-2026 13:56,,,,,,,6
2279385.0,04-08-2026 15:21,24-07-2026 11:33,27-08-2026 14:34,19-08-2026 15:23,13-08-2026 14:32,31-08-2026 13:56,,,,,,,6
2279401.0,06-08-2026 12:27,30-07-2026 16:13,27-08-2026 11:46,18-08-2026 14:35,24-08-2026 15:34,,,,,,,,5
2279405.0,04-08-2026 15:21,24-07-2026 11:33,27-08-2026 14:34,19-08-2026 15:23,13-08-2026 14:32,31-08-2026 13:56,,,,,,,6
2285121.0,17-08-2026 12:28,24-07-2026 12:19,,27-08-2026 14:35,20-08-2026 14:23,,,,,,,,4
2285122.0,28-08-2026 15:36,24-07-2026 12:19,,27-08-2026 14:35,20-08-2026 14:23,,,,,,,,4
2285123.0,13-08-2026 10:48,23-07-2026 10:26,,28-08-2026 15:57,20-08-2026 10:32,,,,,,,,4
2285172.0,17-08-2026 12:40,12-08-2026 14:49,,20-08-2026 16:02,19-08-2026 14:10,,,,,,,,4
2285193.0,17-08-2026 12:40,12-08-2026 14:49,,,,,,,,,,,2
2285203.0,17-08-2026 12:40,12-08-2026 14:49,,20-08-2026 16:02,19-08-2026 14:10,,,,,,,,4
2285224.0,17-08-2026 12:40,12-08-2026 14:49,,20-08-2026 16:02,19-08-2026 14:10,,,,,,,,4
2285226.0,17-08-2026 12:40,12-08-2026 14:49,,20-08-2026 16:02,19-08-2026 14:10,,,,,,,,4
2285234.0,17-08-2026 12:40,12-08-2026 14:49,,20-08-2026 16:02,19-08-2026 14:10,,,,,,,,4
2285238.0,17-08-2026 12:40,12-08-2026 14:49,,20-08-2026 16:02,19-08-2026 14:10,,,,,,,,4
2285243.0,17-08-2026 12:40,12-08-2026 14:49,,27-08-2026 16:03,,,,,,,,,3
2285251.0,17-08-2026 12:40,12-08-2026 14:49,,20-08-2026 16:02,19-08-2026 14:10,,,,,,,,4
2285260.0,17-08-2026 12:40,12-08-2026 14:49,,,19-08-2026 14:10,,,,,,,,3
2285265.0,17-08-2026 12:40,12-08-2026 14:49,,20-08-2026 16:02,19-08-2026 14:10,,,,,,,,4
2285273.0,17-08-2026 12:40,12-08-2026 14:49,,20-08-2026 16:02,19-08-2026 14:10,,,,,,,,4
2285279.0,17-08-2026 12:40,12-08-2026 14:49,,27-08-2026 16:03,19-08-2026 14:10,,,,,,,,4
2285303.0,17-08-2026 12:40,12-08-2026 14:49,,20-08-2026 16:02,19-08-2026 14:10,,,,,,,,4
2285304.0,04-08-2026 12:34,30-07-2026 13:54,25-08-2026 12:24,18-08-2026 12:27,20-08-2026 15:22,,,,,,,,5
2285311.0,,30-07-2026 13:54,25-08-2026 12:24,18-08-2026 12:27,14-08-2026 11:53,,,,,,,,4
2285313.0,04-08-2026 12:34,30-07-2026 13:54,25-08-2026 12:24,18-08-2026 12:27,14-08-2026 11:53,,,,,,,,5
2285318.0,04-08-2026 12:34,30-07-2026 13:54,25-08-2026 12:24,18-08-2026 12:27,14-08-2026 11:53,,,,,,,,5
2285324.0,04-08-2026 12:34,30-07-2026 13:54,25-08-2026 12:24,18-08-2026 12:27,14-08-2026 11:53,,,,,,,,5
2285325.0,04-08-2026 12:34,30-07-2026 13:54,,18-08-2026 12:27,14-08-2026 11:53,,,,,,,,4
2285331.0,,30-07-2026 13:54,25-08-2026 12:24,18-08-2026 12:27,14-08-2026 11:53,,,,,,,,4
2285333.0,04-08-2026 12:34,30-07-2026 13:54,25-08-2026 12:24,,14-08-2026 11:53,,,,,,,,4
2285335.0,04-08-2026 12:34,30-07-2026 13:54,25-08-2026 12:24,18-08-2026 12:27,14-08-2026 11:53,,,,,,,,5
2285336.0,04-08-2026 12:34,30-07-2026 13:54,25-08-2026 12:24,20-08-2026 16:53,20-08-2026 15:22,,,,,,,,5
2285339.0,17-08-2026 12:40,12-08-2026 14:49,,27-08-2026 16:03,19-08-2026 14:10,,,,,,,,4
2285340.0,04-08-2026 12:34,30-07-2026 13:54,25-08-2026 12:24,18-08-2026 12:27,14-08-2026 11:53,,,,,,,,5
2285342.0,04-08-2026 12:34,30-07-2026 13:54,25-08-2026 12:24,18-08-2026 12:27,14-08-2026 11:53,,,,,,,,5
2285345.0,04-08-2026 12:34,30-07-2026 13:54,25-08-2026 12:24,18-08-2026 12:27,14-08-2026 11:53,,,,,,,,5
2285346.0,04-08-2026 12:34,30-07-2026 13:54,25-08-2026 12:24,18-08-2026 12:27,14-08-2026 11:53,,,,,,,,5
2285348.0,17-08-2026 12:40,12-08-2026 14:49,,20-08-2026 16:02,19-08-2026 14:10,,,,,,,,4
2285349.0,04-08-2026 12:34,30-07-2026 13:54,25-08-2026 12:24,18-08-2026 12:27,14-08-2026 11:53,,,,,,,,5
2285353.0,04-08-2026 12:34,30-07-2026 13:54,25-08-2026 12:24,18-08-2026 12:27,14-08-2026 15:29,,,,,,,,5
2285356.0,05-08-2026 13:58,30-07-2026 13:54,25-08-2026 12:24,18-08-2026 12:27,14-08-2026 11:53,,,,,,,,5
2285357.0,04-08-2026 12:34,30-07-2026 13:54,25-08-2026 12:24,18-08-2026 12:27,14-08-2026 11:53,,,,,,,,5
2285358.0,04-08-2026 12:34,30-07-2026 13:54,25-08-2026 12:24,18-08-2026 12:27,14-08-2026 11:53,,,,,,,,5
2285361.0,17-08-2026 12:40,12-08-2026 14:49,,20-08-2026 16:02,19-08-2026 14:10,,,,,,,,4
2285364.0,04-08-2026 12:34,,25-08-2026 12:24,18-08-2026 12:27,14-08-2026 11:53,,,,,,,,4
2285367.0,04-08-2026 12:34,30-07-2026 13:54,25-08-2026 12:24,18-08-2026 12:27,14-08-2026 11:53,,,,,,,,5
2285368.0,04-08-2026 12:34,30-07-2026 13:54,25-08-2026 12:24,18-08-2026 12:27,14-08-2026 11:53,,,,,,,,5
2285369.0,17-08-2026 12:40,12-08-2026 14:49,,20-08-2026 16:02,19-08-2026 14:10,,,,,,,,4
2285372.0,04-08-2026 12:34,30-07-2026 13:54,25-08-2026 12:24,18-08-2026 12:27,14-08-2026 11:53,,,,,,,,5
2285373.0,17-08-2026 12:40,12-08-2026 14:49,,20-08-2026 16:02,19-08-2026 14:10,,,,,,,,4
2285377.0,04-08-2026 12:34,30-07-2026 13:54,25-08-2026 12:24,20-08-2026 16:53,20-08-2026 15:22,,,,,,,,5
2285380.0,04-08-2026 12:34,30-07-2026 13:54,25-08-2026 12:24,18-08-2026 12:27,14-08-2026 11:53,,,,,,,,5
2285381.0,04-08-2026 12:34,30-07-2026 13:54,25-08-2026 12:24,18-08-2026 12:27,20-08-2026 15:22,,,,,,,,5
2285387.0,04-08-2026 12:34,30-07-2026 13:54,25-08-2026 12:24,18-08-2026 12:27,14-08-2026 11:53,,,,,,,,5
2285392.0,04-08-2026 12:34,30-07-2026 13:54,25-08-2026 12:24,20-08-2026 16:53,14-08-2026 11:53,,,,,,,,5
2285393.0,04-08-2026 12:34,30-07-2026 13:54,25-08-2026 12:24,18-08-2026 12:27,14-08-2026 11:53,,,,,,,,5
2285395.0,04-08-2026 12:34,30-07-2026 13:54,25-08-2026 12:24,18-08-2026 12:27,14-08-2026 15:29,,,,,,,,5
2285407.0,07-08-2026 14:02,31-07-2026 14:04,,12-08-2026 14:44,11-08-2026 15:23,,,,,,,,4
2285412.0,04-08-2026 10:57,31-07-2026 15:27,25-08-2026 13:50,13-08-2026 11:45,14-08-2026 14:35,,,,,,,,5
2285413.0,04-08-2026 10:57,,25-08-2026 13:50,20-08-2026 17:05,14-08-2026 14:35,,,,,,,,4
2285414.0,07-08-2026 14:02,31-07-2026 14:04,24-08-2026 11:45,12-08-2026 14:44,11-08-2026 15:23,,,,,,,,5
2285415.0,04-08-2026 10:57,31-07-2026 15:27,25-08-2026 13:50,13-08-2026 11:45,14-08-2026 14:35,,,,,,,,5
2285417.0,04-08-2026 10:57,,25-08-2026 13:50,13-08-2026 11:45,14-08-2026 14:35,,,,,,,,4
2285418.0,04-08-2026 10:57,31-07-2026 15:27,25-08-2026 13:50,13-08-2026 11:45,14-08-2026 14:35,,,,,,,,5
2285419.0,04-08-2026 10:57,31-07-2026 15:27,25-08-2026 13:50,13-08-2026 11:45,14-08-2026 14:35,,,,,,,,5
2285422.0,17-08-2026 12:40,12-08-2026 14:49,,20-08-2026 16:02,,,,,,,,,3
2285427.0,04-08-2026 10:57,31-07-2026 15:27,25-08-2026 13:50,13-08-2026 11:45,14-08-2026 14:35,,,,,,,,5
2285428.0,07-08-2026 14:02,31-07-2026 14:04,24-08-2026 11:45,12-08-2026 14:44,11-08-2026 15:23,,,,,,,,5
2285429.0,04-08-2026 10:57,31-07-2026 15:27,25-08-2026 13:50,13-08-2026 11:45,14-08-2026 14:35,,,,,,,,5
2285431.0,04-08-2026 10:57,31-07-2026 15:27,25-08-2026 13:50,13-08-2026 11:45,14-08-2026 14:35,,,,,,,,5
2285435.0,04-08-2026 10:57,31-07-2026 15:27,25-08-2026 13:50,13-08-2026 11:45,14-08-2026 14:35,,,,,,,,5
2285436.0,17-08-2026 12:40,12-08-2026 14:49,,20-08-2026 16:02,19-08-2026 14:10,,,,,,,,4
2285437.0,04-08-2026 10:57,31-07-2026 15:27,,13-08-2026 11:45,14-08-2026 14:35,,,,,,,,4
2285438.0,,,,12-08-2026 14:44,,,,,,,,,1
2285439.0,04-08-2026 10:57,31-07-2026 15:27,25-08-2026 13:50,13-08-2026 11:45,14-08-2026 14:35,,,,,,,,5
2285440.0,04-08-2026 10:57,31-07-2026 15:27,25-08-2026 13:50,13-08-2026 11:45,14-08-2026 14:35,,,,,,,,5
2285442.0,04-08-2026 10:57,31-07-2026 15:27,25-08-2026 13:50,13-08-2026 11:45,14-08-2026 14:35,,,,,,,,5
2285444.0,17-08-2026 12:40,12-08-2026 14:49,,20-08-2026 16:02,19-08-2026 14:10,,,,,,,,4
2285445.0,07-08-2026 14:02,,,,,,,,,,,,1
2285446.0,05-08-2026 11:41,31-07-2026 15:27,25-08-2026 13:50,13-08-2026 11:45,14-08-2026 14:35,,,,,,,,5
2285447.0,04-08-2026 10:57,31-07-2026 15:27,25-08-2026 13:50,13-08-2026 11:45,14-08-2026 14:35,,,,,,,,5
2285450.0,04-08-2026 10:57,31-07-2026 15:27,25-08-2026 13:50,13-08-2026 11:45,14-08-2026 14:35,,,,,,,,5
2285451.0,04-08-2026 10:57,31-07-2026 15:27,25-08-2026 13:50,13-08-2026 11:45,14-08-2026 14:35,,,,,,,,5
2285452.0,17-08-2026 12:40,12-08-2026 14:49,,20-08-2026 16:02,19-08-2026 14:10,,,,,,,,4
2285453.0,04-08-2026 10:57,,25-08-2026 13:50,13-08-2026 11:45,14-08-2026 14:35,,,,,,,,4
2285454.0,07-08-2026 14:02,,,,,,,,,,,,1
2285455.0,05-08-2026 11:41,,25-08-2026 13:50,13-08-2026 11:45,14-08-2026 14:35,,,,,,,,4
2285456.0,04-08-2026 10:57,31-07-2026 15:27,25-08-2026 13:50,13-08-2026 11:45,14-08-2026 14:35,,,,,,,,5
2285460.0,17-08-2026 12:40,12-08-2026 14:49,,27-08-2026 16:03,19-08-2026 14:10,,,,,,,,4
2285461.0,04-08-2026 10:57,31-07-2026 15:27,25-08-2026 13:50,13-08-2026 11:45,14-08-2026 14:35,,,,,,,,5
2285462.0,04-08-2026 10:57,31-07-2026 15:27,25-08-2026 13:50,13-08-2026 11:45,14-08-2026 14:35,,,,,,,,5
2285463.0,17-08-2026 12:40,12-08-2026 14:49,,20-08-2026 16:02,19-08-2026 14:10,,,,,,,,4
2285464.0,17-08-2026 12:40,12-08-2026 14:49,,20-08-2026 16:02,19-08-2026 14:10,,,,,,,,4
2285465.0,04-08-2026 10:57,31-07-2026 15:27,25-08-2026 13:50,13-08-2026 11:45,14-08-2026 14:35,,,,,,,,5
2285466.0,05-08-2026 11:41,31-07-2026 15:27,25-08-2026 13:50,,20-08-2026 15:25,,,,,,,,4
2285467.0,07-08-2026 14:02,31-07-2026 14:04,24-08-2026 11:45,12-08-2026 14:44,11-08-2026 15:23,,,,,,,,5
2285468.0,17-08-2026 12:40,12-08-2026 14:49,,20-08-2026 16:02,19-08-2026 14:10,,,,,,,,4
2285471.0,04-08-2026 10:57,31-07-2026 15:27,25-08-2026 13:50,13-08-2026 11:45,14-08-2026 14:35,,,,,,,,5
2285472.0,04-08-2026 10:57,31-07-2026 15:27,25-08-2026 13:50,13-08-2026 11:45,14-08-2026 14:35,,,,,,,,5
2285473.0,07-08-2026 14:02,31-07-2026 14:04,24-08-2026 11:45,12-08-2026 14:44,11-08-2026 15:23,,,,,,,,5
2285474.0,12-08-2026 15:30,10-08-2026 15:55,,27-08-2026 11:18,19-08-2026 16:03,,,,,,,,4
2285475.0,04-08-2026 10:57,31-07-2026 15:27,25-08-2026 13:50,13-08-2026 11:45,14-08-2026 14:35,,,,,,,,5
2285477.0,04-08-2026 10:57,,,13-08-2026 11:45,20-08-2026 15:25,,,,,,,,3
2285479.0,,,25-08-2026 13:50,13-08-2026 11:45,14-08-2026 14:35,,,,,,,,3
2285480.0,12-08-2026 15:30,10-08-2026 15:55,,27-08-2026 11:18,19-08-2026 16:03,,,,,,,,4
2285481.0,07-08-2026 14:02,31-07-2026 14:04,24-08-2026 11:45,12-08-2026 14:44,11-08-2026 15:23,,,,,,,,5
2285485.0,07-08-2026 14:02,31-07-2026 14:04,24-08-2026 11:45,12-08-2026 14:44,11-08-2026 15:23,,,,,,,,5
2285488.0,12-08-2026 15:30,10-08-2026 15:55,,27-08-2026 11:18,19-08-2026 16:03,,,,,,,,4
2285489.0,07-08-2026 14:02,31-07-2026 14:04,24-08-2026 11:45,12-08-2026 14:44,11-08-2026 15:23,,,,,,,,5
2285491.0,12-08-2026 15:30,,,27-08-2026 11:18,19-08-2026 16:03,,,,,,,,3
2285492.0,04-08-2026 10:59,31-07-2026 13:53,27-08-2026 13:48,19-08-2026 15:22,13-08-2026 13:58,,,,,,,,5
2285493.0,07-08-2026 14:02,31-07-2026 14:04,24-08-2026 11:45,12-08-2026 14:44,11-08-2026 15:23,,,,,,,,5
2285495.0,12-08-2026 15:30,10-08-2026 15:55,,27-08-2026 11:18,19-08-2026 16:03,,,,,,,,4
2285496.0,04-08-2026 10:59,31-07-2026 13:53,27-08-2026 13:48,19-08-2026 15:22,13-08-2026 13:58,,,,,,,,5
2285497.0,07-08-2026 14:02,31-07-2026 14:04,24-08-2026 11:45,12-08-2026 14:44,11-08-2026 15:23,,,,,,,,5
2285498.0,12-08-2026 15:30,10-08-2026 15:55,,27-08-2026 11:18,19-08-2026 16:03,,,,,,,,4
2285500.0,12-08-2026 15:30,10-08-2026 15:55,,27-08-2026 11:18,19-08-2026 16:03,,,,,,,,4
2285501.0,07-08-2026 14:02,31-07-2026 14:04,,12-08-2026 14:44,11-08-2026 15:23,,,,,,,,4
2285503.0,07-08-2026 14:02,31-07-2026 14:04,24-08-2026 11:45,12-08-2026 14:44,11-08-2026 15:23,,,,,,,,5
2285506.0,,31-07-2026 14:04,,12-08-2026 14:44,11-08-2026 15:23,,,,,,,,3
2285510.0,07-08-2026 14:02,31-07-2026 14:04,24-08-2026 11:45,12-08-2026 14:44,11-08-2026 15:23,,,,,,,,5
2285514.0,07-08-2026 14:02,31-07-2026 14:04,24-08-2026 11:45,12-08-2026 14:44,11-08-2026 15:23,,,,,,,,5
2285520.0,07-08-2026 14:02,31-07-2026 14:04,24-08-2026 11:45,12-08-2026 14:44,11-08-2026 15:23,,,,,,,,5
2285528.0,07-08-2026 14:02,31-07-2026 14:04,24-08-2026 11:45,12-08-2026 14:44,11-08-2026 15:23,,,,,,,,5
2285535.0,07-08-2026 14:02,31-07-2026 14:04,24-08-2026 11:45,,11-08-2026 15:23,,,,,,,,4
2285543.0,07-08-2026 14:02,31-07-2026 14:04,24-08-2026 11:45,12-08-2026 14:44,11-08-2026 15:23,,,,,,,,5
2285557.0,07-08-2026 14:02,31-07-2026 14:04,24-08-2026 11:45,12-08-2026 14:44,11-08-2026 15:23,,,,,,,,5
2285565.0,07-08-2026 14:02,31-07-2026 14:04,24-08-2026 11:45,12-08-2026 14:44,11-08-2026 15:23,,,,,,,,5
2285570.0,07-08-2026 14:02,31-07-2026 14:04,24-08-2026 11:45,12-08-2026 14:44,11-08-2026 15:23,,,,,,,,5
2285575.0,07-08-2026 14:02,31-07-2026 14:04,24-08-2026 11:45,12-08-2026 14:44,11-08-2026 15:23,,,,,,,,5
2285580.0,07-08-2026 14:02,31-07-2026 14:04,24-08-2026 11:45,,11-08-2026 15:23,,,,,,,,4
2285630.0,05-08-2026 12:25,31-07-2026 15:28,24-08-2026 14:30,17-08-2026 16:08,13-08-2026 16:06,31-08-2026 14:33,,,,,,,6
2285638.0,05-08-2026 12:25,31-07-2026 15:28,24-08-2026 14:30,17-08-2026 16:08,13-08-2026 16:06,31-08-2026 14:33,,,,,,,6
2285642.0,05-08-2026 12:25,31-07-2026 15:28,24-08-2026 14:30,17-08-2026 16:08,17-08-2026 11:53,31-08-2026 14:33,,,,,,,6
2285654.0,05-08-2026 12:25,31-07-2026 15:28,24-08-2026 14:30,20-08-2026 16:53,13-08-2026 16:06,31-08-2026 14:33,,,,,,,6
2285657.0,05-08-2026 12:25,31-07-2026 15:28,24-08-2026 14:30,17-08-2026 16:08,14-08-2026 15:29,31-08-2026 14:33,,,,,,,6
2285659.0,05-08-2026 12:25,31-07-2026 15:28,24-08-2026 14:30,17-08-2026 16:08,13-08-2026 16:06,31-08-2026 14:33,,,,,,,6
2285660.0,05-08-2026 12:25,,,20-08-2026 16:53,,,,,,,,,2
2285662.0,05-08-2026 12:25,31-07-2026 15:28,,17-08-2026 16:08,13-08-2026 16:06,31-08-2026 14:33,,,,,,,5
2285663.0,05-08-2026 12:25,31-07-2026 15:28,24-08-2026 14:30,17-08-2026 16:08,13-08-2026 16:06,31-08-2026 14:33,,,,,,,6
2285665.0,05-08-2026 12:25,31-07-2026 15:28,24-08-2026 14:30,17-08-2026 16:08,13-08-2026 16:06,31-08-2026 14:33,,,,,,,6
2285667.0,17-08-2026 12:28,17-08-2026 15:55,,27-08-2026 14:35,20-08-2026 14:23,,,,,,,,4
2285668.0,17-08-2026 12:28,24-07-2026 12:19,,27-08-2026 14:35,20-08-2026 14:23,,,,,,,,4
2285669.0,28-08-2026 15:36,17-08-2026 15:55,,28-08-2026 15:57,,,,,,,,,3
2285670.0,28-08-2026 15:36,24-07-2026 12:19,,27-08-2026 14:35,,,,,,,,,3
2285671.0,17-08-2026 12:28,17-08-2026 15:55,,27-08-2026 14:35,20-08-2026 14:23,,,,,,,,4
2285672.0,17-08-2026 12:28,24-07-2026 12:19,,27-08-2026 14:35,20-08-2026 14:23,,,,,,,,4
2285673.0,17-08-2026 12:28,24-07-2026 12:19,,27-08-2026 14:35,20-08-2026 14:23,,,,,,,,4
2285674.0,17-08-2026 12:28,24-07-2026 12:19,,27-08-2026 14:35,20-08-2026 14:23,,,,,,,,4
2285675.0,17-08-2026 12:28,17-08-2026 15:55,,27-08-2026 14:35,20-08-2026 14:23,,,,,,,,4
2285676.0,17-08-2026 12:28,24-07-2026 12:19,,27-08-2026 14:35,20-08-2026 14:23,,,,,,,,4
2285677.0,17-08-2026 12:28,24-07-2026 12:19,,27-08-2026 14:35,20-08-2026 14:23,,,,,,,,4
2285678.0,17-08-2026 12:28,24-07-2026 12:19,,27-08-2026 14:35,20-08-2026 14:23,,,,,,,,4
2285679.0,17-08-2026 12:28,24-07-2026 12:19,,27-08-2026 14:35,20-08-2026 14:23,,,,,,,,4
2285680.0,17-08-2026 12:28,24-07-2026 12:19,,27-08-2026 14:35,20-08-2026 14:23,,,,,,,,4
2285681.0,28-08-2026 15:36,17-08-2026 15:55,,28-08-2026 15:57,,,,,,,,,3
2285682.0,17-08-2026 12:28,24-07-2026 12:19,,27-08-2026 14:35,20-08-2026 14:23,,,,,,,,4
2285683.0,17-08-2026 12:28,17-08-2026 15:55,,27-08-2026 14:35,20-08-2026 14:23,,,,,,,,4
2285684.0,17-08-2026 12:28,24-07-2026 12:19,,28-08-2026 15:57,,,,,,,,,3
2285685.0,17-08-2026 12:28,24-07-2026 12:19,,27-08-2026 14:35,20-08-2026 14:23,,,,,,,,4
2285686.0,17-08-2026 12:28,17-08-2026 15:55,,27-08-2026 14:35,,,,,,,,,3
2285687.0,17-08-2026 12:28,24-07-2026 12:19,,27-08-2026 14:35,20-08-2026 14:23,,,,,,,,4
2285688.0,17-08-2026 12:28,24-07-2026 12:19,,27-08-2026 14:35,20-08-2026 14:23,,,,,,,,4
2285689.0,05-08-2026 12:25,31-07-2026 15:28,24-08-2026 14:30,17-08-2026 16:08,13-08-2026 16:06,31-08-2026 14:33,,,,,,,6
2285691.0,05-08-2026 12:25,31-07-2026 15:28,24-08-2026 14:30,17-08-2026 16:08,13-08-2026 16:06,31-08-2026 14:33,,,,,,,6
2285692.0,05-08-2026 12:25,31-07-2026 15:28,24-08-2026 14:30,17-08-2026 16:08,13-08-2026 16:06,31-08-2026 14:33,,,,,,,6
2285693.0,05-08-2026 12:25,,24-08-2026 14:30,20-08-2026 16:53,13-08-2026 16:06,31-08-2026 14:33,,,,,,,5
2285694.0,05-08-2026 12:25,31-07-2026 15:28,24-08-2026 14:30,17-08-2026 16:08,13-08-2026 16:06,31-08-2026 14:33,,,,,,,6
2285695.0,05-08-2026 12:25,31-07-2026 15:28,24-08-2026 14:30,17-08-2026 16:08,13-08-2026 16:06,31-08-2026 14:33,,,,,,,6
2285696.0,05-08-2026 12:25,31-07-2026 15:28,24-08-2026 14:30,17-08-2026 16:08,13-08-2026 16:06,31-08-2026 14:33,,,,,,,6
2285697.0,05-08-2026 12:25,31-07-2026 15:28,24-08-2026 14:30,17-08-2026 16:08,13-08-2026 16:06,31-08-2026 14:33,,,,,,,6
2285702.0,05-08-2026 12:25,31-07-2026 15:28,24-08-2026 14:30,17-08-2026 16:08,13-08-2026 16:06,31-08-2026 14:33,,,,,,,6
2285703.0,05-08-2026 12:25,31-07-2026 15:28,,17-08-2026 16:08,13-08-2026 16:06,31-08-2026 14:33,,,,,,,5
2285704.0,05-08-2026 12:25,31-07-2026 15:28,24-08-2026 14:30,17-08-2026 16:08,13-08-2026 16:06,31-08-2026 14:33,,,,,,,6
2285705.0,05-08-2026 12:25,31-07-2026 15:28,24-08-2026 14:30,17-08-2026 16:08,13-08-2026 16:06,,,,,,,,5
2285706.0,05-08-2026 12:25,31-07-2026 15:28,24-08-2026 14:30,17-08-2026 16:08,13-08-2026 16:06,,,,,,,,5
2285707.0,05-08-2026 12:25,31-07-2026 15:28,24-08-2026 14:30,17-08-2026 16:08,13-08-2026 16:06,31-08-2026 14:33,,,,,,,6
2285708.0,05-08-2026 12:25,31-07-2026 15:28,24-08-2026 14:30,17-08-2026 16:08,13-08-2026 16:06,31-08-2026 14:33,,,,,,,6
2285709.0,05-08-2026 12:25,31-07-2026 15:28,24-08-2026 14:30,17-08-2026 16:08,13-08-2026 16:06,,,,,,,,5
2285711.0,,,24-08-2026 14:30,,13-08-2026 16:06,31-08-2026 14:33,,,,,,,3
2285715.0,04-08-2026 15:28,31-07-2026 13:57,27-08-2026 11:35,18-08-2026 13:53,11-08-2026 15:23,,,,,,,,5
2285716.0,04-08-2026 15:28,31-07-2026 13:57,27-08-2026 11:35,18-08-2026 13:53,11-08-2026 15:23,,,,,,,,5
2285717.0,04-08-2026 15:28,,27-08-2026 11:35,18-08-2026 13:53,11-08-2026 15:23,,,,,,,,4
2285719.0,04-08-2026 15:28,,27-08-2026 11:35,18-08-2026 13:53,11-08-2026 15:23,,,,,,,,4
2285720.0,04-08-2026 15:28,31-07-2026 13:57,27-08-2026 11:35,18-08-2026 13:53,11-08-2026 15:23,,,,,,,,5
2285721.0,04-08-2026 15:28,,27-08-2026 11:35,18-08-2026 13:53,11-08-2026 15:23,,,,,,,,4
2285722.0,04-08-2026 15:28,31-07-2026 13:57,27-08-2026 11:35,20-08-2026 16:53,11-08-2026 15:23,,,,,,,,5
2285723.0,04-08-2026 15:28,31-07-2026 13:57,27-08-2026 11:35,18-08-2026 13:53,11-08-2026 15:23,,,,,,,,5
2285724.0,04-08-2026 15:28,31-07-2026 13:57,,18-08-2026 13:53,17-08-2026 11:53,,,,,,,,4
2285725.0,04-08-2026 15:28,31-07-2026 13:57,,18-08-2026 13:53,11-08-2026 15:23,,,,,,,,4
2285726.0,04-08-2026 15:28,31-07-2026 13:57,,18-08-2026 13:53,11-08-2026 15:23,,,,,,,,4
2285727.0,04-08-2026 15:28,31-07-2026 13:57,,18-08-2026 13:53,11-08-2026 15:23,,,,,,,,4
2285728.0,04-08-2026 15:28,31-07-2026 13:57,27-08-2026 11:35,18-08-2026 13:53,11-08-2026 15:23,,,,,,,,5
2285729.0,04-08-2026 15:28,31-07-2026 13:57,27-08-2026 11:35,18-08-2026 13:53,11-08-2026 15:23,,,,,,,,5
2285731.0,04-08-2026 15:28,31-07-2026 13:57,27-08-2026 11:35,18-08-2026 13:53,11-08-2026 15:23,,,,,,,,5
2285733.0,04-08-2026 15:28,31-07-2026 13:57,27-08-2026 11:35,18-08-2026 13:53,11-08-2026 15:23,,,,,,,,5
2285734.0,04-08-2026 15:28,31-07-2026 13:57,27-08-2026 11:35,18-08-2026 13:53,11-08-2026 15:23,,,,,,,,5
2285735.0,04-08-2026 15:28,31-07-2026 13:57,27-08-2026 11:35,18-08-2026 13:53,11-08-2026 15:23,,,,,,,,5
2285737.0,04-08-2026 15:28,31-07-2026 13:57,,18-08-2026 13:53,11-08-2026 15:23,,,,,,,,4
2285739.0,05-08-2026 13:58,,27-08-2026 11:35,18-08-2026 13:53,11-08-2026 15:23,,,,,,,,4
2285741.0,04-08-2026 15:28,31-07-2026 13:57,27-08-2026 11:35,18-08-2026 13:53,11-08-2026 15:23,,,,,,,,5
2285743.0,04-08-2026 15:28,31-07-2026 13:57,27-08-2026 11:35,18-08-2026 13:53,11-08-2026 15:23,,,,,,,,5
2285744.0,04-08-2026 16:04,27-07-2026 15:26,27-08-2026 14:30,18-08-2026 16:01,14-08-2026 15:29,,,,,,,,5
2285745.0,04-08-2026 15:28,31-07-2026 13:57,27-08-2026 11:35,18-08-2026 13:53,11-08-2026 15:23,,,,,,,,5
2285746.0,,27-07-2026 15:26,27-08-2026 14:30,18-08-2026 16:01,14-08-2026 15:29,,,,,,,,4
2285747.0,04-08-2026 16:04,27-07-2026 15:26,27-08-2026 14:30,18-08-2026 16:01,14-08-2026 15:29,,,,,,,,5
2285748.0,04-08-2026 16:04,27-07-2026 15:26,27-08-2026 14:30,18-08-2026 16:01,14-08-2026 15:29,,,,,,,,5
2285749.0,12-08-2026 15:30,10-08-2026 15:55,,27-08-2026 11:18,19-08-2026 16:03,,,,,,,,4
2285750.0,04-08-2026 15:28,31-07-2026 13:57,27-08-2026 11:35,18-08-2026 13:53,11-08-2026 15:23,,,,,,,,5
2285751.0,04-08-2026 16:04,27-07-2026 15:26,27-08-2026 14:30,18-08-2026 16:01,14-08-2026 15:29,,,,,,,,5
2285752.0,12-08-2026 15:30,10-08-2026 15:55,,27-08-2026 11:18,19-08-2026 16:03,,,,,,,,4
2285753.0,04-08-2026 15:28,31-07-2026 13:57,27-08-2026 11:35,18-08-2026 13:53,11-08-2026 15:23,,,,,,,,5
2285754.0,04-08-2026 16:04,31-07-2026 16:07,27-08-2026 14:30,18-08-2026 16:01,14-08-2026 15:29,,,,,,,,5
2285755.0,12-08-2026 15:30,10-08-2026 15:55,,27-08-2026 11:18,19-08-2026 16:03,,,,,,,,4
2285756.0,04-08-2026 15:28,31-07-2026 13:57,27-08-2026 11:35,18-08-2026 13:53,11-08-2026 15:23,,,,,,,,5
2285757.0,12-08-2026 15:30,10-08-2026 15:55,,27-08-2026 11:18,19-08-2026 16:03,,,,,,,,4
2285758.0,04-08-2026 16:04,27-07-2026 15:26,27-08-2026 14:30,18-08-2026 16:01,14-08-2026 15:29,,,,,,,,5
2285759.0,04-08-2026 15:28,31-07-2026 13:57,27-08-2026 11:35,18-08-2026 13:53,11-08-2026 15:23,,,,,,,,5
2285760.0,04-08-2026 16:04,27-07-2026 15:26,27-08-2026 14:30,18-08-2026 16:01,14-08-2026 15:29,,,,,,,,5
2285761.0,12-08-2026 15:30,10-08-2026 15:55,,27-08-2026 11:18,19-08-2026 16:03,,,,,,,,4
2285762.0,04-08-2026 15:28,31-07-2026 13:57,27-08-2026 11:35,18-08-2026 13:53,11-08-2026 15:23,,,,,,,,5
2285763.0,04-08-2026 16:04,27-07-2026 15:26,27-08-2026 14:30,18-08-2026 16:01,14-08-2026 15:29,,,,,,,,5
2285765.0,12-08-2026 15:30,10-08-2026 15:55,,27-08-2026 11:18,19-08-2026 16:03,,,,,,,,4
2285766.0,04-08-2026 16:04,27-07-2026 15:26,27-08-2026 14:30,18-08-2026 16:01,14-08-2026 15:29,,,,,,,,5
2285768.0,04-08-2026 15:28,,27-08-2026 11:35,20-08-2026 16:53,11-08-2026 15:23,,,,,,,,4
2285769.0,12-08-2026 15:30,10-08-2026 15:55,,27-08-2026 11:18,19-08-2026 16:03,,,,,,,,4
2285770.0,04-08-2026 16:04,27-07-2026 15:26,27-08-2026 14:30,18-08-2026 16:01,14-08-2026 15:29,,,,,,,,5
2285771.0,12-08-2026 15:30,10-08-2026 15:55,,27-08-2026 11:18,19-08-2026 16:03,,,,,,,,4
2285772.0,04-08-2026 15:28,,27-08-2026 11:35,18-08-2026 13:53,11-08-2026 15:23,,,,,,,,4
2285774.0,04-08-2026 16:04,27-07-2026 15:26,27-08-2026 14:30,18-08-2026 16:01,14-08-2026 15:29,,,,,,,,5
2285775.0,12-08-2026 15:30,10-08-2026 15:55,,27-08-2026 11:18,19-08-2026 16:03,,,,,,,,4
2285777.0,04-08-2026 16:04,27-07-2026 15:26,27-08-2026 14:30,18-08-2026 16:01,14-08-2026 15:29,,,,,,,,5
2285778.0,12-08-2026 15:30,,,27-08-2026 11:18,19-08-2026 16:03,,,,,,,,3
2285781.0,12-08-2026 15:30,,,27-08-2026 11:18,19-08-2026 16:03,,,,,,,,3
2285783.0,04-08-2026 16:04,27-07-2026 15:26,27-08-2026 14:30,18-08-2026 16:01,14-08-2026 15:29,,,,,,,,5
2285784.0,04-08-2026 16:04,27-07-2026 15:26,27-08-2026 14:30,18-08-2026 16:01,14-08-2026 15:29,,,,,,,,5
2285785.0,12-08-2026 15:30,,,27-08-2026 11:18,19-08-2026 16:03,,,,,,,,3
2285786.0,04-08-2026 16:04,27-07-2026 15:26,27-08-2026 14:30,18-08-2026 16:01,14-08-2026 15:29,,,,,,,,5
2285787.0,17-08-2026 11:51,10-08-2026 15:55,,27-08-2026 11:18,19-08-2026 16:03,,,,,,,,4
2285788.0,04-08-2026 16:04,27-07-2026 15:26,27-08-2026 14:30,18-08-2026 16:01,14-08-2026 15:29,,,,,,,,5
2285789.0,04-08-2026 16:04,27-07-2026 15:26,27-08-2026 14:30,18-08-2026 16:01,14-08-2026 15:29,,,,,,,,5
2285790.0,04-08-2026 16:04,27-07-2026 15:26,27-08-2026 14:30,20-08-2026 16:53,14-08-2026 15:29,,,,,,,,5
2285791.0,05-08-2026 13:58,27-07-2026 15:26,27-08-2026 14:30,20-08-2026 16:53,14-08-2026 15:29,,,,,,,,5
2285792.0,12-08-2026 15:30,10-08-2026 15:55,,27-08-2026 11:18,,,,,,,,,3
2285793.0,04-08-2026 16:04,27-07-2026 15:26,27-08-2026 14:30,18-08-2026 16:01,14-08-2026 15:29,,,,,,,,5
2285794.0,05-08-2026 13:58,27-07-2026 15:26,27-08-2026 14:30,18-08-2026 16:01,14-08-2026 15:29,,,,,,,,5
2285795.0,12-08-2026 15:30,10-08-2026 15:55,,27-08-2026 11:18,19-08-2026 16:03,,,,,,,,4
2285796.0,04-08-2026 16:04,27-07-2026 15:26,27-08-2026 14:30,18-08-2026 16:01,14-08-2026 15:29,,,,,,,,5
2285797.0,05-08-2026 13:58,27-07-2026 15:26,27-08-2026 14:30,18-08-2026 16:01,14-08-2026 15:29,,,,,,,,5
2285798.0,12-08-2026 15:30,10-08-2026 15:55,,27-08-2026 11:18,19-08-2026 16:03,,,,,,,,4
2285799.0,04-08-2026 16:04,27-07-2026 15:26,27-08-2026 14:30,20-08-2026 16:53,20-08-2026 15:22,,,,,,,,5
2285800.0,04-08-2026 16:04,27-07-2026 15:26,27-08-2026 14:30,18-08-2026 16:01,14-08-2026 15:29,,,,,,,,5
2285801.0,12-08-2026 15:30,10-08-2026 15:55,,27-08-2026 11:18,,,,,,,,,3
2285802.0,04-08-2026 16:04,27-07-2026 15:26,27-08-2026 14:30,18-08-2026 16:01,20-08-2026 15:22,,,,,,,,5
2285803.0,04-08-2026 16:04,27-07-2026 15:26,27-08-2026 14:30,18-08-2026 16:01,14-08-2026 15:29,,,,,,,,5
2285806.0,12-08-2026 15:30,10-08-2026 15:55,,27-08-2026 11:18,19-08-2026 16:03,,,,,,,,4
2285807.0,04-08-2026 16:04,27-07-2026 15:26,27-08-2026 14:30,18-08-2026 16:01,14-08-2026 15:29,,,,,,,,5
2285808.0,17-08-2026 11:51,10-08-2026 15:55,,27-08-2026 11:18,19-08-2026 16:03,,,,,,,,4
2285809.0,12-08-2026 15:30,10-08-2026 15:55,,27-08-2026 11:18,19-08-2026 16:03,,,,,,,,4
2285810.0,12-08-2026 15:30,10-08-2026 15:55,,27-08-2026 11:18,19-08-2026 16:03,,,,,,,,4
2285811.0,12-08-2026 15:30,10-08-2026 15:55,,27-08-2026 11:18,19-08-2026 16:03,,,,,,,,4
2285812.0,12-08-2026 15:30,10-08-2026 15:55,,27-08-2026 11:18,19-08-2026 16:03,,,,,,,,4
2285822.0,13-08-2026 13:56,23-07-2026 13:46,27-08-2026 14:04,,19-08-2026 14:51,,,,,,,,4
2285824.0,13-08-2026 13:56,23-07-2026 13:46,27-08-2026 14:04,20-08-2026 13:57,19-08-2026 14:51,,,,,,,,5
2285826.0,13-08-2026 13:56,23-07-2026 13:46,27-08-2026 14:04,20-08-2026 13:57,19-08-2026 14:51,,,,,,,,5
2285827.0,13-08-2026 13:56,23-07-2026 13:46,,20-08-2026 13:57,,,,,,,,,3
2285828.0,13-08-2026 13:56,23-07-2026 13:46,27-08-2026 14:04,20-08-2026 13:57,19-08-2026 14:51,,,,,,,,5
2285829.0,04-08-2026 10:59,31-07-2026 13:53,27-08-2026 13:48,19-08-2026 15:22,13-08-2026 13:58,,,,,,,,5
2285831.0,13-08-2026 13:56,23-07-2026 13:46,27-08-2026 14:04,20-08-2026 13:57,19-08-2026 14:51,,,,,,,,5
2285832.0,04-08-2026 10:59,31-07-2026 13:53,27-08-2026 13:48,19-08-2026 15:22,13-08-2026 13:58,,,,,,,,5
2285833.0,04-08-2026 10:59,31-07-2026 13:53,,19-08-2026 15:22,13-08-2026 13:58,,,,,,,,4
2285835.0,13-08-2026 13:56,23-07-2026 13:46,27-08-2026 14:04,,19-08-2026 14:51,,,,,,,,4
2285836.0,04-08-2026 10:59,31-07-2026 13:53,27-08-2026 13:48,19-08-2026 15:22,13-08-2026 13:58,,,,,,,,5
2285837.0,13-08-2026 13:56,23-07-2026 13:46,27-08-2026 14:04,20-08-2026 13:57,19-08-2026 14:51,,,,,,,,5
2285838.0,04-08-2026 10:59,31-07-2026 13:53,27-08-2026 13:48,19-08-2026 15:22,13-08-2026 13:58,,,,,,,,5
2285840.0,13-08-2026 13:56,23-07-2026 13:46,27-08-2026 14:04,20-08-2026 13:57,19-08-2026 14:51,,,,,,,,5
2285841.0,04-08-2026 10:59,,27-08-2026 13:48,19-08-2026 15:22,13-08-2026 13:58,,,,,,,,4
2285842.0,13-08-2026 13:56,23-07-2026 13:46,27-08-2026 14:04,,,,,,,,,,3
2285843.0,04-08-2026 10:59,,27-08-2026 13:48,19-08-2026 15:22,13-08-2026 13:58,,,,,,,,4
2285845.0,13-08-2026 13:56,23-07-2026 13:46,27-08-2026 14:04,20-08-2026 13:57,19-08-2026 14:51,,,,,,,,5
2285846.0,04-08-2026 10:59,31-07-2026 13:53,27-08-2026 13:48,19-08-2026 15:22,13-08-2026 13:58,,,,,,,,5
2285848.0,04-08-2026 10:59,31-07-2026 13:53,27-08-2026 13:48,19-08-2026 15:22,13-08-2026 13:58,,,,,,,,5
2285850.0,04-08-2026 10:59,31-07-2026 13:53,27-08-2026 13:48,19-08-2026 15:22,13-08-2026 13:58,,,,,,,,5
2285851.0,04-08-2026 10:59,,27-08-2026 13:48,19-08-2026 15:22,13-08-2026 13:58,,,,,,,,4
2285853.0,04-08-2026 10:59,31-07-2026 13:53,27-08-2026 13:48,19-08-2026 15:22,13-08-2026 13:58,,,,,,,,5
2285856.0,05-08-2026 13:52,31-07-2026 14:34,27-08-2026 15:28,10-08-2026 14:32,10-08-2026 13:52,,,,,,,,5
2285857.0,05-08-2026 13:52,,27-08-2026 15:28,10-08-2026 14:32,10-08-2026 13:52,,,,,,,,4
2285859.0,05-08-2026 11:41,31-07-2026 13:53,27-08-2026 13:48,19-08-2026 15:22,13-08-2026 13:58,,,,,,,,5
2285861.0,07-08-2026 14:02,31-07-2026 14:04,24-08-2026 11:45,12-08-2026 14:44,11-08-2026 15:23,,,,,,,,5
2285862.0,04-08-2026 10:59,31-07-2026 13:53,27-08-2026 13:48,19-08-2026 15:22,13-08-2026 13:58,,,,,,,,5
2285864.0,07-08-2026 14:02,31-07-2026 14:04,24-08-2026 11:45,12-08-2026 14:44,11-08-2026 15:23,,,,,,,,5
2285866.0,07-08-2026 14:02,31-07-2026 14:04,24-08-2026 11:45,12-08-2026 14:44,11-08-2026 15:23,,,,,,,,5
2285867.0,04-08-2026 10:59,31-07-2026 13:53,,19-08-2026 15:22,13-08-2026 13:58,,,,,,,,4
2285869.0,07-08-2026 14:02,31-07-2026 14:04,24-08-2026 11:45,12-08-2026 14:44,11-08-2026 15:23,,,,,,,,5
2285870.0,04-08-2026 10:59,31-07-2026 13:53,27-08-2026 13:48,19-08-2026 15:22,13-08-2026 13:58,,,,,,,,5
2285871.0,07-08-2026 14:02,31-07-2026 14:04,24-08-2026 11:45,12-08-2026 14:44,11-08-2026 15:23,,,,,,,,5
2285872.0,05-08-2026 13:52,31-07-2026 14:34,27-08-2026 15:28,10-08-2026 14:32,10-08-2026 13:52,,,,,,,,5
2285873.0,04-08-2026 10:59,31-07-2026 13:53,27-08-2026 13:48,19-08-2026 15:22,13-08-2026 13:58,,,,,,,,5
2285875.0,,31-07-2026 14:04,24-08-2026 11:45,,,,,,,,,,2
2285876.0,05-08-2026 13:52,31-07-2026 14:34,27-08-2026 15:28,10-08-2026 14:32,10-08-2026 13:52,,,,,,,,5
2285877.0,04-08-2026 10:59,31-07-2026 13:53,27-08-2026 13:48,19-08-2026 15:22,20-08-2026 15:25,,,,,,,,5
2285878.0,07-08-2026 14:02,31-07-2026 14:04,24-08-2026 11:45,12-08-2026 14:44,11-08-2026 15:23,,,,,,,,5
2285880.0,04-08-2026 10:59,31-07-2026 13:53,27-08-2026 13:48,19-08-2026 15:22,13-08-2026 13:58,,,,,,,,5
2285882.0,05-08-2026 13:52,31-07-2026 14:34,27-08-2026 15:28,,,,,,,,,,3
2285884.0,04-08-2026 10:59,31-07-2026 13:53,27-08-2026 13:48,19-08-2026 15:22,13-08-2026 13:58,,,,,,,,5
2285886.0,05-08-2026 15:44,31-07-2026 12:27,24-08-2026 12:27,14-08-2026 14:42,11-08-2026 15:23,,,,,,,,5
2285887.0,05-08-2026 13:52,31-07-2026 14:34,27-08-2026 15:28,10-08-2026 14:32,10-08-2026 13:52,,,,,,,,5
2285888.0,04-08-2026 10:59,31-07-2026 13:53,27-08-2026 13:48,19-08-2026 15:22,13-08-2026 13:58,,,,,,,,5
2285889.0,05-08-2026 15:44,31-07-2026 12:27,24-08-2026 12:27,14-08-2026 14:42,11-08-2026 15:23,,,,,,,,5
2285890.0,04-08-2026 10:59,31-07-2026 13:53,27-08-2026 13:48,19-08-2026 15:22,20-08-2026 15:25,,,,,,,,5
2285891.0,05-08-2026 13:52,31-07-2026 14:34,27-08-2026 15:28,10-08-2026 14:32,10-08-2026 13:52,,,,,,,,5
2285893.0,04-08-2026 10:59,31-07-2026 13:53,27-08-2026 13:48,19-08-2026 15:22,13-08-2026 13:58,,,,,,,,5
2285894.0,05-08-2026 13:52,,27-08-2026 15:28,10-08-2026 14:32,10-08-2026 13:52,,,,,,,,4
2285895.0,04-08-2026 10:59,31-07-2026 13:53,27-08-2026 13:48,19-08-2026 15:22,13-08-2026 13:58,,,,,,,,5
2285897.0,05-08-2026 13:52,31-07-2026 14:34,27-08-2026 15:28,,,,,,,,,,3
2285898.0,04-08-2026 10:59,31-07-2026 13:53,27-08-2026 13:48,20-08-2026 17:05,13-08-2026 13:58,,,,,,,,5
2285899.0,05-08-2026 13:52,31-07-2026 14:34,27-08-2026 15:28,10-08-2026 14:32,10-08-2026 13:52,,,,,,,,5
2285900.0,04-08-2026 10:59,31-07-2026 13:53,27-08-2026 13:48,19-08-2026 15:22,20-08-2026 15:25,,,,,,,,5
2285901.0,05-08-2026 15:44,31-07-2026 12:27,24-08-2026 12:27,14-08-2026 14:42,11-08-2026 15:23,,,,,,,,5
2285902.0,04-08-2026 10:59,31-07-2026 13:53,27-08-2026 13:48,19-08-2026 15:22,13-08-2026 13:58,,,,,,,,5
2285903.0,05-08-2026 15:44,31-07-2026 12:27,24-08-2026 12:27,14-08-2026 14:42,11-08-2026 15:23,,,,,,,,5
2285904.0,04-08-2026 10:59,31-07-2026 13:53,27-08-2026 13:48,19-08-2026 15:22,13-08-2026 13:58,,,,,,,,5
2285905.0,05-08-2026 15:44,31-07-2026 12:27,24-08-2026 12:27,14-08-2026 14:42,11-08-2026 15:23,,,,,,,,5
2285906.0,05-08-2026 15:44,31-07-2026 12:27,24-08-2026 12:27,,11-08-2026 15:23,,,,,,,,4
2285907.0,05-08-2026 15:44,31-07-2026 12:27,24-08-2026 12:27,14-08-2026 14:42,11-08-2026 15:23,,,,,,,,5
2285909.0,05-08-2026 15:44,31-07-2026 12:27,24-08-2026 12:27,14-08-2026 14:42,11-08-2026 15:23,,,,,,,,5
2285910.0,05-08-2026 15:44,31-07-2026 12:27,24-08-2026 12:27,14-08-2026 14:42,11-08-2026 15:23,,,,,,,,5
2285912.0,05-08-2026 15:44,31-07-2026 12:27,24-08-2026 12:27,14-08-2026 14:42,11-08-2026 15:23,,,,,,,,5
2285914.0,05-08-2026 15:44,31-07-2026 12:27,,14-08-2026 14:42,11-08-2026 15:23,,,,,,,,4
2285915.0,05-08-2026 15:44,,,14-08-2026 14:42,11-08-2026 15:23,,,,,,,,3
2285916.0,05-08-2026 15:44,31-07-2026 12:27,24-08-2026 12:27,14-08-2026 14:42,11-08-2026 15:23,,,,,,,,5
2285917.0,04-08-2026 15:30,30-07-2026 14:33,28-08-2026 12:21,17-08-2026 11:49,12-08-2026 12:25,,,,,,,,5
2285919.0,05-08-2026 15:44,24-08-2026 15:55,24-08-2026 12:27,14-08-2026 14:42,11-08-2026 15:23,,,,,,,,5
2285920.0,04-08-2026 12:30,31-07-2026 11:48,25-08-2026 12:20,18-08-2026 13:54,14-08-2026 11:42,,,,,,,,5
2285921.0,04-08-2026 15:30,30-07-2026 14:33,28-08-2026 12:21,17-08-2026 11:49,12-08-2026 12:25,,,,,,,,5
2285922.0,05-08-2026 15:44,31-07-2026 12:27,24-08-2026 12:27,14-08-2026 14:42,11-08-2026 15:23,,,,,,,,5
2285923.0,04-08-2026 12:30,31-07-2026 11:48,25-08-2026 12:20,18-08-2026 13:54,14-08-2026 11:42,,,,,,,,5
2285925.0,04-08-2026 15:30,30-07-2026 14:33,,17-08-2026 11:49,12-08-2026 12:25,,,,,,,,4
2285926.0,05-08-2026 15:44,31-07-2026 12:27,24-08-2026 12:27,14-08-2026 14:42,11-08-2026 15:23,,,,,,,,5
2285927.0,04-08-2026 15:30,30-07-2026 14:33,28-08-2026 12:21,20-08-2026 16:53,12-08-2026 12:25,,,,,,,,5
2285928.0,05-08-2026 15:44,24-08-2026 15:55,24-08-2026 12:27,14-08-2026 14:42,11-08-2026 15:23,,,,,,,,5
2285930.0,05-08-2026 15:44,31-07-2026 12:27,24-08-2026 12:27,14-08-2026 14:42,11-08-2026 15:23,,,,,,,,5
2285931.0,04-08-2026 12:30,,25-08-2026 12:20,20-08-2026 17:05,14-08-2026 11:42,,,,,,,,4
2285932.0,07-08-2026 14:02,31-07-2026 12:27,,14-08-2026 14:42,11-08-2026 15:23,,,,,,,,4
2285933.0,04-08-2026 15:30,30-07-2026 14:33,28-08-2026 12:21,17-08-2026 11:49,12-08-2026 12:25,,,,,,,,5
2285934.0,04-08-2026 12:30,31-07-2026 11:48,25-08-2026 12:20,18-08-2026 13:54,14-08-2026 11:42,,,,,,,,5
2285935.0,05-08-2026 15:44,24-08-2026 15:55,24-08-2026 12:27,,11-08-2026 15:23,,,,,,,,4
2285936.0,04-08-2026 15:30,30-07-2026 14:33,28-08-2026 12:21,17-08-2026 11:49,,,,,,,,,4
2285937.0,04-08-2026 12:30,31-07-2026 11:48,25-08-2026 12:20,18-08-2026 13:54,14-08-2026 11:42,,,,,,,,5
2285938.0,04-08-2026 15:30,30-07-2026 14:33,28-08-2026 12:21,20-08-2026 16:53,12-08-2026 12:25,,,,,,,,5
2285939.0,04-08-2026 12:30,31-07-2026 11:48,25-08-2026 12:20,18-08-2026 13:54,20-08-2026 15:25,,,,,,,,5
2285940.0,,30-07-2026 14:33,28-08-2026 12:21,17-08-2026 11:49,12-08-2026 12:25,,,,,,,,4
2285941.0,05-08-2026 11:41,,25-08-2026 12:20,18-08-2026 13:54,20-08-2026 15:25,,,,,,,,4
2285942.0,04-08-2026 15:30,30-07-2026 14:33,,,12-08-2026 12:25,,,,,,,,3
2285943.0,05-08-2026 15:44,31-07-2026 12:27,24-08-2026 12:27,14-08-2026 14:42,11-08-2026 15:23,,,,,,,,5
2285944.0,04-08-2026 12:30,31-07-2026 11:48,25-08-2026 12:20,18-08-2026 13:54,14-08-2026 11:42,,,,,,,,5
2285945.0,04-08-2026 15:30,30-07-2026 14:33,,17-08-2026 11:49,12-08-2026 12:25,,,,,,,,4
2285946.0,04-08-2026 12:30,31-07-2026 11:48,25-08-2026 12:20,18-08-2026 13:54,20-08-2026 15:25,,,,,,,,5
2285947.0,04-08-2026 15:30,30-07-2026 14:33,28-08-2026 12:21,,12-08-2026 12:25,,,,,,,,4
2285948.0,05-08-2026 15:44,31-07-2026 12:27,24-08-2026 12:27,14-08-2026 14:42,11-08-2026 15:23,,,,,,,,5
2285950.0,07-08-2026 14:02,24-08-2026 15:55,24-08-2026 12:27,14-08-2026 14:42,11-08-2026 15:23,,,,,,,,5
2285951.0,04-08-2026 15:30,30-07-2026 14:33,28-08-2026 12:21,17-08-2026 11:49,12-08-2026 12:25,,,,,,,,5
2285952.0,05-08-2026 15:44,31-07-2026 12:27,24-08-2026 12:27,14-08-2026 14:42,11-08-2026 15:23,,,,,,,,5
2285953.0,04-08-2026 15:30,30-07-2026 14:33,28-08-2026 12:21,17-08-2026 11:49,12-08-2026 12:25,,,,,,,,5
2285955.0,05-08-2026 15:44,31-07-2026 12:27,24-08-2026 12:27,,11-08-2026 15:23,,,,,,,,4
2285956.0,05-08-2026 15:44,31-07-2026 12:27,24-08-2026 12:27,14-08-2026 14:42,11-08-2026 15:23,,,,,,,,5
2285957.0,05-08-2026 15:44,24-08-2026 15:55,24-08-2026 12:27,14-08-2026 14:42,11-08-2026 15:23,,,,,,,,5
2285959.0,05-08-2026 15:44,31-07-2026 12:27,24-08-2026 12:27,14-08-2026 14:42,11-08-2026 15:23,,,,,,,,5
2285961.0,04-08-2026 15:30,30-07-2026 14:33,28-08-2026 12:21,17-08-2026 11:49,12-08-2026 12:25,,,,,,,,5
2285963.0,04-08-2026 12:30,31-07-2026 11:48,25-08-2026 12:20,18-08-2026 13:54,14-08-2026 11:42,,,,,,,,5
2285968.0,04-08-2026 12:30,31-07-2026 11:48,25-08-2026 12:20,18-08-2026 13:54,14-08-2026 11:42,,,,,,,,5
2285969.0,07-08-2026 14:02,31-07-2026 12:27,24-08-2026 12:27,14-08-2026 14:42,11-08-2026 15:23,,,,,,,,5
2285970.0,04-08-2026 12:30,31-07-2026 11:48,25-08-2026 12:20,18-08-2026 13:54,14-08-2026 11:42,,,,,,,,5
2285971.0,,31-07-2026 15:28,24-08-2026 14:30,20-08-2026 16:53,13-08-2026 16:06,,,,,,,,4
2285972.0,05-08-2026 15:44,24-08-2026 15:55,24-08-2026 12:27,,11-08-2026 15:23,,,,,,,,4
2285973.0,04-08-2026 12:30,31-07-2026 11:48,25-08-2026 12:20,18-08-2026 13:54,14-08-2026 11:42,,,,,,,,5
2285974.0,05-08-2026 12:25,31-07-2026 15:28,,17-08-2026 16:08,13-08-2026 16:06,31-08-2026 14:33,,,,,,,5
2285975.0,04-08-2026 12:30,31-07-2026 11:48,25-08-2026 12:20,18-08-2026 13:54,14-08-2026 11:42,,,,,,,,5
2285976.0,04-08-2026 12:30,31-07-2026 11:48,25-08-2026 12:20,18-08-2026 13:54,14-08-2026 11:42,,,,,,,,5
2285977.0,05-08-2026 12:25,31-07-2026 15:28,24-08-2026 14:30,17-08-2026 16:08,13-08-2026 16:06,31-08-2026 14:33,,,,,,,6
2285978.0,05-08-2026 15:44,31-07-2026 12:27,24-08-2026 12:27,14-08-2026 14:42,11-08-2026 15:23,,,,,,,,5
2285979.0,04-08-2026 12:30,31-07-2026 11:48,25-08-2026 12:20,18-08-2026 13:54,14-08-2026 11:42,,,,,,,,5
2285980.0,05-08-2026 12:25,31-07-2026 15:28,,20-08-2026 16:53,13-08-2026 16:06,31-08-2026 14:33,,,,,,,5
2285981.0,05-08-2026 15:44,31-07-2026 12:27,24-08-2026 12:27,,11-08-2026 15:23,,,,,,,,4
2285982.0,04-08-2026 12:30,31-07-2026 11:48,25-08-2026 12:20,18-08-2026 13:54,14-08-2026 11:42,,,,,,,,5
2285984.0,04-08-2026 12:30,31-07-2026 11:48,25-08-2026 12:20,18-08-2026 13:54,20-08-2026 15:25,,,,,,,,5
2285985.0,05-08-2026 15:44,31-07-2026 12:27,,,11-08-2026 15:23,,,,,,,,3
2285986.0,04-08-2026 12:30,,25-08-2026 12:20,18-08-2026 13:54,14-08-2026 11:42,,,,,,,,4
2285987.0,05-08-2026 15:44,24-08-2026 15:55,24-08-2026 12:27,14-08-2026 14:42,11-08-2026 15:23,,,,,,,,5
2286000.0,04-08-2026 12:30,31-07-2026 11:48,25-08-2026 12:20,18-08-2026 13:54,14-08-2026 11:42,,,,,,,,5
2286001.0,04-08-2026 12:30,31-07-2026 11:48,25-08-2026 12:20,18-08-2026 13:54,14-08-2026 11:42,,,,,,,,5
2286002.0,04-08-2026 12:30,31-07-2026 11:48,25-08-2026 12:20,18-08-2026 13:54,14-08-2026 11:42,,,,,,,,5
2286003.0,04-08-2026 12:30,31-07-2026 11:48,25-08-2026 12:20,18-08-2026 13:54,14-08-2026 11:42,,,,,,,,5
2286005.0,04-08-2026 12:30,31-07-2026 11:48,25-08-2026 12:20,18-08-2026 13:54,14-08-2026 11:42,,,,,,,,5
2286007.0,04-08-2026 12:30,31-07-2026 11:48,25-08-2026 12:20,18-08-2026 13:54,14-08-2026 11:42,,,,,,,,5
2286008.0,04-08-2026 12:30,31-07-2026 11:48,25-08-2026 12:20,18-08-2026 13:54,14-08-2026 11:42,,,,,,,,5
2286009.0,04-08-2026 12:30,31-07-2026 11:48,,18-08-2026 13:54,20-08-2026 15:25,,,,,,,,4
2286010.0,04-08-2026 12:30,31-07-2026 11:48,25-08-2026 12:20,18-08-2026 13:54,14-08-2026 11:42,,,,,,,,5
2286011.0,05-08-2026 11:41,31-07-2026 11:48,25-08-2026 12:20,18-08-2026 13:54,14-08-2026 11:42,,,,,,,,5
2286016.0,04-08-2026 16:08,31-07-2026 14:39,27-08-2026 12:21,14-08-2026 11:02,11-08-2026 15:57,,,,,,,,5
2286017.0,05-08-2026 15:29,27-07-2026 15:21,27-08-2026 16:01,,,,,,,,,,3
2286018.0,05-08-2026 15:29,27-07-2026 15:21,27-08-2026 16:01,18-08-2026 16:06,13-08-2026 15:23,,,,,,,,5
2286020.0,04-08-2026 16:08,31-07-2026 14:39,27-08-2026 12:21,14-08-2026 11:02,11-08-2026 15:57,,,,,,,,5
2286021.0,05-08-2026 15:29,27-07-2026 15:21,27-08-2026 16:01,18-08-2026 16:06,13-08-2026 15:23,,,,,,,,5
2286023.0,05-08-2026 15:29,27-07-2026 15:21,27-08-2026 16:01,18-08-2026 16:06,13-08-2026 15:23,,,,,,,,5
2286025.0,04-08-2026 16:08,31-07-2026 14:39,27-08-2026 12:21,18-08-2026 16:01,11-08-2026 15:57,,,,,,,,5
2286027.0,04-08-2026 16:08,,27-08-2026 12:21,14-08-2026 11:02,11-08-2026 15:57,,,,,,,,4
2286028.0,05-08-2026 15:29,27-07-2026 15:21,27-08-2026 16:01,20-08-2026 17:05,13-08-2026 15:23,,,,,,,,5
2286029.0,04-08-2026 16:08,31-07-2026 14:39,27-08-2026 12:21,14-08-2026 11:02,11-08-2026 15:57,,,,,,,,5
2286030.0,05-08-2026 15:29,27-07-2026 15:21,27-08-2026 16:01,18-08-2026 16:06,20-08-2026 15:25,,,,,,,,5
2286031.0,04-08-2026 16:08,31-07-2026 14:39,27-08-2026 12:21,14-08-2026 11:02,11-08-2026 15:57,,,,,,,,5
2286032.0,05-08-2026 15:29,27-07-2026 15:21,27-08-2026 16:01,18-08-2026 16:06,13-08-2026 15:23,,,,,,,,5
2286034.0,04-08-2026 16:08,31-07-2026 14:39,27-08-2026 12:21,18-08-2026 16:01,11-08-2026 15:57,,,,,,,,5
2286035.0,04-08-2026 16:08,,27-08-2026 12:21,18-08-2026 16:01,11-08-2026 15:57,,,,,,,,4
2286036.0,,27-07-2026 15:21,27-08-2026 16:01,18-08-2026 16:06,13-08-2026 15:23,,,,,,,,4
2286038.0,04-08-2026 16:08,31-07-2026 14:39,27-08-2026 12:21,14-08-2026 11:02,11-08-2026 15:57,,,,,,,,5
2286039.0,05-08-2026 15:29,27-07-2026 15:21,27-08-2026 16:01,18-08-2026 16:06,13-08-2026 15:23,,,,,,,,5
2286040.0,04-08-2026 16:08,31-07-2026 14:39,27-08-2026 12:21,18-08-2026 16:01,11-08-2026 15:57,,,,,,,,5
2286042.0,05-08-2026 15:29,27-07-2026 15:21,27-08-2026 16:01,18-08-2026 16:06,13-08-2026 15:23,,,,,,,,5
2286043.0,04-08-2026 16:08,31-07-2026 14:39,27-08-2026 12:21,14-08-2026 11:02,11-08-2026 15:57,,,,,,,,5
2286044.0,05-08-2026 15:29,27-07-2026 15:21,27-08-2026 16:01,18-08-2026 16:06,13-08-2026 15:23,,,,,,,,5
2286045.0,04-08-2026 16:08,31-07-2026 14:39,27-08-2026 12:21,14-08-2026 11:02,11-08-2026 15:57,,,,,,,,5
2286046.0,05-08-2026 15:29,27-07-2026 15:21,27-08-2026 16:01,18-08-2026 16:06,13-08-2026 15:23,,,,,,,,5
2286047.0,05-08-2026 15:29,27-07-2026 15:21,27-08-2026 16:01,18-08-2026 16:06,13-08-2026 15:23,,,,,,,,5
2286048.0,04-08-2026 16:08,31-07-2026 14:39,27-08-2026 12:21,18-08-2026 16:01,11-08-2026 15:57,,,,,,,,5
2286050.0,04-08-2026 16:08,31-07-2026 14:39,,14-08-2026 11:02,11-08-2026 15:57,,,,,,,,4
2286051.0,05-08-2026 15:29,27-07-2026 15:21,27-08-2026 16:01,18-08-2026 16:06,13-08-2026 15:23,,,,,,,,5
2286052.0,05-08-2026 15:29,27-07-2026 15:21,27-08-2026 16:01,18-08-2026 16:06,13-08-2026 15:23,,,,,,,,5
2286053.0,04-08-2026 16:08,31-07-2026 14:39,,14-08-2026 11:02,11-08-2026 15:57,,,,,,,,4
2286055.0,05-08-2026 15:29,27-07-2026 15:21,27-08-2026 16:01,18-08-2026 16:06,13-08-2026 15:23,,,,,,,,5
2286056.0,04-08-2026 16:08,31-07-2026 14:39,,14-08-2026 11:02,11-08-2026 15:57,,,,,,,,4
2286057.0,05-08-2026 15:29,27-07-2026 15:21,27-08-2026 16:01,18-08-2026 16:06,13-08-2026 15:23,,,,,,,,5
2286058.0,04-08-2026 16:08,,27-08-2026 12:21,18-08-2026 16:01,11-08-2026 15:57,,,,,,,,4
2286060.0,,27-07-2026 15:21,27-08-2026 16:01,18-08-2026 16:06,13-08-2026 15:23,,,,,,,,4
2286062.0,04-08-2026 16:08,31-07-2026 14:39,27-08-2026 12:21,14-08-2026 11:02,11-08-2026 15:57,,,,,,,,5
2286064.0,05-08-2026 15:29,27-07-2026 15:21,27-08-2026 16:01,20-08-2026 17:05,13-08-2026 15:23,,,,,,,,5
2286068.0,05-08-2026 15:29,27-07-2026 15:21,27-08-2026 16:01,18-08-2026 16:06,13-08-2026 15:23,,,,,,,,5
2286070.0,05-08-2026 15:29,27-07-2026 15:21,27-08-2026 16:01,18-08-2026 16:06,13-08-2026 15:23,,,,,,,,5
2286072.0,04-08-2026 16:08,31-07-2026 14:39,27-08-2026 12:21,14-08-2026 11:02,11-08-2026 15:57,,,,,,,,5
2286073.0,05-08-2026 15:29,27-07-2026 15:21,27-08-2026 16:01,18-08-2026 16:06,13-08-2026 15:23,,,,,,,,5
2286077.0,05-08-2026 15:29,27-07-2026 15:21,27-08-2026 16:01,18-08-2026 16:06,13-08-2026 15:23,,,,,,,,5
2286080.0,05-08-2026 15:29,27-07-2026 15:21,27-08-2026 16:01,18-08-2026 16:06,13-08-2026 15:23,,,,,,,,5
2286082.0,04-08-2026 16:08,31-07-2026 14:39,27-08-2026 12:21,14-08-2026 11:02,11-08-2026 15:57,,,,,,,,5
2286083.0,05-08-2026 15:29,27-07-2026 15:21,27-08-2026 16:01,18-08-2026 16:06,13-08-2026 15:23,,,,,,,,5
2286084.0,05-08-2026 15:29,,27-08-2026 16:01,18-08-2026 16:06,20-08-2026 15:25,,,,,,,,4
2286085.0,04-08-2026 16:08,31-07-2026 14:39,27-08-2026 12:21,14-08-2026 11:02,11-08-2026 15:57,,,,,,,,5
2286086.0,05-08-2026 15:29,27-07-2026 15:21,27-08-2026 16:01,18-08-2026 16:06,20-08-2026 15:25,,,,,,,,5
2286087.0,04-08-2026 16:08,31-07-2026 14:39,27-08-2026 12:21,14-08-2026 11:02,11-08-2026 15:57,,,,,,,,5
2286088.0,05-08-2026 15:29,27-07-2026 15:21,27-08-2026 16:01,18-08-2026 16:06,13-08-2026 15:23,,,,,,,,5
2286089.0,05-08-2026 13:58,31-07-2026 14:39,27-08-2026 12:21,14-08-2026 11:02,11-08-2026 15:57,,,,,,,,5
2286090.0,05-08-2026 15:29,27-07-2026 15:21,27-08-2026 16:01,18-08-2026 16:06,13-08-2026 15:23,,,,,,,,5
2286091.0,05-08-2026 15:29,27-07-2026 15:21,27-08-2026 16:01,18-08-2026 16:06,13-08-2026 15:23,,,,,,,,5
2286092.0,04-08-2026 16:08,31-07-2026 14:39,27-08-2026 12:21,14-08-2026 11:02,11-08-2026 15:57,,,,,,,,5
2286093.0,04-08-2026 16:08,31-07-2026 14:39,27-08-2026 12:21,18-08-2026 16:01,11-08-2026 15:57,,,,,,,,5
2286095.0,04-08-2026 16:08,31-07-2026 14:39,27-08-2026 12:21,14-08-2026 11:02,11-08-2026 15:57,,,,,,,,5
2286103.0,04-08-2026 16:08,31-07-2026 14:39,27-08-2026 12:21,14-08-2026 11:02,11-08-2026 15:57,,,,,,,,5
2286104.0,04-08-2026 16:08,31-07-2026 14:39,,18-08-2026 16:01,11-08-2026 15:57,,,,,,,,4
2286106.0,04-08-2026 16:08,31-07-2026 14:39,27-08-2026 12:21,18-08-2026 16:01,11-08-2026 15:57,,,,,,,,5
2286108.0,05-08-2026 13:52,,27-08-2026 15:28,10-08-2026 14:32,10-08-2026 13:52,,,,,,,,4
2286109.0,05-08-2026 13:52,31-07-2026 14:34,27-08-2026 15:28,10-08-2026 14:32,10-08-2026 13:52,,,,,,,,5
2286110.0,05-08-2026 13:52,31-07-2026 14:34,27-08-2026 15:28,10-08-2026 14:32,10-08-2026 13:52,,,,,,,,5
2286111.0,05-08-2026 13:52,31-07-2026 14:34,27-08-2026 15:28,10-08-2026 14:32,10-08-2026 13:52,,,,,,,,5
2286112.0,05-08-2026 13:52,31-07-2026 14:34,27-08-2026 15:28,,,,,,,,,,3
2286113.0,05-08-2026 16:04,30-07-2026 14:37,27-08-2026 14:30,19-08-2026 14:34,12-08-2026 14:46,,,,,,,,5
2286114.0,05-08-2026 13:52,31-07-2026 14:34,27-08-2026 15:28,10-08-2026 14:32,10-08-2026 13:52,,,,,,,,5
2286115.0,05-08-2026 16:04,30-07-2026 14:37,27-08-2026 14:30,19-08-2026 14:34,17-08-2026 11:53,,,,,,,,5
2286116.0,05-08-2026 13:52,31-07-2026 14:34,27-08-2026 15:28,10-08-2026 14:32,10-08-2026 13:52,,,,,,,,5
2286117.0,05-08-2026 13:52,31-07-2026 14:34,27-08-2026 15:28,10-08-2026 14:32,10-08-2026 13:52,,,,,,,,5
2286118.0,,30-07-2026 14:37,27-08-2026 14:30,19-08-2026 14:34,12-08-2026 14:46,,,,,,,,4
2286119.0,05-08-2026 13:52,31-07-2026 14:34,27-08-2026 15:28,10-08-2026 14:32,10-08-2026 13:52,,,,,,,,5
2286121.0,05-08-2026 16:04,30-07-2026 14:37,27-08-2026 14:30,19-08-2026 14:34,12-08-2026 14:46,,,,,,,,5
2286122.0,05-08-2026 13:52,31-07-2026 14:34,27-08-2026 15:28,10-08-2026 14:32,10-08-2026 13:52,,,,,,,,5
2286124.0,05-08-2026 13:52,,27-08-2026 15:28,10-08-2026 14:32,10-08-2026 13:52,,,,,,,,4
2286125.0,05-08-2026 16:04,30-07-2026 14:37,,20-08-2026 16:53,12-08-2026 14:46,,,,,,,,4
2286126.0,05-08-2026 13:52,31-07-2026 14:34,27-08-2026 15:28,,,,,,,,,,3
2286128.0,05-08-2026 16:04,30-07-2026 14:37,27-08-2026 14:30,19-08-2026 14:34,12-08-2026 14:46,,,,,,,,5
2286129.0,05-08-2026 13:52,31-07-2026 14:34,27-08-2026 15:28,10-08-2026 14:32,10-08-2026 13:52,,,,,,,,5
2286130.0,05-08-2026 16:04,30-07-2026 14:37,27-08-2026 14:30,19-08-2026 14:34,12-08-2026 14:46,,,,,,,,5
2286131.0,05-08-2026 13:52,31-07-2026 14:34,27-08-2026 15:28,10-08-2026 14:32,10-08-2026 13:52,,,,,,,,5
2286132.0,05-08-2026 16:04,30-07-2026 14:37,27-08-2026 14:30,19-08-2026 14:34,12-08-2026 14:46,,,,,,,,5
2286133.0,05-08-2026 13:52,31-07-2026 14:34,27-08-2026 15:28,10-08-2026 14:32,10-08-2026 13:52,,,,,,,,5
2286134.0,05-08-2026 13:52,,27-08-2026 15:28,10-08-2026 14:32,10-08-2026 13:52,,,,,,,,4
2286135.0,07-08-2026 12:24,22-07-2026 12:53,25-08-2026 14:04,13-08-2026 16:26,11-08-2026 14:13,,,,,,,,5
2286136.0,05-08-2026 16:04,30-07-2026 14:37,27-08-2026 14:30,19-08-2026 14:34,12-08-2026 14:46,,,,,,,,5
2286137.0,05-08-2026 13:52,,27-08-2026 15:28,10-08-2026 14:32,10-08-2026 13:52,,,,,,,,4
2286138.0,28-08-2026 13:28,22-07-2026 12:53,25-08-2026 14:04,13-08-2026 16:26,11-08-2026 14:13,,,,,,,,5
2286139.0,05-08-2026 13:52,31-07-2026 14:34,27-08-2026 15:28,10-08-2026 14:32,10-08-2026 13:52,,,,,,,,5
2286140.0,05-08-2026 16:04,30-07-2026 14:37,27-08-2026 14:30,19-08-2026 14:34,12-08-2026 14:46,,,,,,,,5
2286141.0,05-08-2026 13:52,,27-08-2026 15:28,10-08-2026 14:32,10-08-2026 13:52,,,,,,,,4
2286142.0,05-08-2026 16:04,30-07-2026 14:37,27-08-2026 14:30,19-08-2026 14:34,12-08-2026 14:46,,,,,,,,5
2286143.0,05-08-2026 13:52,31-07-2026 14:34,27-08-2026 15:28,10-08-2026 14:32,10-08-2026 13:52,,,,,,,,5
2286144.0,07-08-2026 12:24,27-08-2026 16:07,,13-08-2026 16:26,11-08-2026 14:13,,,,,,,,4
2286145.0,07-08-2026 12:24,22-07-2026 12:53,25-08-2026 14:04,,11-08-2026 14:13,,,,,,,,4
2286146.0,,30-07-2026 14:37,27-08-2026 14:30,19-08-2026 14:34,17-08-2026 11:53,,,,,,,,4
2286147.0,07-08-2026 12:24,22-07-2026 12:53,25-08-2026 14:04,13-08-2026 16:26,11-08-2026 14:13,,,,,,,,5
2286148.0,07-08-2026 12:24,22-07-2026 12:53,25-08-2026 14:04,13-08-2026 16:26,11-08-2026 14:13,,,,,,,,5
2286149.0,07-08-2026 12:24,22-07-2026 12:53,25-08-2026 14:04,13-08-2026 16:26,11-08-2026 14:13,,,,,,,,5
2286150.0,05-08-2026 16:04,30-07-2026 14:37,27-08-2026 14:30,19-08-2026 14:34,12-08-2026 14:46,,,,,,,,5
2286151.0,07-08-2026 12:24,22-07-2026 12:53,25-08-2026 14:04,13-08-2026 16:26,11-08-2026 14:13,,,,,,,,5
2286154.0,07-08-2026 12:24,22-07-2026 12:53,25-08-2026 14:04,13-08-2026 16:26,11-08-2026 14:13,,,,,,,,5
2286155.0,05-08-2026 12:25,,24-08-2026 11:38,17-08-2026 11:45,14-08-2026 11:46,31-08-2026 11:39,,,,,,,5
2286156.0,05-08-2026 16:04,30-07-2026 14:37,27-08-2026 14:30,19-08-2026 14:34,12-08-2026 14:46,,,,,,,,5
2286157.0,07-08-2026 12:24,22-07-2026 12:53,25-08-2026 14:04,13-08-2026 16:26,11-08-2026 14:13,,,,,,,,5
2286158.0,05-08-2026 12:25,31-07-2026 11:44,24-08-2026 11:38,17-08-2026 11:45,14-08-2026 11:46,31-08-2026 11:39,,,,,,,6
2286159.0,05-08-2026 16:04,30-07-2026 14:37,27-08-2026 14:30,19-08-2026 14:34,12-08-2026 14:46,,,,,,,,5
2286160.0,07-08-2026 12:24,22-07-2026 12:53,25-08-2026 14:04,13-08-2026 16:26,11-08-2026 14:13,,,,,,,,5
2286161.0,05-08-2026 12:25,,24-08-2026 11:38,17-08-2026 11:45,14-08-2026 11:46,31-08-2026 11:39,,,,,,,5
2286162.0,05-08-2026 16:04,30-07-2026 14:37,27-08-2026 14:30,19-08-2026 14:34,12-08-2026 14:46,,,,,,,,5
2286163.0,07-08-2026 12:24,22-07-2026 12:53,25-08-2026 14:04,13-08-2026 16:26,11-08-2026 14:13,,,,,,,,5
2286164.0,05-08-2026 12:25,31-07-2026 11:44,24-08-2026 11:38,17-08-2026 11:45,14-08-2026 11:46,31-08-2026 11:39,,,,,,,6
2286165.0,05-08-2026 16:04,30-07-2026 14:37,27-08-2026 14:30,19-08-2026 14:34,12-08-2026 14:46,,,,,,,,5
2286166.0,28-08-2026 13:28,22-07-2026 12:53,25-08-2026 14:04,13-08-2026 16:26,11-08-2026 14:13,,,,,,,,5
2286167.0,05-08-2026 12:25,31-07-2026 11:44,,17-08-2026 11:45,14-08-2026 11:46,31-08-2026 11:39,,,,,,,5
2286168.0,05-08-2026 16:04,30-07-2026 14:37,27-08-2026 14:30,19-08-2026 14:34,12-08-2026 14:46,,,,,,,,5
2286169.0,07-08-2026 12:24,22-07-2026 12:53,25-08-2026 14:04,13-08-2026 16:26,11-08-2026 14:13,,,,,,,,5
2286170.0,05-08-2026 16:04,30-07-2026 14:37,27-08-2026 14:30,,12-08-2026 14:46,,,,,,,,4
2286171.0,05-08-2026 12:25,31-07-2026 11:44,24-08-2026 11:38,17-08-2026 11:45,14-08-2026 11:46,31-08-2026 11:39,,,,,,,6
2286172.0,,22-07-2026 12:53,,13-08-2026 16:26,11-08-2026 14:13,,,,,,,,3
2286173.0,05-08-2026 16:04,30-07-2026 14:37,,20-08-2026 16:53,17-08-2026 11:53,,,,,,,,4
2286174.0,05-08-2026 12:25,31-07-2026 11:44,24-08-2026 11:38,17-08-2026 11:45,14-08-2026 11:46,31-08-2026 11:39,,,,,,,6
2286175.0,05-08-2026 16:04,30-07-2026 14:37,27-08-2026 14:30,19-08-2026 14:34,12-08-2026 14:46,,,,,,,,5
2286176.0,07-08-2026 12:24,22-07-2026 12:53,25-08-2026 14:04,13-08-2026 16:26,11-08-2026 14:13,,,,,,,,5
2286177.0,05-08-2026 12:25,31-07-2026 11:44,24-08-2026 11:38,17-08-2026 11:45,14-08-2026 11:46,31-08-2026 11:39,,,,,,,6
2286178.0,07-08-2026 12:24,22-07-2026 12:53,,13-08-2026 16:26,11-08-2026 14:13,,,,,,,,4
2286179.0,05-08-2026 12:25,31-07-2026 11:44,24-08-2026 11:38,17-08-2026 11:45,14-08-2026 11:46,,,,,,,,5
2286180.0,07-08-2026 12:24,22-07-2026 12:53,25-08-2026 14:04,13-08-2026 16:26,11-08-2026 14:13,,,,,,,,5
2286181.0,05-08-2026 12:25,31-07-2026 11:44,24-08-2026 11:38,17-08-2026 11:45,14-08-2026 11:46,31-08-2026 11:39,,,,,,,6
2286182.0,07-08-2026 12:24,22-07-2026 12:53,25-08-2026 14:04,13-08-2026 16:26,11-08-2026 14:13,,,,,,,,5
2286183.0,05-08-2026 12:25,31-07-2026 11:44,24-08-2026 11:38,17-08-2026 11:45,14-08-2026 11:46,31-08-2026 11:39,,,,,,,6
2286184.0,07-08-2026 12:24,27-08-2026 16:07,,13-08-2026 16:26,,,,,,,,,3
2286185.0,28-08-2026 13:28,22-07-2026 12:53,25-08-2026 14:04,13-08-2026 16:26,11-08-2026 14:13,,,,,,,,5
2286186.0,05-08-2026 12:25,31-07-2026 11:44,24-08-2026 11:38,17-08-2026 11:45,14-08-2026 11:46,31-08-2026 11:39,,,,,,,6
2286187.0,07-08-2026 12:24,22-07-2026 12:53,25-08-2026 14:04,13-08-2026 16:26,11-08-2026 14:13,,,,,,,,5
2286188.0,07-08-2026 12:24,22-07-2026 12:53,25-08-2026 14:04,13-08-2026 16:26,11-08-2026 14:13,,,,,,,,5
2286189.0,05-08-2026 12:25,31-07-2026 11:44,24-08-2026 11:38,17-08-2026 11:45,14-08-2026 11:46,31-08-2026 11:39,,,,,,,6
2286190.0,28-08-2026 13:28,22-07-2026 12:53,25-08-2026 14:04,13-08-2026 16:26,11-08-2026 14:13,,,,,,,,5
2286191.0,05-08-2026 12:25,,24-08-2026 11:38,17-08-2026 11:45,14-08-2026 11:46,,,,,,,,4
2286192.0,05-08-2026 16:04,30-07-2026 14:37,27-08-2026 14:30,19-08-2026 14:34,12-08-2026 14:46,,,,,,,,5
2286194.0,05-08-2026 16:04,30-07-2026 14:37,27-08-2026 14:30,19-08-2026 14:34,12-08-2026 14:46,,,,,,,,5
2286195.0,07-08-2026 12:24,27-08-2026 16:07,25-08-2026 14:04,13-08-2026 16:26,11-08-2026 14:13,,,,,,,,5
2286198.0,07-08-2026 12:24,22-07-2026 12:53,25-08-2026 14:04,13-08-2026 16:26,11-08-2026 14:13,,,,,,,,5
2286199.0,05-08-2026 16:04,30-07-2026 14:37,27-08-2026 14:30,20-08-2026 16:53,12-08-2026 14:46,,,,,,,,5
2286200.0,07-08-2026 12:24,22-07-2026 12:53,25-08-2026 14:04,13-08-2026 16:26,11-08-2026 14:13,,,,,,,,5
2286201.0,05-08-2026 16:04,30-07-2026 14:37,27-08-2026 14:30,19-08-2026 14:34,17-08-2026 11:53,,,,,,,,5
2286202.0,05-08-2026 16:04,30-07-2026 14:37,,19-08-2026 14:34,12-08-2026 14:46,,,,,,,,4
2286203.0,28-08-2026 13:28,22-07-2026 12:53,25-08-2026 14:04,13-08-2026 16:26,11-08-2026 14:13,,,,,,,,5
2286204.0,,30-07-2026 14:37,27-08-2026 14:30,19-08-2026 14:34,12-08-2026 14:46,,,,,,,,4
2286205.0,07-08-2026 12:24,22-07-2026 12:53,25-08-2026 14:04,13-08-2026 16:26,11-08-2026 14:13,,,,,,,,5
2286207.0,07-08-2026 12:24,27-08-2026 16:07,25-08-2026 14:04,13-08-2026 16:26,,,,,,,,,4
2286209.0,07-08-2026 12:24,22-07-2026 12:53,25-08-2026 14:04,13-08-2026 16:26,11-08-2026 14:13,,,,,,,,5
2286211.0,07-08-2026 12:24,22-07-2026 12:53,25-08-2026 14:04,13-08-2026 16:26,11-08-2026 14:13,,,,,,,,5
2286212.0,07-08-2026 12:24,27-08-2026 16:07,25-08-2026 14:04,13-08-2026 16:26,11-08-2026 14:13,,,,,,,,5
2286214.0,28-08-2026 13:28,22-07-2026 12:53,25-08-2026 14:04,13-08-2026 16:26,11-08-2026 14:13,,,,,,,,5
2286215.0,,27-08-2026 16:07,25-08-2026 14:04,13-08-2026 16:26,,,,,,,,,3
2286217.0,07-08-2026 12:24,22-07-2026 12:53,25-08-2026 14:04,13-08-2026 16:26,11-08-2026 14:13,,,,,,,,5
2286226.0,06-08-2026 16:12,31-07-2026 11:00,25-08-2026 14:43,14-08-2026 15:35,13-08-2026 15:37,,,,,,,,5
2286229.0,13-08-2026 13:56,23-07-2026 13:46,27-08-2026 14:04,20-08-2026 13:57,19-08-2026 14:51,,,,,,,,5
2286230.0,06-08-2026 16:12,31-07-2026 11:00,25-08-2026 14:43,14-08-2026 15:35,13-08-2026 15:37,,,,,,,,5
2286233.0,06-08-2026 16:12,31-07-2026 11:00,25-08-2026 14:43,14-08-2026 15:35,13-08-2026 15:37,,,,,,,,5
2286235.0,13-08-2026 13:56,23-07-2026 13:46,27-08-2026 14:04,20-08-2026 13:57,19-08-2026 14:51,,,,,,,,5
2286237.0,06-08-2026 16:12,31-07-2026 11:00,25-08-2026 14:43,14-08-2026 15:35,13-08-2026 15:37,,,,,,,,5
2286239.0,06-08-2026 16:12,31-07-2026 11:00,25-08-2026 14:43,14-08-2026 15:35,13-08-2026 15:37,,,,,,,,5
2286242.0,06-08-2026 16:12,27-08-2026 11:50,,14-08-2026 15:35,13-08-2026 15:37,,,,,,,,4
2286245.0,05-08-2026 16:04,30-07-2026 14:37,27-08-2026 14:30,19-08-2026 14:34,12-08-2026 14:46,,,,,,,,5
2286246.0,06-08-2026 16:12,31-07-2026 11:00,25-08-2026 14:43,14-08-2026 15:35,13-08-2026 15:37,,,,,,,,5
2286248.0,06-08-2026 16:12,31-07-2026 11:00,25-08-2026 14:43,14-08-2026 15:35,13-08-2026 15:37,,,,,,,,5
2286251.0,,31-07-2026 11:00,,,,,,,,,,,1
2286252.0,06-08-2026 16:12,31-07-2026 11:00,,14-08-2026 15:35,13-08-2026 15:37,,,,,,,,4
2286253.0,,30-07-2026 14:37,27-08-2026 14:30,19-08-2026 14:34,12-08-2026 14:46,,,,,,,,4
2286254.0,05-08-2026 13:58,30-07-2026 14:33,28-08-2026 12:21,17-08-2026 11:49,12-08-2026 12:25,,,,,,,,5
2286255.0,06-08-2026 16:12,31-07-2026 11:00,25-08-2026 14:43,14-08-2026 15:35,13-08-2026 15:37,,,,,,,,5
2286256.0,04-08-2026 15:30,30-07-2026 14:33,28-08-2026 12:21,17-08-2026 11:49,12-08-2026 12:25,,,,,,,,5
2286257.0,06-08-2026 16:12,31-07-2026 11:00,25-08-2026 14:43,14-08-2026 15:35,13-08-2026 15:37,,,,,,,,5
2286258.0,04-08-2026 15:30,30-07-2026 14:33,28-08-2026 12:21,17-08-2026 11:49,12-08-2026 12:25,,,,,,,,5
2286259.0,06-08-2026 16:12,31-07-2026 11:00,25-08-2026 14:43,14-08-2026 15:35,,,,,,,,,4
2286261.0,04-08-2026 15:30,30-07-2026 14:33,28-08-2026 12:21,20-08-2026 16:53,20-08-2026 15:22,,,,,,,,5
2286262.0,06-08-2026 16:12,31-07-2026 11:00,25-08-2026 14:43,14-08-2026 15:35,13-08-2026 15:37,,,,,,,,5
2286263.0,04-08-2026 15:30,30-07-2026 14:33,28-08-2026 12:21,17-08-2026 11:49,12-08-2026 12:25,,,,,,,,5
2286264.0,06-08-2026 16:12,31-07-2026 11:00,25-08-2026 14:43,14-08-2026 15:35,13-08-2026 15:37,,,,,,,,5
2286266.0,04-08-2026 15:30,30-07-2026 14:33,28-08-2026 12:21,17-08-2026 11:49,12-08-2026 12:25,,,,,,,,5
2286267.0,06-08-2026 16:12,31-07-2026 11:00,25-08-2026 14:43,,,,,,,,,,3
2286268.0,04-08-2026 15:30,30-07-2026 14:33,,20-08-2026 16:53,20-08-2026 15:22,,,,,,,,4
2286270.0,,31-07-2026 11:00,25-08-2026 14:43,14-08-2026 15:35,13-08-2026 15:37,,,,,,,,4
2286271.0,04-08-2026 15:30,30-07-2026 14:33,28-08-2026 12:21,17-08-2026 11:49,12-08-2026 12:25,,,,,,,,5
2286272.0,04-08-2026 15:30,30-07-2026 14:33,,17-08-2026 11:49,12-08-2026 12:25,,,,,,,,4
2286273.0,04-08-2026 15:30,30-07-2026 14:33,28-08-2026 12:21,17-08-2026 11:49,12-08-2026 12:25,,,,,,,,5
2286274.0,04-08-2026 15:30,30-07-2026 14:33,28-08-2026 12:21,17-08-2026 11:49,12-08-2026 12:25,,,,,,,,5
2286275.0,04-08-2026 15:30,30-07-2026 14:33,,20-08-2026 16:53,12-08-2026 12:25,,,,,,,,4
2286276.0,04-08-2026 15:30,30-07-2026 14:33,28-08-2026 12:21,17-08-2026 11:49,12-08-2026 12:25,,,,,,,,5
2286278.0,04-08-2026 15:30,30-07-2026 14:33,28-08-2026 12:21,17-08-2026 11:49,12-08-2026 12:25,,,,,,,,5
2286439.0,05-08-2026 14:35,30-07-2026 13:52,27-08-2026 13:51,13-08-2026 13:59,12-08-2026 15:28,,,,,,,,5
2286441.0,06-08-2026 16:12,27-08-2026 11:50,25-08-2026 14:43,14-08-2026 15:35,13-08-2026 15:37,,,,,,,,5
2286442.0,05-08-2026 14:35,30-07-2026 13:52,27-08-2026 13:51,13-08-2026 13:59,12-08-2026 15:28,,,,,,,,5
2286443.0,06-08-2026 16:12,31-07-2026 11:00,25-08-2026 14:43,14-08-2026 15:35,13-08-2026 15:37,,,,,,,,5
2286444.0,05-08-2026 14:35,30-07-2026 13:52,27-08-2026 13:51,13-08-2026 13:59,12-08-2026 15:28,,,,,,,,5
2286446.0,06-08-2026 16:12,31-07-2026 11:00,,14-08-2026 15:35,13-08-2026 15:37,,,,,,,,4
2286447.0,,30-07-2026 13:52,27-08-2026 13:51,13-08-2026 13:59,12-08-2026 15:28,,,,,,,,4
2286448.0,06-08-2026 16:12,31-07-2026 11:00,25-08-2026 14:43,14-08-2026 15:35,13-08-2026 15:37,,,,,,,,5
2286449.0,05-08-2026 14:35,30-07-2026 13:52,27-08-2026 13:51,13-08-2026 13:59,12-08-2026 15:28,,,,,,,,5
2286450.0,06-08-2026 16:12,27-08-2026 11:50,25-08-2026 14:43,14-08-2026 15:35,13-08-2026 15:37,,,,,,,,5
2286451.0,05-08-2026 14:35,30-07-2026 13:52,27-08-2026 13:51,13-08-2026 13:59,12-08-2026 15:28,,,,,,,,5
2286452.0,05-08-2026 14:35,,27-08-2026 13:51,13-08-2026 13:59,20-08-2026 15:25,,,,,,,,4
2286454.0,05-08-2026 14:35,30-07-2026 13:52,27-08-2026 13:51,13-08-2026 13:59,12-08-2026 15:28,,,,,,,,5
2286455.0,05-08-2026 14:35,30-07-2026 13:52,,13-08-2026 13:59,12-08-2026 15:28,,,,,,,,4
2286456.0,06-08-2026 16:12,31-07-2026 11:00,25-08-2026 14:43,14-08-2026 15:35,13-08-2026 15:37,,,,,,,,5
2286457.0,05-08-2026 14:35,30-07-2026 13:52,27-08-2026 13:51,13-08-2026 13:59,12-08-2026 15:28,,,,,,,,5
2286459.0,,31-07-2026 11:00,25-08-2026 14:43,14-08-2026 15:35,13-08-2026 15:37,,,,,,,,4
2286460.0,,30-07-2026 13:52,27-08-2026 13:51,13-08-2026 13:59,12-08-2026 15:28,,,,,,,,4
2286461.0,05-08-2026 14:35,30-07-2026 13:52,27-08-2026 13:51,13-08-2026 13:59,12-08-2026 15:28,,,,,,,,5
2286462.0,06-08-2026 16:12,31-07-2026 11:00,25-08-2026 14:43,14-08-2026 15:35,13-08-2026 15:37,,,,,,,,5
2286463.0,,30-07-2026 13:52,27-08-2026 13:51,13-08-2026 13:59,12-08-2026 15:28,,,,,,,,4
2286464.0,06-08-2026 16:12,27-08-2026 11:50,25-08-2026 14:43,14-08-2026 15:35,13-08-2026 15:37,,,,,,,,5
2286465.0,05-08-2026 14:35,30-07-2026 13:52,27-08-2026 13:51,13-08-2026 13:59,12-08-2026 15:28,,,,,,,,5
2286466.0,06-08-2026 16:12,31-07-2026 11:00,25-08-2026 14:43,14-08-2026 15:35,13-08-2026 15:37,,,,,,,,5
2286467.0,05-08-2026 14:35,,27-08-2026 13:51,20-08-2026 17:05,12-08-2026 15:28,,,,,,,,4
2286468.0,05-08-2026 14:35,30-07-2026 13:52,27-08-2026 13:51,13-08-2026 13:59,12-08-2026 15:28,,,,,,,,5
2286469.0,06-08-2026 16:12,31-07-2026 11:00,25-08-2026 14:43,14-08-2026 15:35,13-08-2026 15:37,,,,,,,,5
2286470.0,05-08-2026 14:35,30-07-2026 13:52,27-08-2026 13:51,13-08-2026 13:59,12-08-2026 15:28,,,,,,,,5
2286471.0,06-08-2026 16:12,27-08-2026 11:50,25-08-2026 14:43,,13-08-2026 15:37,,,,,,,,4
2286472.0,,30-07-2026 13:52,27-08-2026 13:51,20-08-2026 17:05,12-08-2026 15:28,,,,,,,,4
2286473.0,06-08-2026 16:12,27-08-2026 11:50,,14-08-2026 15:35,13-08-2026 15:37,,,,,,,,4
2286474.0,05-08-2026 14:35,30-07-2026 13:52,27-08-2026 13:51,13-08-2026 13:59,12-08-2026 15:28,,,,,,,,5
2286475.0,05-08-2026 14:35,30-07-2026 13:52,27-08-2026 13:51,13-08-2026 13:59,12-08-2026 15:28,,,,,,,,5
2286476.0,05-08-2026 14:35,30-07-2026 13:52,27-08-2026 13:51,13-08-2026 13:59,20-08-2026 15:25,,,,,,,,5
2286477.0,05-08-2026 14:35,30-07-2026 13:52,27-08-2026 13:51,13-08-2026 13:59,12-08-2026 15:28,,,,,,,,5
2286478.0,06-08-2026 16:12,31-07-2026 11:00,,14-08-2026 15:35,13-08-2026 15:37,,,,,,,,4
2286479.0,06-08-2026 16:12,31-07-2026 11:00,,14-08-2026 15:35,13-08-2026 15:37,,,,,,,,4
2286480.0,05-08-2026 14:35,30-07-2026 13:52,27-08-2026 13:51,13-08-2026 13:59,12-08-2026 15:28,,,,,,,,5
2286481.0,06-08-2026 16:12,31-07-2026 11:00,25-08-2026 14:43,14-08-2026 15:35,13-08-2026 15:37,,,,,,,,5
2286482.0,06-08-2026 16:12,27-08-2026 11:50,25-08-2026 14:43,14-08-2026 15:35,13-08-2026 15:37,,,,,,,,5
2286483.0,05-08-2026 14:35,30-07-2026 13:52,27-08-2026 13:51,13-08-2026 13:59,12-08-2026 15:28,,,,,,,,5
2286484.0,05-08-2026 14:35,30-07-2026 13:52,27-08-2026 13:51,13-08-2026 13:59,12-08-2026 15:28,,,,,,,,5
2286485.0,05-08-2026 12:25,31-07-2026 11:44,,17-08-2026 11:45,14-08-2026 11:46,31-08-2026 11:39,,,,,,,5
2286486.0,05-08-2026 14:35,30-07-2026 13:52,27-08-2026 13:51,13-08-2026 13:59,12-08-2026 15:28,,,,,,,,5
2286487.0,05-08-2026 12:25,31-07-2026 11:44,,17-08-2026 11:45,20-08-2026 15:25,31-08-2026 11:39,,,,,,,5
2286488.0,05-08-2026 12:25,31-07-2026 11:44,24-08-2026 11:38,17-08-2026 11:45,14-08-2026 11:46,31-08-2026 11:39,,,,,,,6
2286489.0,05-08-2026 14:35,30-07-2026 13:52,27-08-2026 13:51,13-08-2026 13:59,12-08-2026 15:28,,,,,,,,5
2286491.0,05-08-2026 12:25,31-07-2026 11:44,24-08-2026 11:38,,,31-08-2026 11:39,,,,,,,4
2286492.0,05-08-2026 12:25,31-07-2026 11:44,24-08-2026 11:38,17-08-2026 11:45,14-08-2026 11:46,31-08-2026 11:39,,,,,,,6
2286493.0,05-08-2026 12:25,31-07-2026 11:44,,17-08-2026 11:45,20-08-2026 15:25,31-08-2026 11:39,,,,,,,5
2286494.0,05-08-2026 14:35,30-07-2026 13:52,27-08-2026 13:51,20-08-2026 17:05,12-08-2026 15:28,,,,,,,,5
2286495.0,05-08-2026 12:25,31-07-2026 11:44,24-08-2026 11:38,20-08-2026 17:05,14-08-2026 11:46,31-08-2026 11:39,,,,,,,6
2286496.0,05-08-2026 14:35,30-07-2026 13:52,,13-08-2026 13:59,20-08-2026 15:25,,,,,,,,4
2286497.0,05-08-2026 12:25,31-07-2026 11:44,24-08-2026 11:38,17-08-2026 11:45,14-08-2026 11:46,31-08-2026 11:39,,,,,,,6
2286498.0,05-08-2026 12:25,31-07-2026 11:44,24-08-2026 11:38,17-08-2026 11:45,14-08-2026 11:46,31-08-2026 11:39,,,,,,,6
2286499.0,05-08-2026 12:25,31-07-2026 11:44,24-08-2026 11:38,17-08-2026 11:45,14-08-2026 11:46,31-08-2026 11:39,,,,,,,6
2286500.0,05-08-2026 12:25,31-07-2026 11:44,,17-08-2026 11:45,14-08-2026 11:46,,,,,,,,4
2286501.0,05-08-2026 12:25,31-07-2026 11:44,24-08-2026 11:38,,,31-08-2026 11:39,,,,,,,4
2286502.0,05-08-2026 12:25,31-07-2026 11:44,24-08-2026 11:38,17-08-2026 11:45,14-08-2026 11:46,31-08-2026 11:39,,,,,,,6
2286503.0,05-08-2026 12:25,31-07-2026 11:44,24-08-2026 11:38,,14-08-2026 11:46,31-08-2026 11:39,,,,,,,5
2286505.0,05-08-2026 12:25,31-07-2026 11:44,24-08-2026 11:38,17-08-2026 11:45,20-08-2026 15:25,,,,,,,,5
2286506.0,05-08-2026 12:25,31-07-2026 11:44,,,,,,,,,,,2
2286530.0,07-08-2026 15:49,31-07-2026 11:47,24-08-2026 12:27,13-08-2026 14:42,12-08-2026 10:56,,,,,,,,5
2286531.0,07-08-2026 15:49,31-07-2026 11:47,24-08-2026 12:27,13-08-2026 14:42,12-08-2026 10:56,,,,,,,,5
2286532.0,07-08-2026 15:49,31-07-2026 11:47,24-08-2026 12:27,13-08-2026 14:42,12-08-2026 10:56,,,,,,,,5
2286533.0,07-08-2026 15:49,31-07-2026 11:47,24-08-2026 12:27,13-08-2026 14:42,12-08-2026 10:56,,,,,,,,5
2286534.0,07-08-2026 15:49,,24-08-2026 12:27,13-08-2026 14:42,12-08-2026 10:56,,,,,,,,4
2286535.0,07-08-2026 15:49,31-07-2026 11:47,24-08-2026 12:27,13-08-2026 14:42,12-08-2026 10:56,,,,,,,,5
2286536.0,,31-07-2026 11:47,24-08-2026 12:27,13-08-2026 14:42,12-08-2026 10:56,,,,,,,,4
2286537.0,,31-07-2026 11:47,24-08-2026 12:27,13-08-2026 14:42,13-08-2026 12:23,,,,,,,,4
2286538.0,07-08-2026 15:49,31-07-2026 11:47,24-08-2026 12:27,14-08-2026 14:42,13-08-2026 12:23,,,,,,,,5
2286539.0,,31-07-2026 11:47,24-08-2026 12:27,14-08-2026 14:42,13-08-2026 12:23,,,,,,,,4
2286540.0,07-08-2026 15:49,31-07-2026 11:47,24-08-2026 12:27,13-08-2026 14:42,13-08-2026 12:23,,,,,,,,5
2286541.0,07-08-2026 15:49,31-07-2026 11:47,24-08-2026 12:27,13-08-2026 14:42,12-08-2026 10:56,,,,,,,,5
2286542.0,,31-07-2026 11:47,24-08-2026 12:27,13-08-2026 14:42,12-08-2026 10:56,,,,,,,,4
2286543.0,07-08-2026 15:49,31-07-2026 11:47,24-08-2026 12:27,13-08-2026 14:42,12-08-2026 10:56,,,,,,,,5
2286544.0,07-08-2026 15:49,31-07-2026 11:47,24-08-2026 12:27,13-08-2026 14:42,12-08-2026 10:56,,,,,,,,5
2286545.0,07-08-2026 15:49,31-07-2026 11:47,24-08-2026 12:27,13-08-2026 14:42,13-08-2026 12:23,,,,,,,,5
2286546.0,07-08-2026 15:49,31-07-2026 11:47,24-08-2026 12:27,14-08-2026 14:42,13-08-2026 12:23,,,,,,,,5
2286547.0,07-08-2026 15:49,31-07-2026 11:47,24-08-2026 12:27,14-08-2026 14:42,13-08-2026 12:23,,,,,,,,5
2286552.0,,31-07-2026 11:47,24-08-2026 12:27,14-08-2026 14:42,13-08-2026 12:23,,,,,,,,4
2286554.0,07-08-2026 15:49,31-07-2026 11:47,24-08-2026 12:27,13-08-2026 14:42,12-08-2026 10:56,,,,,,,,5
2286556.0,,31-07-2026 11:47,24-08-2026 12:27,13-08-2026 14:42,13-08-2026 12:23,,,,,,,,4
2286558.0,,31-07-2026 11:47,24-08-2026 12:27,13-08-2026 14:42,12-08-2026 10:56,,,,,,,,4
2286560.0,07-08-2026 15:49,31-07-2026 11:47,24-08-2026 12:27,14-08-2026 14:42,12-08-2026 10:56,,,,,,,,5
2286566.0,05-08-2026 10:58,30-07-2026 16:09,27-08-2026 16:02,13-08-2026 16:04,12-08-2026 11:09,,,,,,,,5
2286567.0,05-08-2026 10:56,30-07-2026 16:03,27-08-2026 15:57,13-08-2026 16:05,12-08-2026 10:56,,,,,,,,5
2286568.0,05-08-2026 10:58,30-07-2026 16:09,27-08-2026 16:02,13-08-2026 16:04,12-08-2026 11:09,,,,,,,,5
2286569.0,05-08-2026 10:56,30-07-2026 16:03,27-08-2026 15:57,13-08-2026 16:05,12-08-2026 10:56,,,,,,,,5
2286570.0,05-08-2026 10:56,30-07-2026 16:03,27-08-2026 15:57,13-08-2026 16:05,12-08-2026 10:56,,,,,,,,5
2286571.0,05-08-2026 10:56,30-07-2026 16:03,,13-08-2026 16:05,12-08-2026 10:56,,,,,,,,4
2286572.0,05-08-2026 10:56,30-07-2026 16:03,27-08-2026 15:57,13-08-2026 16:05,12-08-2026 10:56,,,,,,,,5
2286573.0,05-08-2026 10:58,30-07-2026 16:09,27-08-2026 16:02,13-08-2026 16:04,12-08-2026 11:09,,,,,,,,5
2286574.0,05-08-2026 10:56,30-07-2026 16:03,27-08-2026 15:57,13-08-2026 16:05,12-08-2026 10:56,,,,,,,,5
2286575.0,05-08-2026 10:58,30-07-2026 16:09,27-08-2026 16:02,13-08-2026 16:04,12-08-2026 11:09,,,,,,,,5
2286576.0,05-08-2026 10:56,30-07-2026 16:03,27-08-2026 15:57,13-08-2026 16:05,12-08-2026 10:56,,,,,,,,5
2286577.0,05-08-2026 10:58,30-07-2026 16:09,27-08-2026 16:02,13-08-2026 16:04,12-08-2026 11:09,,,,,,,,5
2286578.0,05-08-2026 10:56,30-07-2026 16:03,27-08-2026 15:57,20-08-2026 11:52,12-08-2026 10:56,,,,,,,,5
2286579.0,05-08-2026 10:56,30-07-2026 16:03,27-08-2026 15:57,13-08-2026 16:05,12-08-2026 10:56,,,,,,,,5
2286581.0,05-08-2026 10:58,30-07-2026 16:09,27-08-2026 16:02,13-08-2026 16:04,12-08-2026 11:09,,,,,,,,5
2286582.0,05-08-2026 10:56,30-07-2026 16:03,27-08-2026 15:57,13-08-2026 16:05,12-08-2026 10:56,,,,,,,,5
2286583.0,05-08-2026 10:56,30-07-2026 16:03,27-08-2026 15:57,13-08-2026 16:05,12-08-2026 10:56,,,,,,,,5
2286584.0,05-08-2026 10:58,30-07-2026 16:09,27-08-2026 16:02,13-08-2026 16:04,12-08-2026 11:09,,,,,,,,5
2286585.0,05-08-2026 10:56,30-07-2026 16:03,27-08-2026 15:57,13-08-2026 16:05,12-08-2026 10:56,,,,,,,,5
2286587.0,05-08-2026 10:58,30-07-2026 16:09,27-08-2026 16:02,13-08-2026 16:04,12-08-2026 11:09,,,,,,,,5
2286589.0,05-08-2026 10:56,30-07-2026 16:03,27-08-2026 15:57,13-08-2026 16:05,12-08-2026 10:56,,,,,,,,5
2286590.0,05-08-2026 10:56,30-07-2026 16:03,27-08-2026 15:57,13-08-2026 16:05,12-08-2026 10:56,,,,,,,,5
2286592.0,05-08-2026 10:58,30-07-2026 16:09,27-08-2026 16:02,13-08-2026 16:04,12-08-2026 11:09,,,,,,,,5
2286593.0,05-08-2026 10:56,30-07-2026 16:03,27-08-2026 15:57,13-08-2026 16:05,12-08-2026 10:56,,,,,,,,5
2286595.0,05-08-2026 10:56,,,,,,,,,,,,1
2286597.0,05-08-2026 10:56,30-07-2026 16:03,27-08-2026 15:57,13-08-2026 16:05,12-08-2026 10:56,,,,,,,,5
2286599.0,05-08-2026 10:56,30-07-2026 16:03,27-08-2026 15:57,13-08-2026 16:05,12-08-2026 10:56,,,,,,,,5
2286600.0,05-08-2026 10:56,30-07-2026 16:03,27-08-2026 15:57,13-08-2026 16:05,12-08-2026 10:56,,,,,,,,5
2286602.0,05-08-2026 10:56,30-07-2026 16:03,27-08-2026 15:57,13-08-2026 16:05,12-08-2026 10:56,,,,,,,,5
2286603.0,06-08-2026 10:56,27-07-2026 12:37,25-08-2026 10:55,13-08-2026 11:43,12-08-2026 15:35,,,,,,,,5
2286604.0,05-08-2026 10:56,30-07-2026 16:03,27-08-2026 15:57,13-08-2026 16:05,12-08-2026 10:56,,,,,,,,5
2286606.0,06-08-2026 10:56,27-07-2026 12:37,25-08-2026 10:55,13-08-2026 11:43,12-08-2026 15:35,,,,,,,,5
2286607.0,05-08-2026 10:56,30-07-2026 16:03,27-08-2026 15:57,13-08-2026 16:05,12-08-2026 10:56,,,,,,,,5
2286610.0,06-08-2026 10:56,27-07-2026 12:37,25-08-2026 10:55,13-08-2026 11:43,12-08-2026 15:35,,,,,,,,5
2286611.0,06-08-2026 10:56,27-07-2026 12:37,25-08-2026 10:55,13-08-2026 11:43,,,,,,,,,4
2286613.0,06-08-2026 10:56,,25-08-2026 10:55,13-08-2026 11:43,12-08-2026 15:35,,,,,,,,4
2286614.0,06-08-2026 11:43,,,17-08-2026 12:25,14-08-2026 16:05,,,,,,,,3
2286615.0,06-08-2026 10:56,27-07-2026 12:37,25-08-2026 10:55,13-08-2026 11:43,12-08-2026 15:35,,,,,,,,5
2286616.0,05-08-2026 16:05,31-07-2026 16:06,,17-08-2026 12:25,14-08-2026 16:05,,,,,,,,4
2286617.0,05-08-2026 16:05,31-07-2026 16:06,31-08-2026 12:23,17-08-2026 12:25,14-08-2026 16:05,,,,,,,,5
2286618.0,06-08-2026 10:56,27-07-2026 12:37,25-08-2026 10:55,13-08-2026 11:43,12-08-2026 15:35,,,,,,,,5
2286619.0,05-08-2026 16:05,31-07-2026 16:06,31-08-2026 12:23,17-08-2026 12:25,14-08-2026 16:05,,,,,,,,5
2286620.0,28-08-2026 13:28,27-07-2026 12:37,25-08-2026 10:55,13-08-2026 11:43,,,,,,,,,4
2286621.0,05-08-2026 16:05,31-07-2026 16:06,31-08-2026 12:23,17-08-2026 12:25,14-08-2026 16:05,,,,,,,,5
2286623.0,06-08-2026 10:56,27-07-2026 12:37,25-08-2026 10:55,13-08-2026 11:43,12-08-2026 15:35,,,,,,,,5
2286624.0,05-08-2026 16:05,31-07-2026 16:06,31-08-2026 12:23,17-08-2026 12:25,20-08-2026 11:48,,,,,,,,5
2286626.0,06-08-2026 10:56,27-07-2026 12:37,25-08-2026 10:55,13-08-2026 11:43,12-08-2026 15:35,,,,,,,,5
2286627.0,05-08-2026 16:05,31-07-2026 16:06,31-08-2026 12:23,17-08-2026 12:25,14-08-2026 16:05,,,,,,,,5
2286630.0,06-08-2026 10:56,,25-08-2026 10:55,13-08-2026 11:43,12-08-2026 15:35,,,,,,,,4
2286631.0,06-08-2026 10:56,27-07-2026 12:37,25-08-2026 10:55,13-08-2026 11:43,12-08-2026 15:35,,,,,,,,5
2286634.0,06-08-2026 10:56,27-07-2026 12:37,25-08-2026 10:55,,,,,,,,,,3
2286636.0,05-08-2026 16:05,31-07-2026 16:06,31-08-2026 12:23,17-08-2026 12:25,20-08-2026 11:48,,,,,,,,5
2286637.0,,,,,12-08-2026 15:35,,,,,,,,1
2286639.0,05-08-2026 16:05,31-07-2026 16:06,,17-08-2026 12:25,14-08-2026 16:05,,,,,,,,4
2286642.0,05-08-2026 16:05,31-07-2026 16:06,31-08-2026 12:23,17-08-2026 12:25,14-08-2026 16:05,,,,,,,,5
2286643.0,06-08-2026 10:56,27-07-2026 12:37,25-08-2026 10:55,13-08-2026 11:43,12-08-2026 15:35,,,,,,,,5
2286646.0,05-08-2026 16:05,31-07-2026 16:06,31-08-2026 12:23,17-08-2026 12:25,14-08-2026 16:05,,,,,,,,5
2286647.0,06-08-2026 10:56,27-07-2026 12:37,25-08-2026 10:55,13-08-2026 11:43,12-08-2026 15:35,,,,,,,,5
2286649.0,05-08-2026 16:05,31-07-2026 16:06,31-08-2026 12:23,17-08-2026 12:25,14-08-2026 16:05,,,,,,,,5
2286651.0,,27-07-2026 12:37,,,,,,,,,,,1
2286653.0,05-08-2026 16:05,,31-08-2026 12:23,20-08-2026 11:52,14-08-2026 16:05,,,,,,,,4
2286654.0,04-08-2026 13:58,31-07-2026 16:06,,19-08-2026 15:22,12-08-2026 10:56,,,,,,,,4
2286657.0,06-08-2026 10:56,27-07-2026 12:37,25-08-2026 10:55,13-08-2026 11:43,12-08-2026 15:35,,,,,,,,5
2286658.0,05-08-2026 16:05,31-07-2026 16:06,31-08-2026 12:23,20-08-2026 11:52,14-08-2026 16:05,,,,,,,,5
2286661.0,06-08-2026 10:56,27-07-2026 12:37,25-08-2026 10:55,13-08-2026 11:43,12-08-2026 15:35,,,,,,,,5
2286662.0,05-08-2026 16:05,31-07-2026 16:06,31-08-2026 12:23,17-08-2026 12:25,14-08-2026 16:05,,,,,,,,5
2286663.0,04-08-2026 13:58,31-07-2026 16:06,28-08-2026 15:56,19-08-2026 10:53,12-08-2026 10:56,,,,,,,,5
2286664.0,06-08-2026 10:56,27-07-2026 12:37,25-08-2026 10:55,13-08-2026 11:43,12-08-2026 15:35,,,,,,,,5
2286665.0,05-08-2026 16:05,31-07-2026 16:06,31-08-2026 12:23,17-08-2026 12:25,14-08-2026 16:05,,,,,,,,5
2286668.0,06-08-2026 11:43,31-07-2026 16:06,28-08-2026 15:56,19-08-2026 10:53,12-08-2026 10:56,,,,,,,,5
2286669.0,06-08-2026 10:56,27-07-2026 12:37,25-08-2026 10:55,13-08-2026 11:43,12-08-2026 15:35,,,,,,,,5
2286670.0,05-08-2026 16:05,31-07-2026 16:06,31-08-2026 12:23,20-08-2026 11:52,14-08-2026 16:05,,,,,,,,5
2286672.0,04-08-2026 13:58,31-07-2026 16:06,28-08-2026 15:56,19-08-2026 10:53,12-08-2026 10:56,,,,,,,,5
2286674.0,06-08-2026 10:56,27-07-2026 12:37,,,12-08-2026 15:35,,,,,,,,3
2286675.0,05-08-2026 16:05,31-07-2026 16:06,31-08-2026 12:23,17-08-2026 12:25,14-08-2026 16:05,,,,,,,,5
2286676.0,04-08-2026 13:58,31-07-2026 16:06,28-08-2026 15:56,19-08-2026 10:53,12-08-2026 10:56,,,,,,,,5
2286678.0,,27-07-2026 12:37,,13-08-2026 11:43,12-08-2026 15:35,,,,,,,,3
2286679.0,06-08-2026 11:03,31-07-2026 16:06,31-08-2026 12:23,17-08-2026 12:25,14-08-2026 16:05,,,,,,,,5
2286680.0,05-08-2026 10:56,,28-08-2026 15:56,19-08-2026 10:53,12-08-2026 10:56,,,,,,,,4
2286681.0,06-08-2026 10:56,27-07-2026 12:37,25-08-2026 10:55,,12-08-2026 15:35,,,,,,,,4
2286683.0,05-08-2026 16:05,31-07-2026 16:06,31-08-2026 12:23,17-08-2026 12:25,14-08-2026 16:05,,,,,,,,5
2286684.0,04-08-2026 13:58,31-07-2026 16:06,,19-08-2026 10:53,12-08-2026 10:56,,,,,,,,4
2286685.0,28-08-2026 15:36,24-07-2026 12:19,,27-08-2026 14:35,,,,,,,,,3
2286686.0,17-08-2026 12:28,24-07-2026 12:19,,27-08-2026 14:35,20-08-2026 14:23,,,,,,,,4
2286687.0,12-08-2026 12:23,17-08-2026 15:55,,28-08-2026 15:57,20-08-2026 10:56,,,,,,,,4
2286689.0,05-08-2026 16:05,31-07-2026 16:06,31-08-2026 12:23,17-08-2026 12:25,14-08-2026 16:05,,,,,,,,5
2286690.0,06-08-2026 10:56,27-07-2026 12:37,25-08-2026 10:55,13-08-2026 11:43,12-08-2026 15:35,,,,,,,,5
2286691.0,04-08-2026 13:58,31-07-2026 16:06,28-08-2026 15:56,19-08-2026 10:53,12-08-2026 10:56,,,,,,,,5
2286692.0,05-08-2026 16:05,31-07-2026 16:06,31-08-2026 12:23,17-08-2026 12:25,14-08-2026 16:05,,,,,,,,5
2286693.0,06-08-2026 10:56,27-07-2026 12:37,25-08-2026 10:55,13-08-2026 11:43,12-08-2026 15:35,,,,,,,,5
2286695.0,06-08-2026 10:56,27-07-2026 12:37,25-08-2026 10:55,13-08-2026 11:43,12-08-2026 15:35,,,,,,,,5
2286697.0,28-08-2026 13:28,27-07-2026 12:37,25-08-2026 10:55,13-08-2026 11:43,,,,,,,,,4
2286698.0,13-08-2026 10:48,23-07-2026 10:26,,27-08-2026 15:20,20-08-2026 10:32,,,,,,,,4
2286699.0,06-08-2026 11:43,31-07-2026 16:06,28-08-2026 15:56,19-08-2026 10:53,17-08-2026 12:34,,,,,,,,5
2286702.0,04-08-2026 13:58,31-07-2026 16:06,28-08-2026 15:56,19-08-2026 10:53,12-08-2026 10:56,,,,,,,,5
2286703.0,06-08-2026 10:56,27-07-2026 12:37,25-08-2026 10:55,13-08-2026 11:43,12-08-2026 15:35,,,,,,,,5
2286705.0,13-08-2026 10:48,23-07-2026 10:26,,27-08-2026 15:20,20-08-2026 10:32,,,,,,,,4
2286706.0,06-08-2026 11:43,31-07-2026 16:06,28-08-2026 15:56,19-08-2026 10:53,12-08-2026 10:56,,,,,,,,5
2286707.0,06-08-2026 10:56,27-07-2026 12:37,25-08-2026 10:55,13-08-2026 11:43,12-08-2026 15:35,,,,,,,,5
2286708.0,06-08-2026 10:56,27-07-2026 12:37,25-08-2026 10:55,13-08-2026 11:43,12-08-2026 15:35,,,,,,,,5
2286709.0,04-08-2026 13:58,31-07-2026 16:06,28-08-2026 15:56,20-08-2026 11:52,12-08-2026 10:56,,,,,,,,5
2286710.0,06-08-2026 10:56,27-07-2026 12:37,25-08-2026 10:55,13-08-2026 11:43,12-08-2026 15:35,,,,,,,,5
2286712.0,13-08-2026 10:48,23-07-2026 10:26,,27-08-2026 15:20,20-08-2026 10:32,,,,,,,,4
2286713.0,04-08-2026 13:58,31-07-2026 16:06,28-08-2026 15:56,19-08-2026 10:53,12-08-2026 10:56,,,,,,,,5
2286714.0,06-08-2026 11:43,31-07-2026 16:06,,20-08-2026 11:52,12-08-2026 10:56,,,,,,,,4
2286716.0,06-08-2026 10:56,27-07-2026 12:37,25-08-2026 10:55,13-08-2026 11:43,12-08-2026 15:35,,,,,,,,5
2286717.0,04-08-2026 13:58,31-07-2026 16:06,28-08-2026 15:56,19-08-2026 10:53,12-08-2026 10:56,,,,,,,,5
2286719.0,13-08-2026 10:48,23-07-2026 10:26,,27-08-2026 15:20,20-08-2026 10:32,,,,,,,,4
2286720.0,04-08-2026 13:58,31-07-2026 16:06,28-08-2026 15:56,19-08-2026 10:53,12-08-2026 10:56,,,,,,,,5
2286722.0,04-08-2026 13:58,31-07-2026 16:06,28-08-2026 15:56,,12-08-2026 10:56,,,,,,,,4
2286724.0,13-08-2026 10:48,23-07-2026 10:26,,28-08-2026 15:57,20-08-2026 10:32,,,,,,,,4
2286726.0,06-08-2026 11:39,30-07-2026 16:09,27-08-2026 16:02,13-08-2026 16:04,12-08-2026 11:09,,,,,,,,5
2286727.0,13-08-2026 10:48,23-07-2026 10:26,,27-08-2026 15:20,20-08-2026 10:32,,,,,,,,4
2286732.0,05-08-2026 10:58,30-07-2026 16:09,,13-08-2026 16:04,12-08-2026 11:09,,,,,,,,4
2286736.0,04-08-2026 13:58,31-07-2026 16:06,28-08-2026 15:56,19-08-2026 10:53,12-08-2026 10:56,,,,,,,,5
2286737.0,05-08-2026 10:58,30-07-2026 16:09,27-08-2026 16:02,13-08-2026 16:04,12-08-2026 11:09,,,,,,,,5
2286739.0,04-08-2026 13:58,31-07-2026 16:06,28-08-2026 15:56,19-08-2026 10:53,12-08-2026 10:56,,,,,,,,5
2286740.0,04-08-2026 13:58,31-07-2026 16:06,,19-08-2026 10:53,12-08-2026 10:56,,,,,,,,4
2286741.0,05-08-2026 10:58,30-07-2026 16:09,27-08-2026 16:02,13-08-2026 16:04,12-08-2026 11:09,,,,,,,,5
2286742.0,04-08-2026 13:58,,28-08-2026 15:56,19-08-2026 10:53,12-08-2026 10:56,,,,,,,,4
2286743.0,05-08-2026 10:58,30-07-2026 16:09,27-08-2026 16:02,13-08-2026 16:04,12-08-2026 11:09,,,,,,,,5
2286745.0,05-08-2026 10:58,30-07-2026 16:09,27-08-2026 16:02,13-08-2026 16:04,12-08-2026 11:09,,,,,,,,5
2286748.0,05-08-2026 10:58,30-07-2026 16:09,27-08-2026 16:02,13-08-2026 16:04,12-08-2026 11:09,,,,,,,,5
2286750.0,04-08-2026 13:56,31-07-2026 16:07,28-08-2026 15:58,19-08-2026 11:00,,,,,,,,,4
2286751.0,05-08-2026 10:58,30-07-2026 16:09,27-08-2026 16:02,13-08-2026 16:04,12-08-2026 11:09,,,,,,,,5
2286753.0,06-08-2026 11:43,30-07-2026 15:23,28-08-2026 14:35,13-08-2026 15:24,12-08-2026 15:28,,,,,,,,5
2286755.0,04-08-2026 13:56,31-07-2026 16:07,28-08-2026 15:58,,,,,,,,,,3
2286756.0,05-08-2026 15:29,30-07-2026 15:23,28-08-2026 14:35,13-08-2026 15:24,12-08-2026 15:28,,,,,,,,5
2286757.0,05-08-2026 10:58,30-07-2026 16:09,27-08-2026 16:02,13-08-2026 16:04,12-08-2026 11:09,,,,,,,,5
2286759.0,04-08-2026 13:56,31-07-2026 16:07,28-08-2026 15:58,19-08-2026 11:00,,,,,,,,,4
2286761.0,05-08-2026 15:29,30-07-2026 15:23,28-08-2026 14:35,13-08-2026 15:24,12-08-2026 15:28,,,,,,,,5
2286762.0,05-08-2026 10:58,30-07-2026 16:09,27-08-2026 16:02,13-08-2026 16:04,12-08-2026 11:09,,,,,,,,5
2286763.0,06-08-2026 11:39,,,,,,,,,,,,1
2286765.0,05-08-2026 15:29,30-07-2026 15:23,28-08-2026 14:35,13-08-2026 15:24,12-08-2026 15:28,,,,,,,,5
2286767.0,05-08-2026 10:58,30-07-2026 16:09,27-08-2026 16:02,13-08-2026 16:04,12-08-2026 11:09,,,,,,,,5
2286768.0,04-08-2026 13:56,31-07-2026 16:07,,19-08-2026 11:00,,,,,,,,,3
2286769.0,05-08-2026 15:29,30-07-2026 15:23,28-08-2026 14:35,13-08-2026 15:24,12-08-2026 15:28,,,,,,,,5
2286771.0,04-08-2026 13:56,31-07-2026 16:07,28-08-2026 15:58,19-08-2026 11:00,,,,,,,,,4
2286772.0,05-08-2026 10:58,30-07-2026 16:09,27-08-2026 16:02,13-08-2026 16:04,12-08-2026 11:09,,,,,,,,5
2286774.0,04-08-2026 13:56,31-07-2026 16:07,28-08-2026 15:58,19-08-2026 11:00,,,,,,,,,4
2286775.0,05-08-2026 15:29,30-07-2026 15:23,28-08-2026 14:35,13-08-2026 15:24,12-08-2026 15:28,,,,,,,,5
2286776.0,04-08-2026 13:56,31-07-2026 16:07,28-08-2026 15:58,19-08-2026 11:00,,,,,,,,,4
2286778.0,04-08-2026 13:56,31-07-2026 16:07,28-08-2026 15:58,19-08-2026 11:00,,,,,,,,,4
2286780.0,05-08-2026 15:29,30-07-2026 15:23,28-08-2026 14:35,13-08-2026 15:24,12-08-2026 15:28,,,,,,,,5
2286781.0,06-08-2026 11:02,31-07-2026 16:07,,17-08-2026 12:30,14-08-2026 16:26,31-08-2026 12:25,,,,,,,5
2286782.0,04-08-2026 13:56,31-07-2026 16:07,,19-08-2026 11:00,,,,,,,,,3
2286783.0,05-08-2026 16:04,31-07-2026 16:07,,17-08-2026 12:30,14-08-2026 16:26,31-08-2026 12:25,,,,,,,5
2286784.0,05-08-2026 15:29,30-07-2026 15:23,28-08-2026 14:35,13-08-2026 15:24,12-08-2026 15:28,,,,,,,,5
2286786.0,04-08-2026 13:56,,28-08-2026 15:58,19-08-2026 11:00,,,,,,,,,3
2286787.0,05-08-2026 15:29,30-07-2026 15:23,28-08-2026 14:35,13-08-2026 15:24,12-08-2026 15:28,,,,,,,,5
2286788.0,05-08-2026 16:04,31-07-2026 16:07,,17-08-2026 12:30,14-08-2026 16:26,31-08-2026 12:25,,,,,,,5
2286789.0,05-08-2026 10:58,31-07-2026 16:07,28-08-2026 15:58,19-08-2026 11:00,,,,,,,,,4
2286790.0,05-08-2026 15:29,30-07-2026 15:23,,13-08-2026 15:24,12-08-2026 15:28,,,,,,,,4
2286792.0,06-08-2026 11:02,31-07-2026 16:07,,19-08-2026 11:00,14-08-2026 16:26,31-08-2026 12:25,,,,,,,5
2286793.0,04-08-2026 13:56,,,19-08-2026 11:00,,,,,,,,,2
2286794.0,06-08-2026 11:43,30-07-2026 15:23,28-08-2026 14:35,13-08-2026 15:24,12-08-2026 15:28,,,,,,,,5
2286795.0,05-08-2026 15:29,30-07-2026 15:23,28-08-2026 14:35,13-08-2026 15:24,12-08-2026 15:28,,,,,,,,5
2286796.0,04-08-2026 13:56,31-07-2026 16:07,28-08-2026 15:58,19-08-2026 11:00,14-08-2026 16:26,,,,,,,,5
2286797.0,05-08-2026 16:04,31-07-2026 16:07,,17-08-2026 12:30,14-08-2026 16:26,31-08-2026 12:25,,,,,,,5
2286798.0,06-08-2026 11:43,30-07-2026 15:23,28-08-2026 14:35,20-08-2026 11:52,12-08-2026 15:28,,,,,,,,5
2286799.0,04-08-2026 13:56,31-07-2026 16:07,,,,,,,,,,,2
2286800.0,04-08-2026 13:56,31-07-2026 16:07,28-08-2026 15:58,19-08-2026 11:00,,,,,,,,,4
2286801.0,05-08-2026 16:04,31-07-2026 16:07,,19-08-2026 11:00,14-08-2026 16:26,31-08-2026 12:25,,,,,,,5
2286802.0,05-08-2026 15:29,30-07-2026 15:23,28-08-2026 14:35,13-08-2026 15:24,12-08-2026 15:28,,,,,,,,5
2286803.0,04-08-2026 13:56,31-07-2026 16:07,28-08-2026 15:58,19-08-2026 11:00,,,,,,,,,4
2286805.0,05-08-2026 15:29,30-07-2026 15:23,,13-08-2026 15:24,12-08-2026 15:28,,,,,,,,4
2286806.0,05-08-2026 16:04,31-07-2026 16:07,,17-08-2026 12:30,14-08-2026 16:26,31-08-2026 12:25,,,,,,,5
2286807.0,05-08-2026 15:29,30-07-2026 15:23,28-08-2026 14:35,13-08-2026 15:24,12-08-2026 15:28,,,,,,,,5
2286808.0,04-08-2026 13:56,31-07-2026 16:07,28-08-2026 15:58,19-08-2026 11:00,,,,,,,,,4
2286809.0,05-08-2026 15:29,30-07-2026 15:23,28-08-2026 14:35,13-08-2026 15:24,12-08-2026 15:28,,,,,,,,5
2286811.0,05-08-2026 10:58,,28-08-2026 15:58,19-08-2026 11:00,,,,,,,,,3
2286812.0,05-08-2026 16:04,31-07-2026 16:07,,17-08-2026 12:30,14-08-2026 16:26,31-08-2026 12:25,,,,,,,5
2286813.0,04-08-2026 13:56,31-07-2026 16:07,28-08-2026 15:58,19-08-2026 11:00,,,,,,,,,4
2286814.0,05-08-2026 15:29,30-07-2026 15:23,28-08-2026 14:35,13-08-2026 15:24,12-08-2026 15:28,,,,,,,,5
2286815.0,,31-07-2026 16:07,,,14-08-2026 16:26,31-08-2026 12:25,,,,,,,3
2286816.0,05-08-2026 15:29,30-07-2026 15:23,28-08-2026 14:35,13-08-2026 15:24,12-08-2026 15:28,,,,,,,,5
2286817.0,04-08-2026 13:56,31-07-2026 16:07,28-08-2026 15:58,19-08-2026 11:00,,,,,,,,,4
2286818.0,05-08-2026 16:04,31-07-2026 16:07,,17-08-2026 12:30,14-08-2026 16:26,31-08-2026 12:25,,,,,,,5
2286819.0,05-08-2026 15:29,,,13-08-2026 15:24,12-08-2026 15:28,,,,,,,,3
2286820.0,04-08-2026 13:56,,28-08-2026 15:58,19-08-2026 11:00,,,,,,,,,3
2286822.0,05-08-2026 15:29,30-07-2026 15:23,28-08-2026 14:35,13-08-2026 15:24,17-08-2026 12:34,,,,,,,,5
2286823.0,05-08-2026 16:04,31-07-2026 16:07,,17-08-2026 12:30,14-08-2026 16:26,31-08-2026 12:25,,,,,,,5
2286824.0,05-08-2026 15:29,30-07-2026 15:23,28-08-2026 14:35,13-08-2026 15:24,12-08-2026 15:28,,,,,,,,5
2286825.0,,,,17-08-2026 12:30,14-08-2026 16:26,31-08-2026 12:25,,,,,,,3
2286827.0,,31-07-2026 16:07,,,,,,,,,,,1
2286828.0,05-08-2026 16:04,31-07-2026 16:07,,17-08-2026 12:30,14-08-2026 16:26,31-08-2026 12:25,,,,,,,5
2286829.0,06-08-2026 11:03,27-07-2026 12:24,24-08-2026 12:24,13-08-2026 10:46,10-08-2026 12:25,,,,,,,,5
2286830.0,06-08-2026 11:03,27-07-2026 12:24,24-08-2026 12:24,13-08-2026 10:46,10-08-2026 12:25,,,,,,,,5
2286831.0,06-08-2026 11:02,31-07-2026 16:07,,17-08-2026 12:30,14-08-2026 16:26,31-08-2026 12:25,,,,,,,5
2286833.0,,27-07-2026 12:24,,13-08-2026 10:46,10-08-2026 12:25,,,,,,,,3
2286834.0,05-08-2026 16:04,31-07-2026 16:07,,17-08-2026 12:30,14-08-2026 16:26,31-08-2026 12:25,,,,,,,5
2286835.0,06-08-2026 11:03,27-07-2026 12:24,24-08-2026 12:24,13-08-2026 10:46,10-08-2026 12:25,,,,,,,,5
2286836.0,06-08-2026 11:02,31-07-2026 16:07,,17-08-2026 12:30,,31-08-2026 12:25,,,,,,,4
2286837.0,06-08-2026 11:03,27-07-2026 12:24,24-08-2026 12:24,20-08-2026 11:52,10-08-2026 12:25,,,,,,,,5
2286839.0,06-08-2026 11:03,27-07-2026 12:24,,13-08-2026 10:46,10-08-2026 12:25,,,,,,,,4
2286840.0,06-08-2026 11:02,31-07-2026 16:07,,17-08-2026 12:30,14-08-2026 16:26,31-08-2026 12:25,,,,,,,5
2286842.0,06-08-2026 11:03,27-07-2026 12:24,,13-08-2026 10:46,10-08-2026 12:25,,,,,,,,4
2286844.0,06-08-2026 11:02,31-07-2026 16:07,,17-08-2026 12:30,14-08-2026 16:26,,,,,,,,4
2286845.0,06-08-2026 11:03,27-07-2026 12:24,24-08-2026 12:24,13-08-2026 10:46,10-08-2026 12:25,,,,,,,,5
2286847.0,05-08-2026 16:04,31-07-2026 16:07,,,,31-08-2026 12:25,,,,,,,3
2286848.0,06-08-2026 11:03,27-07-2026 12:24,24-08-2026 12:24,13-08-2026 10:46,10-08-2026 12:25,,,,,,,,5
2286850.0,06-08-2026 11:03,,24-08-2026 12:24,13-08-2026 10:46,10-08-2026 12:25,,,,,,,,4
2286852.0,05-08-2026 16:04,31-07-2026 16:07,,17-08-2026 12:30,14-08-2026 16:26,31-08-2026 12:25,,,,,,,5
2286853.0,06-08-2026 11:03,27-07-2026 12:24,24-08-2026 12:24,13-08-2026 10:46,10-08-2026 12:25,,,,,,,,5
2286855.0,05-08-2026 16:04,31-07-2026 16:07,,17-08-2026 12:30,14-08-2026 16:26,31-08-2026 12:25,,,,,,,5
2286857.0,06-08-2026 11:03,27-07-2026 12:24,,13-08-2026 10:46,10-08-2026 12:25,,,,,,,,4
2286859.0,,27-07-2026 12:24,24-08-2026 12:24,13-08-2026 10:46,10-08-2026 12:25,,,,,,,,4
2286860.0,06-08-2026 11:03,,27-08-2026 15:57,13-08-2026 16:05,12-08-2026 10:56,,,,,,,,4
2286862.0,06-08-2026 11:03,27-07-2026 12:24,,13-08-2026 10:46,10-08-2026 12:25,,,,,,,,4
2286863.0,06-08-2026 11:03,27-07-2026 12:24,24-08-2026 12:24,13-08-2026 10:46,10-08-2026 12:25,,,,,,,,5
2286864.0,06-08-2026 11:03,27-07-2026 12:24,24-08-2026 12:24,13-08-2026 10:46,10-08-2026 12:25,,,,,,,,5
2286865.0,05-08-2026 15:30,30-07-2026 15:27,28-08-2026 14:33,13-08-2026 15:24,12-08-2026 15:27,,,,,,,,5
2286867.0,06-08-2026 11:03,,,13-08-2026 10:46,10-08-2026 12:25,,,,,,,,3
2286868.0,05-08-2026 15:30,30-07-2026 15:27,28-08-2026 14:33,13-08-2026 15:24,12-08-2026 15:27,,,,,,,,5
2286869.0,06-08-2026 11:03,27-07-2026 12:24,24-08-2026 12:24,13-08-2026 10:46,10-08-2026 12:25,,,,,,,,5
2286870.0,06-08-2026 11:02,30-07-2026 15:27,28-08-2026 14:33,13-08-2026 15:24,12-08-2026 15:27,,,,,,,,5
2286871.0,06-08-2026 11:03,27-07-2026 12:24,24-08-2026 12:24,20-08-2026 11:52,10-08-2026 12:25,,,,,,,,5
2286872.0,,27-07-2026 12:24,24-08-2026 12:24,13-08-2026 10:46,10-08-2026 12:25,,,,,,,,4
2286873.0,05-08-2026 15:30,30-07-2026 15:27,28-08-2026 14:33,13-08-2026 15:24,12-08-2026 15:27,,,,,,,,5
2286874.0,,27-07-2026 12:24,,20-08-2026 11:52,10-08-2026 12:25,,,,,,,,3
2286875.0,05-08-2026 15:30,30-07-2026 15:27,28-08-2026 14:33,13-08-2026 15:24,12-08-2026 15:27,,,,,,,,5
2286876.0,05-08-2026 15:30,30-07-2026 15:27,28-08-2026 14:33,20-08-2026 11:53,12-08-2026 15:27,,,,,,,,5
2286877.0,05-08-2026 15:30,30-07-2026 15:27,,13-08-2026 15:24,12-08-2026 15:27,,,,,,,,4
2286879.0,05-08-2026 15:30,30-07-2026 15:27,,13-08-2026 15:24,12-08-2026 15:27,,,,,,,,4
2286880.0,05-08-2026 15:30,30-07-2026 15:27,28-08-2026 14:33,13-08-2026 15:24,12-08-2026 15:27,,,,,,,,5
2286882.0,05-08-2026 15:30,30-07-2026 15:27,28-08-2026 14:33,13-08-2026 15:24,12-08-2026 15:27,,,,,,,,5
2286885.0,05-08-2026 15:30,30-07-2026 15:27,28-08-2026 14:33,13-08-2026 15:24,12-08-2026 15:27,,,,,,,,5
2286886.0,05-08-2026 15:30,30-07-2026 15:27,28-08-2026 14:33,13-08-2026 15:24,,,,,,,,,4
2286888.0,05-08-2026 15:30,30-07-2026 15:27,28-08-2026 14:33,13-08-2026 15:24,12-08-2026 15:27,,,,,,,,5
2286891.0,05-08-2026 15:30,30-07-2026 15:27,28-08-2026 14:33,13-08-2026 15:24,12-08-2026 15:27,,,,,,,,5
2286892.0,05-08-2026 15:30,30-07-2026 15:27,28-08-2026 14:33,13-08-2026 15:24,12-08-2026 15:27,,,,,,,,5
2286893.0,05-08-2026 15:30,30-07-2026 15:27,28-08-2026 14:33,13-08-2026 15:24,12-08-2026 15:27,,,,,,,,5
2286894.0,05-08-2026 15:30,30-07-2026 15:27,,13-08-2026 15:24,12-08-2026 15:27,,,,,,,,4
2286895.0,05-08-2026 15:30,30-07-2026 15:27,28-08-2026 14:33,13-08-2026 15:24,12-08-2026 15:27,,,,,,,,5
2286896.0,05-08-2026 15:30,30-07-2026 15:27,,13-08-2026 15:24,12-08-2026 15:27,,,,,,,,4
2286897.0,05-08-2026 15:30,30-07-2026 15:27,28-08-2026 14:33,13-08-2026 15:24,12-08-2026 15:27,,,,,,,,5
2286898.0,,30-07-2026 15:27,,13-08-2026 15:24,,,,,,,,,2
2286899.0,05-08-2026 15:30,30-07-2026 15:27,28-08-2026 14:33,13-08-2026 15:24,12-08-2026 15:27,,,,,,,,5
2286963.0,06-08-2026 12:31,31-07-2026 11:01,27-08-2026 12:19,20-08-2026 12:24,11-08-2026 10:58,,,,,,,,5
2286966.0,06-08-2026 12:31,31-07-2026 11:01,27-08-2026 12:19,20-08-2026 12:24,11-08-2026 10:58,,,,,,,,5
2286968.0,06-08-2026 12:31,31-07-2026 11:01,27-08-2026 12:19,20-08-2026 12:24,11-08-2026 10:58,,,,,,,,5
2286969.0,06-08-2026 12:31,31-07-2026 11:01,27-08-2026 12:19,20-08-2026 12:24,11-08-2026 10:58,,,,,,,,5
2286971.0,06-08-2026 12:31,31-07-2026 11:01,27-08-2026 12:19,20-08-2026 12:24,11-08-2026 10:58,,,,,,,,5
2286972.0,06-08-2026 12:31,31-07-2026 11:01,27-08-2026 12:19,20-08-2026 12:24,11-08-2026 10:58,,,,,,,,5
2286977.0,06-08-2026 12:31,31-07-2026 11:01,27-08-2026 12:19,20-08-2026 12:24,11-08-2026 10:58,,,,,,,,5
2286978.0,06-08-2026 12:31,,27-08-2026 12:19,20-08-2026 12:24,11-08-2026 10:58,,,,,,,,4
2286981.0,06-08-2026 12:31,31-07-2026 11:01,,20-08-2026 12:24,11-08-2026 10:58,,,,,,,,4
2286985.0,06-08-2026 12:31,,,20-08-2026 12:24,11-08-2026 10:58,,,,,,,,3
2286987.0,06-08-2026 12:31,31-07-2026 11:01,27-08-2026 12:19,20-08-2026 12:24,11-08-2026 10:58,,,,,,,,5
2286988.0,06-08-2026 12:31,,27-08-2026 12:19,20-08-2026 12:24,11-08-2026 10:58,,,,,,,,4
2286991.0,06-08-2026 12:31,31-07-2026 11:01,27-08-2026 12:19,20-08-2026 12:24,11-08-2026 10:58,,,,,,,,5
2286997.0,06-08-2026 12:31,,27-08-2026 12:19,20-08-2026 12:24,11-08-2026 10:58,,,,,,,,4
2287001.0,06-08-2026 12:31,31-07-2026 11:01,27-08-2026 12:19,20-08-2026 12:24,11-08-2026 10:58,,,,,,,,5
2287004.0,06-08-2026 12:31,31-07-2026 11:01,27-08-2026 12:19,20-08-2026 12:24,11-08-2026 10:58,,,,,,,,5
2287008.0,06-08-2026 12:31,31-07-2026 11:01,27-08-2026 12:19,20-08-2026 12:24,11-08-2026 10:58,,,,,,,,5
2287011.0,,31-07-2026 11:01,27-08-2026 12:19,20-08-2026 12:24,11-08-2026 10:58,,,,,,,,4
2287015.0,06-08-2026 12:31,,27-08-2026 12:19,20-08-2026 12:24,11-08-2026 10:58,,,,,,,,4
2287019.0,06-08-2026 12:31,31-07-2026 11:01,27-08-2026 12:19,20-08-2026 12:24,11-08-2026 10:58,,,,,,,,5
2287023.0,,31-07-2026 11:01,27-08-2026 12:19,20-08-2026 12:24,11-08-2026 10:58,,,,,,,,4
2287058.0,04-08-2026 14:42,,,18-08-2026 14:37,14-08-2026 15:25,,,,,,,,3
2287064.0,,31-07-2026 15:27,,18-08-2026 14:37,14-08-2026 15:25,,,,,,,,3
2287066.0,06-08-2026 11:43,,,18-08-2026 14:37,17-08-2026 12:34,,,,,,,,3
2287069.0,04-08-2026 14:42,31-07-2026 15:27,,18-08-2026 14:37,14-08-2026 15:25,,,,,,,,4
2287074.0,06-08-2026 11:43,31-07-2026 15:27,,18-08-2026 14:37,14-08-2026 15:25,,,,,,,,4
2287076.0,04-08-2026 14:42,31-07-2026 15:27,,18-08-2026 14:37,14-08-2026 15:25,,,,,,,,4
2287078.0,04-08-2026 14:42,31-07-2026 15:27,,18-08-2026 14:37,20-08-2026 11:48,,,,,,,,4
2287080.0,04-08-2026 14:42,31-07-2026 15:27,,18-08-2026 14:37,14-08-2026 15:25,,,,,,,,4
2287081.0,04-08-2026 14:42,,,,20-08-2026 11:48,,,,,,,,2
2287082.0,06-08-2026 11:02,27-07-2026 12:29,,13-08-2026 10:59,10-08-2026 12:25,24-08-2026 12:27,,,,,,,5
2287086.0,04-08-2026 14:42,31-07-2026 15:27,,18-08-2026 14:37,14-08-2026 15:25,,,,,,,,4
2287087.0,06-08-2026 11:02,27-07-2026 12:29,,13-08-2026 10:59,10-08-2026 12:25,,,,,,,,4
2287088.0,06-08-2026 11:43,31-07-2026 15:27,,18-08-2026 14:37,14-08-2026 15:25,,,,,,,,4
2287090.0,06-08-2026 11:02,,,13-08-2026 10:59,20-08-2026 11:48,24-08-2026 12:27,,,,,,,4
2287091.0,04-08-2026 14:42,31-07-2026 15:27,,18-08-2026 14:37,14-08-2026 15:25,,,,,,,,4
2287093.0,06-08-2026 11:02,27-07-2026 12:29,,13-08-2026 10:59,10-08-2026 12:25,24-08-2026 12:27,,,,,,,5
2287094.0,04-08-2026 14:42,31-07-2026 15:27,,18-08-2026 14:37,14-08-2026 15:25,,,,,,,,4
2287096.0,06-08-2026 11:02,27-07-2026 12:29,,13-08-2026 10:59,10-08-2026 12:25,24-08-2026 12:27,,,,,,,5
2287097.0,04-08-2026 14:42,31-07-2026 15:27,,18-08-2026 14:37,14-08-2026 15:25,,,,,,,,4
2287099.0,04-08-2026 14:42,31-07-2026 15:27,,18-08-2026 14:37,14-08-2026 15:25,,,,,,,,4
2287100.0,06-08-2026 11:02,27-07-2026 12:29,,13-08-2026 10:59,10-08-2026 12:25,24-08-2026 12:27,,,,,,,5
2287101.0,04-08-2026 14:42,,,18-08-2026 14:37,14-08-2026 15:25,,,,,,,,3
2287102.0,06-08-2026 11:02,27-07-2026 12:29,,13-08-2026 10:59,10-08-2026 12:25,,,,,,,,4
2287104.0,06-08-2026 11:02,27-07-2026 12:29,,13-08-2026 10:59,10-08-2026 12:25,24-08-2026 12:27,,,,,,,5
2287105.0,04-08-2026 14:42,,,18-08-2026 14:37,14-08-2026 15:25,,,,,,,,3
2287110.0,06-08-2026 11:02,27-07-2026 12:29,,13-08-2026 10:59,10-08-2026 12:25,24-08-2026 12:27,,,,,,,5
2287111.0,04-08-2026 14:42,31-07-2026 15:27,,18-08-2026 14:37,14-08-2026 15:25,,,,,,,,4
2287112.0,04-08-2026 14:42,31-07-2026 15:27,,18-08-2026 14:37,14-08-2026 15:25,,,,,,,,4
2287115.0,06-08-2026 11:02,27-07-2026 12:29,,13-08-2026 10:59,10-08-2026 12:25,24-08-2026 12:27,,,,,,,5
2287117.0,04-08-2026 14:42,31-07-2026 15:27,,18-08-2026 14:37,14-08-2026 15:25,,,,,,,,4
2287118.0,06-08-2026 11:02,27-07-2026 12:29,,13-08-2026 10:59,10-08-2026 12:25,24-08-2026 12:27,,,,,,,5
2287119.0,04-08-2026 14:42,31-07-2026 15:27,,18-08-2026 14:37,14-08-2026 15:25,,,,,,,,4
2287122.0,04-08-2026 14:42,31-07-2026 15:27,,18-08-2026 14:37,17-08-2026 12:34,,,,,,,,4
2287123.0,06-08-2026 11:02,27-07-2026 12:29,,13-08-2026 10:59,10-08-2026 12:25,,,,,,,,4
2287124.0,04-08-2026 14:42,31-07-2026 15:27,,18-08-2026 14:37,14-08-2026 15:25,,,,,,,,4
2287126.0,06-08-2026 11:02,27-07-2026 12:29,,13-08-2026 10:59,17-08-2026 12:37,24-08-2026 12:27,,,,,,,5
2287128.0,06-08-2026 11:02,27-07-2026 12:29,,13-08-2026 10:59,17-08-2026 12:37,,,,,,,,4
2287132.0,06-08-2026 11:02,27-07-2026 12:29,,13-08-2026 10:59,10-08-2026 12:25,24-08-2026 12:27,,,,,,,5
2287134.0,06-08-2026 11:02,27-07-2026 12:29,,13-08-2026 10:59,10-08-2026 12:25,,,,,,,,4
2287138.0,06-08-2026 11:02,27-07-2026 12:29,,13-08-2026 10:59,10-08-2026 12:25,24-08-2026 12:27,,,,,,,5
2287146.0,04-08-2026 14:42,27-07-2026 16:00,,18-08-2026 14:37,12-08-2026 16:01,,,,,,,,4
2287151.0,04-08-2026 14:42,27-07-2026 16:00,27-08-2026 15:28,18-08-2026 14:37,12-08-2026 16:01,,,,,,,,5
2287154.0,04-08-2026 14:42,27-07-2026 16:00,27-08-2026 15:28,20-08-2026 11:52,12-08-2026 16:01,,,,,,,,5
2287160.0,06-08-2026 11:02,27-07-2026 12:29,,13-08-2026 10:59,20-08-2026 11:48,24-08-2026 12:27,,,,,,,5
2287163.0,04-08-2026 14:42,27-07-2026 16:00,27-08-2026 15:28,18-08-2026 14:37,12-08-2026 16:01,,,,,,,,5
2287165.0,06-08-2026 11:02,,,13-08-2026 10:59,20-08-2026 11:48,24-08-2026 12:27,,,,,,,4
2287167.0,04-08-2026 14:42,,27-08-2026 15:28,18-08-2026 14:37,12-08-2026 16:01,,,,,,,,4
2287170.0,04-08-2026 14:42,27-07-2026 16:00,27-08-2026 15:28,18-08-2026 14:37,12-08-2026 16:01,,,,,,,,5
2287171.0,04-08-2026 14:42,27-07-2026 16:00,,18-08-2026 14:37,12-08-2026 16:01,,,,,,,,4
2287172.0,06-08-2026 11:02,27-07-2026 12:29,,13-08-2026 10:59,10-08-2026 12:25,24-08-2026 12:27,,,,,,,5
2287174.0,04-08-2026 14:42,27-07-2026 16:00,27-08-2026 15:28,18-08-2026 14:37,12-08-2026 16:01,,,,,,,,5
2287176.0,,,,,20-08-2026 11:48,24-08-2026 12:27,,,,,,,2
2287177.0,06-08-2026 11:02,27-07-2026 12:29,,13-08-2026 10:59,10-08-2026 12:25,24-08-2026 12:27,,,,,,,5
2287178.0,04-08-2026 14:42,30-07-2026 15:23,27-08-2026 15:28,18-08-2026 14:37,12-08-2026 16:01,,,,,,,,5
2287179.0,04-08-2026 14:42,27-07-2026 16:00,27-08-2026 15:28,18-08-2026 14:37,17-08-2026 12:34,,,,,,,,5
2287181.0,06-08-2026 11:43,27-07-2026 16:00,27-08-2026 15:28,18-08-2026 14:37,12-08-2026 16:01,,,,,,,,5
2287183.0,04-08-2026 14:42,27-07-2026 16:00,,18-08-2026 14:37,12-08-2026 16:01,,,,,,,,4
2287185.0,04-08-2026 14:42,27-07-2026 16:00,27-08-2026 15:28,20-08-2026 11:52,12-08-2026 16:01,,,,,,,,5
2287186.0,04-08-2026 14:42,27-07-2026 16:00,27-08-2026 15:28,18-08-2026 14:37,12-08-2026 16:01,,,,,,,,5
2287188.0,04-08-2026 14:42,27-07-2026 16:00,27-08-2026 15:28,18-08-2026 14:37,12-08-2026 16:01,,,,,,,,5
2287189.0,04-08-2026 14:42,27-07-2026 16:00,27-08-2026 15:28,18-08-2026 14:37,12-08-2026 16:01,,,,,,,,5
2287190.0,04-08-2026 14:44,31-07-2026 15:26,,18-08-2026 14:34,14-08-2026 15:29,,,,,,,,4
2287191.0,04-08-2026 14:42,27-07-2026 16:00,,18-08-2026 14:37,17-08-2026 12:34,,,,,,,,4
2287193.0,04-08-2026 14:44,31-07-2026 15:26,,18-08-2026 14:34,14-08-2026 15:29,,,,,,,,4
2287195.0,04-08-2026 14:42,27-07-2026 16:00,27-08-2026 15:28,,12-08-2026 16:01,,,,,,,,4
2287196.0,04-08-2026 14:42,27-07-2026 16:00,27-08-2026 15:28,18-08-2026 14:37,12-08-2026 16:01,,,,,,,,5
2287197.0,04-08-2026 14:44,31-07-2026 15:26,,18-08-2026 14:34,14-08-2026 15:29,,,,,,,,4
2287198.0,13-08-2026 13:56,23-07-2026 13:46,27-08-2026 14:04,20-08-2026 13:57,19-08-2026 14:51,,,,,,,,5
2287200.0,04-08-2026 14:42,27-07-2026 16:00,27-08-2026 15:28,18-08-2026 14:37,12-08-2026 16:01,,,,,,,,5
2287202.0,13-08-2026 13:56,,,20-08-2026 13:57,,,,,,,,,2
2287203.0,04-08-2026 14:42,27-07-2026 16:00,27-08-2026 15:28,18-08-2026 14:37,12-08-2026 16:01,,,,,,,,5
2287204.0,04-08-2026 14:44,31-07-2026 15:26,,18-08-2026 14:34,14-08-2026 15:29,,,,,,,,4
2287205.0,06-08-2026 11:43,,,,17-08-2026 12:34,,,,,,,,2
2287206.0,13-08-2026 13:56,,27-08-2026 14:04,20-08-2026 13:57,19-08-2026 14:51,,,,,,,,4
2287207.0,04-08-2026 14:44,31-07-2026 15:26,,18-08-2026 14:34,17-08-2026 12:37,,,,,,,,4
2287209.0,13-08-2026 13:56,23-07-2026 13:46,27-08-2026 14:04,20-08-2026 13:57,19-08-2026 14:51,,,,,,,,5
2287210.0,04-08-2026 14:44,31-07-2026 15:26,,18-08-2026 14:34,17-08-2026 12:37,,,,,,,,4
2287211.0,13-08-2026 13:56,23-07-2026 13:46,27-08-2026 14:04,20-08-2026 13:57,19-08-2026 14:51,,,,,,,,5
2287212.0,04-08-2026 14:44,31-07-2026 15:26,,18-08-2026 14:34,14-08-2026 15:29,,,,,,,,4
2287213.0,13-08-2026 13:56,23-07-2026 13:46,27-08-2026 14:04,20-08-2026 13:57,19-08-2026 14:51,,,,,,,,5
2287215.0,13-08-2026 13:56,23-07-2026 13:46,27-08-2026 14:04,,19-08-2026 14:51,,,,,,,,4
2287216.0,13-08-2026 13:56,23-07-2026 13:46,27-08-2026 14:04,20-08-2026 13:57,19-08-2026 14:51,,,,,,,,5
2287218.0,04-08-2026 14:44,31-07-2026 15:26,,18-08-2026 14:34,17-08-2026 12:37,,,,,,,,4
2287219.0,13-08-2026 13:56,,27-08-2026 14:04,20-08-2026 13:57,,,,,,,,,3
2287221.0,05-08-2026 10:58,,,18-08-2026 14:34,17-08-2026 12:37,,,,,,,,3
2287222.0,13-08-2026 13:56,23-07-2026 13:46,27-08-2026 14:04,20-08-2026 13:57,19-08-2026 14:51,,,,,,,,5
2287223.0,04-08-2026 14:44,31-07-2026 15:26,,18-08-2026 14:34,14-08-2026 15:29,,,,,,,,4
2287224.0,13-08-2026 13:56,23-07-2026 13:46,27-08-2026 14:04,20-08-2026 13:57,19-08-2026 14:51,,,,,,,,5
2287225.0,13-08-2026 13:56,23-07-2026 13:46,27-08-2026 14:04,,19-08-2026 14:51,,,,,,,,4
2287226.0,13-08-2026 13:56,23-07-2026 13:46,27-08-2026 14:04,20-08-2026 13:57,19-08-2026 14:51,,,,,,,,5
2287227.0,13-08-2026 12:27,24-07-2026 11:51,25-08-2026 15:02,20-08-2026 11:52,18-08-2026 13:51,,,,,,,,5
2287228.0,04-08-2026 14:44,31-07-2026 15:26,,18-08-2026 14:34,14-08-2026 15:29,,,,,,,,4
2287229.0,13-08-2026 12:27,24-07-2026 11:51,,20-08-2026 11:52,18-08-2026 13:51,,,,,,,,4
2287232.0,13-08-2026 12:27,24-07-2026 11:51,,20-08-2026 11:52,18-08-2026 13:51,,,,,,,,4
2287233.0,04-08-2026 14:44,,,18-08-2026 14:34,14-08-2026 15:29,,,,,,,,3
2287236.0,04-08-2026 14:44,31-07-2026 15:26,,18-08-2026 14:34,14-08-2026 15:29,,,,,,,,4
2287237.0,13-08-2026 12:27,24-07-2026 11:51,,20-08-2026 11:52,18-08-2026 13:51,,,,,,,,4
2287240.0,13-08-2026 12:27,24-07-2026 11:51,,20-08-2026 11:52,18-08-2026 13:51,,,,,,,,4
2287242.0,06-08-2026 11:39,,,18-08-2026 14:34,17-08-2026 12:37,,,,,,,,3
2287243.0,13-08-2026 12:27,24-07-2026 11:51,,20-08-2026 11:52,18-08-2026 13:51,,,,,,,,4
2287246.0,04-08-2026 14:44,31-07-2026 15:26,,18-08-2026 14:34,14-08-2026 15:29,,,,,,,,4
2287247.0,13-08-2026 12:27,24-07-2026 11:51,25-08-2026 15:02,20-08-2026 11:52,18-08-2026 13:51,,,,,,,,5
2287249.0,13-08-2026 12:27,24-07-2026 11:51,25-08-2026 15:02,20-08-2026 11:52,18-08-2026 13:51,,,,,,,,5
2287250.0,04-08-2026 14:44,,,18-08-2026 14:34,14-08-2026 15:29,,,,,,,,3
2287253.0,19-08-2026 16:07,24-07-2026 11:51,25-08-2026 15:02,20-08-2026 11:52,18-08-2026 13:51,,,,,,,,5
2287255.0,04-08-2026 14:44,31-07-2026 15:26,,18-08-2026 14:34,17-08-2026 12:37,,,,,,,,4
2287256.0,13-08-2026 12:27,24-07-2026 11:51,25-08-2026 15:02,20-08-2026 11:52,18-08-2026 13:51,,,,,,,,5
2287258.0,13-08-2026 12:27,24-07-2026 11:51,25-08-2026 15:02,20-08-2026 11:52,18-08-2026 13:51,,,,,,,,5
2287260.0,04-08-2026 14:44,31-07-2026 15:26,,18-08-2026 14:34,14-08-2026 15:29,,,,,,,,4
2287262.0,13-08-2026 12:27,24-07-2026 11:51,25-08-2026 15:02,20-08-2026 11:52,18-08-2026 13:51,,,,,,,,5
2287263.0,04-08-2026 14:44,31-07-2026 15:26,,18-08-2026 14:34,14-08-2026 15:29,,,,,,,,4
2287267.0,04-08-2026 14:44,31-07-2026 15:26,,18-08-2026 14:34,14-08-2026 15:29,,,,,,,,4
2287268.0,04-08-2026 14:44,31-07-2026 15:26,,18-08-2026 14:34,20-08-2026 11:48,,,,,,,,4
2287270.0,13-08-2026 12:27,24-07-2026 11:51,25-08-2026 15:02,20-08-2026 11:52,18-08-2026 13:51,,,,,,,,5
2287272.0,04-08-2026 14:44,31-07-2026 15:26,,18-08-2026 14:34,14-08-2026 15:29,,,,,,,,4
2287274.0,13-08-2026 12:27,24-07-2026 11:51,25-08-2026 15:02,20-08-2026 11:52,18-08-2026 13:51,,,,,,,,5
2287277.0,04-08-2026 14:44,31-07-2026 15:26,,18-08-2026 14:34,14-08-2026 15:29,,,,,,,,4
2287279.0,13-08-2026 12:27,24-07-2026 11:51,25-08-2026 15:02,20-08-2026 11:52,18-08-2026 13:51,,,,,,,,5
2287281.0,04-08-2026 14:44,31-07-2026 15:26,,18-08-2026 14:34,14-08-2026 15:29,,,,,,,,4
2287283.0,13-08-2026 12:27,24-07-2026 11:51,25-08-2026 15:02,,,,,,,,,,3
2287285.0,13-08-2026 12:27,24-07-2026 11:51,25-08-2026 15:02,20-08-2026 11:52,18-08-2026 13:51,,,,,,,,5
2287289.0,13-08-2026 12:27,24-07-2026 11:51,25-08-2026 15:02,20-08-2026 11:52,,,,,,,,,4
2287292.0,13-08-2026 12:27,24-07-2026 11:51,25-08-2026 15:02,20-08-2026 11:52,18-08-2026 13:51,,,,,,,,5
2287294.0,13-08-2026 12:27,24-07-2026 11:51,25-08-2026 15:02,20-08-2026 11:52,18-08-2026 13:51,,,,,,,,5
2287296.0,04-08-2026 14:44,30-07-2026 15:27,,20-08-2026 11:53,12-08-2026 16:04,,,,,,,,4
2287297.0,13-08-2026 12:27,24-07-2026 11:51,25-08-2026 15:02,20-08-2026 11:52,18-08-2026 13:51,,,,,,,,5
2287300.0,13-08-2026 12:27,24-07-2026 11:51,25-08-2026 15:02,20-08-2026 11:52,18-08-2026 13:51,,,,,,,,5
2287301.0,04-08-2026 14:44,27-07-2026 16:07,27-08-2026 15:20,18-08-2026 14:34,12-08-2026 16:04,,,,,,,,5
2287305.0,13-08-2026 12:27,,,20-08-2026 11:52,18-08-2026 13:51,,,,,,,,3
2287307.0,13-08-2026 12:27,24-07-2026 11:51,25-08-2026 15:02,20-08-2026 11:52,18-08-2026 13:51,,,,,,,,5
2287310.0,04-08-2026 14:44,27-07-2026 16:07,27-08-2026 15:20,18-08-2026 14:34,12-08-2026 16:04,,,,,,,,5
2287312.0,13-08-2026 12:27,24-07-2026 11:51,25-08-2026 15:02,20-08-2026 11:52,18-08-2026 13:51,,,,,,,,5
2287316.0,04-08-2026 14:44,27-07-2026 16:07,27-08-2026 15:20,18-08-2026 14:34,12-08-2026 16:04,,,,,,,,5
2287317.0,18-08-2026 12:15,11-08-2026 13:55,,25-08-2026 12:32,24-08-2026 15:21,,,,,,,,4
2287319.0,18-08-2026 12:15,11-08-2026 13:55,,25-08-2026 12:32,24-08-2026 15:21,,,,,,,,4
2287321.0,04-08-2026 14:44,27-07-2026 16:07,27-08-2026 15:20,18-08-2026 14:34,12-08-2026 16:04,,,,,,,,5
2287325.0,,27-07-2026 16:07,27-08-2026 15:20,18-08-2026 14:34,12-08-2026 16:04,,,,,,,,4
2287330.0,18-08-2026 12:15,11-08-2026 13:55,,25-08-2026 12:32,24-08-2026 15:21,,,,,,,,4
2287333.0,,11-08-2026 13:55,,25-08-2026 12:32,,,,,,,,,2
2287336.0,18-08-2026 12:15,11-08-2026 13:55,,25-08-2026 12:32,24-08-2026 15:21,,,,,,,,4
2287338.0,18-08-2026 12:15,11-08-2026 13:55,,25-08-2026 12:32,24-08-2026 15:21,,,,,,,,4
2287339.0,18-08-2026 12:15,11-08-2026 13:55,,25-08-2026 12:32,24-08-2026 15:21,,,,,,,,4
2287343.0,13-08-2026 10:48,23-07-2026 10:26,,27-08-2026 15:20,20-08-2026 10:32,,,,,,,,4
2287344.0,18-08-2026 12:15,,,25-08-2026 12:32,24-08-2026 15:21,,,,,,,,3
2287345.0,18-08-2026 12:15,11-08-2026 13:55,,25-08-2026 12:32,24-08-2026 15:21,,,,,,,,4
2287346.0,18-08-2026 12:15,11-08-2026 13:55,,25-08-2026 12:32,24-08-2026 15:21,,,,,,,,4
2287347.0,18-08-2026 12:15,11-08-2026 13:55,,25-08-2026 12:32,24-08-2026 15:21,,,,,,,,4
2287348.0,18-08-2026 12:15,11-08-2026 13:55,,25-08-2026 12:32,24-08-2026 15:21,,,,,,,,4
2287349.0,18-08-2026 12:15,11-08-2026 13:55,,25-08-2026 12:32,24-08-2026 15:21,,,,,,,,4
2287350.0,,,,,24-08-2026 15:21,,,,,,,,1
2287352.0,18-08-2026 12:15,11-08-2026 13:55,,25-08-2026 12:32,24-08-2026 15:21,,,,,,,,4
2287353.0,18-08-2026 12:15,11-08-2026 13:55,,25-08-2026 12:32,24-08-2026 15:21,,,,,,,,4
2287355.0,,11-08-2026 13:55,,25-08-2026 12:32,24-08-2026 15:21,,,,,,,,3
2287356.0,18-08-2026 12:15,11-08-2026 13:55,,25-08-2026 12:32,24-08-2026 15:21,,,,,,,,4
2287357.0,,11-08-2026 13:55,,25-08-2026 12:32,24-08-2026 15:21,,,,,,,,3
2287358.0,18-08-2026 12:15,11-08-2026 13:55,,25-08-2026 12:32,24-08-2026 15:21,,,,,,,,4
2287359.0,18-08-2026 12:15,11-08-2026 13:55,,25-08-2026 12:32,24-08-2026 15:21,,,,,,,,4
2287360.0,18-08-2026 12:15,11-08-2026 13:55,,,24-08-2026 15:21,,,,,,,,3
2287361.0,18-08-2026 12:15,11-08-2026 13:55,,25-08-2026 12:32,24-08-2026 15:21,,,,,,,,4
2287362.0,18-08-2026 12:15,11-08-2026 13:55,,25-08-2026 12:32,24-08-2026 15:21,,,,,,,,4
2287363.0,18-08-2026 12:15,11-08-2026 13:55,,,24-08-2026 15:21,,,,,,,,3
2287365.0,05-08-2026 14:35,31-07-2026 12:29,27-08-2026 11:48,13-08-2026 11:45,14-08-2026 12:26,,,,,,,,5
2287366.0,05-08-2026 14:35,,,13-08-2026 11:45,14-08-2026 12:26,,,,,,,,3
2287368.0,05-08-2026 14:35,31-07-2026 12:29,27-08-2026 11:48,13-08-2026 11:45,14-08-2026 12:26,,,,,,,,5
2287369.0,05-08-2026 14:35,31-07-2026 12:29,27-08-2026 11:48,13-08-2026 11:45,14-08-2026 12:26,,,,,,,,5
2287370.0,05-08-2026 14:35,31-07-2026 12:29,27-08-2026 11:48,20-08-2026 11:52,14-08-2026 12:26,,,,,,,,5
2287371.0,05-08-2026 14:35,31-07-2026 12:29,27-08-2026 11:48,13-08-2026 11:45,20-08-2026 11:48,,,,,,,,5
2287372.0,05-08-2026 14:35,31-07-2026 12:29,27-08-2026 11:48,13-08-2026 11:45,14-08-2026 12:26,,,,,,,,5
2287373.0,05-08-2026 14:35,31-07-2026 12:29,27-08-2026 11:48,13-08-2026 11:45,14-08-2026 12:26,,,,,,,,5
2287375.0,05-08-2026 14:35,31-07-2026 12:29,27-08-2026 11:48,13-08-2026 11:45,14-08-2026 12:26,,,,,,,,5
2287376.0,05-08-2026 14:35,31-07-2026 12:29,27-08-2026 11:48,13-08-2026 11:45,20-08-2026 11:48,,,,,,,,5
2287377.0,05-08-2026 14:35,31-07-2026 12:29,27-08-2026 11:48,13-08-2026 11:45,17-08-2026 12:34,,,,,,,,5
2287378.0,05-08-2026 14:35,31-07-2026 12:29,27-08-2026 11:48,13-08-2026 11:45,14-08-2026 12:26,,,,,,,,5
2287380.0,05-08-2026 14:35,31-07-2026 12:29,27-08-2026 11:48,13-08-2026 11:45,14-08-2026 12:26,,,,,,,,5
2287381.0,05-08-2026 14:35,31-07-2026 12:29,27-08-2026 11:48,13-08-2026 11:45,14-08-2026 12:26,,,,,,,,5
2287382.0,05-08-2026 14:35,31-07-2026 12:29,27-08-2026 11:48,13-08-2026 11:45,14-08-2026 12:26,,,,,,,,5
2287383.0,05-08-2026 14:35,31-07-2026 12:29,27-08-2026 11:48,13-08-2026 11:45,14-08-2026 12:26,,,,,,,,5
2287384.0,05-08-2026 14:35,31-07-2026 12:29,27-08-2026 11:48,13-08-2026 11:45,14-08-2026 12:26,,,,,,,,5
2287385.0,04-08-2026 14:44,30-07-2026 15:27,27-08-2026 15:20,18-08-2026 14:34,12-08-2026 16:04,,,,,,,,5
2287386.0,05-08-2026 14:35,31-07-2026 12:29,27-08-2026 11:48,13-08-2026 11:45,14-08-2026 12:26,,,,,,,,5
2287387.0,04-08-2026 14:44,30-07-2026 15:27,27-08-2026 15:20,20-08-2026 11:53,12-08-2026 16:04,,,,,,,,5
2287388.0,05-08-2026 14:35,31-07-2026 12:29,27-08-2026 11:48,13-08-2026 11:45,14-08-2026 12:26,,,,,,,,5
2287389.0,04-08-2026 14:44,27-07-2026 16:07,27-08-2026 15:20,18-08-2026 14:34,17-08-2026 12:37,,,,,,,,5
2287390.0,05-08-2026 14:35,31-07-2026 12:29,27-08-2026 11:48,13-08-2026 11:45,14-08-2026 12:26,,,,,,,,5
2287391.0,05-08-2026 14:35,31-07-2026 12:29,27-08-2026 11:48,13-08-2026 11:45,14-08-2026 12:26,,,,,,,,5
2287392.0,05-08-2026 14:35,31-07-2026 12:29,27-08-2026 11:48,13-08-2026 11:45,14-08-2026 12:26,,,,,,,,5
2287393.0,05-08-2026 14:35,31-07-2026 12:29,27-08-2026 11:48,13-08-2026 11:45,14-08-2026 12:26,,,,,,,,5
2287395.0,04-08-2026 11:48,27-07-2026 14:29,,18-08-2026 11:45,11-08-2026 11:49,,,,,,,,4
2287396.0,,27-07-2026 14:29,,18-08-2026 11:45,,,,,,,,,2
2287398.0,04-08-2026 11:48,27-07-2026 14:29,,18-08-2026 11:45,11-08-2026 11:49,,,,,,,,4
2287399.0,04-08-2026 11:48,27-07-2026 14:29,,18-08-2026 11:45,11-08-2026 11:49,,,,,,,,4
2287400.0,04-08-2026 11:48,27-07-2026 14:29,,18-08-2026 11:45,11-08-2026 11:49,,,,,,,,4
2287402.0,04-08-2026 11:48,27-07-2026 14:29,,18-08-2026 11:45,11-08-2026 11:49,,,,,,,,4
2287403.0,04-08-2026 11:48,27-07-2026 14:29,,18-08-2026 11:45,11-08-2026 11:49,,,,,,,,4
2287404.0,04-08-2026 11:48,27-07-2026 14:29,,18-08-2026 11:45,11-08-2026 11:49,,,,,,,,4
2287405.0,04-08-2026 11:48,27-07-2026 14:29,,20-08-2026 11:52,11-08-2026 11:49,,,,,,,,4
2287406.0,04-08-2026 11:48,27-07-2026 14:29,,18-08-2026 11:45,11-08-2026 11:49,,,,,,,,4
2287408.0,04-08-2026 11:48,27-07-2026 14:29,,18-08-2026 11:45,11-08-2026 11:49,,,,,,,,4
2287409.0,04-08-2026 11:48,27-07-2026 14:29,,18-08-2026 11:45,11-08-2026 11:49,,,,,,,,4
2287410.0,04-08-2026 14:44,27-07-2026 16:07,27-08-2026 15:20,18-08-2026 14:34,12-08-2026 16:04,,,,,,,,5
2287411.0,06-08-2026 11:43,27-07-2026 14:29,,18-08-2026 11:45,11-08-2026 11:49,,,,,,,,4
2287412.0,04-08-2026 14:44,30-07-2026 15:27,27-08-2026 15:20,18-08-2026 14:34,17-08-2026 12:37,,,,,,,,5
2287413.0,04-08-2026 11:48,27-07-2026 14:29,,18-08-2026 11:45,11-08-2026 11:49,,,,,,,,4
2287414.0,04-08-2026 11:48,27-07-2026 14:29,,18-08-2026 11:45,11-08-2026 11:49,,,,,,,,4
2287415.0,05-08-2026 10:58,27-07-2026 16:07,27-08-2026 15:20,18-08-2026 14:34,12-08-2026 16:04,,,,,,,,5
2287416.0,04-08-2026 11:48,27-07-2026 14:29,,18-08-2026 11:45,11-08-2026 11:49,,,,,,,,4
2287417.0,04-08-2026 11:48,27-07-2026 14:29,,18-08-2026 11:45,11-08-2026 11:49,,,,,,,,4
2287418.0,04-08-2026 14:44,27-07-2026 16:07,27-08-2026 15:20,18-08-2026 14:34,12-08-2026 16:04,,,,,,,,5
2287419.0,04-08-2026 11:48,27-07-2026 14:29,,18-08-2026 11:45,11-08-2026 11:49,,,,,,,,4
2287420.0,,27-07-2026 16:07,27-08-2026 15:20,18-08-2026 14:34,12-08-2026 16:04,,,,,,,,4
2287421.0,04-08-2026 11:48,27-07-2026 14:29,,18-08-2026 11:45,11-08-2026 11:49,,,,,,,,4
2287422.0,04-08-2026 14:44,27-07-2026 16:07,27-08-2026 15:20,18-08-2026 14:34,12-08-2026 16:04,,,,,,,,5
2287423.0,04-08-2026 11:48,,,18-08-2026 11:45,11-08-2026 11:49,,,,,,,,3
2287424.0,04-08-2026 14:44,27-07-2026 16:07,27-08-2026 15:20,18-08-2026 14:34,12-08-2026 16:04,,,,,,,,5
2287425.0,04-08-2026 11:48,27-07-2026 14:29,,18-08-2026 11:45,11-08-2026 11:49,,,,,,,,4
2287426.0,04-08-2026 14:44,27-07-2026 16:07,27-08-2026 15:20,18-08-2026 14:34,12-08-2026 16:04,,,,,,,,5
2287427.0,04-08-2026 11:48,27-07-2026 14:29,,20-08-2026 11:52,11-08-2026 11:49,,,,,,,,4
2287428.0,04-08-2026 14:44,27-07-2026 16:07,27-08-2026 15:20,18-08-2026 14:34,12-08-2026 16:04,,,,,,,,5
2287429.0,05-08-2026 10:58,27-07-2026 16:07,27-08-2026 15:20,20-08-2026 11:53,20-08-2026 11:48,,,,,,,,5
2287430.0,05-08-2026 10:58,27-07-2026 16:07,27-08-2026 15:20,18-08-2026 14:34,12-08-2026 16:04,,,,,,,,5
2287431.0,04-08-2026 14:44,27-07-2026 16:07,27-08-2026 15:20,20-08-2026 11:53,12-08-2026 16:04,,,,,,,,5
2287432.0,04-08-2026 12:34,31-07-2026 16:05,24-08-2026 15:21,,,,,,,,,,3
2287433.0,05-08-2026 10:58,27-07-2026 16:07,27-08-2026 15:20,,12-08-2026 16:04,,,,,,,,4
2287434.0,04-08-2026 12:34,31-07-2026 16:05,24-08-2026 15:21,11-08-2026 12:25,10-08-2026 15:24,,,,,,,,5
2287435.0,05-08-2026 14:38,31-07-2026 12:42,27-08-2026 11:42,14-08-2026 12:33,13-08-2026 11:57,,,,,,,,5
2287436.0,04-08-2026 12:34,31-07-2026 16:05,24-08-2026 15:21,11-08-2026 12:25,10-08-2026 15:24,,,,,,,,5
2287437.0,05-08-2026 14:38,31-07-2026 12:42,27-08-2026 11:42,14-08-2026 12:33,13-08-2026 11:57,,,,,,,,5
2287438.0,04-08-2026 12:34,31-07-2026 16:05,24-08-2026 15:21,11-08-2026 12:25,10-08-2026 15:24,,,,,,,,5
2287439.0,05-08-2026 14:38,31-07-2026 12:42,27-08-2026 11:42,14-08-2026 12:33,13-08-2026 11:57,,,,,,,,5
2287440.0,04-08-2026 12:34,31-07-2026 16:05,24-08-2026 15:21,11-08-2026 12:25,10-08-2026 15:24,,,,,,,,5
2287441.0,05-08-2026 15:30,31-07-2026 16:05,24-08-2026 15:21,20-08-2026 11:53,17-08-2026 12:37,,,,,,,,5
2287442.0,05-08-2026 14:38,31-07-2026 12:42,27-08-2026 11:42,14-08-2026 12:33,13-08-2026 11:57,,,,,,,,5
2287443.0,05-08-2026 14:38,31-07-2026 12:42,27-08-2026 11:42,14-08-2026 12:33,17-08-2026 12:37,,,,,,,,5
2287444.0,04-08-2026 12:34,31-07-2026 16:05,24-08-2026 15:21,11-08-2026 12:25,10-08-2026 15:24,,,,,,,,5
2287445.0,04-08-2026 12:34,31-07-2026 16:05,24-08-2026 15:21,11-08-2026 12:25,10-08-2026 15:24,,,,,,,,5
2287446.0,05-08-2026 14:38,31-07-2026 12:42,27-08-2026 11:42,14-08-2026 12:33,13-08-2026 11:57,,,,,,,,5
2287447.0,05-08-2026 14:38,31-07-2026 12:42,27-08-2026 11:42,,20-08-2026 11:48,,,,,,,,4
2287448.0,04-08-2026 12:34,31-07-2026 16:05,24-08-2026 15:21,11-08-2026 12:25,10-08-2026 15:24,,,,,,,,5
2287449.0,05-08-2026 14:38,31-07-2026 12:42,27-08-2026 11:42,14-08-2026 12:33,13-08-2026 11:57,,,,,,,,5
2287450.0,04-08-2026 12:34,31-07-2026 16:05,24-08-2026 15:21,11-08-2026 12:25,10-08-2026 15:24,,,,,,,,5
2287451.0,05-08-2026 14:38,31-07-2026 12:42,27-08-2026 11:42,14-08-2026 12:33,13-08-2026 11:57,,,,,,,,5
2287452.0,04-08-2026 12:34,31-07-2026 16:05,24-08-2026 15:21,11-08-2026 12:25,10-08-2026 15:24,,,,,,,,5
2287453.0,05-08-2026 14:38,31-07-2026 12:42,27-08-2026 11:42,14-08-2026 12:33,13-08-2026 11:57,,,,,,,,5
2287454.0,04-08-2026 12:34,31-07-2026 16:05,24-08-2026 15:21,11-08-2026 12:25,10-08-2026 15:24,,,,,,,,5
2287455.0,06-08-2026 11:39,31-07-2026 12:42,27-08-2026 11:42,20-08-2026 11:53,13-08-2026 11:57,,,,,,,,5
2287456.0,04-08-2026 12:34,31-07-2026 16:05,24-08-2026 15:21,11-08-2026 12:25,10-08-2026 15:24,,,,,,,,5
2287457.0,05-08-2026 14:38,31-07-2026 12:42,27-08-2026 11:42,14-08-2026 12:33,13-08-2026 11:57,,,,,,,,5
2287458.0,04-08-2026 12:34,31-07-2026 16:05,24-08-2026 15:21,11-08-2026 12:25,10-08-2026 15:24,,,,,,,,5
2287459.0,04-08-2026 12:34,31-07-2026 16:05,24-08-2026 15:21,11-08-2026 12:25,10-08-2026 15:24,,,,,,,,5
2287460.0,05-08-2026 14:38,31-07-2026 12:42,27-08-2026 11:42,14-08-2026 12:33,13-08-2026 11:57,,,,,,,,5
2287461.0,04-08-2026 12:34,31-07-2026 16:05,24-08-2026 15:21,11-08-2026 12:25,10-08-2026 15:24,,,,,,,,5
2287462.0,05-08-2026 14:38,31-07-2026 12:42,27-08-2026 11:42,14-08-2026 12:33,13-08-2026 11:57,,,,,,,,5
2287463.0,05-08-2026 15:30,31-07-2026 16:05,24-08-2026 15:21,11-08-2026 12:25,11-08-2026 11:47,,,,,,,,5
2287464.0,06-08-2026 11:39,,27-08-2026 11:42,14-08-2026 12:33,13-08-2026 11:57,,,,,,,,4
2287465.0,04-08-2026 12:34,,24-08-2026 15:21,11-08-2026 12:25,10-08-2026 15:24,,,,,,,,4
2287466.0,05-08-2026 14:38,,27-08-2026 11:42,20-08-2026 11:53,13-08-2026 11:57,,,,,,,,4
2287467.0,04-08-2026 12:34,31-07-2026 16:05,24-08-2026 15:21,11-08-2026 12:25,10-08-2026 15:24,,,,,,,,5
2287468.0,05-08-2026 14:38,,27-08-2026 11:42,20-08-2026 11:53,13-08-2026 11:57,,,,,,,,4
2287469.0,05-08-2026 14:38,31-07-2026 12:42,27-08-2026 11:42,,20-08-2026 11:48,,,,,,,,4
2287470.0,05-08-2026 15:30,,24-08-2026 15:21,11-08-2026 12:25,10-08-2026 15:24,,,,,,,,4
2287471.0,05-08-2026 14:38,31-07-2026 12:42,27-08-2026 11:42,14-08-2026 12:33,13-08-2026 11:57,,,,,,,,5
2287472.0,05-08-2026 15:30,31-07-2026 16:05,24-08-2026 15:21,11-08-2026 12:25,10-08-2026 15:24,,,,,,,,5
2287473.0,05-08-2026 14:38,31-07-2026 12:42,27-08-2026 11:42,20-08-2026 11:53,13-08-2026 11:57,,,,,,,,5
2287474.0,05-08-2026 14:38,31-07-2026 12:42,27-08-2026 11:42,14-08-2026 12:33,13-08-2026 11:57,,,,,,,,5
2287475.0,05-08-2026 14:38,31-07-2026 12:42,27-08-2026 11:42,14-08-2026 12:33,13-08-2026 11:57,,,,,,,,5
2287476.0,05-08-2026 14:38,,27-08-2026 11:42,14-08-2026 12:33,13-08-2026 11:57,,,,,,,,4
2287477.0,04-08-2026 11:47,27-07-2026 14:34,,18-08-2026 11:47,11-08-2026 11:47,,,,,,,,4
2287478.0,04-08-2026 11:47,27-07-2026 14:34,,20-08-2026 11:53,11-08-2026 11:47,,,,,,,,4
2287479.0,05-08-2026 10:58,27-07-2026 14:34,,18-08-2026 11:47,11-08-2026 11:47,,,,,,,,4
2287480.0,13-08-2026 11:58,24-07-2026 13:53,,,18-08-2026 15:22,,,,,,,,3
2287481.0,13-08-2026 11:58,24-07-2026 13:53,,28-08-2026 13:57,18-08-2026 15:22,,,,,,,,4
2287482.0,13-08-2026 11:58,24-07-2026 13:53,,28-08-2026 13:57,,,,,,,,,3
2287485.0,13-08-2026 11:58,24-07-2026 13:53,,28-08-2026 13:57,18-08-2026 15:22,,,,,,,,4
2287487.0,13-08-2026 11:58,24-07-2026 13:53,,28-08-2026 13:57,18-08-2026 15:22,,,,,,,,4
2287489.0,04-08-2026 11:47,27-07-2026 14:34,,18-08-2026 11:47,11-08-2026 11:47,,,,,,,,4
2287490.0,13-08-2026 11:58,24-07-2026 13:53,,28-08-2026 13:57,18-08-2026 15:22,,,,,,,,4
2287492.0,04-08-2026 11:47,27-07-2026 14:34,,18-08-2026 11:47,11-08-2026 11:47,,,,,,,,4
2287494.0,13-08-2026 11:58,24-07-2026 13:53,,28-08-2026 13:57,18-08-2026 15:22,,,,,,,,4
2287495.0,,27-07-2026 14:34,,18-08-2026 11:47,17-08-2026 12:37,,,,,,,,3
2287496.0,13-08-2026 11:58,24-07-2026 13:53,,28-08-2026 13:57,,,,,,,,,3
2287498.0,13-08-2026 11:58,,,,18-08-2026 15:22,,,,,,,,2
2287499.0,04-08-2026 11:47,27-07-2026 14:34,,18-08-2026 11:47,11-08-2026 11:47,,,,,,,,4
2287500.0,13-08-2026 11:58,24-07-2026 13:53,,28-08-2026 13:57,18-08-2026 15:22,,,,,,,,4
2287501.0,06-08-2026 11:39,27-07-2026 14:34,,18-08-2026 11:47,11-08-2026 11:47,,,,,,,,4
2287502.0,04-08-2026 11:47,27-07-2026 14:34,,18-08-2026 11:47,11-08-2026 11:47,,,,,,,,4
2287503.0,13-08-2026 11:58,24-07-2026 13:53,,28-08-2026 13:57,18-08-2026 15:22,,,,,,,,4
2287505.0,04-08-2026 11:47,27-07-2026 14:34,,18-08-2026 11:47,11-08-2026 11:47,,,,,,,,4
2287506.0,13-08-2026 11:58,24-07-2026 13:53,,28-08-2026 13:57,18-08-2026 15:22,,,,,,,,4
2287507.0,04-08-2026 11:47,27-07-2026 14:34,,18-08-2026 11:47,11-08-2026 11:47,,,,,,,,4
2287509.0,05-08-2026 10:58,27-07-2026 14:34,,18-08-2026 11:47,11-08-2026 11:47,,,,,,,,4
2287510.0,04-08-2026 11:47,27-07-2026 14:34,,18-08-2026 11:47,11-08-2026 11:47,,,,,,,,4
2287511.0,04-08-2026 11:47,27-07-2026 14:34,,18-08-2026 11:47,11-08-2026 11:47,,,,,,,,4
2287513.0,04-08-2026 11:47,27-07-2026 14:34,,18-08-2026 11:47,11-08-2026 11:47,,,,,,,,4
2287515.0,05-08-2026 10:58,27-07-2026 14:34,,18-08-2026 11:47,11-08-2026 11:47,,,,,,,,4
2287516.0,04-08-2026 11:47,27-07-2026 14:34,,18-08-2026 11:47,11-08-2026 11:47,,,,,,,,4
2287517.0,04-08-2026 11:47,27-07-2026 14:34,,18-08-2026 11:47,11-08-2026 11:47,,,,,,,,4
2287518.0,04-08-2026 11:47,27-07-2026 14:34,,18-08-2026 11:47,11-08-2026 11:47,,,,,,,,4
2287519.0,13-08-2026 11:58,24-07-2026 13:53,,28-08-2026 13:57,18-08-2026 15:22,,,,,,,,4
2287521.0,04-08-2026 11:47,27-07-2026 14:34,,18-08-2026 11:47,11-08-2026 11:47,,,,,,,,4
2287522.0,13-08-2026 11:58,24-07-2026 13:53,,28-08-2026 13:57,18-08-2026 15:22,,,,,,,,4
2287523.0,04-08-2026 11:47,27-07-2026 14:34,,18-08-2026 11:47,11-08-2026 11:47,,,,,,,,4
2287524.0,13-08-2026 11:58,24-07-2026 13:53,,28-08-2026 13:57,18-08-2026 15:22,,,,,,,,4
2287526.0,04-08-2026 11:47,27-07-2026 14:34,,18-08-2026 11:47,11-08-2026 11:47,,,,,,,,4
2287527.0,13-08-2026 11:58,24-07-2026 13:53,,,18-08-2026 15:22,,,,,,,,3
2287528.0,04-08-2026 11:47,27-07-2026 14:34,,18-08-2026 11:47,17-08-2026 12:37,,,,,,,,4
2287529.0,13-08-2026 11:58,24-07-2026 13:53,,28-08-2026 13:57,18-08-2026 15:22,,,,,,,,4
2287530.0,13-08-2026 11:58,24-07-2026 13:53,,,,,,,,,,,2
2287532.0,13-08-2026 11:58,24-07-2026 13:53,,28-08-2026 13:57,18-08-2026 15:22,,,,,,,,4
2287533.0,13-08-2026 11:58,24-07-2026 13:53,,28-08-2026 13:57,18-08-2026 15:22,,,,,,,,4
2287534.0,13-08-2026 11:58,24-07-2026 13:53,,,,,,,,,,,2
2287535.0,13-08-2026 11:58,24-07-2026 13:53,,28-08-2026 13:57,18-08-2026 15:22,,,,,,,,4
2287536.0,13-08-2026 11:58,24-07-2026 13:53,,28-08-2026 13:57,18-08-2026 15:22,,,,,,,,4
2287537.0,13-08-2026 11:58,24-07-2026 13:53,,28-08-2026 13:57,18-08-2026 15:22,,,,,,,,4
2287538.0,13-08-2026 11:58,24-07-2026 13:53,,28-08-2026 13:57,18-08-2026 15:22,,,,,,,,4
2287539.0,13-08-2026 11:58,24-07-2026 13:53,,28-08-2026 13:57,18-08-2026 15:22,,,,,,,,4
2287541.0,,31-07-2026 11:04,27-08-2026 12:26,20-08-2026 12:24,,,,,,,,,3
2287544.0,,31-07-2026 11:04,27-08-2026 12:26,20-08-2026 12:24,11-08-2026 10:59,,,,,,,,4
2287545.0,06-08-2026 12:34,31-07-2026 11:04,,20-08-2026 12:24,11-08-2026 10:59,,,,,,,,4
2287547.0,06-08-2026 12:34,31-07-2026 11:04,27-08-2026 12:26,20-08-2026 12:24,11-08-2026 10:59,,,,,,,,5
2287549.0,,31-07-2026 11:04,27-08-2026 12:26,20-08-2026 12:24,11-08-2026 10:59,,,,,,,,4
2287550.0,,31-07-2026 11:04,,20-08-2026 12:24,11-08-2026 10:59,,,,,,,,3
2287551.0,06-08-2026 12:34,31-07-2026 11:04,27-08-2026 12:26,20-08-2026 12:24,11-08-2026 10:59,,,,,,,,5
2287552.0,06-08-2026 12:34,31-07-2026 11:04,27-08-2026 12:26,20-08-2026 12:24,11-08-2026 10:59,,,,,,,,5
2287553.0,06-08-2026 12:34,31-07-2026 11:04,27-08-2026 12:26,20-08-2026 12:24,11-08-2026 10:59,,,,,,,,5
2287554.0,06-08-2026 12:34,31-07-2026 11:04,27-08-2026 12:26,20-08-2026 12:24,11-08-2026 10:59,,,,,,,,5
2287555.0,06-08-2026 12:34,31-07-2026 11:04,27-08-2026 12:26,20-08-2026 12:24,11-08-2026 10:59,,,,,,,,5
2287556.0,,,27-08-2026 12:26,,17-08-2026 12:37,,,,,,,,2
2287557.0,06-08-2026 12:34,31-07-2026 11:04,27-08-2026 12:26,20-08-2026 12:24,,,,,,,,,4
2287558.0,06-08-2026 12:34,31-07-2026 11:04,27-08-2026 12:26,20-08-2026 12:24,11-08-2026 10:59,,,,,,,,5
2287559.0,06-08-2026 12:34,31-07-2026 11:04,27-08-2026 12:26,20-08-2026 12:24,11-08-2026 10:59,,,,,,,,5
2287560.0,06-08-2026 12:34,31-07-2026 11:04,27-08-2026 12:26,20-08-2026 12:24,11-08-2026 10:59,,,,,,,,5
2287561.0,06-08-2026 12:34,31-07-2026 11:04,27-08-2026 12:26,20-08-2026 12:24,11-08-2026 10:59,,,,,,,,5
2287562.0,13-08-2026 10:48,23-07-2026 10:26,,27-08-2026 15:20,20-08-2026 10:32,,,,,,,,4
2287563.0,13-08-2026 10:48,17-08-2026 15:55,,28-08-2026 15:57,20-08-2026 10:32,,,,,,,,4
2287564.0,19-08-2026 16:07,23-07-2026 10:26,,27-08-2026 15:20,20-08-2026 10:32,,,,,,,,4
2287565.0,13-08-2026 10:48,23-07-2026 10:26,,27-08-2026 15:20,20-08-2026 10:32,,,,,,,,4
2287566.0,13-08-2026 10:48,23-07-2026 10:26,,27-08-2026 15:20,20-08-2026 10:32,,,,,,,,4
2287567.0,13-08-2026 10:48,23-07-2026 10:26,,27-08-2026 15:20,,,,,,,,,3
2287568.0,13-08-2026 10:48,23-07-2026 10:26,,27-08-2026 15:20,,,,,,,,,3
2287569.0,12-08-2026 12:23,24-07-2026 15:57,,28-08-2026 15:57,20-08-2026 10:56,,,,,,,,4
2287570.0,06-08-2026 12:34,,27-08-2026 12:26,20-08-2026 12:24,11-08-2026 10:59,,,,,,,,4
2287571.0,06-08-2026 12:34,,27-08-2026 12:26,20-08-2026 12:24,11-08-2026 10:59,,,,,,,,4
2287572.0,,,27-08-2026 12:26,20-08-2026 12:24,11-08-2026 10:59,,,,,,,,3
2287580.0,06-08-2026 12:34,31-07-2026 11:04,27-08-2026 12:26,20-08-2026 12:24,11-08-2026 10:59,,,,,,,,5
2287617.0,12-08-2026 12:23,24-07-2026 15:57,,28-08-2026 15:57,20-08-2026 10:56,,,,,,,,4
2287618.0,12-08-2026 12:23,24-07-2026 15:57,,28-08-2026 15:57,20-08-2026 10:56,,,,,,,,4
2287620.0,12-08-2026 12:23,24-07-2026 15:57,,28-08-2026 15:57,20-08-2026 10:56,,,,,,,,4
2287746.0,12-08-2026 12:23,24-07-2026 15:57,,28-08-2026 15:57,20-08-2026 10:56,,,,,,,,4
2287747.0,12-08-2026 12:23,24-07-2026 15:57,,28-08-2026 15:57,20-08-2026 10:56,,,,,,,,4
2287748.0,12-08-2026 12:23,24-07-2026 15:57,,,20-08-2026 10:56,,,,,,,,3
2287749.0,12-08-2026 12:23,24-07-2026 15:57,,28-08-2026 15:57,20-08-2026 10:56,,,,,,,,4
2287750.0,12-08-2026 12:23,24-07-2026 15:57,,28-08-2026 15:57,20-08-2026 10:56,,,,,,,,4
2287751.0,12-08-2026 12:23,24-07-2026 15:57,,28-08-2026 15:57,,,,,,,,,3
2287752.0,12-08-2026 12:23,24-07-2026 15:57,,28-08-2026 15:57,20-08-2026 10:56,,,,,,,,4
2287753.0,12-08-2026 12:23,24-07-2026 15:57,,28-08-2026 15:57,20-08-2026 10:56,,,,,,,,4
2287754.0,12-08-2026 12:23,24-07-2026 15:57,,28-08-2026 15:57,20-08-2026 10:56,,,,,,,,4
2287755.0,12-08-2026 12:23,24-07-2026 15:57,,28-08-2026 15:57,20-08-2026 10:56,,,,,,,,4
2287756.0,12-08-2026 12:23,24-07-2026 15:57,,28-08-2026 15:57,20-08-2026 10:56,,,,,,,,4
2287757.0,12-08-2026 12:23,24-07-2026 15:57,,28-08-2026 15:57,20-08-2026 10:56,,,,,,,,4
2287758.0,12-08-2026 12:23,24-07-2026 15:57,,28-08-2026 15:57,20-08-2026 10:56,,,,,,,,4
2287759.0,12-08-2026 12:23,24-07-2026 15:57,,,20-08-2026 10:56,,,,,,,,3
2287760.0,12-08-2026 12:23,24-07-2026 15:57,,28-08-2026 15:57,20-08-2026 10:56,,,,,,,,4
2287761.0,12-08-2026 12:23,24-07-2026 15:57,,28-08-2026 15:57,20-08-2026 10:56,,,,,,,,4
2287762.0,12-08-2026 12:23,24-07-2026 15:57,,28-08-2026 15:57,20-08-2026 10:56,,,,,,,,4
2287763.0,12-08-2026 12:23,17-08-2026 15:55,,28-08-2026 15:57,20-08-2026 10:56,,,,,,,,4
2287764.0,12-08-2026 12:23,24-07-2026 15:57,,28-08-2026 15:57,20-08-2026 10:56,,,,,,,,4
2287765.0,12-08-2026 12:23,24-07-2026 15:57,,28-08-2026 15:57,20-08-2026 10:56,,,,,,,,4
2287876.0,18-08-2026 16:03,10-08-2026 12:14,,27-08-2026 15:20,25-08-2026 15:59,,,,,,,,4
2287877.0,18-08-2026 16:03,10-08-2026 12:14,,27-08-2026 15:20,25-08-2026 15:59,,,,,,,,4
2287878.0,18-08-2026 16:03,10-08-2026 12:14,,27-08-2026 15:20,25-08-2026 15:59,,,,,,,,4
2287879.0,18-08-2026 16:03,10-08-2026 12:14,,27-08-2026 15:20,25-08-2026 15:59,,,,,,,,4
2287880.0,18-08-2026 16:03,10-08-2026 12:14,,27-08-2026 15:20,25-08-2026 15:59,,,,,,,,4
2287881.0,18-08-2026 16:03,10-08-2026 12:14,,27-08-2026 15:20,25-08-2026 15:59,,,,,,,,4
2287882.0,28-08-2026 15:36,17-08-2026 15:55,,27-08-2026 15:20,25-08-2026 15:59,,,,,,,,4
2287883.0,28-08-2026 15:36,10-08-2026 12:14,,27-08-2026 15:20,25-08-2026 15:59,,,,,,,,4
2287884.0,18-08-2026 16:03,10-08-2026 12:14,,27-08-2026 15:20,25-08-2026 15:59,,,,,,,,4
2287885.0,18-08-2026 16:03,17-08-2026 15:55,,27-08-2026 15:20,25-08-2026 15:59,,,,,,,,4
2287886.0,18-08-2026 16:03,10-08-2026 12:14,,27-08-2026 15:20,25-08-2026 15:59,,,,,,,,4
2287887.0,18-08-2026 16:03,10-08-2026 12:14,,27-08-2026 15:20,25-08-2026 15:59,,,,,,,,4
2287888.0,18-08-2026 16:03,10-08-2026 12:14,,27-08-2026 15:20,25-08-2026 15:59,,,,,,,,4
2287889.0,18-08-2026 16:03,10-08-2026 12:14,,,25-08-2026 15:59,,,,,,,,3
2287890.0,18-08-2026 16:03,10-08-2026 12:14,,,25-08-2026 15:59,,,,,,,,3
2287891.0,28-08-2026 15:36,10-08-2026 12:14,,27-08-2026 15:20,25-08-2026 15:59,,,,,,,,4
2287892.0,18-08-2026 16:03,10-08-2026 12:14,,27-08-2026 15:20,,,,,,,,,3
2287893.0,18-08-2026 16:03,10-08-2026 12:14,,27-08-2026 15:20,25-08-2026 15:59,,,,,,,,4
2287894.0,28-08-2026 15:36,10-08-2026 12:14,,27-08-2026 15:20,25-08-2026 15:59,,,,,,,,4
2287895.0,18-08-2026 16:03,10-08-2026 12:14,,27-08-2026 15:20,,,,,,,,,3
2287896.0,18-08-2026 16:03,10-08-2026 12:14,,,25-08-2026 15:59,,,,,,,,3
2287897.0,18-08-2026 16:03,10-08-2026 12:14,,27-08-2026 15:20,25-08-2026 15:59,,,,,,,,4
2287898.0,18-08-2026 16:03,10-08-2026 12:14,,27-08-2026 15:20,25-08-2026 15:59,,,,,,,,4
2287899.0,18-08-2026 16:03,10-08-2026 12:14,,27-08-2026 15:20,25-08-2026 15:59,,,,,,,,4
2287900.0,28-08-2026 15:36,17-08-2026 15:55,,27-08-2026 15:20,,,,,,,,,3
2287901.0,18-08-2026 16:03,10-08-2026 12:14,,27-08-2026 15:20,,,,,,,,,3
2288281.0,05-08-2026 12:25,31-07-2026 15:28,24-08-2026 14:30,17-08-2026 16:08,13-08-2026 16:06,31-08-2026 14:33,,,,,,,6
2288282.0,19-08-2026 12:27,11-08-2026 15:23,,,,,,,,,,,2
2288283.0,19-08-2026 12:27,11-08-2026 15:23,,,27-08-2026 12:17,,,,,,,,3
2288284.0,19-08-2026 12:27,11-08-2026 15:23,,,27-08-2026 12:17,,,,,,,,3
2288285.0,19-08-2026 12:27,11-08-2026 15:23,,,,,,,,,,,2
2288286.0,19-08-2026 12:27,11-08-2026 15:23,,,27-08-2026 12:17,,,,,,,,3
2288287.0,19-08-2026 12:27,11-08-2026 15:23,,,,,,,,,,,2
2288288.0,19-08-2026 12:27,11-08-2026 15:23,,,27-08-2026 12:17,,,,,,,,3
2288289.0,19-08-2026 12:27,11-08-2026 15:23,,,27-08-2026 12:17,,,,,,,,3
2288290.0,19-08-2026 12:27,11-08-2026 15:23,,,27-08-2026 12:17,,,,,,,,3
2288291.0,19-08-2026 12:27,11-08-2026 15:23,,,27-08-2026 12:17,,,,,,,,3
2288292.0,19-08-2026 12:27,11-08-2026 15:23,,,27-08-2026 12:17,,,,,,,,3
2288293.0,19-08-2026 12:27,11-08-2026 15:23,,,,,,,,,,,2
2288294.0,19-08-2026 12:27,11-08-2026 15:23,,,27-08-2026 12:17,,,,,,,,3
2288295.0,19-08-2026 12:27,11-08-2026 15:23,,,27-08-2026 12:17,,,,,,,,3
2288296.0,19-08-2026 12:27,11-08-2026 15:23,,,27-08-2026 12:17,,,,,,,,3
2288297.0,19-08-2026 12:27,11-08-2026 15:23,,,27-08-2026 12:17,,,,,,,,3
2288298.0,19-08-2026 12:27,11-08-2026 15:23,,,27-08-2026 12:17,,,,,,,,3
2288299.0,06-08-2026 11:03,27-07-2026 12:24,24-08-2026 12:24,13-08-2026 10:46,10-08-2026 12:25,,,,,,,,5
2288366.0,06-08-2026 12:27,30-07-2026 16:13,27-08-2026 11:46,18-08-2026 14:35,12-08-2026 14:30,,,,,,,,5
2288367.0,06-08-2026 15:58,23-07-2026 16:08,28-08-2026 10:52,19-08-2026 10:57,12-08-2026 16:07,,,,,,,,5
2288369.0,05-08-2026 10:49,23-07-2026 14:33,,12-08-2026 13:03,11-08-2026 13:55,,,,,,,,4
2288371.0,07-08-2026 10:54,27-07-2026 16:04,,19-08-2026 16:03,13-08-2026 15:34,,,,,,,,4
2288373.0,07-08-2026 10:54,27-07-2026 16:04,,19-08-2026 16:03,13-08-2026 15:34,,,,,,,,4
2288376.0,07-08-2026 15:20,27-07-2026 11:32,25-08-2026 10:00,18-08-2026 10:50,14-08-2026 10:56,,,,,,,,5
2288383.0,07-08-2026 15:20,27-07-2026 11:32,25-08-2026 10:00,18-08-2026 10:50,24-08-2026 11:32,,,,,,,,5
2288388.0,06-08-2026 10:48,31-07-2026 10:43,25-08-2026 10:55,20-08-2026 11:03,14-08-2026 15:26,,,,,,,,5
2288508.0,28-08-2026 13:53,22-07-2026 11:54,24-08-2026 15:33,14-08-2026 16:14,12-08-2026 11:44,,,,,,,,5
2288509.0,06-08-2026 11:44,22-07-2026 11:54,24-08-2026 15:33,14-08-2026 16:14,12-08-2026 11:44,,,,,,,,5
2288511.0,06-08-2026 11:44,22-07-2026 11:54,24-08-2026 15:33,14-08-2026 16:14,12-08-2026 11:44,,,,,,,,5
2288512.0,06-08-2026 11:44,22-07-2026 11:54,,,,,,,,,,,2
2288513.0,06-08-2026 11:44,22-07-2026 11:54,24-08-2026 15:33,14-08-2026 16:14,12-08-2026 11:44,,,,,,,,5
2288514.0,06-08-2026 11:44,22-07-2026 11:54,24-08-2026 15:33,14-08-2026 16:14,12-08-2026 11:44,,,,,,,,5
2288515.0,06-08-2026 11:44,22-07-2026 11:54,24-08-2026 15:33,14-08-2026 16:14,12-08-2026 11:44,,,,,,,,5
2288518.0,06-08-2026 11:44,22-07-2026 11:54,24-08-2026 15:33,,,,,,,,,,3
2288519.0,06-08-2026 11:44,22-07-2026 11:54,,14-08-2026 16:14,12-08-2026 11:44,,,,,,,,4
2288520.0,28-08-2026 13:53,22-07-2026 11:54,24-08-2026 15:33,14-08-2026 16:14,12-08-2026 11:44,,,,,,,,5
2288523.0,06-08-2026 11:44,22-07-2026 11:54,24-08-2026 15:33,14-08-2026 16:14,12-08-2026 11:44,,,,,,,,5
2288549.0,28-08-2026 13:53,22-07-2026 11:54,24-08-2026 15:33,14-08-2026 16:14,12-08-2026 11:44,,,,,,,,5
2288551.0,06-08-2026 11:44,22-07-2026 11:54,24-08-2026 15:33,14-08-2026 16:14,12-08-2026 11:44,,,,,,,,5
2288553.0,06-08-2026 11:44,22-07-2026 11:54,24-08-2026 15:33,14-08-2026 16:14,12-08-2026 11:44,,,,,,,,5
2288554.0,,22-07-2026 11:54,24-08-2026 15:33,14-08-2026 16:14,12-08-2026 11:44,,,,,,,,4
2288556.0,06-08-2026 11:44,22-07-2026 11:54,24-08-2026 15:33,14-08-2026 16:14,12-08-2026 11:44,,,,,,,,5
2288557.0,06-08-2026 11:44,22-07-2026 11:54,24-08-2026 15:33,14-08-2026 16:14,12-08-2026 11:44,,,,,,,,5
2288558.0,06-08-2026 11:44,22-07-2026 11:54,24-08-2026 15:33,14-08-2026 16:14,12-08-2026 11:44,,,,,,,,5
2288559.0,06-08-2026 11:44,22-07-2026 11:54,24-08-2026 15:33,14-08-2026 16:14,12-08-2026 11:44,,,,,,,,5
2288560.0,06-08-2026 11:44,22-07-2026 11:54,24-08-2026 15:33,14-08-2026 16:14,12-08-2026 11:44,,,,,,,,5
2288561.0,06-08-2026 11:44,22-07-2026 11:54,24-08-2026 15:33,14-08-2026 16:14,12-08-2026 11:44,,,,,,,,5
2288562.0,06-08-2026 11:44,22-07-2026 11:54,24-08-2026 15:33,14-08-2026 16:14,12-08-2026 11:44,,,,,,,,5
2288564.0,06-08-2026 11:44,22-07-2026 11:54,24-08-2026 15:33,14-08-2026 16:14,12-08-2026 11:44,,,,,,,,5
2288566.0,06-08-2026 11:44,22-07-2026 11:54,24-08-2026 15:33,14-08-2026 16:14,12-08-2026 11:44,,,,,,,,5
2288568.0,06-08-2026 11:44,22-07-2026 11:54,24-08-2026 15:33,14-08-2026 16:14,12-08-2026 11:44,,,,,,,,5
2288569.0,06-08-2026 11:44,,24-08-2026 15:33,14-08-2026 16:14,12-08-2026 11:44,,,,,,,,4
2288571.0,06-08-2026 11:44,22-07-2026 11:54,24-08-2026 15:33,14-08-2026 16:14,12-08-2026 11:44,,,,,,,,5
2288574.0,06-08-2026 11:44,22-07-2026 11:54,24-08-2026 15:33,14-08-2026 16:14,12-08-2026 11:44,,,,,,,,5
2288576.0,,,,,12-08-2026 11:44,,,,,,,,1
2288580.0,28-08-2026 13:53,22-07-2026 11:54,24-08-2026 15:33,14-08-2026 16:14,12-08-2026 11:44,,,,,,,,5
2288583.0,06-08-2026 11:44,22-07-2026 11:54,,14-08-2026 16:14,12-08-2026 11:44,,,,,,,,4
2288586.0,06-08-2026 11:44,22-07-2026 11:54,24-08-2026 15:33,14-08-2026 16:14,12-08-2026 11:44,,,,,,,,5
2288592.0,06-08-2026 11:44,22-07-2026 11:54,24-08-2026 15:33,14-08-2026 16:14,12-08-2026 11:44,,,,,,,,5
2288594.0,06-08-2026 11:44,22-07-2026 11:54,24-08-2026 15:33,14-08-2026 16:14,12-08-2026 11:44,,,,,,,,5
2288596.0,06-08-2026 11:44,22-07-2026 11:54,24-08-2026 15:33,14-08-2026 16:14,12-08-2026 11:44,,,,,,,,5
2288684.0,19-08-2026 12:27,11-08-2026 15:23,,,27-08-2026 12:17,,,,,,,,3
2288685.0,19-08-2026 12:27,11-08-2026 15:23,,,,,,,,,,,2
2288686.0,19-08-2026 12:27,11-08-2026 15:23,,,27-08-2026 12:17,,,,,,,,3
2288687.0,19-08-2026 12:27,11-08-2026 15:23,,,27-08-2026 12:17,,,,,,,,3
2288693.0,19-08-2026 12:27,11-08-2026 15:23,,,27-08-2026 12:17,,,,,,,,3
2288699.0,19-08-2026 12:27,11-08-2026 15:23,,,,,,,,,,,2
2288702.0,19-08-2026 12:27,11-08-2026 15:23,,,27-08-2026 12:17,,,,,,,,3
2288737.0,17-08-2026 12:28,24-07-2026 12:19,,27-08-2026 14:35,20-08-2026 14:23,,,,,,,,4
2291069.0,05-08-2026 12:29,27-07-2026 11:08,,13-08-2026 14:04,,,,,,,,,3
2291070.0,05-08-2026 12:29,27-07-2026 11:08,27-08-2026 14:09,13-08-2026 14:04,,,,,,,,,4
2291071.0,,,,,12-08-2026 10:17,,,,,,,,1
2291101.0,28-08-2026 13:28,27-07-2026 11:08,27-08-2026 14:09,13-08-2026 14:04,12-08-2026 10:17,,,,,,,,5
2291104.0,05-08-2026 12:29,27-07-2026 11:08,,13-08-2026 14:04,,,,,,,,,3
2291105.0,05-08-2026 12:29,27-07-2026 11:08,27-08-2026 14:09,13-08-2026 14:04,12-08-2026 10:17,,,,,,,,5
2291107.0,05-08-2026 12:29,27-07-2026 11:08,27-08-2026 14:09,13-08-2026 14:04,12-08-2026 10:17,,,,,,,,5
2291109.0,05-08-2026 12:29,27-07-2026 11:08,27-08-2026 14:09,13-08-2026 14:04,12-08-2026 10:17,,,,,,,,5
2291111.0,05-08-2026 12:29,27-07-2026 11:08,27-08-2026 14:09,13-08-2026 14:04,12-08-2026 10:17,,,,,,,,5
2291113.0,05-08-2026 12:29,27-07-2026 11:08,27-08-2026 14:09,13-08-2026 14:04,12-08-2026 10:17,,,,,,,,5
2291114.0,05-08-2026 12:29,27-07-2026 11:08,27-08-2026 14:09,13-08-2026 14:04,12-08-2026 10:17,,,,,,,,5
2291116.0,,,,,12-08-2026 10:17,,,,,,,,1
2291118.0,05-08-2026 12:29,27-07-2026 11:08,27-08-2026 14:09,13-08-2026 14:04,12-08-2026 10:17,,,,,,,,5
2291119.0,05-08-2026 12:29,27-07-2026 11:08,27-08-2026 14:09,13-08-2026 14:04,,,,,,,,,4
2291121.0,05-08-2026 12:29,27-07-2026 11:08,27-08-2026 14:09,13-08-2026 14:04,12-08-2026 10:17,,,,,,,,5
2291124.0,05-08-2026 12:29,27-07-2026 11:08,,13-08-2026 14:04,12-08-2026 10:17,,,,,,,,4
2291125.0,05-08-2026 12:29,27-07-2026 11:08,27-08-2026 14:09,13-08-2026 14:04,12-08-2026 10:17,,,,,,,,5
2291127.0,05-08-2026 12:29,27-07-2026 11:08,27-08-2026 14:09,13-08-2026 14:04,12-08-2026 10:17,,,,,,,,5
2291129.0,05-08-2026 12:29,27-07-2026 11:08,27-08-2026 14:09,13-08-2026 14:04,12-08-2026 10:17,,,,,,,,5
2291132.0,05-08-2026 12:29,27-07-2026 11:08,,13-08-2026 14:04,12-08-2026 10:17,,,,,,,,4
2291134.0,,,,13-08-2026 14:04,,,,,,,,,1
2291140.0,05-08-2026 12:29,27-07-2026 11:08,27-08-2026 14:09,,12-08-2026 10:17,,,,,,,,4
2291167.0,,,,13-08-2026 14:04,12-08-2026 10:17,,,,,,,,2
2291170.0,05-08-2026 12:29,27-07-2026 11:08,27-08-2026 14:09,,,,,,,,,,3
2291172.0,05-08-2026 12:29,27-07-2026 11:08,27-08-2026 14:09,,12-08-2026 10:17,,,,,,,,4
2293640.0,05-08-2026 12:29,27-07-2026 11:08,,13-08-2026 14:04,12-08-2026 10:17,,,,,,,,4
2293915.0,06-08-2026 15:20,07-08-2026 14:28,31-08-2026 16:05,19-08-2026 11:44,07-08-2026 14:24,,,,,,,,5
2295268.0,05-08-2026 15:30,30-07-2026 15:27,28-08-2026 14:33,13-08-2026 15:24,12-08-2026 15:27,,,,,,,,5
