ChildID,CLS/RB/Y1/SS2,CLS/RB/Y1/SS1,DLA/Y1/SS1,CLS/Y1/SA/C1/SS4,CLS/Y1/SA/C1/SS3,DLA/Y1/SS2,CLS/Y1/CM/C1/SS5,C2L/RPB/SS1,CLS/Y1/EM/C2/SS7,CLS/Y1/EM/C1/SS6,CLS/Y1/NE/C2/SS13,CLS/Y1/SA/C2/SS8,Total_Sessions_Attended
2250910.0,21-07-2026 13:48,14-07-2026 13:40,11-08-2026 12:48,,04-08-2026 11:57,17-08-2026 13:42,,,,,,,5
2250949.0,28-07-2026 12:39,18-07-2026 12:25,17-08-2026 13:18,,11-08-2026 13:56,27-08-2026 11:37,,,,,,,5
2250955.0,28-07-2026 12:39,18-07-2026 12:25,17-08-2026 13:18,,11-08-2026 13:56,27-08-2026 11:37,,,,,,,5
2250963.0,31-07-2026 15:17,28-07-2026 17:29,,,,,,,,,,,2
2250966.0,28-07-2026 12:39,18-07-2026 12:25,17-08-2026 13:18,,11-08-2026 13:56,27-08-2026 11:37,,,,,,,5
2250971.0,27-07-2026 13:57,14-07-2026 13:46,17-08-2026 18:03,,10-08-2026 16:25,,,,,,,,4
2250972.0,28-07-2026 12:39,18-07-2026 12:25,17-08-2026 13:18,,11-08-2026 13:56,27-08-2026 11:37,,,,,,,5
2250980.0,28-07-2026 12:39,18-07-2026 12:25,17-08-2026 13:18,,11-08-2026 13:56,,,,,,,,4
2250981.0,27-07-2026 13:57,14-07-2026 13:46,17-08-2026 18:03,,10-08-2026 16:25,,,,,,,,4
2250985.0,28-07-2026 12:39,18-07-2026 12:25,17-08-2026 13:18,,11-08-2026 13:56,27-08-2026 11:37,,,,,,,5
2250987.0,27-07-2026 13:57,14-07-2026 13:46,17-08-2026 18:03,,10-08-2026 16:25,,,,,,,,4
2250992.0,28-07-2026 12:39,18-07-2026 12:25,17-08-2026 13:18,,11-08-2026 13:56,27-08-2026 11:37,,,,,,,5
2250994.0,27-07-2026 13:57,14-07-2026 13:46,17-08-2026 18:03,,10-08-2026 16:25,,,,,,,,4
2250997.0,28-07-2026 12:39,18-07-2026 12:25,17-08-2026 13:18,,11-08-2026 13:56,27-08-2026 11:37,,,,,,,5
2251000.0,03-08-2026 16:06,14-07-2026 13:46,17-08-2026 18:03,,10-08-2026 16:25,,,,,,,,4
2251002.0,28-07-2026 12:39,18-07-2026 12:25,17-08-2026 13:18,,11-08-2026 13:56,27-08-2026 11:37,,,,,,,5
2251005.0,28-07-2026 12:39,18-07-2026 12:25,17-08-2026 13:18,,11-08-2026 13:56,27-08-2026 11:37,,,,,,,5
2251007.0,27-07-2026 13:57,14-07-2026 13:46,17-08-2026 18:03,,10-08-2026 16:25,,,,,,,,4
2251009.0,28-07-2026 12:39,18-07-2026 12:25,17-08-2026 13:18,,11-08-2026 13:56,27-08-2026 11:37,,,,,,,5
2251011.0,27-07-2026 13:57,14-07-2026 13:46,17-08-2026 18:03,,10-08-2026 16:25,,,,,,,,4
2251014.0,28-07-2026 12:39,18-07-2026 12:25,17-08-2026 13:18,,11-08-2026 13:56,27-08-2026 11:37,,,,,,,5
2251016.0,27-07-2026 13:57,14-07-2026 13:46,17-08-2026 18:03,,10-08-2026 16:25,,,,,,,,4
2251018.0,28-07-2026 12:39,18-07-2026 12:25,17-08-2026 13:18,,11-08-2026 13:56,27-08-2026 11:37,,,,,,,5
2251054.0,28-07-2026 12:39,18-07-2026 12:25,17-08-2026 13:18,,11-08-2026 13:56,27-08-2026 11:37,,,,,,,5
2251056.0,27-07-2026 13:57,14-07-2026 13:46,20-08-2026 13:52,,10-08-2026 16:25,,,,,,,,4
2251060.0,28-07-2026 12:39,18-07-2026 12:25,17-08-2026 13:18,,11-08-2026 13:56,27-08-2026 11:37,,,,,,,5
2251065.0,27-07-2026 13:57,14-07-2026 13:46,17-08-2026 18:03,,10-08-2026 16:25,,,,,,,,4
2251072.0,27-07-2026 13:57,14-07-2026 13:46,17-08-2026 18:03,,10-08-2026 16:25,,,,,,,,4
2251082.0,27-07-2026 13:57,14-07-2026 13:46,17-08-2026 18:03,,10-08-2026 16:25,,,,,,,,4
2251084.0,21-07-2026 13:48,14-07-2026 13:40,11-08-2026 12:48,,04-08-2026 11:57,17-08-2026 13:42,,,,,,,5
2251100.0,21-07-2026 13:48,14-07-2026 13:40,11-08-2026 12:48,,04-08-2026 11:57,17-08-2026 13:42,,,,,,,5
2251105.0,27-07-2026 13:57,14-07-2026 13:46,17-08-2026 18:03,,10-08-2026 16:25,,,,,,,,4
2251111.0,27-07-2026 13:57,14-07-2026 13:46,17-08-2026 18:03,,10-08-2026 16:25,,,,,,,,4
2251113.0,21-07-2026 13:48,14-07-2026 13:40,11-08-2026 12:48,,03-08-2026 13:59,17-08-2026 13:42,,,,,,,5
2251119.0,27-07-2026 13:57,14-07-2026 13:46,17-08-2026 18:03,,10-08-2026 16:25,,,,,,,,4
2251124.0,21-07-2026 13:48,14-07-2026 13:40,11-08-2026 12:48,,03-08-2026 13:59,17-08-2026 13:42,,,,,,,5
2251129.0,03-08-2026 16:06,14-07-2026 13:46,20-08-2026 13:52,,10-08-2026 16:25,,,,,,,,4
2251133.0,03-08-2026 16:06,14-07-2026 13:46,17-08-2026 18:03,,10-08-2026 16:25,,,,,,,,4
2251138.0,21-07-2026 13:48,14-07-2026 13:40,11-08-2026 12:48,,03-08-2026 13:59,17-08-2026 13:42,,,,,,,5
2251141.0,03-08-2026 16:06,14-07-2026 13:46,17-08-2026 18:03,,10-08-2026 16:25,,,,,,,,4
2251145.0,21-07-2026 13:48,14-07-2026 13:40,11-08-2026 12:48,,03-08-2026 13:59,17-08-2026 13:42,,,,,,,5
2251147.0,28-07-2026 12:39,18-07-2026 12:25,17-08-2026 13:18,,11-08-2026 13:56,27-08-2026 11:37,,,,,,,5
2251149.0,27-07-2026 13:57,14-07-2026 13:46,17-08-2026 18:03,,10-08-2026 16:25,,,,,,,,4
2251151.0,21-07-2026 13:48,14-07-2026 13:40,11-08-2026 12:48,,03-08-2026 13:59,17-08-2026 13:42,,,,,,,5
2251152.0,28-07-2026 12:39,18-07-2026 12:25,17-08-2026 13:18,,11-08-2026 13:56,27-08-2026 11:37,,,,,,,5
2251154.0,27-07-2026 13:57,14-07-2026 13:46,17-08-2026 18:03,,10-08-2026 16:25,,,,,,,,4
2251155.0,21-07-2026 13:48,14-07-2026 13:40,11-08-2026 12:48,,03-08-2026 13:59,17-08-2026 13:42,,,,,,,5
2251156.0,28-07-2026 12:39,18-07-2026 12:25,17-08-2026 13:18,,11-08-2026 13:56,27-08-2026 11:37,,,,,,,5
2251158.0,28-07-2026 12:39,18-07-2026 12:25,17-08-2026 13:18,,11-08-2026 13:56,27-08-2026 11:37,,,,,,,5
2251159.0,21-07-2026 13:48,14-07-2026 13:40,11-08-2026 12:48,,03-08-2026 13:59,17-08-2026 13:42,,,,,,,5
2251160.0,27-07-2026 13:57,14-07-2026 13:46,17-08-2026 18:03,,10-08-2026 16:25,,,,,,,,4
2251161.0,28-07-2026 12:39,18-07-2026 12:25,17-08-2026 13:18,,11-08-2026 13:56,27-08-2026 11:37,,,,,,,5
2251163.0,21-07-2026 13:48,14-07-2026 13:40,11-08-2026 12:48,,04-08-2026 11:57,17-08-2026 13:42,,,,,,,5
2251164.0,27-07-2026 13:57,14-07-2026 13:46,17-08-2026 18:03,,10-08-2026 16:25,,,,,,,,4
2251165.0,31-07-2026 15:07,27-07-2026 17:15,,,,,,,,,,,2
2251168.0,28-07-2026 12:39,18-07-2026 12:25,17-08-2026 13:18,,11-08-2026 13:56,27-08-2026 11:37,,,,,,,5
2251170.0,31-07-2026 15:07,27-07-2026 17:15,,,,,,,,,,,2
2251171.0,31-07-2026 15:17,28-07-2026 17:29,,,,,,,,,,,2
2251173.0,28-07-2026 12:39,18-07-2026 12:25,17-08-2026 13:18,,11-08-2026 13:56,27-08-2026 11:37,,,,,,,5
2251175.0,21-07-2026 13:48,14-07-2026 13:40,11-08-2026 12:48,,03-08-2026 13:59,17-08-2026 13:42,,,,,,,5
2251176.0,31-07-2026 15:07,27-07-2026 17:15,,,,,,,,,,,2
2251179.0,28-07-2026 12:39,18-07-2026 12:25,17-08-2026 13:18,,11-08-2026 13:56,27-08-2026 11:37,,,,,,,5
2251180.0,31-07-2026 15:07,27-07-2026 17:15,,,,,,,,,,,2
2251181.0,27-07-2026 13:57,14-07-2026 13:46,17-08-2026 18:03,,10-08-2026 16:25,,,,,,,,4
2251182.0,31-07-2026 15:17,28-07-2026 17:29,,,,,,,,,,,2
2251183.0,21-07-2026 13:48,14-07-2026 13:40,11-08-2026 12:48,,03-08-2026 13:59,17-08-2026 13:42,,,,,,,5
2251185.0,31-07-2026 15:07,27-07-2026 17:15,,,,,,,,,,,2
2251186.0,28-07-2026 12:39,18-07-2026 12:25,17-08-2026 13:18,,11-08-2026 13:56,27-08-2026 11:37,,,,,,,5
2251188.0,31-07-2026 15:07,27-07-2026 17:15,,,,,,,,,,,2
2251189.0,21-07-2026 13:48,14-07-2026 13:40,11-08-2026 12:48,,04-08-2026 11:57,17-08-2026 13:42,,,,,,,5
2251190.0,28-07-2026 12:39,18-07-2026 12:25,19-08-2026 12:37,,11-08-2026 13:56,27-08-2026 11:37,,,,,,,5
2251191.0,27-07-2026 13:57,14-07-2026 13:46,17-08-2026 18:03,,10-08-2026 16:25,,,,,,,,4
2251193.0,31-07-2026 15:17,28-07-2026 17:29,,,,,,,,,,,2
2251194.0,31-07-2026 15:07,27-07-2026 17:15,,,,,,,,,,,2
2251196.0,28-07-2026 12:39,18-07-2026 12:25,17-08-2026 13:18,,11-08-2026 13:56,27-08-2026 11:37,,,,,,,5
2251197.0,21-07-2026 13:48,14-07-2026 13:40,11-08-2026 12:48,,03-08-2026 13:59,17-08-2026 13:42,,,,,,,5
2251199.0,31-07-2026 15:07,27-07-2026 17:15,,,,,,,,,,,2
2251202.0,27-07-2026 13:57,14-07-2026 13:46,17-08-2026 18:03,,10-08-2026 16:25,,,,,,,,4
2251203.0,21-07-2026 13:48,14-07-2026 13:40,11-08-2026 12:48,,03-08-2026 13:59,17-08-2026 13:42,,,,,,,5
2251204.0,31-07-2026 15:07,27-07-2026 17:15,,,,,,,,,,,2
2251205.0,28-07-2026 12:39,18-07-2026 12:25,17-08-2026 13:18,,11-08-2026 13:56,27-08-2026 11:37,,,,,,,5
2251208.0,21-07-2026 13:48,14-07-2026 13:40,11-08-2026 12:48,,04-08-2026 11:57,17-08-2026 13:42,,,,,,,5
2251209.0,28-07-2026 12:39,18-07-2026 12:25,17-08-2026 13:18,,11-08-2026 13:56,27-08-2026 11:37,,,,,,,5
2251211.0,21-07-2026 13:48,14-07-2026 13:40,11-08-2026 12:48,,03-08-2026 13:59,17-08-2026 13:42,,,,,,,5
2251213.0,28-07-2026 12:39,18-07-2026 12:25,17-08-2026 13:18,,11-08-2026 13:56,27-08-2026 11:37,,,,,,,5
2251214.0,21-07-2026 13:48,14-07-2026 13:40,11-08-2026 12:48,,03-08-2026 13:59,17-08-2026 13:42,,,,,,,5
2251216.0,28-07-2026 12:39,18-07-2026 12:25,17-08-2026 13:18,,11-08-2026 13:56,27-08-2026 11:37,,,,,,,5
2251218.0,21-07-2026 13:48,14-07-2026 13:40,11-08-2026 12:48,,03-08-2026 13:59,17-08-2026 13:42,,,,,,,5
2251219.0,28-07-2026 12:39,18-07-2026 12:25,17-08-2026 13:18,,11-08-2026 13:56,27-08-2026 11:37,,,,,,,5
2251222.0,21-07-2026 13:48,14-07-2026 13:40,11-08-2026 12:48,,03-08-2026 13:59,17-08-2026 13:42,,,,,,,5
2251223.0,28-07-2026 12:39,18-07-2026 12:25,17-08-2026 13:18,,11-08-2026 13:56,27-08-2026 11:37,,,,,,,5
2251226.0,28-07-2026 12:39,18-07-2026 12:25,19-08-2026 12:37,,11-08-2026 13:56,27-08-2026 11:37,,,,,,,5
2251227.0,21-07-2026 13:48,14-07-2026 13:40,11-08-2026 12:48,,03-08-2026 13:59,17-08-2026 13:42,,,,,,,5
2251229.0,31-07-2026 15:07,27-07-2026 17:15,,,,,,,,,,,2
2251231.0,28-07-2026 12:39,18-07-2026 12:25,17-08-2026 13:18,,11-08-2026 13:56,27-08-2026 11:37,,,,,,,5
2251232.0,31-07-2026 15:07,27-07-2026 17:15,,,,,,,,,,,2
2251234.0,27-07-2026 13:57,14-07-2026 13:46,17-08-2026 18:03,,10-08-2026 16:25,,,,,,,,4
2251235.0,28-07-2026 12:39,18-07-2026 12:25,17-08-2026 13:18,,11-08-2026 13:56,27-08-2026 11:37,,,,,,,5
2251236.0,31-07-2026 15:07,27-07-2026 17:15,,,,,,,,,,,2
2251238.0,31-07-2026 15:07,27-07-2026 17:15,,,,,,,,,,,2
2251241.0,27-07-2026 13:57,14-07-2026 13:46,17-08-2026 18:03,,10-08-2026 16:25,,,,,,,,4
2251242.0,28-07-2026 12:39,18-07-2026 12:25,17-08-2026 13:18,,11-08-2026 13:56,27-08-2026 11:37,,,,,,,5
2251244.0,31-07-2026 15:07,27-07-2026 17:15,,,,,,,,,,,2
2251247.0,27-07-2026 13:57,14-07-2026 13:46,17-08-2026 18:03,,10-08-2026 16:25,,,,,,,,4
2251249.0,31-07-2026 15:07,27-07-2026 17:15,,,,,,,,,,,2
2251251.0,31-07-2026 15:07,27-07-2026 17:15,,,,,,,,,,,2
2251254.0,28-07-2026 12:39,18-07-2026 12:25,17-08-2026 13:18,,11-08-2026 13:56,27-08-2026 11:37,,,,,,,5
2251255.0,27-07-2026 13:57,14-07-2026 13:46,17-08-2026 18:03,,10-08-2026 16:25,,,,,,,,4
2251259.0,31-07-2026 15:07,27-07-2026 17:15,,,,,,,,,,,2
2251261.0,27-07-2026 13:57,14-07-2026 13:46,17-08-2026 18:03,,10-08-2026 16:25,,,,,,,,4
2251266.0,28-07-2026 12:39,18-07-2026 12:25,17-08-2026 13:18,,11-08-2026 13:56,27-08-2026 11:37,,,,,,,5
2251267.0,31-07-2026 15:07,27-07-2026 17:15,,,,,,,,,,,2
2251271.0,31-07-2026 15:07,27-07-2026 17:15,,,,,,,,,,,2
2251277.0,31-07-2026 15:07,27-07-2026 17:15,,,,,,,,,,,2
2251278.0,28-07-2026 12:39,18-07-2026 12:25,17-08-2026 13:18,,11-08-2026 13:56,27-08-2026 11:37,,,,,,,5
2251279.0,27-07-2026 13:57,14-07-2026 13:46,20-08-2026 13:52,,10-08-2026 16:25,,,,,,,,4
2251286.0,31-07-2026 15:07,27-07-2026 17:15,,,,,,,,,,,2
2251289.0,28-07-2026 12:39,18-07-2026 12:25,17-08-2026 13:18,,11-08-2026 13:56,27-08-2026 11:37,,,,,,,5
2251290.0,31-07-2026 15:17,28-07-2026 17:29,,,,,,,,,,,2
2251291.0,31-07-2026 15:07,27-07-2026 17:15,,,,,,,,,,,2
2251292.0,27-07-2026 13:57,14-07-2026 13:46,20-08-2026 13:52,,10-08-2026 16:25,,,,,,,,4
2251297.0,28-07-2026 12:39,18-07-2026 12:25,17-08-2026 13:18,,11-08-2026 13:56,27-08-2026 11:37,,,,,,,5
2251299.0,31-07-2026 15:17,28-07-2026 17:29,,,,,,,,,,,2
2251302.0,31-07-2026 15:07,27-07-2026 17:15,,,,,,,,,,,2
2251305.0,28-07-2026 12:39,18-07-2026 12:25,17-08-2026 13:18,,11-08-2026 13:56,27-08-2026 11:37,,,,,,,5
2251306.0,27-07-2026 13:57,14-07-2026 13:46,17-08-2026 18:03,,10-08-2026 16:25,,,,,,,,4
2251307.0,31-07-2026 15:17,28-07-2026 17:29,,,,,,,,,,,2
2251308.0,31-07-2026 15:07,27-07-2026 17:15,,,,,,,,,,,2
2251313.0,28-07-2026 12:39,18-07-2026 12:25,17-08-2026 13:18,,11-08-2026 13:56,27-08-2026 11:37,,,,,,,5
2251314.0,31-07-2026 15:07,27-07-2026 17:15,,,,,,,,,,,2
2251315.0,31-07-2026 15:17,28-07-2026 17:29,,,,,,,,,,,2
2251320.0,27-07-2026 13:57,14-07-2026 13:46,17-08-2026 18:03,,10-08-2026 16:25,,,,,,,,4
2251321.0,31-07-2026 15:07,27-07-2026 17:15,,,,,,,,,,,2
2251323.0,28-07-2026 12:39,18-07-2026 12:25,17-08-2026 13:18,,11-08-2026 13:56,27-08-2026 11:37,,,,,,,5
2251331.0,31-07-2026 15:07,27-07-2026 17:15,,,,,,,,,,,2
2251332.0,27-07-2026 13:57,14-07-2026 13:46,17-08-2026 18:03,,10-08-2026 16:25,,,,,,,,4
2251334.0,28-07-2026 12:39,18-07-2026 12:25,17-08-2026 13:18,,11-08-2026 13:56,27-08-2026 11:37,,,,,,,5
2251339.0,31-07-2026 15:07,27-07-2026 17:15,,,,,,,,,,,2
2251341.0,27-07-2026 13:57,14-07-2026 13:46,17-08-2026 18:03,,10-08-2026 16:25,,,,,,,,4
2251345.0,28-07-2026 12:39,18-07-2026 12:25,17-08-2026 13:18,,11-08-2026 13:56,27-08-2026 11:37,,,,,,,5
2251352.0,28-07-2026 12:39,18-07-2026 12:25,17-08-2026 13:18,,11-08-2026 13:56,27-08-2026 11:37,,,,,,,5
2251359.0,28-07-2026 12:39,18-07-2026 12:25,17-08-2026 13:18,,11-08-2026 13:56,27-08-2026 11:37,,,,,,,5
2251360.0,27-07-2026 13:57,14-07-2026 13:46,17-08-2026 18:03,,10-08-2026 16:25,,,,,,,,4
2251364.0,31-07-2026 15:09,27-07-2026 17:16,,,,,,,,,,,2
2251367.0,28-07-2026 12:39,18-07-2026 12:25,17-08-2026 13:18,,11-08-2026 13:56,27-08-2026 11:37,,,,,,,5
2251368.0,03-08-2026 16:06,14-07-2026 13:46,17-08-2026 18:03,,10-08-2026 16:25,,,,,,,,4
2251370.0,31-07-2026 15:09,27-07-2026 17:16,,,,,,,,,,,2
2251373.0,28-07-2026 12:39,18-07-2026 12:25,17-08-2026 13:18,,11-08-2026 13:56,27-08-2026 11:37,,,,,,,5
2251375.0,31-07-2026 15:09,27-07-2026 17:16,,,,,,,,,,,2
2251377.0,27-07-2026 13:57,14-07-2026 13:46,17-08-2026 18:03,,10-08-2026 16:25,,,,,,,,4
2251382.0,28-07-2026 12:39,18-07-2026 12:25,17-08-2026 13:18,,11-08-2026 13:56,27-08-2026 11:37,,,,,,,5
2251385.0,31-07-2026 15:09,27-07-2026 17:16,,,,,,,,,,,2
2251387.0,28-07-2026 12:39,18-07-2026 12:25,17-08-2026 13:18,,11-08-2026 13:56,27-08-2026 11:37,,,,,,,5
2251388.0,31-07-2026 15:09,27-07-2026 17:16,,,,,,,,,,,2
2251389.0,21-07-2026 13:48,14-07-2026 13:40,11-08-2026 12:48,,03-08-2026 13:59,17-08-2026 13:42,,,,,,,5
2251392.0,31-07-2026 15:09,27-07-2026 17:16,,,,,,,,,,,2
2251393.0,28-07-2026 12:39,18-07-2026 12:25,17-08-2026 13:18,,11-08-2026 13:56,27-08-2026 11:37,,,,,,,5
2251396.0,21-07-2026 13:48,14-07-2026 13:40,11-08-2026 12:48,,03-08-2026 13:59,17-08-2026 13:42,,,,,,,5
2251397.0,31-07-2026 15:09,27-07-2026 17:16,,,,,,,,,,,2
2251398.0,28-07-2026 12:39,18-07-2026 12:25,17-08-2026 13:18,,11-08-2026 13:56,27-08-2026 11:37,,,,,,,5
2251400.0,31-07-2026 15:17,28-07-2026 17:29,,,,,,,,,,,2
2251403.0,31-07-2026 15:09,27-07-2026 17:16,,,,,,,,,,,2
2251404.0,28-07-2026 12:39,18-07-2026 12:25,17-08-2026 13:18,,11-08-2026 13:56,27-08-2026 11:37,,,,,,,5
2251406.0,21-07-2026 13:48,14-07-2026 13:40,11-08-2026 12:48,,04-08-2026 11:57,17-08-2026 13:42,,,,,,,5
2251408.0,31-07-2026 15:09,27-07-2026 17:16,,,,,,,,,,,2
2251409.0,31-07-2026 15:17,28-07-2026 17:29,,,,,,,,,,,2
2251412.0,28-07-2026 12:39,18-07-2026 12:25,17-08-2026 13:18,,11-08-2026 13:56,27-08-2026 11:37,,,,,,,5
2251414.0,31-07-2026 15:09,27-07-2026 17:16,,,,,,,,,,,2
2251416.0,21-07-2026 13:48,14-07-2026 13:40,11-08-2026 12:48,,03-08-2026 13:59,17-08-2026 13:42,,,,,,,5
2251418.0,28-07-2026 12:39,18-07-2026 12:25,17-08-2026 13:18,,11-08-2026 13:56,27-08-2026 11:37,,,,,,,5
2251421.0,31-07-2026 15:09,27-07-2026 17:16,,,,,,,,,,,2
2251422.0,31-07-2026 15:17,28-07-2026 17:29,,,,,,,,,,,2
2251427.0,21-07-2026 13:48,14-07-2026 13:40,11-08-2026 12:48,,03-08-2026 13:59,17-08-2026 13:42,,,,,,,5
2251428.0,28-07-2026 12:39,18-07-2026 12:25,17-08-2026 13:18,,11-08-2026 13:56,27-08-2026 11:37,,,,,,,5
2251430.0,31-07-2026 15:09,27-07-2026 17:16,,,,,,,,,,,2
2251435.0,21-07-2026 13:48,14-07-2026 13:40,11-08-2026 12:48,,03-08-2026 13:59,17-08-2026 13:42,,,,,,,5
2251436.0,31-07-2026 15:17,28-07-2026 17:29,,,,,,,,,,,2
2251437.0,28-07-2026 12:39,18-07-2026 12:25,17-08-2026 13:18,,11-08-2026 13:56,27-08-2026 11:37,,,,,,,5
2251439.0,31-07-2026 15:09,27-07-2026 17:16,,,,,,,,,,,2
2251445.0,31-07-2026 15:09,27-07-2026 17:16,,,,,,,,,,,2
2251446.0,31-07-2026 15:17,28-07-2026 17:29,,,,,,,,,,,2
2251447.0,28-07-2026 12:39,18-07-2026 12:25,17-08-2026 13:18,,11-08-2026 13:56,27-08-2026 11:37,,,,,,,5
2251449.0,21-07-2026 13:48,14-07-2026 13:40,11-08-2026 12:48,,03-08-2026 13:59,17-08-2026 13:42,,,,,,,5
2251453.0,31-07-2026 15:09,27-07-2026 17:16,,,,,,,,,,,2
2251454.0,28-07-2026 12:39,18-07-2026 12:25,17-08-2026 13:18,,11-08-2026 13:56,27-08-2026 11:37,,,,,,,5
2251460.0,31-07-2026 15:17,28-07-2026 17:29,,,,,,,,,,,2
2251461.0,21-07-2026 13:48,14-07-2026 13:40,11-08-2026 12:48,,03-08-2026 13:59,17-08-2026 13:42,,,,,,,5
2251463.0,31-07-2026 15:09,27-07-2026 17:16,,,,,,,,,,,2
2251466.0,28-07-2026 12:39,18-07-2026 12:25,17-08-2026 13:18,,11-08-2026 13:56,27-08-2026 11:37,,,,,,,5
2251469.0,28-07-2026 12:39,18-07-2026 12:25,17-08-2026 13:18,,11-08-2026 13:56,27-08-2026 11:37,,,,,,,5
2251471.0,21-07-2026 13:48,14-07-2026 13:40,11-08-2026 12:48,,04-08-2026 11:57,17-08-2026 13:42,,,,,,,5
2251475.0,28-07-2026 12:39,18-07-2026 12:25,17-08-2026 13:18,,11-08-2026 13:56,27-08-2026 11:37,,,,,,,5
2251478.0,21-07-2026 13:48,14-07-2026 13:40,11-08-2026 12:48,,03-08-2026 13:59,17-08-2026 13:42,,,,,,,5
2251484.0,21-07-2026 13:48,14-07-2026 13:40,11-08-2026 12:48,,03-08-2026 13:59,17-08-2026 13:42,,,,,,,5
2251493.0,21-07-2026 13:48,14-07-2026 13:40,11-08-2026 12:48,,03-08-2026 13:59,17-08-2026 13:42,,,,,,,5
2251497.0,31-07-2026 15:17,28-07-2026 17:29,,,,,,,,,,,2
2251501.0,21-07-2026 13:48,14-07-2026 13:40,11-08-2026 12:48,,03-08-2026 13:59,17-08-2026 13:42,,,,,,,5
2251503.0,31-07-2026 15:17,28-07-2026 17:29,,,,,,,,,,,2
2251511.0,21-07-2026 13:48,14-07-2026 13:40,11-08-2026 12:48,,03-08-2026 13:59,17-08-2026 13:42,,,,,,,5
2251516.0,21-07-2026 13:48,14-07-2026 13:40,11-08-2026 12:48,,03-08-2026 13:59,17-08-2026 13:42,,,,,,,5
2251521.0,31-07-2026 15:17,28-07-2026 17:29,,,,,,,,,,,2
2251530.0,31-07-2026 15:17,28-07-2026 17:29,,,,,,,,,,,2
2251533.0,31-07-2026 15:17,28-07-2026 17:29,,,,,,,,,,,2
2251542.0,31-07-2026 15:17,28-07-2026 17:29,,,,,,,,,,,2
2251684.0,29-07-2026 15:27,14-07-2026 13:53,17-08-2026 18:04,,10-08-2026 16:25,,,,,,,,4
2251687.0,29-07-2026 15:27,14-07-2026 13:53,17-08-2026 18:04,,10-08-2026 16:25,,,,,,,,4
2251690.0,28-07-2026 13:17,18-07-2026 10:20,17-08-2026 11:03,,11-08-2026 13:52,27-08-2026 11:38,,,,,,,5
2251692.0,,14-07-2026 13:53,17-08-2026 18:04,,10-08-2026 16:25,,,,,,,,3
2251693.0,31-07-2026 15:17,28-07-2026 17:29,,,,,,,,,,,2
2251695.0,28-07-2026 13:17,18-07-2026 10:20,17-08-2026 11:03,,11-08-2026 13:52,27-08-2026 11:38,,,,,,,5
2251698.0,28-07-2026 13:17,18-07-2026 10:20,17-08-2026 11:03,,11-08-2026 13:52,27-08-2026 11:38,,,,,,,5
2251699.0,31-07-2026 15:17,28-07-2026 17:29,,,,,,,,,,,2
2251703.0,28-07-2026 13:17,18-07-2026 10:20,17-08-2026 11:03,,11-08-2026 13:52,27-08-2026 11:38,,,,,,,5
2251705.0,31-07-2026 15:17,28-07-2026 17:29,,,,,,,,,,,2
2251709.0,31-07-2026 15:17,28-07-2026 17:29,,,,,,,,,,,2
2251711.0,29-07-2026 15:27,14-07-2026 13:53,17-08-2026 18:04,,10-08-2026 16:25,,,,,,,,4
2251715.0,,14-07-2026 13:53,17-08-2026 18:04,,10-08-2026 16:25,,,,,,,,3
2251719.0,28-07-2026 13:17,18-07-2026 10:20,17-08-2026 11:03,,11-08-2026 13:52,27-08-2026 11:38,,,,,,,5
2251722.0,28-07-2026 13:17,18-07-2026 10:20,17-08-2026 11:03,,12-08-2026 09:40,27-08-2026 11:38,,,,,,,5
2251723.0,29-07-2026 15:27,14-07-2026 13:53,17-08-2026 18:04,,10-08-2026 16:25,,,,,,,,4
2251727.0,28-07-2026 13:17,18-07-2026 10:20,17-08-2026 11:03,,11-08-2026 13:52,27-08-2026 11:38,,,,,,,5
2251730.0,28-07-2026 13:17,18-07-2026 10:20,17-08-2026 11:03,,11-08-2026 13:52,27-08-2026 11:38,,,,,,,5
2251731.0,29-07-2026 15:27,14-07-2026 13:53,17-08-2026 18:04,,10-08-2026 16:25,,,,,,,,4
2251733.0,28-07-2026 13:17,18-07-2026 10:20,17-08-2026 11:03,,11-08-2026 13:52,27-08-2026 11:38,,,,,,,5
2251734.0,28-07-2026 13:17,18-07-2026 10:20,17-08-2026 11:03,,11-08-2026 13:52,27-08-2026 11:38,,,,,,,5
2251736.0,,14-07-2026 13:53,17-08-2026 18:04,,10-08-2026 16:25,,,,,,,,3
2251737.0,31-07-2026 15:17,28-07-2026 17:29,,,,,,,,,,,2
2251739.0,28-07-2026 13:17,18-07-2026 10:20,17-08-2026 11:03,,11-08-2026 13:52,27-08-2026 11:38,,,,,,,5
2251740.0,,14-07-2026 13:53,17-08-2026 18:04,,10-08-2026 16:25,,,,,,,,3
2251741.0,31-07-2026 15:17,28-07-2026 17:29,,,,,,,,,,,2
2251742.0,28-07-2026 13:17,18-07-2026 10:20,17-08-2026 11:03,,11-08-2026 13:52,27-08-2026 11:38,,,,,,,5
2251745.0,,14-07-2026 13:53,17-08-2026 18:04,,10-08-2026 16:25,,,,,,,,3
2251746.0,31-07-2026 15:17,28-07-2026 17:29,,,,,,,,,,,2
2251747.0,28-07-2026 13:17,18-07-2026 10:20,17-08-2026 11:03,,11-08-2026 13:52,27-08-2026 11:38,,,,,,,5
2251750.0,28-07-2026 13:17,18-07-2026 10:20,17-08-2026 11:03,,11-08-2026 13:52,27-08-2026 11:38,,,,,,,5
2251751.0,29-07-2026 15:27,14-07-2026 13:53,17-08-2026 18:04,,10-08-2026 16:25,,,,,,,,4
2251754.0,28-07-2026 13:17,18-07-2026 10:20,17-08-2026 11:03,,11-08-2026 13:52,27-08-2026 11:38,,,,,,,5
2251755.0,31-07-2026 15:17,28-07-2026 17:29,,,,,,,,,,,2
2251756.0,29-07-2026 15:27,14-07-2026 13:53,17-08-2026 18:04,,10-08-2026 16:25,,,,,,,,4
2251758.0,28-07-2026 13:17,18-07-2026 10:20,17-08-2026 11:03,,11-08-2026 13:52,27-08-2026 11:38,,,,,,,5
2251759.0,31-07-2026 15:17,28-07-2026 17:29,,,,,,,,,,,2
2251762.0,31-07-2026 15:17,28-07-2026 17:29,,,,,,,,,,,2
2251763.0,29-07-2026 15:27,14-07-2026 13:53,17-08-2026 18:04,,10-08-2026 16:25,,,,,,,,4
2251764.0,28-07-2026 13:17,18-07-2026 10:20,17-08-2026 11:03,,11-08-2026 13:52,27-08-2026 11:38,,,,,,,5
2251767.0,29-07-2026 15:27,14-07-2026 13:53,17-08-2026 18:04,,10-08-2026 16:25,,,,,,,,4
2251770.0,28-07-2026 13:17,18-07-2026 10:20,17-08-2026 11:03,,11-08-2026 13:52,27-08-2026 11:38,,,,,,,5
2251771.0,29-07-2026 15:27,14-07-2026 13:53,17-08-2026 18:04,,10-08-2026 16:25,,,,,,,,4
2251774.0,31-07-2026 15:18,28-07-2026 17:29,,,,,,,,,,,2
2251775.0,29-07-2026 15:27,14-07-2026 13:53,17-08-2026 18:04,,10-08-2026 16:25,,,,,,,,4
2251776.0,28-07-2026 13:17,18-07-2026 10:20,17-08-2026 11:03,,11-08-2026 13:52,27-08-2026 11:38,,,,,,,5
2251778.0,31-07-2026 15:18,28-07-2026 17:29,,,,,,,,,,,2
2251780.0,28-07-2026 13:17,18-07-2026 10:20,17-08-2026 11:03,,11-08-2026 13:52,27-08-2026 11:38,,,,,,,5
2251781.0,29-07-2026 15:27,14-07-2026 13:53,17-08-2026 18:04,,10-08-2026 16:25,,,,,,,,4
2251782.0,31-07-2026 15:18,28-07-2026 17:29,,,,,,,,,,,2
2251785.0,31-07-2026 15:18,28-07-2026 17:29,,,,,,,,,,,2
2251786.0,29-07-2026 15:27,14-07-2026 13:53,17-08-2026 18:04,,10-08-2026 16:25,,,,,,,,4
2251788.0,31-07-2026 15:18,28-07-2026 17:29,,,,,,,,,,,2
2251790.0,29-07-2026 15:27,14-07-2026 13:53,17-08-2026 18:04,,10-08-2026 16:25,,,,,,,,4
2251791.0,28-07-2026 13:17,18-07-2026 10:20,17-08-2026 11:03,,11-08-2026 13:52,27-08-2026 11:38,,,,,,,5
2251792.0,31-07-2026 15:18,28-07-2026 17:29,,,,,,,,,,,2
2251794.0,28-07-2026 13:17,18-07-2026 10:20,17-08-2026 11:03,,11-08-2026 13:52,27-08-2026 11:38,,,,,,,5
2251795.0,29-07-2026 15:27,14-07-2026 13:53,17-08-2026 18:04,,10-08-2026 16:25,,,,,,,,4
2251796.0,28-07-2026 13:17,18-07-2026 10:20,17-08-2026 11:03,,11-08-2026 13:52,27-08-2026 11:38,,,,,,,5
2251798.0,28-07-2026 13:17,18-07-2026 10:20,17-08-2026 11:03,,11-08-2026 13:52,27-08-2026 11:38,,,,,,,5
2251799.0,29-07-2026 15:27,14-07-2026 13:53,17-08-2026 18:04,,10-08-2026 16:25,,,,,,,,4
2251802.0,28-07-2026 13:17,18-07-2026 10:20,17-08-2026 11:03,,12-08-2026 09:40,27-08-2026 11:38,,,,,,,5
2251805.0,29-07-2026 15:27,14-07-2026 13:53,17-08-2026 18:04,,10-08-2026 16:25,,,,,,,,4
2251806.0,28-07-2026 13:17,18-07-2026 10:20,17-08-2026 11:03,,11-08-2026 13:52,27-08-2026 11:38,,,,,,,5
2251807.0,31-07-2026 15:18,28-07-2026 17:29,,,,,,,,,,,2
2251811.0,31-07-2026 15:18,28-07-2026 17:29,,,,,,,,,,,2
2251812.0,29-07-2026 15:27,14-07-2026 13:53,17-08-2026 18:04,,10-08-2026 16:25,,,,,,,,4
2251813.0,28-07-2026 13:17,18-07-2026 10:20,17-08-2026 11:03,,11-08-2026 13:52,27-08-2026 11:38,,,,,,,5
2251816.0,28-07-2026 13:17,18-07-2026 10:20,17-08-2026 11:03,,11-08-2026 13:52,27-08-2026 11:38,,,,,,,5
2251818.0,31-07-2026 15:18,28-07-2026 17:29,,,,,,,,,,,2
2251819.0,,14-07-2026 13:53,17-08-2026 18:04,,10-08-2026 16:25,,,,,,,,3
2251821.0,28-07-2026 13:17,18-07-2026 10:20,19-08-2026 12:01,,11-08-2026 13:52,27-08-2026 11:38,,,,,,,5
2251822.0,31-07-2026 15:18,28-07-2026 17:29,,,,,,,,,,,2
2251827.0,28-07-2026 13:17,18-07-2026 10:20,17-08-2026 11:03,,11-08-2026 13:52,27-08-2026 11:38,,,,,,,5
2251828.0,29-07-2026 15:27,14-07-2026 13:53,17-08-2026 18:04,,10-08-2026 16:25,,,,,,,,4
2251829.0,31-07-2026 15:18,28-07-2026 17:29,,,,,,,,,,,2
2251831.0,28-07-2026 13:17,18-07-2026 10:20,17-08-2026 11:03,,11-08-2026 13:52,27-08-2026 11:38,,,,,,,5
2251832.0,31-07-2026 15:18,28-07-2026 17:29,,,,,,,,,,,2
2251833.0,29-07-2026 15:27,14-07-2026 13:53,17-08-2026 18:04,,10-08-2026 16:25,,,,,,,,4
2251835.0,31-07-2026 15:18,28-07-2026 17:29,,,,,,,,,,,2
2251836.0,28-07-2026 13:17,18-07-2026 10:20,17-08-2026 11:03,,11-08-2026 13:52,27-08-2026 11:38,,,,,,,5
2251837.0,29-07-2026 15:27,14-07-2026 13:53,17-08-2026 18:04,,10-08-2026 16:25,,,,,,,,4
2251839.0,31-07-2026 15:18,28-07-2026 17:29,,,,,,,,,,,2
2251840.0,31-07-2026 15:18,28-07-2026 17:29,,,,,,,,,,,2
2251847.0,29-07-2026 15:27,14-07-2026 13:53,17-08-2026 18:04,,10-08-2026 16:25,,,,,,,,4
2251849.0,29-07-2026 15:27,14-07-2026 13:53,17-08-2026 18:04,,10-08-2026 16:25,,,,,,,,4
2251851.0,29-07-2026 15:27,14-07-2026 13:53,17-08-2026 18:04,,10-08-2026 16:25,,,,,,,,4
2251854.0,28-07-2026 13:17,18-07-2026 10:20,17-08-2026 11:03,,11-08-2026 13:52,27-08-2026 11:38,,,,,,,5
2251856.0,29-07-2026 15:27,14-07-2026 13:53,17-08-2026 18:04,,10-08-2026 16:25,,,,,,,,4
2251857.0,28-07-2026 13:17,18-07-2026 10:20,17-08-2026 11:03,,12-08-2026 09:40,27-08-2026 11:38,,,,,,,5
2251860.0,31-07-2026 15:17,28-07-2026 17:29,,,,,,,,,,,2
2251862.0,28-07-2026 13:17,18-07-2026 10:20,17-08-2026 11:03,,11-08-2026 13:52,27-08-2026 11:38,,,,,,,5
2251863.0,29-07-2026 15:27,14-07-2026 13:53,17-08-2026 18:04,,10-08-2026 16:25,,,,,,,,4
2251866.0,29-07-2026 15:27,14-07-2026 13:53,17-08-2026 18:04,,10-08-2026 16:25,,,,,,,,4
2251868.0,29-07-2026 15:27,14-07-2026 13:53,17-08-2026 18:04,,10-08-2026 16:25,,,,,,,,4
2251870.0,28-07-2026 13:17,18-07-2026 10:20,17-08-2026 11:03,,11-08-2026 13:52,27-08-2026 11:38,,,,,,,5
2251872.0,29-07-2026 15:27,14-07-2026 13:53,17-08-2026 18:04,,10-08-2026 16:25,,,,,,,,4
2251875.0,28-07-2026 13:17,18-07-2026 10:20,17-08-2026 11:03,,11-08-2026 13:52,27-08-2026 11:38,,,,,,,5
2251876.0,28-07-2026 13:17,18-07-2026 10:20,17-08-2026 11:03,,11-08-2026 13:52,27-08-2026 11:38,,,,,,,5
2251880.0,28-07-2026 13:17,18-07-2026 10:20,17-08-2026 11:03,,11-08-2026 13:52,27-08-2026 11:38,,,,,,,5
2251881.0,31-07-2026 15:18,28-07-2026 17:29,,,,,,,,,,,2
2251883.0,28-07-2026 13:17,18-07-2026 10:20,17-08-2026 11:03,,12-08-2026 09:40,27-08-2026 11:38,,,,,,,5
2251885.0,28-07-2026 13:17,18-07-2026 10:20,17-08-2026 11:03,,11-08-2026 13:52,27-08-2026 11:38,,,,,,,5
2251886.0,31-07-2026 15:18,28-07-2026 17:29,,,,,,,,,,,2
2251888.0,23-07-2026 16:20,14-07-2026 13:50,18-08-2026 14:38,,11-08-2026 14:40,,,,,,,,4
2251890.0,28-07-2026 13:17,18-07-2026 10:20,17-08-2026 11:03,,11-08-2026 13:52,27-08-2026 11:38,,,,,,,5
2251891.0,28-07-2026 13:17,18-07-2026 10:20,17-08-2026 11:03,,11-08-2026 13:52,27-08-2026 11:38,,,,,,,5
2251894.0,23-07-2026 16:20,14-07-2026 13:50,18-08-2026 14:38,,11-08-2026 14:40,,,,,,,,4
2251896.0,28-07-2026 13:17,18-07-2026 10:20,17-08-2026 11:03,,11-08-2026 13:52,27-08-2026 11:38,,,,,,,5
2251898.0,28-07-2026 13:17,18-07-2026 10:20,19-08-2026 12:01,,11-08-2026 13:52,27-08-2026 11:38,,,,,,,5
2251900.0,23-07-2026 16:20,14-07-2026 13:50,18-08-2026 14:38,,11-08-2026 14:40,,,,,,,,4
2251915.0,28-07-2026 13:17,18-07-2026 10:20,17-08-2026 11:03,,12-08-2026 09:40,27-08-2026 11:38,,,,,,,5
2251917.0,03-08-2026 16:09,14-07-2026 13:50,18-08-2026 14:38,,11-08-2026 14:40,,,,,,,,4
2251918.0,31-07-2026 15:18,28-07-2026 17:29,,,,,,,,,,,2
2251919.0,28-07-2026 13:17,18-07-2026 10:20,17-08-2026 11:03,,11-08-2026 13:52,27-08-2026 11:38,,,,,,,5
2251922.0,28-07-2026 13:17,18-07-2026 10:20,17-08-2026 11:03,,11-08-2026 13:52,27-08-2026 11:38,,,,,,,5
2251923.0,31-07-2026 15:18,28-07-2026 17:29,,,,,,,,,,,2
2251925.0,28-07-2026 13:17,18-07-2026 10:20,17-08-2026 11:03,,12-08-2026 09:40,27-08-2026 11:38,,,,,,,5
2251926.0,23-07-2026 16:20,14-07-2026 13:50,18-08-2026 14:38,,11-08-2026 14:40,,,,,,,,4
2251927.0,31-07-2026 15:18,28-07-2026 17:29,,,,,,,,,,,2
2251929.0,28-07-2026 13:17,18-07-2026 10:20,17-08-2026 11:03,,11-08-2026 13:52,27-08-2026 11:38,,,,,,,5
2251930.0,23-07-2026 16:20,14-07-2026 13:50,18-08-2026 14:38,,11-08-2026 14:40,,,,,,,,4
2251931.0,31-07-2026 15:18,28-07-2026 17:29,,,,,,,,,,,2
2251932.0,28-07-2026 13:17,18-07-2026 10:20,17-08-2026 11:03,,12-08-2026 09:40,27-08-2026 11:38,,,,,,,5
2251935.0,28-07-2026 13:17,18-07-2026 10:20,17-08-2026 11:03,,11-08-2026 13:52,27-08-2026 11:38,,,,,,,5
2251936.0,31-07-2026 15:18,28-07-2026 17:29,,,,,,,,,,,2
2251939.0,28-07-2026 13:17,18-07-2026 10:20,17-08-2026 11:03,,11-08-2026 13:52,27-08-2026 11:38,,,,,,,5
2251940.0,31-07-2026 15:18,28-07-2026 17:29,,,,,,,,,,,2
2251942.0,28-07-2026 13:17,18-07-2026 10:20,17-08-2026 11:03,,11-08-2026 13:52,27-08-2026 11:38,,,,,,,5
2251943.0,31-07-2026 15:18,28-07-2026 17:29,,,,,,,,,,,2
2251947.0,31-07-2026 15:18,28-07-2026 17:29,,,,,,,,,,,2
2251952.0,31-07-2026 15:18,28-07-2026 17:29,,,,,,,,,,,2
2251953.0,28-07-2026 13:17,18-07-2026 10:20,17-08-2026 11:03,,11-08-2026 13:52,27-08-2026 11:38,,,,,,,5
2251955.0,31-07-2026 15:18,28-07-2026 17:29,,,,,,,,,,,2
2251959.0,23-07-2026 16:20,14-07-2026 13:50,18-08-2026 14:38,,11-08-2026 14:40,,,,,,,,4
2251961.0,31-07-2026 15:18,28-07-2026 17:29,,,,,,,,,,,2
2251963.0,31-07-2026 15:18,28-07-2026 17:29,,,,,,,,,,,2
2251964.0,23-07-2026 16:20,14-07-2026 13:50,18-08-2026 14:38,,11-08-2026 14:40,,,,,,,,4
2251966.0,31-07-2026 15:18,28-07-2026 17:29,,,,,,,,,,,2
2251967.0,23-07-2026 16:20,14-07-2026 13:50,18-08-2026 14:38,,11-08-2026 14:40,,,,,,,,4
2251968.0,28-07-2026 13:17,18-07-2026 10:20,17-08-2026 11:03,,11-08-2026 13:52,27-08-2026 11:38,,,,,,,5
2251969.0,31-07-2026 15:18,28-07-2026 17:29,,,,,,,,,,,2
2251970.0,28-07-2026 13:17,18-07-2026 10:20,19-08-2026 12:01,,11-08-2026 13:52,27-08-2026 11:38,,,,,,,5
2251971.0,31-07-2026 15:18,28-07-2026 17:29,,,,,,,,,,,2
2251973.0,28-07-2026 13:17,18-07-2026 10:20,17-08-2026 11:03,,11-08-2026 13:52,27-08-2026 11:38,,,,,,,5
2251975.0,03-08-2026 16:09,14-07-2026 13:50,18-08-2026 14:38,,11-08-2026 14:40,,,,,,,,4
2251976.0,31-07-2026 15:18,28-07-2026 17:29,,,,,,,,,,,2
2251978.0,28-07-2026 13:17,18-07-2026 10:20,17-08-2026 11:03,,11-08-2026 13:52,27-08-2026 11:38,,,,,,,5
2251980.0,28-07-2026 13:17,18-07-2026 10:20,17-08-2026 11:03,,11-08-2026 13:52,27-08-2026 11:38,,,,,,,5
2251981.0,31-07-2026 15:18,28-07-2026 17:29,,,,,,,,,,,2
2251982.0,30-07-2026 09:50,23-07-2026 12:00,17-08-2026 12:02,,11-08-2026 11:03,27-08-2026 10:26,,,,,,,5
2251983.0,28-07-2026 13:17,18-07-2026 10:20,17-08-2026 11:03,,11-08-2026 13:52,27-08-2026 11:38,,,,,,,5
2251984.0,31-07-2026 15:18,28-07-2026 17:29,,,,,,,,,,,2
2251986.0,23-07-2026 16:20,14-07-2026 13:50,18-08-2026 14:38,,11-08-2026 14:40,,,,,,,,4
2251987.0,28-07-2026 13:17,18-07-2026 10:20,17-08-2026 11:03,,11-08-2026 13:52,27-08-2026 11:38,,,,,,,5
2251988.0,30-07-2026 09:50,23-07-2026 12:00,17-08-2026 12:02,,11-08-2026 11:03,27-08-2026 10:26,,,,,,,5
2251990.0,23-07-2026 16:20,14-07-2026 13:50,18-08-2026 14:38,,11-08-2026 14:40,,,,,,,,4
2251991.0,28-07-2026 13:17,18-07-2026 10:20,17-08-2026 11:03,,12-08-2026 09:40,27-08-2026 11:38,,,,,,,5
2251992.0,31-07-2026 15:18,28-07-2026 17:29,,,,,,,,,,,2
2251993.0,23-07-2026 16:20,14-07-2026 13:50,18-08-2026 14:38,,11-08-2026 14:40,,,,,,,,4
2251997.0,31-07-2026 15:18,28-07-2026 17:29,,,,,,,,,,,2
2251998.0,30-07-2026 09:50,23-07-2026 12:00,17-08-2026 12:02,,11-08-2026 11:03,27-08-2026 10:26,,,,,,,5
2252001.0,31-07-2026 15:17,28-07-2026 17:29,,,,,,,,,,,2
2252002.0,31-07-2026 15:17,28-07-2026 17:29,,,,,,,,,,,2
2252003.0,31-07-2026 15:17,28-07-2026 17:29,,,,,,,,,,,2
2252004.0,31-07-2026 15:17,28-07-2026 17:29,,,,,,,,,,,2
2252005.0,31-07-2026 15:17,28-07-2026 17:29,,,,,,,,,,,2
2252006.0,31-07-2026 15:17,28-07-2026 17:29,,,,,,,,,,,2
2252007.0,31-07-2026 15:17,28-07-2026 17:29,,,,,,,,,,,2
2252008.0,31-07-2026 15:17,28-07-2026 17:29,,,,,,,,,,,2
2252009.0,31-07-2026 15:17,28-07-2026 17:29,,,,,,,,,,,2
2252010.0,31-07-2026 15:17,28-07-2026 17:29,,,,,,,,,,,2
2252011.0,31-07-2026 15:17,28-07-2026 17:29,,,,,,,,,,,2
2252012.0,31-07-2026 15:17,28-07-2026 17:29,,,,,,,,,,,2
2252013.0,31-07-2026 15:17,28-07-2026 17:29,,,,,,,,,,,2
2252014.0,31-07-2026 15:17,28-07-2026 17:29,,,,,,,,,,,2
2252015.0,31-07-2026 15:17,28-07-2026 17:29,,,,,,,,,,,2
2252016.0,31-07-2026 15:17,28-07-2026 17:29,,,,,,,,,,,2
2252017.0,31-07-2026 15:17,28-07-2026 17:29,,,,,,,,,,,2
2252019.0,30-07-2026 09:50,23-07-2026 11:59,17-08-2026 12:01,,11-08-2026 10:26,27-08-2026 10:26,,,,,,,5
2252021.0,30-07-2026 09:50,23-07-2026 11:59,17-08-2026 12:01,,11-08-2026 10:26,27-08-2026 10:26,,,,,,,5
2252029.0,30-07-2026 09:50,23-07-2026 11:59,17-08-2026 12:01,,11-08-2026 10:26,27-08-2026 10:26,,,,,,,5
2252032.0,30-07-2026 09:50,23-07-2026 11:59,17-08-2026 12:01,,11-08-2026 10:26,27-08-2026 10:26,,,,,,,5
2252035.0,30-07-2026 09:50,23-07-2026 11:59,17-08-2026 12:01,,11-08-2026 10:26,27-08-2026 10:26,,,,,,,5
2252038.0,30-07-2026 09:50,23-07-2026 11:59,17-08-2026 12:01,,11-08-2026 10:26,27-08-2026 10:26,,,,,,,5
2252044.0,30-07-2026 09:50,23-07-2026 11:59,17-08-2026 12:01,,11-08-2026 10:26,27-08-2026 10:26,,,,,,,5
2252053.0,30-07-2026 09:50,23-07-2026 11:59,17-08-2026 12:01,,11-08-2026 10:26,27-08-2026 10:26,,,,,,,5
2252056.0,30-07-2026 09:50,23-07-2026 11:59,17-08-2026 12:01,,11-08-2026 10:26,27-08-2026 10:26,,,,,,,5
2252058.0,30-07-2026 09:50,23-07-2026 11:59,17-08-2026 12:01,,11-08-2026 10:26,27-08-2026 10:26,,,,,,,5
2252060.0,30-07-2026 09:50,23-07-2026 11:59,17-08-2026 12:01,,11-08-2026 10:26,27-08-2026 10:26,,,,,,,5
2252063.0,30-07-2026 09:50,23-07-2026 11:59,17-08-2026 12:01,,11-08-2026 10:26,27-08-2026 10:26,,,,,,,5
2252065.0,30-07-2026 09:50,23-07-2026 11:59,17-08-2026 12:01,,11-08-2026 10:26,27-08-2026 10:26,,,,,,,5
2252067.0,30-07-2026 09:50,23-07-2026 11:59,17-08-2026 12:01,,11-08-2026 10:26,27-08-2026 10:26,,,,,,,5
2252078.0,31-07-2026 15:09,27-07-2026 17:16,,,,,,,,,,,2
2252083.0,31-07-2026 15:09,27-07-2026 17:16,,,,,,,,,,,2
2252088.0,31-07-2026 15:09,27-07-2026 17:16,,,,,,,,,,,2
2252092.0,31-07-2026 15:09,27-07-2026 17:16,,,,,,,,,,,2
2252095.0,31-07-2026 15:09,27-07-2026 17:16,,,,,,,,,,,2
2252098.0,31-07-2026 15:09,27-07-2026 17:16,,,,,,,,,,,2
2252102.0,31-07-2026 15:09,27-07-2026 17:16,,,,,,,,,,,2
2252104.0,31-07-2026 15:09,27-07-2026 17:16,,,,,,,,,,,2
2252108.0,31-07-2026 15:09,27-07-2026 17:16,,,,,,,,,,,2
2252111.0,31-07-2026 15:09,27-07-2026 17:16,,,,,,,,,,,2
2252115.0,31-07-2026 15:09,27-07-2026 17:16,,,,,,,,,,,2
2252118.0,31-07-2026 15:09,27-07-2026 17:16,,,,,,,,,,,2
2252121.0,31-07-2026 15:09,27-07-2026 17:16,,,,,,,,,,,2
2252125.0,31-07-2026 15:09,27-07-2026 17:16,,,,,,,,,,,2
2252128.0,31-07-2026 15:09,27-07-2026 17:16,,,,,,,,,,,2
2252130.0,31-07-2026 15:09,27-07-2026 17:16,,,,,,,,,,,2
2252133.0,31-07-2026 15:09,27-07-2026 17:16,,,,,,,,,,,2
2252139.0,31-07-2026 15:09,27-07-2026 17:16,,,,,,,,,,,2
2252141.0,31-07-2026 15:09,27-07-2026 17:16,,,,,,,,,,,2
2252145.0,31-07-2026 15:09,27-07-2026 17:16,,,,,,,,,,,2
2252147.0,31-07-2026 15:09,27-07-2026 17:16,,,,,,,,,,,2
2252151.0,31-07-2026 15:09,27-07-2026 17:16,,,,,,,,,,,2
2252156.0,31-07-2026 15:09,27-07-2026 17:16,,,,,,,,,,,2
2252159.0,31-07-2026 15:09,27-07-2026 17:16,,,,,,,,,,,2
2252166.0,30-07-2026 09:50,23-07-2026 11:59,17-08-2026 12:01,,11-08-2026 10:26,27-08-2026 10:26,,,,,,,5
2252168.0,30-07-2026 09:50,23-07-2026 11:59,17-08-2026 12:01,,11-08-2026 10:26,27-08-2026 10:26,,,,,,,5
2252170.0,30-07-2026 09:50,23-07-2026 11:59,17-08-2026 12:01,,11-08-2026 10:26,27-08-2026 10:26,,,,,,,5
2252175.0,30-07-2026 09:50,23-07-2026 11:59,17-08-2026 12:01,,11-08-2026 10:26,27-08-2026 10:26,,,,,,,5
2252176.0,30-07-2026 09:50,23-07-2026 11:59,17-08-2026 12:01,,11-08-2026 10:26,27-08-2026 10:26,,,,,,,5
2252180.0,30-07-2026 09:50,23-07-2026 11:59,17-08-2026 12:01,,11-08-2026 10:26,27-08-2026 10:26,,,,,,,5
2252186.0,30-07-2026 09:50,23-07-2026 11:59,17-08-2026 12:01,,11-08-2026 10:26,27-08-2026 10:26,,,,,,,5
2252187.0,30-07-2026 09:50,23-07-2026 11:59,17-08-2026 12:01,,11-08-2026 10:26,27-08-2026 10:26,,,,,,,5
2252192.0,30-07-2026 09:50,23-07-2026 11:59,17-08-2026 12:01,,11-08-2026 10:26,27-08-2026 10:26,,,,,,,5
2252194.0,30-07-2026 09:50,23-07-2026 11:59,17-08-2026 12:01,,11-08-2026 10:26,27-08-2026 10:26,,,,,,,5
2252201.0,30-07-2026 09:50,23-07-2026 11:59,17-08-2026 12:01,,11-08-2026 10:26,27-08-2026 10:26,,,,,,,5
2252206.0,30-07-2026 09:50,23-07-2026 11:59,17-08-2026 12:01,,11-08-2026 10:26,27-08-2026 10:26,,,,,,,5
2252212.0,30-07-2026 09:50,23-07-2026 11:59,17-08-2026 12:01,,11-08-2026 10:26,27-08-2026 10:26,,,,,,,5
2252223.0,30-07-2026 09:50,23-07-2026 11:59,17-08-2026 12:01,,11-08-2026 10:26,27-08-2026 10:26,,,,,,,5
2252227.0,30-07-2026 09:50,23-07-2026 11:59,17-08-2026 12:01,,11-08-2026 10:26,27-08-2026 10:26,,,,,,,5
2252231.0,23-07-2026 16:20,14-07-2026 13:50,18-08-2026 14:38,,11-08-2026 14:40,,,,,,,,4
2252239.0,03-08-2026 16:09,14-07-2026 13:50,18-08-2026 14:38,,11-08-2026 14:40,,,,,,,,4
2252245.0,23-07-2026 16:20,14-07-2026 13:50,18-08-2026 14:38,,11-08-2026 14:40,,,,,,,,4
2252249.0,30-07-2026 09:50,23-07-2026 11:59,17-08-2026 12:01,,11-08-2026 10:26,27-08-2026 10:26,,,,,,,5
2252253.0,30-07-2026 09:50,23-07-2026 11:59,17-08-2026 12:01,,11-08-2026 10:26,27-08-2026 10:26,,,,,,,5
2252254.0,23-07-2026 16:20,14-07-2026 13:50,18-08-2026 14:38,,11-08-2026 14:40,,,,,,,,4
2252261.0,30-07-2026 09:50,23-07-2026 11:59,17-08-2026 12:01,,11-08-2026 10:26,27-08-2026 10:26,,,,,,,5
2252264.0,23-07-2026 16:20,14-07-2026 13:50,18-08-2026 14:38,,11-08-2026 14:40,,,,,,,,4
2252267.0,30-07-2026 09:50,23-07-2026 11:59,,,,,,,,,,,2
2252271.0,23-07-2026 16:20,14-07-2026 13:50,18-08-2026 14:38,,11-08-2026 14:40,,,,,,,,4
2252274.0,30-07-2026 09:50,23-07-2026 11:59,17-08-2026 12:01,,11-08-2026 10:26,27-08-2026 10:26,,,,,,,5
2252279.0,30-07-2026 09:50,23-07-2026 11:59,17-08-2026 12:01,,11-08-2026 10:26,27-08-2026 10:26,,,,,,,5
2252283.0,30-07-2026 09:50,23-07-2026 11:59,17-08-2026 12:01,,11-08-2026 10:26,27-08-2026 10:26,,,,,,,5
2252284.0,23-07-2026 16:20,14-07-2026 13:50,18-08-2026 14:38,,11-08-2026 14:40,,,,,,,,4
2252293.0,30-07-2026 09:50,23-07-2026 11:59,17-08-2026 12:01,,11-08-2026 10:26,27-08-2026 10:26,,,,,,,5
2252299.0,23-07-2026 16:20,14-07-2026 13:50,18-08-2026 14:38,,11-08-2026 14:40,,,,,,,,4
2252301.0,30-07-2026 09:50,23-07-2026 11:59,17-08-2026 12:01,,11-08-2026 10:26,27-08-2026 10:26,,,,,,,5
2252307.0,30-07-2026 09:50,23-07-2026 11:59,17-08-2026 12:01,,11-08-2026 10:26,27-08-2026 10:26,,,,,,,5
2252309.0,03-08-2026 16:09,14-07-2026 13:50,18-08-2026 14:38,,11-08-2026 14:40,,,,,,,,4
2252311.0,30-07-2026 09:50,23-07-2026 11:59,17-08-2026 12:01,,11-08-2026 10:26,27-08-2026 10:26,,,,,,,5
2252316.0,30-07-2026 09:50,23-07-2026 11:59,17-08-2026 12:01,,11-08-2026 10:26,27-08-2026 10:26,,,,,,,5
2252319.0,03-08-2026 16:09,14-07-2026 13:50,18-08-2026 14:38,,11-08-2026 14:40,,,,,,,,4
2252322.0,30-07-2026 09:50,23-07-2026 11:59,17-08-2026 12:01,,11-08-2026 10:26,27-08-2026 10:26,,,,,,,5
2252325.0,30-07-2026 09:50,23-07-2026 11:59,17-08-2026 12:01,,11-08-2026 10:26,27-08-2026 10:26,,,,,,,5
2252330.0,30-07-2026 09:50,23-07-2026 11:59,17-08-2026 12:01,,11-08-2026 10:26,27-08-2026 10:26,,,,,,,5
2252335.0,23-07-2026 16:20,14-07-2026 13:50,18-08-2026 14:38,,11-08-2026 14:40,,,,,,,,4
2252337.0,30-07-2026 09:50,23-07-2026 11:59,17-08-2026 12:01,,11-08-2026 10:26,27-08-2026 10:26,,,,,,,5
2252340.0,30-07-2026 09:50,23-07-2026 11:59,17-08-2026 12:01,,11-08-2026 10:26,27-08-2026 10:26,,,,,,,5
2252346.0,23-07-2026 16:20,14-07-2026 13:50,18-08-2026 14:38,,11-08-2026 14:40,,,,,,,,4
2252349.0,30-07-2026 09:50,23-07-2026 11:59,17-08-2026 12:01,,11-08-2026 10:26,27-08-2026 10:26,,,,,,,5
2252355.0,23-07-2026 16:20,14-07-2026 13:50,18-08-2026 14:38,,11-08-2026 14:40,,,,,,,,4
2252356.0,30-07-2026 09:50,23-07-2026 11:59,17-08-2026 12:01,,11-08-2026 10:26,27-08-2026 10:26,,,,,,,5
2252367.0,23-07-2026 16:20,14-07-2026 13:50,18-08-2026 14:38,,11-08-2026 14:40,,,,,,,,4
2252374.0,23-07-2026 16:20,14-07-2026 13:50,18-08-2026 14:38,,11-08-2026 14:40,,,,,,,,4
2252378.0,03-08-2026 16:09,14-07-2026 13:50,18-08-2026 14:38,,11-08-2026 14:40,,,,,,,,4
2252383.0,31-07-2026 15:10,28-07-2026 17:30,,,,,,,,,,,2
2252386.0,31-07-2026 15:10,28-07-2026 17:30,,,,,,,,,,,2
2252387.0,31-07-2026 15:10,28-07-2026 17:30,,,,,,,,,,,2
2252390.0,31-07-2026 15:10,28-07-2026 17:30,,,,,,,,,,,2
2252393.0,31-07-2026 15:10,28-07-2026 17:30,,,,,,,,,,,2
2252395.0,31-07-2026 15:10,28-07-2026 17:30,,,,,,,,,,,2
2252396.0,23-07-2026 16:20,14-07-2026 13:50,18-08-2026 14:38,,11-08-2026 14:40,,,,,,,,4
2252398.0,31-07-2026 15:10,28-07-2026 17:30,,,,,,,,,,,2
2252400.0,31-07-2026 15:10,28-07-2026 17:30,,,,,,,,,,,2
2252401.0,31-07-2026 15:10,28-07-2026 17:30,,,,,,,,,,,2
2252403.0,03-08-2026 16:09,14-07-2026 13:50,18-08-2026 14:38,,11-08-2026 14:40,,,,,,,,4
2252405.0,31-07-2026 15:10,28-07-2026 17:30,,,,,,,,,,,2
2252408.0,31-07-2026 15:10,28-07-2026 17:30,,,,,,,,,,,2
2252410.0,31-07-2026 15:10,28-07-2026 17:30,,,,,,,,,,,2
2252413.0,31-07-2026 15:10,28-07-2026 17:30,,,,,,,,,,,2
2252414.0,31-07-2026 15:18,28-07-2026 17:29,,,,,,,,,,,2
2252415.0,23-07-2026 16:20,14-07-2026 13:50,18-08-2026 14:38,,11-08-2026 14:40,,,,,,,,4
2252420.0,31-07-2026 15:10,28-07-2026 17:30,,,,,,,,,,,2
2252421.0,31-07-2026 15:18,28-07-2026 17:29,,,,,,,,,,,2
2252422.0,23-07-2026 16:20,14-07-2026 13:50,18-08-2026 14:38,,11-08-2026 14:40,,,,,,,,4
2252423.0,31-07-2026 15:10,28-07-2026 17:30,,,,,,,,,,,2
2252426.0,31-07-2026 15:10,28-07-2026 17:30,,,,,,,,,,,2
2252429.0,31-07-2026 15:18,28-07-2026 17:29,,,,,,,,,,,2
2252430.0,31-07-2026 15:10,28-07-2026 17:30,,,,,,,,,,,2
2252432.0,23-07-2026 16:20,14-07-2026 13:50,18-08-2026 14:38,,11-08-2026 14:40,,,,,,,,4
2252435.0,31-07-2026 15:18,28-07-2026 17:29,,,,,,,,,,,2
2252439.0,23-07-2026 16:20,14-07-2026 13:50,18-08-2026 14:38,,11-08-2026 14:40,,,,,,,,4
2252440.0,31-07-2026 15:18,28-07-2026 17:29,,,,,,,,,,,2
2252443.0,31-07-2026 15:18,28-07-2026 17:29,,,,,,,,,,,2
2252444.0,23-07-2026 16:20,14-07-2026 13:50,18-08-2026 14:38,,11-08-2026 14:40,,,,,,,,4
2252446.0,31-07-2026 15:10,28-07-2026 17:30,,,,,,,,,,,2
2252448.0,31-07-2026 15:18,28-07-2026 17:29,,,,,,,,,,,2
2252450.0,31-07-2026 15:10,28-07-2026 17:30,,,,,,,,,,,2
2252454.0,31-07-2026 15:10,28-07-2026 17:30,,,,,,,,,,,2
2252455.0,31-07-2026 15:18,28-07-2026 17:29,,,,,,,,,,,2
2252456.0,23-07-2026 16:20,14-07-2026 13:50,18-08-2026 14:38,,11-08-2026 14:40,,,,,,,,4
2252458.0,31-07-2026 15:10,28-07-2026 17:30,,,,,,,,,,,2
2252461.0,31-07-2026 15:18,28-07-2026 17:29,,,,,,,,,,,2
2252462.0,31-07-2026 15:10,28-07-2026 17:30,,,,,,,,,,,2
2252464.0,23-07-2026 16:20,14-07-2026 13:50,18-08-2026 14:38,,11-08-2026 14:40,,,,,,,,4
2252465.0,31-07-2026 15:10,28-07-2026 17:30,,,,,,,,,,,2
2252467.0,23-07-2026 16:20,14-07-2026 13:50,18-08-2026 14:38,,11-08-2026 14:40,,,,,,,,4
2252472.0,31-07-2026 15:10,28-07-2026 17:30,,,,,,,,,,,2
2252473.0,23-07-2026 16:20,14-07-2026 13:50,18-08-2026 14:38,,11-08-2026 14:40,,,,,,,,4
2252474.0,31-07-2026 15:10,28-07-2026 17:30,,,,,,,,,,,2
2252478.0,31-07-2026 15:10,28-07-2026 17:30,,,,,,,,,,,2
2252480.0,31-07-2026 15:10,28-07-2026 17:30,,,,,,,,,,,2
2252483.0,31-07-2026 15:10,28-07-2026 17:30,,,,,,,,,,,2
2252486.0,31-07-2026 15:10,28-07-2026 17:30,,,,,,,,,,,2
2252490.0,31-07-2026 15:10,28-07-2026 17:30,,,,,,,,,,,2
2252561.0,31-07-2026 15:10,28-07-2026 17:30,,,,,,,,,,,2
2252563.0,31-07-2026 15:18,28-07-2026 17:29,,,,,,,,,,,2
2252564.0,31-07-2026 15:18,28-07-2026 17:29,,,,,,,,,,,2
2252566.0,31-07-2026 15:18,28-07-2026 17:29,,,,,,,,,,,2
2252567.0,31-07-2026 15:10,28-07-2026 17:30,,,,,,,,,,,2
2252568.0,31-07-2026 15:18,28-07-2026 17:29,,,,,,,,,,,2
2252571.0,31-07-2026 15:10,28-07-2026 17:30,,,,,,,,,,,2
2252573.0,31-07-2026 15:10,28-07-2026 17:30,,,,,,,,,,,2
2252575.0,31-07-2026 15:10,28-07-2026 17:30,,,,,,,,,,,2
2252576.0,31-07-2026 15:10,28-07-2026 17:30,,,,,,,,,,,2
2252577.0,31-07-2026 15:10,28-07-2026 17:30,,,,,,,,,,,2
2252578.0,31-07-2026 15:10,28-07-2026 17:30,,,,,,,,,,,2
2252579.0,31-07-2026 15:10,28-07-2026 17:30,,,,,,,,,,,2
2252581.0,31-07-2026 15:10,28-07-2026 17:30,,,,,,,,,,,2
2252582.0,31-07-2026 15:10,28-07-2026 17:30,,,,,,,,,,,2
2252585.0,31-07-2026 15:10,28-07-2026 17:30,,,,,,,,,,,2
2252588.0,31-07-2026 15:10,28-07-2026 17:30,,,,,,,,,,,2
2252594.0,30-07-2026 09:50,23-07-2026 12:00,17-08-2026 12:02,,11-08-2026 11:03,27-08-2026 10:26,,,,,,,5
2252596.0,30-07-2026 09:50,23-07-2026 12:00,17-08-2026 12:02,,11-08-2026 11:03,27-08-2026 10:26,,,,,,,5
2252598.0,30-07-2026 09:50,23-07-2026 12:00,17-08-2026 12:02,,11-08-2026 11:03,27-08-2026 10:26,,,,,,,5
2252599.0,30-07-2026 09:50,23-07-2026 12:00,17-08-2026 12:02,,11-08-2026 11:03,27-08-2026 10:26,,,,,,,5
2252602.0,30-07-2026 09:50,23-07-2026 12:00,17-08-2026 12:02,,11-08-2026 11:03,27-08-2026 10:26,,,,,,,5
2252608.0,30-07-2026 09:50,23-07-2026 12:00,17-08-2026 12:02,,11-08-2026 11:03,27-08-2026 10:26,,,,,,,5
2252611.0,30-07-2026 09:50,23-07-2026 12:00,17-08-2026 12:02,,11-08-2026 11:03,27-08-2026 10:26,,,,,,,5
2252615.0,30-07-2026 09:50,23-07-2026 12:00,17-08-2026 12:02,,11-08-2026 11:03,27-08-2026 10:26,,,,,,,5
2252618.0,30-07-2026 09:50,23-07-2026 12:00,17-08-2026 12:02,,11-08-2026 11:03,27-08-2026 10:26,,,,,,,5
2252626.0,30-07-2026 09:50,23-07-2026 12:00,17-08-2026 12:02,,11-08-2026 11:03,27-08-2026 10:26,,,,,,,5
2252628.0,30-07-2026 09:50,23-07-2026 12:00,17-08-2026 12:02,,11-08-2026 11:03,27-08-2026 10:26,,,,,,,5
2252629.0,30-07-2026 09:50,23-07-2026 12:00,17-08-2026 12:02,,11-08-2026 11:03,27-08-2026 10:26,,,,,,,5
2252631.0,30-07-2026 09:50,23-07-2026 12:00,17-08-2026 12:02,,11-08-2026 11:03,27-08-2026 10:26,,,,,,,5
2252632.0,30-07-2026 09:50,23-07-2026 12:00,17-08-2026 12:02,,11-08-2026 11:03,27-08-2026 10:26,,,,,,,5
2252634.0,31-07-2026 15:18,28-07-2026 17:29,,,,,,,,,,,2
2252635.0,31-07-2026 15:18,28-07-2026 17:29,,,,,,,,,,,2
2252636.0,31-07-2026 15:18,28-07-2026 17:29,,,,,,,,,,,2
2252637.0,31-07-2026 15:18,28-07-2026 17:29,,,,,,,,,,,2
2252638.0,31-07-2026 15:18,28-07-2026 17:29,,,,,,,,,,,2
2252716.0,30-07-2026 09:50,23-07-2026 12:00,17-08-2026 12:02,,11-08-2026 11:03,27-08-2026 10:26,,,,,,,5
2252717.0,30-07-2026 09:50,23-07-2026 12:00,17-08-2026 12:02,,11-08-2026 11:03,27-08-2026 10:26,,,,,,,5
2252720.0,30-07-2026 09:50,23-07-2026 12:00,17-08-2026 12:02,,11-08-2026 11:03,27-08-2026 10:26,,,,,,,5
2252733.0,30-07-2026 09:50,23-07-2026 12:00,17-08-2026 12:02,,11-08-2026 11:03,27-08-2026 10:26,,,,,,,5
2252757.0,23-07-2026 16:25,15-07-2026 14:38,18-08-2026 14:38,,10-08-2026 16:21,,,,,,,,4
2252758.0,30-07-2026 09:50,23-07-2026 12:00,17-08-2026 12:02,,11-08-2026 11:03,27-08-2026 10:26,,,,,,,5
2252759.0,23-07-2026 16:25,15-07-2026 14:38,18-08-2026 14:38,,10-08-2026 16:21,,,,,,,,4
2252760.0,30-07-2026 09:50,23-07-2026 12:00,17-08-2026 12:02,,11-08-2026 11:03,27-08-2026 10:26,,,,,,,5
2252761.0,30-07-2026 09:50,23-07-2026 12:00,17-08-2026 12:02,,11-08-2026 11:03,27-08-2026 10:26,,,,,,,5
2252762.0,03-08-2026 16:17,15-07-2026 14:38,18-08-2026 14:38,,10-08-2026 16:21,,,,,,,,4
2252764.0,30-07-2026 09:50,23-07-2026 12:00,17-08-2026 12:02,,11-08-2026 11:03,27-08-2026 10:26,,,,,,,5
2252765.0,30-07-2026 09:50,23-07-2026 12:00,17-08-2026 12:02,,11-08-2026 11:03,27-08-2026 10:26,,,,,,,5
2252766.0,30-07-2026 09:50,23-07-2026 12:00,17-08-2026 12:02,,11-08-2026 11:03,27-08-2026 10:26,,,,,,,5
2252769.0,30-07-2026 09:50,23-07-2026 12:00,17-08-2026 12:02,,11-08-2026 11:03,27-08-2026 10:26,,,,,,,5
2252770.0,30-07-2026 09:50,23-07-2026 12:00,17-08-2026 12:02,,11-08-2026 11:03,27-08-2026 10:26,,,,,,,5
2252772.0,30-07-2026 09:50,23-07-2026 12:00,17-08-2026 12:02,,11-08-2026 11:03,27-08-2026 10:26,,,,,,,5
2252773.0,30-07-2026 09:50,23-07-2026 12:00,17-08-2026 12:02,,11-08-2026 11:03,27-08-2026 10:26,,,,,,,5
2252775.0,30-07-2026 09:50,23-07-2026 12:00,17-08-2026 12:02,,11-08-2026 11:03,27-08-2026 10:26,,,,,,,5
2252776.0,30-07-2026 09:50,23-07-2026 12:00,17-08-2026 12:02,,11-08-2026 11:03,27-08-2026 10:26,,,,,,,5
2252777.0,30-07-2026 09:50,23-07-2026 12:00,17-08-2026 12:02,,11-08-2026 11:03,27-08-2026 10:26,,,,,,,5
2252779.0,23-07-2026 16:25,15-07-2026 14:38,18-08-2026 14:38,,10-08-2026 16:21,,,,,,,,4
2252780.0,30-07-2026 09:50,23-07-2026 12:00,17-08-2026 12:02,,11-08-2026 11:03,27-08-2026 10:26,,,,,,,5
2252781.0,30-07-2026 09:50,23-07-2026 12:00,17-08-2026 12:02,,11-08-2026 11:03,27-08-2026 10:26,,,,,,,5
2252783.0,23-07-2026 16:25,15-07-2026 14:38,18-08-2026 14:38,,10-08-2026 16:21,,,,,,,,4
2252785.0,23-07-2026 16:25,15-07-2026 14:38,18-08-2026 14:38,,10-08-2026 16:21,,,,,,,,4
2252787.0,23-07-2026 16:25,15-07-2026 14:38,18-08-2026 14:38,,10-08-2026 16:21,,,,,,,,4
2252788.0,30-07-2026 09:50,23-07-2026 12:00,17-08-2026 12:02,,11-08-2026 11:03,27-08-2026 10:26,,,,,,,5
2252790.0,30-07-2026 09:50,23-07-2026 12:00,17-08-2026 12:02,,11-08-2026 11:03,27-08-2026 10:26,,,,,,,5
2252792.0,23-07-2026 16:25,15-07-2026 14:38,18-08-2026 14:38,,10-08-2026 16:21,,,,,,,,4
2252794.0,23-07-2026 16:25,15-07-2026 14:38,18-08-2026 14:38,,10-08-2026 16:21,,,,,,,,4
2252796.0,23-07-2026 16:25,15-07-2026 14:38,18-08-2026 14:38,,10-08-2026 16:21,,,,,,,,4
2252799.0,23-07-2026 16:25,15-07-2026 14:38,18-08-2026 14:38,,10-08-2026 16:21,,,,,,,,4
2252802.0,03-08-2026 16:17,15-07-2026 14:38,18-08-2026 14:38,,10-08-2026 16:21,,,,,,,,4
2252807.0,23-07-2026 16:25,15-07-2026 14:38,18-08-2026 14:38,,10-08-2026 16:21,,,,,,,,4
2252809.0,23-07-2026 16:25,15-07-2026 14:38,18-08-2026 14:38,,10-08-2026 16:21,,,,,,,,4
2252811.0,23-07-2026 16:25,15-07-2026 14:38,18-08-2026 14:38,,10-08-2026 16:21,,,,,,,,4
2252813.0,23-07-2026 16:25,15-07-2026 14:38,18-08-2026 14:38,,10-08-2026 16:21,,,,,,,,4
2252818.0,23-07-2026 16:25,15-07-2026 14:38,18-08-2026 14:38,,10-08-2026 16:21,,,,,,,,4
2252820.0,23-07-2026 16:25,15-07-2026 14:38,18-08-2026 14:38,,10-08-2026 16:21,,,,,,,,4
2252821.0,23-07-2026 16:25,15-07-2026 14:38,18-08-2026 14:38,,10-08-2026 16:21,,,,,,,,4
2252822.0,23-07-2026 16:25,15-07-2026 14:38,18-08-2026 14:38,,10-08-2026 16:21,,,,,,,,4
2252823.0,23-07-2026 16:25,15-07-2026 14:38,18-08-2026 14:38,,10-08-2026 16:21,,,,,,,,4
2252824.0,30-07-2026 10:20,23-07-2026 12:01,17-08-2026 13:33,,11-08-2026 11:07,27-08-2026 09:51,,,,,,,5
2252825.0,30-07-2026 10:20,23-07-2026 12:01,17-08-2026 13:33,,11-08-2026 11:07,27-08-2026 09:51,,,,,,,5
2252827.0,03-08-2026 16:17,15-07-2026 14:38,18-08-2026 14:38,,10-08-2026 16:21,,,,,,,,4
2252829.0,30-07-2026 10:20,23-07-2026 12:01,17-08-2026 13:33,,11-08-2026 11:07,27-08-2026 09:51,,,,,,,5
2252831.0,23-07-2026 16:25,15-07-2026 14:38,18-08-2026 14:38,,10-08-2026 16:21,,,,,,,,4
2252835.0,03-08-2026 16:17,15-07-2026 14:38,18-08-2026 14:38,,10-08-2026 16:21,,,,,,,,4
2252836.0,23-07-2026 16:25,15-07-2026 14:38,18-08-2026 14:38,,10-08-2026 16:21,,,,,,,,4
2252839.0,23-07-2026 16:25,15-07-2026 14:38,18-08-2026 14:38,,10-08-2026 16:21,,,,,,,,4
2252841.0,23-07-2026 16:25,15-07-2026 14:38,18-08-2026 14:38,,10-08-2026 16:21,,,,,,,,4
2252849.0,30-07-2026 10:20,23-07-2026 12:01,17-08-2026 13:33,,11-08-2026 11:07,27-08-2026 09:51,,,,,,,5
2252850.0,31-07-2026 15:12,28-07-2026 17:30,,,,,,,,,,,2
2252851.0,30-07-2026 10:20,23-07-2026 12:01,17-08-2026 13:33,,11-08-2026 11:07,27-08-2026 09:51,,,,,,,5
2252852.0,31-07-2026 15:12,28-07-2026 17:30,,,,,,,,,,,2
2252853.0,30-07-2026 10:20,23-07-2026 12:01,17-08-2026 13:33,,11-08-2026 11:07,27-08-2026 09:51,,,,,,,5
2252854.0,31-07-2026 15:12,28-07-2026 17:30,,,,,,,,,,,2
2252859.0,30-07-2026 10:20,23-07-2026 12:01,17-08-2026 13:33,,11-08-2026 11:07,27-08-2026 09:51,,,,,,,5
2252861.0,30-07-2026 10:20,23-07-2026 12:01,17-08-2026 13:33,,11-08-2026 11:07,27-08-2026 09:51,,,,,,,5
2252863.0,30-07-2026 10:20,23-07-2026 12:01,17-08-2026 13:33,,11-08-2026 11:07,27-08-2026 09:51,,,,,,,5
2252865.0,30-07-2026 10:20,23-07-2026 12:01,17-08-2026 13:33,,11-08-2026 11:07,27-08-2026 09:51,,,,,,,5
2252867.0,31-07-2026 15:12,28-07-2026 17:30,,,,,,,,,,,2
2252868.0,30-07-2026 10:20,23-07-2026 12:01,17-08-2026 13:33,,11-08-2026 11:07,27-08-2026 09:51,,,,,,,5
2252870.0,31-07-2026 15:12,28-07-2026 17:30,,,,,,,,,,,2
2252871.0,30-07-2026 10:20,23-07-2026 12:01,17-08-2026 13:33,,11-08-2026 11:07,27-08-2026 09:51,,,,,,,5
2252874.0,30-07-2026 10:20,23-07-2026 12:01,17-08-2026 13:33,,11-08-2026 11:07,27-08-2026 09:51,,,,,,,5
2252876.0,31-07-2026 15:12,28-07-2026 17:30,,,,,,,,,,,2
2252877.0,30-07-2026 10:20,23-07-2026 12:01,17-08-2026 13:33,,11-08-2026 11:07,27-08-2026 09:51,,,,,,,5
2252879.0,31-07-2026 15:12,28-07-2026 17:30,,,,,,,,,,,2
2252880.0,30-07-2026 10:20,23-07-2026 12:01,17-08-2026 13:33,,11-08-2026 11:07,27-08-2026 09:51,,,,,,,5
2252882.0,31-07-2026 15:12,28-07-2026 17:30,,,,,,,,,,,2
2252883.0,30-07-2026 10:20,23-07-2026 12:01,17-08-2026 13:33,,11-08-2026 11:07,27-08-2026 09:51,,,,,,,5
2252884.0,31-07-2026 15:12,28-07-2026 17:30,,,,,,,,,,,2
2252886.0,30-07-2026 10:20,23-07-2026 12:01,17-08-2026 13:33,,11-08-2026 11:07,27-08-2026 09:51,,,,,,,5
2252887.0,31-07-2026 15:12,28-07-2026 17:30,,,,,,,,,,,2
2252889.0,31-07-2026 15:12,28-07-2026 17:30,,,,,,,,,,,2
2252891.0,30-07-2026 10:20,23-07-2026 12:01,17-08-2026 13:33,,11-08-2026 11:07,27-08-2026 09:51,,,,,,,5
2252892.0,31-07-2026 15:12,28-07-2026 17:30,,,,,,,,,,,2
2252894.0,31-07-2026 15:12,28-07-2026 17:30,,,,,,,,,,,2
2252896.0,31-07-2026 15:12,28-07-2026 17:30,,,,,,,,,,,2
2252897.0,30-07-2026 10:20,23-07-2026 12:01,17-08-2026 13:33,,11-08-2026 11:07,27-08-2026 09:51,,,,,,,5
2252899.0,30-07-2026 10:20,23-07-2026 12:01,17-08-2026 13:33,,11-08-2026 11:07,27-08-2026 09:51,,,,,,,5
2252901.0,30-07-2026 10:20,23-07-2026 12:01,17-08-2026 13:33,,11-08-2026 11:07,27-08-2026 09:51,,,,,,,5
2252903.0,31-07-2026 15:12,28-07-2026 17:30,,,,,,,,,,,2
2252904.0,30-07-2026 10:20,23-07-2026 12:01,17-08-2026 13:33,,11-08-2026 11:07,27-08-2026 09:51,,,,,,,5
2252906.0,30-07-2026 10:20,23-07-2026 12:01,17-08-2026 13:33,,11-08-2026 11:07,27-08-2026 09:51,,,,,,,5
2252908.0,31-07-2026 15:12,28-07-2026 17:30,,,,,,,,,,,2
2252910.0,30-07-2026 10:20,23-07-2026 12:01,17-08-2026 13:33,,11-08-2026 11:07,27-08-2026 09:51,,,,,,,5
2252912.0,30-07-2026 10:20,23-07-2026 12:01,17-08-2026 13:33,,11-08-2026 11:07,27-08-2026 09:51,,,,,,,5
2252914.0,30-07-2026 10:20,23-07-2026 12:01,,,,,,,,,,,2
2252915.0,31-07-2026 15:12,28-07-2026 17:30,,,,,,,,,,,2
2252917.0,30-07-2026 10:20,23-07-2026 12:01,17-08-2026 13:33,,11-08-2026 11:07,27-08-2026 09:51,,,,,,,5
2252919.0,30-07-2026 10:20,23-07-2026 12:01,17-08-2026 13:33,,11-08-2026 11:07,27-08-2026 09:51,,,,,,,5
2252921.0,31-07-2026 15:12,28-07-2026 17:30,,,,,,,,,,,2
2252922.0,30-07-2026 10:20,23-07-2026 12:01,17-08-2026 13:33,,11-08-2026 11:07,27-08-2026 09:51,,,,,,,5
2252924.0,31-07-2026 15:12,28-07-2026 17:30,,,,,,,,,,,2
2252925.0,30-07-2026 10:20,23-07-2026 12:01,17-08-2026 13:33,,11-08-2026 11:07,27-08-2026 09:51,,,,,,,5
2252926.0,31-07-2026 15:12,28-07-2026 17:30,,,,,,,,,,,2
2252927.0,30-07-2026 10:20,23-07-2026 12:01,17-08-2026 13:33,,11-08-2026 11:07,27-08-2026 09:51,,,,,,,5
2252929.0,30-07-2026 10:20,23-07-2026 12:01,17-08-2026 13:33,,11-08-2026 11:07,27-08-2026 09:51,,,,,,,5
2252931.0,31-07-2026 15:12,28-07-2026 17:30,,,,,,,,,,,2
2252933.0,30-07-2026 10:20,23-07-2026 12:01,17-08-2026 13:33,,11-08-2026 11:07,27-08-2026 09:51,,,,,,,5
2252934.0,31-07-2026 15:12,28-07-2026 17:30,,,,,,,,,,,2
2252935.0,30-07-2026 10:20,23-07-2026 12:01,17-08-2026 13:33,,11-08-2026 11:07,27-08-2026 09:51,,,,,,,5
2252937.0,30-07-2026 10:20,23-07-2026 12:01,17-08-2026 13:33,,11-08-2026 11:07,27-08-2026 09:51,,,,,,,5
2252939.0,31-07-2026 15:12,28-07-2026 17:30,,,,,,,,,,,2
2252940.0,30-07-2026 10:20,23-07-2026 12:01,17-08-2026 13:33,,11-08-2026 11:07,27-08-2026 09:51,,,,,,,5
2252941.0,31-07-2026 15:12,28-07-2026 17:30,,,,,,,,,,,2
2252942.0,31-07-2026 15:12,28-07-2026 17:30,,,,,,,,,,,2
2252943.0,30-07-2026 10:20,23-07-2026 12:01,17-08-2026 13:33,,11-08-2026 11:07,27-08-2026 09:51,,,,,,,5
2252944.0,31-07-2026 15:12,28-07-2026 17:30,,,,,,,,,,,2
2252946.0,30-07-2026 10:20,23-07-2026 12:01,17-08-2026 13:33,,11-08-2026 11:07,27-08-2026 09:51,,,,,,,5
2252948.0,30-07-2026 10:20,23-07-2026 12:01,17-08-2026 13:33,,11-08-2026 11:07,27-08-2026 09:51,,,,,,,5
2252949.0,30-07-2026 10:20,23-07-2026 12:01,17-08-2026 13:33,,11-08-2026 11:07,27-08-2026 09:51,,,,,,,5
2252951.0,31-07-2026 15:12,28-07-2026 17:30,,,,,,,,,,,2
2252952.0,30-07-2026 10:20,23-07-2026 12:01,17-08-2026 13:33,,11-08-2026 11:07,27-08-2026 09:51,,,,,,,5
2252954.0,30-07-2026 10:20,23-07-2026 12:01,17-08-2026 13:33,,11-08-2026 11:07,27-08-2026 09:51,,,,,,,5
2252955.0,31-07-2026 15:12,28-07-2026 17:30,,,,,,,,,,,2
2252958.0,30-07-2026 10:20,23-07-2026 12:01,17-08-2026 13:33,,11-08-2026 11:07,27-08-2026 09:51,,,,,,,5
2252959.0,31-07-2026 15:12,28-07-2026 17:30,,,,,,,,,,,2
2252960.0,30-07-2026 10:20,23-07-2026 12:01,17-08-2026 13:33,,11-08-2026 11:07,27-08-2026 09:51,,,,,,,5
2252961.0,31-07-2026 15:12,28-07-2026 17:30,,,,,,,,,,,2
2252962.0,31-07-2026 15:12,28-07-2026 17:30,,,,,,,,,,,2
2252965.0,31-07-2026 15:12,28-07-2026 17:30,,,,,,,,,,,2
2252968.0,31-07-2026 15:12,28-07-2026 17:30,,,,,,,,,,,2
2252970.0,31-07-2026 15:12,28-07-2026 17:30,,,,,,,,,,,2
2252972.0,31-07-2026 15:12,28-07-2026 17:30,,,,,,,,,,,2
2252973.0,31-07-2026 15:12,28-07-2026 17:30,,,,,,,,,,,2
2252974.0,31-07-2026 15:12,28-07-2026 17:30,,,,,,,,,,,2
2252975.0,31-07-2026 15:12,28-07-2026 17:30,,,,,,,,,,,2
2252985.0,31-07-2026 15:12,28-07-2026 17:30,,,,,,,,,,,2
2252988.0,31-07-2026 15:12,28-07-2026 17:30,,,,,,,,,,,2
2252990.0,31-07-2026 15:12,28-07-2026 17:30,,,,,,,,,,,2
2252992.0,31-07-2026 15:12,28-07-2026 17:30,,,,,,,,,,,2
2252997.0,31-07-2026 15:12,28-07-2026 17:30,,,,,,,,,,,2
2252998.0,31-07-2026 15:12,28-07-2026 17:30,,,,,,,,,,,2
2252999.0,31-07-2026 15:12,28-07-2026 17:30,,,,,,,,,,,2
2253000.0,31-07-2026 15:12,28-07-2026 17:30,,,,,,,,,,,2
2253001.0,31-07-2026 15:12,28-07-2026 17:30,,,,,,,,,,,2
2253002.0,03-08-2026 16:17,15-07-2026 14:38,18-08-2026 14:38,,10-08-2026 16:21,,,,,,,,4
2253003.0,23-07-2026 16:25,15-07-2026 14:38,18-08-2026 14:38,,10-08-2026 16:21,,,,,,,,4
2253004.0,31-07-2026 15:14,28-07-2026 17:30,,,,,,,,,,,2
2253005.0,23-07-2026 16:25,15-07-2026 14:38,18-08-2026 14:38,,10-08-2026 16:21,,,,,,,,4
2253006.0,23-07-2026 16:25,15-07-2026 14:38,18-08-2026 14:38,,10-08-2026 16:21,,,,,,,,4
2253007.0,31-07-2026 15:14,28-07-2026 17:30,,,,,,,,,,,2
2253008.0,23-07-2026 16:25,15-07-2026 14:38,18-08-2026 14:38,,10-08-2026 16:21,,,,,,,,4
2253009.0,31-07-2026 15:14,28-07-2026 17:30,,,,,,,,,,,2
2253011.0,23-07-2026 16:25,15-07-2026 14:38,18-08-2026 14:38,,10-08-2026 16:21,,,,,,,,4
2253012.0,31-07-2026 15:14,28-07-2026 17:30,,,,,,,,,,,2
2253016.0,23-07-2026 16:25,15-07-2026 14:38,18-08-2026 14:38,,10-08-2026 16:21,,,,,,,,4
2253017.0,31-07-2026 15:14,28-07-2026 17:30,,,,,,,,,,,2
2253020.0,23-07-2026 16:25,15-07-2026 14:38,18-08-2026 14:38,,10-08-2026 16:21,,,,,,,,4
2253021.0,31-07-2026 15:14,28-07-2026 17:30,,,,,,,,,,,2
2253024.0,23-07-2026 16:25,15-07-2026 14:38,18-08-2026 14:38,,10-08-2026 16:21,,,,,,,,4
2253026.0,31-07-2026 15:14,28-07-2026 17:30,,,,,,,,,,,2
2253028.0,31-07-2026 15:14,28-07-2026 17:30,,,,,,,,,,,2
2253036.0,31-07-2026 15:14,28-07-2026 17:30,,,,,,,,,,,2
2253039.0,23-07-2026 16:25,15-07-2026 14:38,18-08-2026 14:38,,10-08-2026 16:21,,,,,,,,4
2253040.0,31-07-2026 15:14,28-07-2026 17:30,,,,,,,,,,,2
2253043.0,31-07-2026 15:14,28-07-2026 17:30,,,,,,,,,,,2
2253044.0,21-07-2026 11:25,14-07-2026 13:41,11-08-2026 10:16,,04-08-2026 10:14,17-08-2026 12:13,,,,,,,5
2253048.0,31-07-2026 15:14,28-07-2026 17:30,,,,,,,,,,,2
2253051.0,23-07-2026 16:25,15-07-2026 14:38,18-08-2026 14:38,,10-08-2026 16:21,,,,,,,,4
2253052.0,31-07-2026 15:14,28-07-2026 17:30,,,,,,,,,,,2
2253056.0,03-08-2026 16:17,15-07-2026 14:38,18-08-2026 14:38,,10-08-2026 16:21,,,,,,,,4
2253057.0,31-07-2026 15:14,28-07-2026 17:30,,,,,,,,,,,2
2253059.0,21-07-2026 11:25,14-07-2026 13:41,11-08-2026 10:16,,03-08-2026 10:24,17-08-2026 12:13,,,,,,,5
2253062.0,23-07-2026 16:25,15-07-2026 14:38,18-08-2026 14:38,,10-08-2026 16:21,,,,,,,,4
2253063.0,31-07-2026 15:14,28-07-2026 17:30,,,,,,,,,,,2
2253067.0,03-08-2026 16:17,15-07-2026 14:38,18-08-2026 14:38,,10-08-2026 16:21,,,,,,,,4
2253069.0,31-07-2026 15:14,28-07-2026 17:30,,,,,,,,,,,2
2253072.0,23-07-2026 16:25,15-07-2026 14:38,18-08-2026 14:38,,10-08-2026 16:21,,,,,,,,4
2253073.0,31-07-2026 15:14,28-07-2026 17:30,,,,,,,,,,,2
2253077.0,23-07-2026 16:25,15-07-2026 14:38,18-08-2026 14:38,,10-08-2026 16:21,,,,,,,,4
2253080.0,21-07-2026 11:25,14-07-2026 13:41,11-08-2026 10:16,,03-08-2026 10:24,17-08-2026 12:13,,,,,,,5
2253081.0,31-07-2026 15:14,28-07-2026 17:30,,,,,,,,,,,2
2253088.0,21-07-2026 11:25,14-07-2026 13:41,11-08-2026 10:16,,03-08-2026 10:24,17-08-2026 12:13,,,,,,,5
2253100.0,21-07-2026 11:25,14-07-2026 13:41,11-08-2026 10:16,,04-08-2026 10:14,17-08-2026 12:13,,,,,,,5
2253104.0,21-07-2026 11:25,14-07-2026 13:41,11-08-2026 10:16,,03-08-2026 10:24,17-08-2026 12:13,,,,,,,5
2253107.0,27-07-2026 14:40,15-07-2026 15:15,17-08-2026 16:22,,10-08-2026 14:05,,,,,,,,4
2253108.0,03-08-2026 16:03,15-07-2026 15:15,17-08-2026 16:22,,10-08-2026 14:05,,,,,,,,4
2253109.0,27-07-2026 14:40,15-07-2026 15:15,17-08-2026 16:22,,10-08-2026 14:05,,,,,,,,4
2253110.0,27-07-2026 14:40,15-07-2026 15:15,17-08-2026 16:22,,10-08-2026 14:05,,,,,,,,4
2253111.0,27-07-2026 14:40,15-07-2026 15:15,17-08-2026 16:22,,10-08-2026 14:05,,,,,,,,4
2253112.0,27-07-2026 14:40,15-07-2026 15:15,17-08-2026 16:22,,10-08-2026 14:05,,,,,,,,4
2253113.0,27-07-2026 14:40,15-07-2026 15:15,17-08-2026 16:22,,10-08-2026 14:05,,,,,,,,4
2253114.0,27-07-2026 14:40,15-07-2026 15:15,17-08-2026 16:22,,10-08-2026 14:05,,,,,,,,4
2253115.0,03-08-2026 16:03,15-07-2026 15:15,17-08-2026 16:22,,10-08-2026 14:05,,,,,,,,4
2253116.0,27-07-2026 14:40,15-07-2026 15:15,17-08-2026 16:22,,10-08-2026 14:05,,,,,,,,4
2253117.0,27-07-2026 14:40,15-07-2026 15:15,17-08-2026 16:22,,10-08-2026 14:05,,,,,,,,4
2253118.0,27-07-2026 14:40,15-07-2026 15:15,17-08-2026 16:22,,10-08-2026 14:05,,,,,,,,4
2253119.0,27-07-2026 14:40,15-07-2026 15:15,17-08-2026 16:22,,10-08-2026 14:05,,,,,,,,4
2253120.0,27-07-2026 14:40,15-07-2026 15:15,17-08-2026 16:22,,10-08-2026 14:05,,,,,,,,4
2253121.0,27-07-2026 14:40,15-07-2026 15:15,17-08-2026 16:22,,10-08-2026 14:05,,,,,,,,4
2253251.0,21-07-2026 11:25,14-07-2026 13:41,11-08-2026 10:16,,03-08-2026 10:24,17-08-2026 12:13,,,,,,,5
2253252.0,21-07-2026 11:25,14-07-2026 13:41,11-08-2026 10:16,,03-08-2026 10:24,17-08-2026 12:13,,,,,,,5
2253253.0,21-07-2026 11:25,14-07-2026 13:41,11-08-2026 10:16,,03-08-2026 10:24,17-08-2026 12:13,,,,,,,5
2253254.0,21-07-2026 11:25,14-07-2026 13:41,11-08-2026 10:16,,03-08-2026 10:24,17-08-2026 12:13,,,,,,,5
2253255.0,21-07-2026 11:25,14-07-2026 13:41,11-08-2026 10:16,,03-08-2026 10:24,17-08-2026 12:13,,,,,,,5
2253256.0,21-07-2026 11:25,14-07-2026 13:41,11-08-2026 10:16,,03-08-2026 10:24,17-08-2026 12:13,,,,,,,5
2253257.0,21-07-2026 11:25,14-07-2026 13:41,11-08-2026 10:16,,04-08-2026 10:14,17-08-2026 12:13,,,,,,,5
2253258.0,21-07-2026 11:25,14-07-2026 13:41,11-08-2026 10:16,,03-08-2026 10:24,17-08-2026 12:13,,,,,,,5
2253260.0,21-07-2026 11:25,14-07-2026 13:41,11-08-2026 10:16,,03-08-2026 10:24,17-08-2026 12:13,,,,,,,5
2253263.0,21-07-2026 11:25,14-07-2026 13:41,11-08-2026 10:16,,03-08-2026 10:24,17-08-2026 12:13,,,,,,,5
2253267.0,21-07-2026 11:25,14-07-2026 13:41,11-08-2026 10:16,,03-08-2026 10:24,17-08-2026 12:13,,,,,,,5
2253270.0,21-07-2026 11:25,14-07-2026 13:41,11-08-2026 10:16,,03-08-2026 10:24,17-08-2026 12:13,,,,,,,5
2253273.0,21-07-2026 11:25,14-07-2026 13:41,11-08-2026 10:16,,04-08-2026 10:14,17-08-2026 12:13,,,,,,,5
2253338.0,21-07-2026 11:25,14-07-2026 13:41,11-08-2026 10:16,,03-08-2026 10:24,17-08-2026 12:13,,,,,,,5
2253339.0,21-07-2026 11:25,14-07-2026 13:41,11-08-2026 10:16,,03-08-2026 10:24,17-08-2026 12:13,,,,,,,5
2253340.0,21-07-2026 11:25,14-07-2026 13:41,11-08-2026 10:16,,04-08-2026 10:14,17-08-2026 12:13,,,,,,,5
2253341.0,21-07-2026 11:25,14-07-2026 13:41,11-08-2026 10:16,,03-08-2026 10:24,17-08-2026 12:13,,,,,,,5
2253342.0,21-07-2026 11:25,14-07-2026 13:41,11-08-2026 10:16,,03-08-2026 10:24,17-08-2026 12:13,,,,,,,5
2253343.0,21-07-2026 11:25,14-07-2026 13:41,11-08-2026 10:16,,03-08-2026 10:24,17-08-2026 12:13,,,,,,,5
2253344.0,21-07-2026 11:25,14-07-2026 13:41,11-08-2026 10:16,,03-08-2026 10:24,17-08-2026 12:13,,,,,,,5
2253346.0,21-07-2026 11:25,14-07-2026 13:41,11-08-2026 10:16,,03-08-2026 10:24,17-08-2026 12:13,,,,,,,5
2253351.0,21-07-2026 11:25,14-07-2026 13:41,11-08-2026 10:16,,03-08-2026 10:24,17-08-2026 12:13,,,,,,,5
2253356.0,21-07-2026 11:25,14-07-2026 13:41,11-08-2026 10:16,,03-08-2026 10:24,17-08-2026 12:13,,,,,,,5
2253358.0,21-07-2026 11:25,14-07-2026 13:41,11-08-2026 10:16,,03-08-2026 10:24,17-08-2026 12:13,,,,,,,5
2253360.0,21-07-2026 11:25,14-07-2026 13:41,11-08-2026 10:16,,04-08-2026 10:14,17-08-2026 12:13,,,,,,,5
2253363.0,31-07-2026 15:18,28-07-2026 17:28,,,,,,,,,,,2
2253365.0,31-07-2026 15:18,28-07-2026 17:28,,,,,,,,,,,2
2253367.0,31-07-2026 15:18,28-07-2026 17:28,,,,,,,,,,,2
2253368.0,31-07-2026 15:18,28-07-2026 17:28,,,,,,,,,,,2
2253370.0,27-07-2026 14:40,15-07-2026 15:15,17-08-2026 16:22,,10-08-2026 14:05,,,,,,,,4
2253372.0,27-07-2026 14:40,15-07-2026 15:15,17-08-2026 16:22,,10-08-2026 14:05,,,,,,,,4
2253373.0,27-07-2026 14:40,15-07-2026 15:15,17-08-2026 16:22,,10-08-2026 14:05,,,,,,,,4
2253374.0,03-08-2026 16:03,15-07-2026 15:15,17-08-2026 16:22,,10-08-2026 14:05,,,,,,,,4
2253375.0,27-07-2026 14:40,15-07-2026 15:15,17-08-2026 16:22,,10-08-2026 14:05,,,,,,,,4
2253377.0,27-07-2026 14:40,15-07-2026 15:15,17-08-2026 16:22,,10-08-2026 14:05,,,,,,,,4
2253379.0,27-07-2026 14:40,15-07-2026 15:15,17-08-2026 16:22,,10-08-2026 14:05,,,,,,,,4
2253380.0,27-07-2026 14:40,15-07-2026 15:15,17-08-2026 16:22,,10-08-2026 14:05,,,,,,,,4
2253382.0,27-07-2026 14:40,15-07-2026 15:15,17-08-2026 16:22,,10-08-2026 14:05,,,,,,,,4
2253383.0,27-07-2026 14:40,15-07-2026 15:15,17-08-2026 16:22,,10-08-2026 14:05,,,,,,,,4
2253385.0,27-07-2026 14:40,15-07-2026 15:15,17-08-2026 16:22,,10-08-2026 14:05,,,,,,,,4
2253387.0,27-07-2026 14:40,15-07-2026 15:15,17-08-2026 16:22,,10-08-2026 14:05,,,,,,,,4
2253388.0,03-08-2026 16:03,15-07-2026 15:15,17-08-2026 16:22,,10-08-2026 14:05,,,,,,,,4
2253389.0,27-07-2026 14:40,15-07-2026 15:15,17-08-2026 16:22,,10-08-2026 14:05,,,,,,,,4
2253390.0,27-07-2026 14:40,15-07-2026 15:15,17-08-2026 16:22,,10-08-2026 14:05,,,,,,,,4
2253391.0,27-07-2026 14:40,15-07-2026 15:15,17-08-2026 16:22,,10-08-2026 14:05,,,,,,,,4
2253393.0,27-07-2026 14:40,15-07-2026 15:15,17-08-2026 16:22,,10-08-2026 14:05,,,,,,,,4
2253394.0,03-08-2026 16:03,15-07-2026 15:15,17-08-2026 16:22,,10-08-2026 14:05,,,,,,,,4
2253401.0,21-07-2026 12:21,14-07-2026 13:41,11-08-2026 12:16,,03-08-2026 10:18,17-08-2026 12:13,,,,,,,5
2253404.0,21-07-2026 12:21,14-07-2026 13:41,11-08-2026 12:16,,03-08-2026 10:18,17-08-2026 12:13,,,,,,,5
2253406.0,21-07-2026 12:21,14-07-2026 13:41,11-08-2026 12:16,,03-08-2026 10:18,17-08-2026 12:13,,,,,,,5
2253408.0,27-07-2026 14:40,15-07-2026 15:15,17-08-2026 16:22,,10-08-2026 14:05,,,,,,,,4
2253411.0,03-08-2026 16:03,15-07-2026 15:15,17-08-2026 16:22,,10-08-2026 14:05,,,,,,,,4
2253412.0,21-07-2026 12:21,14-07-2026 13:41,11-08-2026 12:16,,03-08-2026 10:18,17-08-2026 12:13,,,,,,,5
2253415.0,31-07-2026 15:18,28-07-2026 17:28,,,,,,,,,,,2
2253416.0,27-07-2026 14:40,15-07-2026 15:15,17-08-2026 16:22,,10-08-2026 14:05,,,,,,,,4
2253417.0,21-07-2026 12:21,14-07-2026 13:41,11-08-2026 12:16,,03-08-2026 10:18,17-08-2026 12:13,,,,,,,5
2253419.0,31-07-2026 15:18,28-07-2026 17:28,,,,,,,,,,,2
2253420.0,27-07-2026 14:40,15-07-2026 15:15,17-08-2026 16:22,,10-08-2026 14:05,,,,,,,,4
2253422.0,31-07-2026 15:18,28-07-2026 17:28,,,,,,,,,,,2
2253424.0,03-08-2026 16:03,15-07-2026 15:15,17-08-2026 16:22,,10-08-2026 14:05,,,,,,,,4
2253426.0,21-07-2026 12:21,14-07-2026 13:41,11-08-2026 12:16,,04-08-2026 10:20,17-08-2026 12:13,,,,,,,5
2253428.0,27-07-2026 14:40,15-07-2026 15:15,17-08-2026 16:22,,10-08-2026 14:05,,,,,,,,4
2253430.0,21-07-2026 12:21,14-07-2026 13:41,11-08-2026 12:16,,03-08-2026 10:18,17-08-2026 12:13,,,,,,,5
2253433.0,27-07-2026 14:40,15-07-2026 15:15,17-08-2026 16:22,,10-08-2026 14:05,,,,,,,,4
2253434.0,31-07-2026 15:18,28-07-2026 17:28,,,,,,,,,,,2
2253437.0,21-07-2026 12:21,14-07-2026 13:41,11-08-2026 12:16,,04-08-2026 10:20,17-08-2026 12:13,,,,,,,5
2253439.0,27-07-2026 14:40,15-07-2026 15:15,17-08-2026 16:22,,10-08-2026 14:05,,,,,,,,4
2253441.0,21-07-2026 12:21,14-07-2026 13:41,11-08-2026 12:16,,04-08-2026 10:20,17-08-2026 12:13,,,,,,,5
2253443.0,27-07-2026 14:40,15-07-2026 15:15,17-08-2026 16:22,,10-08-2026 14:05,,,,,,,,4
2253447.0,21-07-2026 12:21,14-07-2026 13:41,11-08-2026 12:16,,04-08-2026 10:20,17-08-2026 12:13,,,,,,,5
2253449.0,27-07-2026 14:40,15-07-2026 15:15,17-08-2026 16:22,,10-08-2026 14:05,,,,,,,,4
2253455.0,21-07-2026 12:21,14-07-2026 13:41,11-08-2026 12:16,,03-08-2026 10:18,17-08-2026 12:13,,,,,,,5
2253458.0,21-07-2026 12:21,14-07-2026 13:41,11-08-2026 12:16,,03-08-2026 10:18,17-08-2026 12:13,,,,,,,5
2253460.0,21-07-2026 12:21,14-07-2026 13:41,11-08-2026 12:16,,03-08-2026 10:18,17-08-2026 12:13,,,,,,,5
2253468.0,21-07-2026 12:21,14-07-2026 13:41,11-08-2026 12:16,,03-08-2026 10:18,17-08-2026 12:13,,,,,,,5
2253471.0,21-07-2026 12:21,14-07-2026 13:41,11-08-2026 12:16,,03-08-2026 10:18,17-08-2026 12:13,,,,,,,5
2253475.0,21-07-2026 12:21,14-07-2026 13:41,11-08-2026 12:16,,03-08-2026 10:18,17-08-2026 12:13,,,,,,,5
2253477.0,27-07-2026 15:19,15-07-2026 16:20,18-08-2026 15:23,,11-08-2026 14:40,,,,,,,,4
2253484.0,27-07-2026 15:19,15-07-2026 16:20,18-08-2026 15:23,,11-08-2026 14:40,,,,,,,,4
2253485.0,21-07-2026 12:21,14-07-2026 13:41,11-08-2026 12:16,,03-08-2026 10:18,17-08-2026 12:13,,,,,,,5
2253490.0,27-07-2026 15:19,15-07-2026 16:20,18-08-2026 15:23,,11-08-2026 14:40,,,,,,,,4
2253492.0,21-07-2026 12:21,14-07-2026 13:41,11-08-2026 12:16,,04-08-2026 10:20,17-08-2026 12:13,,,,,,,5
2253494.0,03-08-2026 16:01,15-07-2026 16:20,18-08-2026 15:23,,11-08-2026 14:40,,,,,,,,4
2253496.0,27-07-2026 15:19,15-07-2026 16:20,18-08-2026 15:23,,11-08-2026 14:40,,,,,,,,4
2253498.0,27-07-2026 15:19,15-07-2026 16:20,18-08-2026 15:23,,11-08-2026 14:40,,,,,,,,4
2253501.0,27-07-2026 15:19,15-07-2026 16:20,18-08-2026 15:23,,11-08-2026 14:40,,,,,,,,4
2253503.0,27-07-2026 15:19,15-07-2026 16:20,18-08-2026 15:23,,11-08-2026 14:40,,,,,,,,4
2253505.0,21-07-2026 12:21,14-07-2026 13:41,11-08-2026 12:16,,03-08-2026 10:18,17-08-2026 12:13,,,,,,,5
2253506.0,03-08-2026 16:01,15-07-2026 16:20,18-08-2026 15:23,,11-08-2026 14:40,,,,,,,,4
2253509.0,03-08-2026 16:01,15-07-2026 16:20,18-08-2026 15:23,,11-08-2026 14:40,,,,,,,,4
2253511.0,21-07-2026 12:21,14-07-2026 13:41,11-08-2026 12:16,,03-08-2026 10:18,17-08-2026 12:13,,,,,,,5
2253513.0,27-07-2026 15:19,15-07-2026 16:20,18-08-2026 15:23,,11-08-2026 14:40,,,,,,,,4
2253514.0,21-07-2026 12:21,14-07-2026 13:41,11-08-2026 12:16,,03-08-2026 10:18,17-08-2026 12:13,,,,,,,5
2253517.0,27-07-2026 15:19,15-07-2026 16:20,18-08-2026 15:23,,11-08-2026 14:40,,,,,,,,4
2253518.0,21-07-2026 12:21,14-07-2026 13:41,11-08-2026 12:16,,03-08-2026 10:18,17-08-2026 12:13,,,,,,,5
2253520.0,27-07-2026 15:19,15-07-2026 16:20,18-08-2026 15:23,,11-08-2026 14:40,,,,,,,,4
2253523.0,27-07-2026 15:19,15-07-2026 16:20,18-08-2026 15:23,,11-08-2026 14:40,,,,,,,,4
2253524.0,21-07-2026 12:21,14-07-2026 13:41,11-08-2026 12:16,,04-08-2026 10:20,17-08-2026 12:13,,,,,,,5
2253526.0,27-07-2026 15:19,15-07-2026 16:20,18-08-2026 15:23,,11-08-2026 14:40,,,,,,,,4
2253528.0,21-07-2026 12:21,14-07-2026 13:41,11-08-2026 12:16,,03-08-2026 10:18,17-08-2026 12:13,,,,,,,5
2253531.0,27-07-2026 15:19,15-07-2026 16:20,18-08-2026 15:23,,11-08-2026 14:40,,,,,,,,4
2253532.0,21-07-2026 12:21,14-07-2026 13:41,11-08-2026 12:16,,03-08-2026 10:18,17-08-2026 12:13,,,,,,,5
2253534.0,27-07-2026 15:19,15-07-2026 16:20,18-08-2026 15:23,,11-08-2026 14:40,,,,,,,,4
2253536.0,21-07-2026 12:21,14-07-2026 13:41,11-08-2026 12:16,,03-08-2026 10:18,17-08-2026 12:13,,,,,,,5
2253538.0,27-07-2026 15:19,15-07-2026 16:20,18-08-2026 15:23,,11-08-2026 14:40,,,,,,,,4
2253540.0,27-07-2026 15:19,15-07-2026 16:20,18-08-2026 15:23,,11-08-2026 14:40,,,,,,,,4
2253542.0,21-07-2026 12:21,14-07-2026 13:41,11-08-2026 12:16,,03-08-2026 10:18,17-08-2026 12:13,,,,,,,5
2253543.0,27-07-2026 15:19,15-07-2026 16:20,18-08-2026 15:23,,11-08-2026 14:40,,,,,,,,4
2253551.0,21-07-2026 12:21,14-07-2026 13:41,11-08-2026 12:16,,04-08-2026 10:20,17-08-2026 12:13,,,,,,,5
2253552.0,27-07-2026 15:19,15-07-2026 16:20,18-08-2026 15:23,,11-08-2026 14:40,,,,,,,,4
2253556.0,27-07-2026 15:19,15-07-2026 16:20,18-08-2026 15:23,,11-08-2026 14:40,,,,,,,,4
2253562.0,21-07-2026 12:21,14-07-2026 13:41,11-08-2026 12:16,,03-08-2026 10:18,17-08-2026 12:13,,,,,,,5
2253565.0,21-07-2026 12:21,14-07-2026 13:41,11-08-2026 12:16,,04-08-2026 10:20,17-08-2026 12:13,,,,,,,5
2253570.0,27-07-2026 15:19,15-07-2026 16:20,18-08-2026 15:23,,11-08-2026 14:40,,,,,,,,4
2253575.0,27-07-2026 15:19,15-07-2026 16:20,18-08-2026 15:23,,11-08-2026 14:40,,,,,,,,4
2253577.0,27-07-2026 15:19,15-07-2026 16:20,18-08-2026 15:23,,11-08-2026 14:40,,,,,,,,4
2253580.0,27-07-2026 15:19,15-07-2026 16:20,18-08-2026 15:23,,11-08-2026 14:40,,,,,,,,4
2253582.0,27-07-2026 15:19,15-07-2026 16:20,18-08-2026 15:23,,11-08-2026 14:40,,,,,,,,4
2253588.0,27-07-2026 15:19,15-07-2026 16:20,18-08-2026 15:23,,11-08-2026 14:40,,,,,,,,4
2253592.0,27-07-2026 15:19,15-07-2026 16:20,18-08-2026 15:23,,11-08-2026 14:40,,,,,,,,4
2253595.0,27-07-2026 15:19,15-07-2026 16:20,18-08-2026 15:23,,11-08-2026 14:40,,,,,,,,4
2253599.0,03-08-2026 16:01,15-07-2026 16:20,18-08-2026 15:23,,11-08-2026 14:40,,,,,,,,4
2253600.0,27-07-2026 15:19,15-07-2026 16:20,18-08-2026 15:23,,11-08-2026 14:40,,,,,,,,4
2253603.0,03-08-2026 16:01,15-07-2026 16:20,18-08-2026 15:23,,11-08-2026 14:40,,,,,,,,4
2253605.0,27-07-2026 15:19,15-07-2026 16:20,18-08-2026 15:23,,11-08-2026 14:40,,,,,,,,4
2253606.0,27-07-2026 15:19,15-07-2026 16:20,18-08-2026 15:23,,11-08-2026 14:40,,,,,,,,4
2253607.0,27-07-2026 15:19,15-07-2026 16:20,18-08-2026 15:23,,11-08-2026 14:40,,,,,,,,4
2253609.0,27-07-2026 15:19,15-07-2026 16:20,18-08-2026 15:23,,11-08-2026 14:40,,,,,,,,4
2253611.0,27-07-2026 15:19,15-07-2026 16:20,18-08-2026 15:23,,11-08-2026 14:40,,,,,,,,4
2253612.0,03-08-2026 16:01,15-07-2026 16:20,18-08-2026 15:23,,11-08-2026 14:40,,,,,,,,4
2253613.0,31-07-2026 15:18,28-07-2026 17:28,,,,,,,,,,,2
2253614.0,27-07-2026 15:19,15-07-2026 16:20,18-08-2026 15:23,,11-08-2026 14:40,,,,,,,,4
2253615.0,31-07-2026 15:18,28-07-2026 17:28,,,,,,,,,,,2
2253616.0,27-07-2026 15:19,15-07-2026 16:20,18-08-2026 15:23,,11-08-2026 14:40,,,,,,,,4
2253617.0,03-08-2026 16:01,15-07-2026 16:20,18-08-2026 15:23,,11-08-2026 14:40,,,,,,,,4
2253618.0,29-07-2026 15:28,15-07-2026 16:59,17-08-2026 15:22,,06-08-2026 14:47,,,,,,,,4
2253619.0,03-08-2026 16:01,15-07-2026 16:20,18-08-2026 15:23,,11-08-2026 14:40,,,,,,,,4
2253620.0,29-07-2026 15:28,15-07-2026 16:59,17-08-2026 15:22,,06-08-2026 14:47,,,,,,,,4
2253621.0,27-07-2026 15:19,15-07-2026 16:20,18-08-2026 15:23,,11-08-2026 14:40,,,,,,,,4
2253622.0,29-07-2026 15:28,15-07-2026 16:59,17-08-2026 15:22,,06-08-2026 14:47,,,,,,,,4
2253623.0,27-07-2026 15:19,15-07-2026 16:20,18-08-2026 15:23,,11-08-2026 14:40,,,,,,,,4
2253624.0,29-07-2026 15:28,15-07-2026 16:59,17-08-2026 15:22,,06-08-2026 14:47,,,,,,,,4
2253626.0,29-07-2026 15:28,15-07-2026 16:59,17-08-2026 15:22,,06-08-2026 14:47,,,,,,,,4
2253628.0,29-07-2026 15:28,15-07-2026 16:59,17-08-2026 15:22,,06-08-2026 14:47,,,,,,,,4
2253629.0,29-07-2026 15:28,15-07-2026 16:59,17-08-2026 15:22,,06-08-2026 14:47,,,,,,,,4
2253630.0,29-07-2026 15:28,15-07-2026 16:59,17-08-2026 15:22,,06-08-2026 14:47,,,,,,,,4
2253631.0,29-07-2026 15:28,15-07-2026 16:59,17-08-2026 15:22,,06-08-2026 14:47,,,,,,,,4
2253632.0,29-07-2026 15:28,15-07-2026 16:59,17-08-2026 15:22,,06-08-2026 14:47,,,,,,,,4
2253633.0,,15-07-2026 16:59,17-08-2026 15:22,,06-08-2026 14:47,,,,,,,,3
2253636.0,29-07-2026 15:28,15-07-2026 16:59,17-08-2026 15:22,,06-08-2026 14:47,,,,,,,,4
2253637.0,29-07-2026 15:28,15-07-2026 16:59,17-08-2026 15:22,,06-08-2026 14:47,,,,,,,,4
2253639.0,29-07-2026 15:28,15-07-2026 16:59,17-08-2026 15:22,,06-08-2026 14:47,,,,,,,,4
2253640.0,29-07-2026 15:28,15-07-2026 16:59,17-08-2026 15:22,,06-08-2026 14:47,,,,,,,,4
2253642.0,29-07-2026 15:28,15-07-2026 16:59,17-08-2026 15:22,,06-08-2026 14:47,,,,,,,,4
2253643.0,29-07-2026 15:28,15-07-2026 16:59,17-08-2026 15:22,,06-08-2026 14:47,,,,,,,,4
2253644.0,29-07-2026 15:28,15-07-2026 16:59,17-08-2026 15:22,,06-08-2026 14:47,,,,,,,,4
2253646.0,29-07-2026 15:28,15-07-2026 16:59,17-08-2026 15:22,,06-08-2026 14:47,,,,,,,,4
2253647.0,29-07-2026 15:28,15-07-2026 16:59,17-08-2026 15:22,,06-08-2026 14:47,,,,,,,,4
2253649.0,,15-07-2026 16:59,17-08-2026 15:22,,06-08-2026 14:47,,,,,,,,3
2253650.0,31-07-2026 15:14,28-07-2026 17:30,,,,,,,,,,,2
2253651.0,,15-07-2026 16:59,17-08-2026 15:22,,06-08-2026 14:47,,,,,,,,3
2253652.0,29-07-2026 15:28,15-07-2026 16:59,17-08-2026 15:22,,06-08-2026 14:47,,,,,,,,4
2253654.0,29-07-2026 15:28,15-07-2026 16:59,17-08-2026 15:22,,06-08-2026 14:47,,,,,,,,4
2253655.0,31-07-2026 15:14,28-07-2026 17:30,,,,,,,,,,,2
2253656.0,29-07-2026 15:28,15-07-2026 16:59,17-08-2026 15:22,,06-08-2026 14:47,,,,,,,,4
2253657.0,31-07-2026 15:14,28-07-2026 17:30,,,,,,,,,,,2
2253658.0,29-07-2026 15:28,15-07-2026 16:59,17-08-2026 15:22,,06-08-2026 14:47,,,,,,,,4
2253660.0,,15-07-2026 16:59,17-08-2026 15:22,,06-08-2026 14:47,,,,,,,,3
2253661.0,31-07-2026 15:14,28-07-2026 17:30,,,,,,,,,,,2
2253662.0,29-07-2026 15:28,15-07-2026 16:59,17-08-2026 15:22,,06-08-2026 14:47,,,,,,,,4
2253663.0,31-07-2026 15:14,28-07-2026 17:30,,,,,,,,,,,2
2253664.0,31-07-2026 15:14,28-07-2026 17:30,,,,,,,,,,,2
2253666.0,31-07-2026 15:14,28-07-2026 17:30,,,,,,,,,,,2
2253668.0,29-07-2026 15:28,15-07-2026 16:59,17-08-2026 15:22,,06-08-2026 14:47,,,,,,,,4
2253669.0,31-07-2026 15:14,28-07-2026 17:30,,,,,,,,,,,2
2253670.0,29-07-2026 15:28,15-07-2026 16:59,17-08-2026 15:22,,06-08-2026 14:47,,,,,,,,4
2253671.0,31-07-2026 15:14,28-07-2026 17:30,,,,,,,,,,,2
2253673.0,29-07-2026 15:28,15-07-2026 16:59,17-08-2026 15:22,,06-08-2026 14:47,,,,,,,,4
2253675.0,,15-07-2026 16:59,17-08-2026 15:22,,06-08-2026 14:47,,,,,,,,3
2253677.0,,15-07-2026 16:59,17-08-2026 15:22,,06-08-2026 14:47,,,,,,,,3
2253678.0,29-07-2026 15:28,15-07-2026 16:59,17-08-2026 15:22,,06-08-2026 14:47,,,,,,,,4
2253679.0,31-07-2026 15:14,28-07-2026 17:30,,,,,,,,,,,2
2253681.0,29-07-2026 15:28,15-07-2026 16:59,17-08-2026 15:22,,06-08-2026 14:47,,,,,,,,4
2253682.0,29-07-2026 15:28,15-07-2026 16:59,17-08-2026 15:22,,06-08-2026 14:47,,,,,,,,4
2253685.0,29-07-2026 15:28,15-07-2026 16:59,17-08-2026 15:22,,06-08-2026 14:47,,,,,,,,4
2253687.0,29-07-2026 15:28,15-07-2026 16:59,17-08-2026 15:22,,06-08-2026 14:47,,,,,,,,4
2253688.0,,15-07-2026 16:59,17-08-2026 15:22,,06-08-2026 14:47,,,,,,,,3
2253689.0,29-07-2026 15:28,15-07-2026 16:59,17-08-2026 15:22,,06-08-2026 14:47,,,,,,,,4
2253690.0,29-07-2026 15:28,15-07-2026 16:59,17-08-2026 15:22,,06-08-2026 14:47,,,,,,,,4
2253699.0,31-07-2026 15:14,28-07-2026 17:30,,,,,,,,,,,2
2253700.0,31-07-2026 15:14,28-07-2026 17:30,,,,,,,,,,,2
2253702.0,31-07-2026 15:14,28-07-2026 17:30,,,,,,,,,,,2
2253703.0,21-07-2026 10:29,14-07-2026 13:40,11-08-2026 12:20,,04-08-2026 10:13,17-08-2026 12:13,,,,,,,5
2253705.0,31-07-2026 15:14,28-07-2026 17:30,,,,,,,,,,,2
2253706.0,21-07-2026 10:29,14-07-2026 13:40,11-08-2026 12:20,,03-08-2026 10:21,17-08-2026 12:13,,,,,,,5
2253707.0,31-07-2026 15:14,28-07-2026 17:30,,,,,,,,,,,2
2253708.0,21-07-2026 10:29,14-07-2026 13:40,11-08-2026 12:20,,04-08-2026 10:13,17-08-2026 12:13,,,,,,,5
2253709.0,31-07-2026 15:14,28-07-2026 17:30,,,,,,,,,,,2
2253710.0,21-07-2026 10:29,14-07-2026 13:40,11-08-2026 12:20,,03-08-2026 10:21,17-08-2026 12:13,,,,,,,5
2253712.0,21-07-2026 10:29,14-07-2026 13:40,11-08-2026 12:20,,04-08-2026 10:13,17-08-2026 12:13,,,,,,,5
2253714.0,21-07-2026 10:29,14-07-2026 13:40,11-08-2026 12:20,,03-08-2026 10:21,17-08-2026 12:13,,,,,,,5
2253716.0,31-07-2026 15:14,28-07-2026 17:30,,,,,,,,,,,2
2253718.0,31-07-2026 15:14,28-07-2026 17:30,,,,,,,,,,,2
2253719.0,31-07-2026 15:14,28-07-2026 17:30,,,,,,,,,,,2
2253721.0,21-07-2026 10:29,14-07-2026 13:40,11-08-2026 12:20,,03-08-2026 10:21,17-08-2026 12:13,,,,,,,5
2253722.0,31-07-2026 15:14,28-07-2026 17:30,,,,,,,,,,,2
2253724.0,21-07-2026 10:29,14-07-2026 13:40,11-08-2026 12:20,,03-08-2026 10:21,17-08-2026 12:13,,,,,,,5
2253725.0,21-07-2026 10:29,14-07-2026 13:40,11-08-2026 12:20,,03-08-2026 10:21,17-08-2026 12:13,,,,,,,5
2253726.0,31-07-2026 15:14,28-07-2026 17:30,,,,,,,,,,,2
2253728.0,31-07-2026 15:14,28-07-2026 17:30,,,,,,,,,,,2
2253729.0,21-07-2026 10:29,14-07-2026 13:40,11-08-2026 12:20,,04-08-2026 10:13,17-08-2026 12:13,,,,,,,5
2253731.0,31-07-2026 15:14,28-07-2026 17:30,,,,,,,,,,,2
2253732.0,21-07-2026 10:29,14-07-2026 13:40,11-08-2026 12:20,,03-08-2026 10:21,17-08-2026 12:13,,,,,,,5
2253733.0,31-07-2026 15:14,28-07-2026 17:30,,,,,,,,,,,2
2253735.0,21-07-2026 10:29,14-07-2026 13:40,11-08-2026 12:20,,03-08-2026 10:21,17-08-2026 12:13,,,,,,,5
2253736.0,31-07-2026 15:14,28-07-2026 17:30,,,,,,,,,,,2
2253737.0,21-07-2026 10:29,14-07-2026 13:40,11-08-2026 12:20,,03-08-2026 10:21,17-08-2026 12:13,,,,,,,5
2253738.0,21-07-2026 10:29,14-07-2026 13:40,11-08-2026 12:20,,03-08-2026 10:21,17-08-2026 12:13,,,,,,,5
2253739.0,21-07-2026 10:29,14-07-2026 13:40,11-08-2026 12:20,,03-08-2026 10:21,17-08-2026 12:13,,,,,,,5
2253740.0,21-07-2026 10:29,14-07-2026 13:40,11-08-2026 12:20,,03-08-2026 10:21,17-08-2026 12:13,,,,,,,5
2253741.0,21-07-2026 10:29,14-07-2026 13:40,11-08-2026 12:20,,03-08-2026 10:21,17-08-2026 12:13,,,,,,,5
2253742.0,21-07-2026 10:29,14-07-2026 13:40,11-08-2026 12:20,,03-08-2026 10:21,17-08-2026 12:13,,,,,,,5
2253743.0,21-07-2026 10:29,14-07-2026 13:40,11-08-2026 12:20,,03-08-2026 10:21,17-08-2026 12:13,,,,,,,5
2253744.0,21-07-2026 10:29,14-07-2026 13:40,11-08-2026 12:20,,03-08-2026 10:21,17-08-2026 12:13,,,,,,,5
2253747.0,31-07-2026 15:10,28-07-2026 17:30,,,,,,,,,,,2
2253797.0,21-07-2026 10:29,14-07-2026 13:40,11-08-2026 12:20,,03-08-2026 10:21,17-08-2026 12:13,,,,,,,5
2253800.0,21-07-2026 10:29,14-07-2026 13:40,11-08-2026 12:20,,03-08-2026 10:21,17-08-2026 12:13,,,,,,,5
2253802.0,21-07-2026 10:29,14-07-2026 13:40,11-08-2026 12:20,,03-08-2026 10:21,17-08-2026 12:13,,,,,,,5
2253804.0,21-07-2026 10:29,14-07-2026 13:40,11-08-2026 12:20,,03-08-2026 10:21,17-08-2026 12:13,,,,,,,5
2253806.0,21-07-2026 10:29,14-07-2026 13:40,11-08-2026 12:20,,03-08-2026 10:21,17-08-2026 12:13,,,,,,,5
2253809.0,21-07-2026 10:29,14-07-2026 13:40,11-08-2026 12:20,,03-08-2026 10:21,17-08-2026 12:13,,,,,,,5
2253811.0,21-07-2026 10:29,14-07-2026 13:40,11-08-2026 12:20,,03-08-2026 10:21,17-08-2026 12:13,,,,,,,5
2253813.0,21-07-2026 10:29,14-07-2026 13:40,11-08-2026 12:20,,04-08-2026 10:13,17-08-2026 12:13,,,,,,,5
2253896.0,31-07-2026 15:20,28-07-2026 17:27,,,,,,,,,,,2
2253899.0,31-07-2026 15:20,28-07-2026 17:27,,,,,,,,,,,2
2253904.0,31-07-2026 15:20,28-07-2026 17:27,,,,,,,,,,,2
2253910.0,31-07-2026 15:20,28-07-2026 17:27,,,,,,,,,,,2
2253916.0,31-07-2026 15:20,28-07-2026 17:27,,,,,,,,,,,2
2253920.0,31-07-2026 15:20,28-07-2026 17:27,,,,,,,,,,,2
2253922.0,31-07-2026 15:20,28-07-2026 17:27,,,,,,,,,,,2
2253925.0,31-07-2026 15:20,28-07-2026 17:27,,,,,,,,,,,2
2253930.0,31-07-2026 15:20,28-07-2026 17:27,,,,,,,,,,,2
2253932.0,31-07-2026 15:20,28-07-2026 17:27,,,,,,,,,,,2
2253934.0,31-07-2026 15:20,28-07-2026 17:27,,,,,,,,,,,2
2253951.0,31-07-2026 15:18,28-07-2026 17:28,,,,,,,,,,,2
2253952.0,31-07-2026 15:18,28-07-2026 17:28,,,,,,,,,,,2
2253953.0,31-07-2026 15:18,28-07-2026 17:28,,,,,,,,,,,2
2253954.0,31-07-2026 15:18,28-07-2026 17:28,,,,,,,,,,,2
2253955.0,31-07-2026 15:18,28-07-2026 17:28,,,,,,,,,,,2
2253956.0,31-07-2026 15:18,28-07-2026 17:28,,,,,,,,,,,2
2253957.0,31-07-2026 15:18,28-07-2026 17:28,,,,,,,,,,,2
2253958.0,31-07-2026 15:18,28-07-2026 17:28,,,,,,,,,,,2
2253959.0,31-07-2026 15:18,28-07-2026 17:28,,,,,,,,,,,2
2253960.0,31-07-2026 15:18,28-07-2026 17:28,,,,,,,,,,,2
2253961.0,31-07-2026 15:18,28-07-2026 17:28,,,,,,,,,,,2
2253962.0,31-07-2026 15:18,28-07-2026 17:28,,,,,,,,,,,2
2253963.0,31-07-2026 15:18,28-07-2026 17:28,,,,,,,,,,,2
2253964.0,31-07-2026 15:18,28-07-2026 17:28,,,,,,,,,,,2
2253965.0,31-07-2026 15:18,28-07-2026 17:28,,,,,,,,,,,2
2253966.0,31-07-2026 15:18,28-07-2026 17:28,,,,,,,,,,,2
2253967.0,31-07-2026 15:18,28-07-2026 17:28,,,,,,,,,,,2
2253968.0,31-07-2026 15:18,28-07-2026 17:28,,,,,,,,,,,2
2253969.0,31-07-2026 15:18,28-07-2026 17:28,,,,,,,,,,,2
2253970.0,31-07-2026 15:18,28-07-2026 17:28,,,,,,,,,,,2
2253971.0,31-07-2026 15:18,28-07-2026 17:28,,,,,,,,,,,2
2253972.0,31-07-2026 15:18,28-07-2026 17:28,,,,,,,,,,,2
2253973.0,31-07-2026 15:18,28-07-2026 17:28,,,,,,,,,,,2
2253974.0,31-07-2026 15:18,28-07-2026 17:28,,,,,,,,,,,2
2253975.0,31-07-2026 15:18,28-07-2026 17:28,,,,,,,,,,,2
2253976.0,31-07-2026 15:18,28-07-2026 17:28,,,,,,,,,,,2
2253977.0,31-07-2026 15:18,28-07-2026 17:28,,,,,,,,,,,2
2253978.0,31-07-2026 15:18,28-07-2026 17:28,,,,,,,,,,,2
2253979.0,31-07-2026 15:18,28-07-2026 17:28,,,,,,,,,,,2
2253980.0,31-07-2026 15:18,28-07-2026 17:28,,,,,,,,,,,2
2253981.0,31-07-2026 15:18,28-07-2026 17:28,,,,,,,,,,,2
2253982.0,31-07-2026 15:18,28-07-2026 17:28,,,,,,,,,,,2
2253983.0,31-07-2026 15:18,28-07-2026 17:28,,,,,,,,,,,2
2253984.0,31-07-2026 15:18,28-07-2026 17:28,,,,,,,,,,,2
2253985.0,31-07-2026 15:18,28-07-2026 17:28,,,,,,,,,,,2
2253986.0,31-07-2026 15:18,28-07-2026 17:28,,,,,,,,,,,2
2253987.0,31-07-2026 15:18,28-07-2026 17:28,,,,,,,,,,,2
2253988.0,31-07-2026 15:18,28-07-2026 17:28,,,,,,,,,,,2
2253989.0,31-07-2026 15:18,28-07-2026 17:28,,,,,,,,,,,2
2253990.0,31-07-2026 15:18,28-07-2026 17:28,,,,,,,,,,,2
2253991.0,31-07-2026 15:18,28-07-2026 17:28,,,,,,,,,,,2
2253992.0,31-07-2026 15:18,28-07-2026 17:28,,,,,,,,,,,2
2253993.0,31-07-2026 15:20,28-07-2026 17:27,,,,,,,,,,,2
2253994.0,31-07-2026 15:20,28-07-2026 17:27,,,,,,,,,,,2
2253996.0,31-07-2026 15:20,28-07-2026 17:28,,,,,,,,,,,2
2253997.0,31-07-2026 15:20,28-07-2026 17:28,,,,,,,,,,,2
2254000.0,31-07-2026 15:20,28-07-2026 17:28,,,,,,,,,,,2
2254004.0,31-07-2026 15:20,28-07-2026 17:27,,,,,,,,,,,2
2254007.0,31-07-2026 15:20,28-07-2026 17:28,,,,,,,,,,,2
2254015.0,31-07-2026 15:20,28-07-2026 17:27,,,,,,,,,,,2
2254018.0,31-07-2026 15:20,28-07-2026 17:27,,,,,,,,,,,2
2254019.0,31-07-2026 15:20,28-07-2026 17:28,,,,,,,,,,,2
2254021.0,31-07-2026 15:20,28-07-2026 17:28,,,,,,,,,,,2
2254024.0,31-07-2026 15:20,28-07-2026 17:28,,,,,,,,,,,2
2254027.0,31-07-2026 15:20,28-07-2026 17:27,,,,,,,,,,,2
2254029.0,31-07-2026 15:20,28-07-2026 17:28,,,,,,,,,,,2
2254031.0,31-07-2026 15:20,28-07-2026 17:27,,,,,,,,,,,2
2254032.0,31-07-2026 15:20,28-07-2026 17:28,,,,,,,,,,,2
2254036.0,31-07-2026 15:20,28-07-2026 17:27,,,,,,,,,,,2
2254037.0,31-07-2026 15:20,28-07-2026 17:27,,,,,,,,,,,2
2254043.0,31-07-2026 15:20,28-07-2026 17:28,,,,,,,,,,,2
2254065.0,31-07-2026 15:20,28-07-2026 17:27,,,,,,,,,,,2
2254070.0,31-07-2026 15:20,28-07-2026 17:28,,,,,,,,,,,2
2254071.0,21-07-2026 10:29,14-07-2026 13:40,11-08-2026 12:20,,04-08-2026 10:13,17-08-2026 12:13,,,,,,,5
2254072.0,31-07-2026 15:20,28-07-2026 17:28,,,,,,,,,,,2
2254074.0,31-07-2026 15:20,28-07-2026 17:28,,,,,,,,,,,2
2254075.0,21-07-2026 10:29,14-07-2026 13:40,11-08-2026 12:20,,03-08-2026 10:21,17-08-2026 12:13,,,,,,,5
2254076.0,31-07-2026 15:20,28-07-2026 17:28,,,,,,,,,,,2
2254077.0,31-07-2026 15:20,28-07-2026 17:28,,,,,,,,,,,2
2254078.0,21-07-2026 10:29,14-07-2026 13:40,11-08-2026 12:20,,04-08-2026 10:13,17-08-2026 12:13,,,,,,,5
2254079.0,31-07-2026 15:20,28-07-2026 17:28,,,,,,,,,,,2
2254080.0,31-07-2026 15:20,28-07-2026 17:28,,,,,,,,,,,2
2254081.0,31-07-2026 15:20,28-07-2026 17:28,,,,,,,,,,,2
2254082.0,29-07-2026 15:29,20-07-2026 13:49,17-08-2026 18:03,,06-08-2026 14:45,,,,,,,,4
2254084.0,31-07-2026 15:20,28-07-2026 17:28,,,,,,,,,,,2
2254086.0,31-07-2026 15:20,28-07-2026 17:28,,,,,,,,,,,2
2254087.0,29-07-2026 15:29,20-07-2026 13:49,17-08-2026 18:03,,06-08-2026 14:45,,,,,,,,4
2254088.0,31-07-2026 15:20,28-07-2026 17:27,,,,,,,,,,,2
2254089.0,31-07-2026 15:20,28-07-2026 17:28,,,,,,,,,,,2
2254092.0,31-07-2026 15:20,28-07-2026 17:28,,,,,,,,,,,2
2254093.0,31-07-2026 15:20,28-07-2026 17:27,,,,,,,,,,,2
2254094.0,29-07-2026 15:29,20-07-2026 13:49,17-08-2026 18:03,,06-08-2026 14:45,,,,,,,,4
2254095.0,31-07-2026 15:20,28-07-2026 17:28,,,,,,,,,,,2
2254096.0,31-07-2026 15:20,28-07-2026 17:27,,,,,,,,,,,2
2254098.0,31-07-2026 15:20,28-07-2026 17:28,,,,,,,,,,,2
2254099.0,31-07-2026 15:20,28-07-2026 17:27,,,,,,,,,,,2
2254101.0,31-07-2026 15:20,28-07-2026 17:28,,,,,,,,,,,2
2254103.0,29-07-2026 15:29,20-07-2026 13:49,17-08-2026 18:03,,06-08-2026 14:45,,,,,,,,4
2254104.0,31-07-2026 15:20,28-07-2026 17:27,,,,,,,,,,,2
2254105.0,31-07-2026 15:20,28-07-2026 17:28,,,,,,,,,,,2
2254107.0,31-07-2026 15:20,28-07-2026 17:27,,,,,,,,,,,2
2254110.0,29-07-2026 15:29,20-07-2026 13:49,17-08-2026 18:03,,06-08-2026 14:45,,,,,,,,4
2254114.0,31-07-2026 15:20,28-07-2026 17:28,,,,,,,,,,,2
2254115.0,29-07-2026 15:29,20-07-2026 13:49,17-08-2026 18:03,,06-08-2026 14:45,,,,,,,,4
2254116.0,31-07-2026 15:20,28-07-2026 17:28,,,,,,,,,,,2
2254119.0,31-07-2026 15:20,28-07-2026 17:28,,,,,,,,,,,2
2254120.0,29-07-2026 15:29,20-07-2026 13:49,17-08-2026 18:03,,06-08-2026 14:45,,,,,,,,4
2254122.0,31-07-2026 15:20,28-07-2026 17:28,,,,,,,,,,,2
2254123.0,29-07-2026 15:29,20-07-2026 13:49,17-08-2026 18:03,,06-08-2026 14:45,,,,,,,,4
2254124.0,31-07-2026 15:20,28-07-2026 17:28,,,,,,,,,,,2
2254125.0,31-07-2026 15:20,28-07-2026 17:28,,,,,,,,,,,2
2254127.0,31-07-2026 15:20,28-07-2026 17:28,,,,,,,,,,,2
2254128.0,29-07-2026 15:29,20-07-2026 13:49,17-08-2026 18:03,,06-08-2026 14:45,,,,,,,,4
2254129.0,31-07-2026 15:20,28-07-2026 17:28,,,,,,,,,,,2
2254132.0,,20-07-2026 13:49,20-08-2026 13:54,,06-08-2026 14:45,,,,,,,,3
2254133.0,31-07-2026 15:20,28-07-2026 17:28,,,,,,,,,,,2
2254136.0,31-07-2026 15:20,28-07-2026 17:28,,,,,,,,,,,2
2254137.0,29-07-2026 15:29,20-07-2026 13:49,20-08-2026 13:54,,06-08-2026 14:45,,,,,,,,4
2254139.0,31-07-2026 15:20,28-07-2026 17:28,,,,,,,,,,,2
2254142.0,31-07-2026 15:20,28-07-2026 17:28,,,,,,,,,,,2
2254144.0,29-07-2026 15:29,20-07-2026 13:49,17-08-2026 18:03,,06-08-2026 14:45,,,,,,,,4
2254147.0,31-07-2026 15:20,28-07-2026 17:28,,,,,,,,,,,2
2254149.0,29-07-2026 15:29,20-07-2026 13:49,20-08-2026 13:54,,06-08-2026 14:45,,,,,,,,4
2254150.0,31-07-2026 15:20,28-07-2026 17:28,,,,,,,,,,,2
2254152.0,31-07-2026 15:20,28-07-2026 17:28,,,,,,,,,,,2
2254155.0,29-07-2026 15:29,20-07-2026 13:49,17-08-2026 18:03,,06-08-2026 14:45,,,,,,,,4
2254156.0,31-07-2026 15:20,28-07-2026 17:28,,,,,,,,,,,2
2254159.0,31-07-2026 15:20,28-07-2026 17:28,,,,,,,,,,,2
2254161.0,31-07-2026 15:20,28-07-2026 17:28,,,,,,,,,,,2
2254162.0,29-07-2026 15:29,20-07-2026 13:49,17-08-2026 18:03,,06-08-2026 14:45,,,,,,,,4
2254163.0,31-07-2026 15:20,28-07-2026 17:28,,,,,,,,,,,2
2254165.0,31-07-2026 15:20,28-07-2026 17:28,,,,,,,,,,,2
2254166.0,29-07-2026 15:29,20-07-2026 13:49,17-08-2026 18:03,,06-08-2026 14:45,,,,,,,,4
2254169.0,31-07-2026 15:20,28-07-2026 17:28,,,,,,,,,,,2
2254170.0,31-07-2026 15:20,28-07-2026 17:28,,,,,,,,,,,2
2254172.0,29-07-2026 15:29,20-07-2026 13:49,20-08-2026 13:54,,06-08-2026 14:45,,,,,,,,4
2254174.0,31-07-2026 15:20,28-07-2026 17:28,,,,,,,,,,,2
2254176.0,31-07-2026 15:20,28-07-2026 17:28,,,,,,,,,,,2
2254178.0,31-07-2026 15:20,28-07-2026 17:28,,,,,,,,,,,2
2254179.0,29-07-2026 15:29,20-07-2026 13:49,17-08-2026 18:03,,06-08-2026 14:45,,,,,,,,4
2254180.0,31-07-2026 15:20,28-07-2026 17:28,,,,,,,,,,,2
2254181.0,31-07-2026 15:20,28-07-2026 17:28,,,,,,,,,,,2
2254182.0,29-07-2026 15:29,20-07-2026 13:49,17-08-2026 18:03,,06-08-2026 14:45,,,,,,,,4
2254184.0,31-07-2026 15:20,28-07-2026 17:28,,,,,,,,,,,2
2254185.0,03-08-2026 14:43,20-07-2026 15:40,18-08-2026 15:23,,11-08-2026 15:23,,,,,,,,4
2254187.0,29-07-2026 15:29,20-07-2026 13:49,17-08-2026 18:03,,06-08-2026 14:45,,,,,,,,4
2254188.0,03-08-2026 14:43,20-07-2026 15:40,18-08-2026 15:23,,11-08-2026 15:23,,,,,,,,4
2254189.0,29-07-2026 15:29,20-07-2026 13:49,17-08-2026 18:03,,06-08-2026 14:45,,,,,,,,4
2254190.0,03-08-2026 14:43,20-07-2026 15:40,18-08-2026 15:23,,11-08-2026 15:23,,,,,,,,4
2254191.0,29-07-2026 15:29,20-07-2026 13:49,17-08-2026 18:03,,06-08-2026 14:45,,,,,,,,4
2254193.0,03-08-2026 14:43,20-07-2026 15:40,18-08-2026 15:23,,11-08-2026 15:23,,,,,,,,4
2254195.0,29-07-2026 15:29,20-07-2026 13:49,17-08-2026 18:03,,06-08-2026 14:45,,,,,,,,4
2254196.0,03-08-2026 14:43,20-07-2026 15:40,18-08-2026 15:23,,11-08-2026 15:23,,,,,,,,4
2254197.0,29-07-2026 15:29,20-07-2026 13:49,17-08-2026 18:03,,06-08-2026 14:45,,,,,,,,4
2254200.0,21-07-2026 13:49,14-07-2026 13:40,11-08-2026 11:02,,03-08-2026 13:36,17-08-2026 13:44,,,,,,,5
2254201.0,21-07-2026 13:49,14-07-2026 13:40,11-08-2026 11:02,,03-08-2026 13:36,17-08-2026 13:44,,,,,,,5
2254202.0,03-08-2026 14:43,20-07-2026 15:40,18-08-2026 15:23,,11-08-2026 15:23,,,,,,,,4
2254204.0,21-07-2026 13:49,14-07-2026 13:40,11-08-2026 11:02,,03-08-2026 13:36,17-08-2026 13:44,,,,,,,5
2254206.0,03-08-2026 14:43,20-07-2026 15:40,18-08-2026 15:23,,11-08-2026 15:23,,,,,,,,4
2254207.0,21-07-2026 13:49,14-07-2026 13:40,11-08-2026 11:02,,03-08-2026 13:36,17-08-2026 13:44,,,,,,,5
2254209.0,21-07-2026 13:49,14-07-2026 13:40,11-08-2026 11:02,,03-08-2026 13:36,17-08-2026 13:44,,,,,,,5
2254210.0,03-08-2026 14:43,20-07-2026 15:40,18-08-2026 15:23,,11-08-2026 15:23,,,,,,,,4
2254212.0,21-07-2026 13:49,14-07-2026 13:40,11-08-2026 11:02,,03-08-2026 13:36,17-08-2026 13:44,,,,,,,5
2254215.0,03-08-2026 14:43,20-07-2026 15:40,18-08-2026 15:23,,11-08-2026 15:23,,,,,,,,4
2254216.0,21-07-2026 13:49,14-07-2026 13:40,11-08-2026 11:02,,03-08-2026 13:36,17-08-2026 13:44,,,,,,,5
2254219.0,21-07-2026 13:49,14-07-2026 13:40,11-08-2026 11:02,,03-08-2026 13:36,17-08-2026 13:44,,,,,,,5
2254220.0,03-08-2026 14:43,20-07-2026 15:40,18-08-2026 15:23,,11-08-2026 15:23,,,,,,,,4
2254224.0,21-07-2026 13:49,14-07-2026 13:40,11-08-2026 11:02,,04-08-2026 13:28,17-08-2026 13:44,,,,,,,5
2254226.0,29-07-2026 15:29,20-07-2026 13:49,17-08-2026 18:03,,06-08-2026 14:45,,,,,,,,4
2254228.0,03-08-2026 14:43,20-07-2026 15:40,18-08-2026 15:23,,11-08-2026 15:23,,,,,,,,4
2254229.0,21-07-2026 13:49,14-07-2026 13:40,11-08-2026 11:02,,04-08-2026 13:28,17-08-2026 13:44,,,,,,,5
2254230.0,29-07-2026 15:29,20-07-2026 13:49,17-08-2026 18:03,,06-08-2026 14:45,,,,,,,,4
2254286.0,03-08-2026 14:43,20-07-2026 15:40,18-08-2026 15:23,,11-08-2026 15:23,,,,,,,,4
2254287.0,29-07-2026 15:29,20-07-2026 13:49,17-08-2026 18:03,,06-08-2026 14:45,,,,,,,,4
2254290.0,21-07-2026 13:49,14-07-2026 13:40,11-08-2026 11:02,,03-08-2026 13:36,17-08-2026 13:44,,,,,,,5
2254292.0,,20-07-2026 13:49,20-08-2026 13:54,,06-08-2026 14:45,,,,,,,,3
2254293.0,03-08-2026 14:43,20-07-2026 15:40,18-08-2026 15:23,,11-08-2026 15:23,,,,,,,,4
2254294.0,21-07-2026 13:49,14-07-2026 13:40,11-08-2026 11:02,,03-08-2026 13:36,17-08-2026 13:44,,,,,,,5
2254298.0,03-08-2026 14:43,20-07-2026 15:40,18-08-2026 15:23,,11-08-2026 15:23,,,,,,,,4
2254299.0,21-07-2026 13:49,14-07-2026 13:40,11-08-2026 11:02,,03-08-2026 13:36,17-08-2026 13:44,,,,,,,5
2254300.0,29-07-2026 15:29,20-07-2026 13:49,17-08-2026 18:03,,06-08-2026 14:45,,,,,,,,4
2254301.0,03-08-2026 14:43,20-07-2026 15:40,18-08-2026 15:23,,11-08-2026 15:23,,,,,,,,4
2254302.0,21-07-2026 13:49,14-07-2026 13:40,11-08-2026 11:02,,03-08-2026 13:36,17-08-2026 13:44,,,,,,,5
2254303.0,29-07-2026 15:29,20-07-2026 13:49,17-08-2026 18:03,,06-08-2026 14:45,,,,,,,,4
2254304.0,03-08-2026 14:43,20-07-2026 15:40,18-08-2026 15:23,,11-08-2026 15:23,,,,,,,,4
2254306.0,21-07-2026 13:49,14-07-2026 13:40,11-08-2026 11:02,,03-08-2026 13:36,17-08-2026 13:44,,,,,,,5
2254307.0,29-07-2026 15:29,20-07-2026 13:49,17-08-2026 18:03,,06-08-2026 14:45,,,,,,,,4
2254308.0,21-07-2026 13:49,14-07-2026 13:40,11-08-2026 11:02,,03-08-2026 13:36,17-08-2026 13:44,,,,,,,5
2254309.0,21-07-2026 13:49,14-07-2026 13:40,11-08-2026 11:02,,04-08-2026 13:28,17-08-2026 13:44,,,,,,,5
2254310.0,03-08-2026 14:43,20-07-2026 15:40,18-08-2026 15:23,,11-08-2026 15:23,,,,,,,,4
2254311.0,29-07-2026 15:29,20-07-2026 13:49,17-08-2026 18:03,,06-08-2026 14:45,,,,,,,,4
2254312.0,03-08-2026 14:43,20-07-2026 15:40,18-08-2026 15:23,,11-08-2026 15:23,,,,,,,,4
2254313.0,21-07-2026 13:49,14-07-2026 13:40,11-08-2026 11:02,,03-08-2026 13:36,17-08-2026 13:44,,,,,,,5
2254314.0,29-07-2026 15:29,20-07-2026 13:49,20-08-2026 13:54,,06-08-2026 14:45,,,,,,,,4
2254315.0,03-08-2026 14:43,20-07-2026 15:40,18-08-2026 15:23,,11-08-2026 15:23,,,,,,,,4
2254316.0,21-07-2026 13:49,14-07-2026 13:40,11-08-2026 11:02,,03-08-2026 13:36,17-08-2026 13:44,,,,,,,5
2254317.0,29-07-2026 15:29,20-07-2026 13:49,17-08-2026 18:03,,06-08-2026 14:45,,,,,,,,4
2254318.0,03-08-2026 14:43,20-07-2026 15:40,18-08-2026 15:23,,11-08-2026 15:23,,,,,,,,4
2254319.0,29-07-2026 15:29,20-07-2026 13:49,17-08-2026 18:03,,06-08-2026 14:45,,,,,,,,4
2254320.0,03-08-2026 14:43,20-07-2026 15:40,18-08-2026 15:23,,11-08-2026 15:23,,,,,,,,4
2254322.0,29-07-2026 15:29,20-07-2026 13:49,17-08-2026 18:03,,06-08-2026 14:45,,,,,,,,4
2254323.0,03-08-2026 14:43,20-07-2026 15:40,18-08-2026 15:23,,11-08-2026 15:23,,,,,,,,4
2254325.0,29-07-2026 15:29,20-07-2026 13:49,17-08-2026 18:03,,06-08-2026 14:45,,,,,,,,4
2254326.0,03-08-2026 14:43,20-07-2026 15:40,18-08-2026 15:23,,11-08-2026 15:23,,,,,,,,4
2254328.0,29-07-2026 15:29,20-07-2026 13:49,17-08-2026 18:03,,06-08-2026 14:45,,,,,,,,4
2254330.0,29-07-2026 15:29,20-07-2026 13:49,17-08-2026 18:03,,06-08-2026 14:45,,,,,,,,4
2254331.0,29-07-2026 15:29,20-07-2026 13:49,17-08-2026 18:03,,06-08-2026 14:45,,,,,,,,4
2254332.0,29-07-2026 15:29,20-07-2026 13:49,17-08-2026 18:03,,06-08-2026 14:45,,,,,,,,4
2254334.0,29-07-2026 15:29,20-07-2026 13:49,17-08-2026 18:03,,06-08-2026 14:45,,,,,,,,4
2254336.0,29-07-2026 15:29,20-07-2026 13:49,17-08-2026 18:03,,06-08-2026 14:45,,,,,,,,4
2254337.0,29-07-2026 15:29,20-07-2026 13:49,17-08-2026 18:03,,06-08-2026 14:45,,,,,,,,4
2254339.0,29-07-2026 15:29,20-07-2026 13:49,17-08-2026 18:03,,06-08-2026 14:45,,,,,,,,4
2254341.0,29-07-2026 15:29,20-07-2026 13:49,17-08-2026 18:03,,06-08-2026 14:45,,,,,,,,4
2254343.0,29-07-2026 15:29,20-07-2026 13:49,20-08-2026 13:54,,06-08-2026 14:45,,,,,,,,4
2254344.0,29-07-2026 15:29,20-07-2026 13:49,17-08-2026 18:03,,06-08-2026 14:45,,,,,,,,4
2254345.0,03-08-2026 14:43,20-07-2026 15:40,18-08-2026 15:23,,11-08-2026 15:23,,,,,,,,4
2254346.0,03-08-2026 14:43,20-07-2026 15:40,18-08-2026 15:23,,11-08-2026 15:23,,,,,,,,4
2254348.0,03-08-2026 14:43,20-07-2026 15:40,18-08-2026 15:23,,11-08-2026 15:23,,,,,,,,4
2254349.0,03-08-2026 14:43,20-07-2026 15:40,18-08-2026 15:23,,11-08-2026 15:23,,,,,,,,4
2254351.0,21-07-2026 13:49,14-07-2026 13:40,11-08-2026 11:02,,03-08-2026 13:36,17-08-2026 13:44,,,,,,,5
2254353.0,31-07-2026 15:20,28-07-2026 17:27,,,,,,,,,,,2
2254355.0,31-07-2026 15:20,28-07-2026 17:27,,,,,,,,,,,2
2254356.0,21-07-2026 13:49,14-07-2026 13:40,11-08-2026 11:02,,04-08-2026 13:28,17-08-2026 13:44,,,,,,,5
2254357.0,03-08-2026 14:43,20-07-2026 15:40,18-08-2026 15:23,,11-08-2026 15:23,,,,,,,,4
2254358.0,31-07-2026 15:20,28-07-2026 17:27,,,,,,,,,,,2
2254360.0,21-07-2026 13:49,14-07-2026 13:40,11-08-2026 11:02,,03-08-2026 13:36,17-08-2026 13:44,,,,,,,5
2254361.0,31-07-2026 15:20,28-07-2026 17:27,,,,,,,,,,,2
2254362.0,03-08-2026 14:43,20-07-2026 15:40,18-08-2026 15:23,,11-08-2026 15:23,,,,,,,,4
2254363.0,31-07-2026 15:20,28-07-2026 17:27,,,,,,,,,,,2
2254364.0,31-07-2026 15:20,28-07-2026 17:27,,,,,,,,,,,2
2254365.0,21-07-2026 13:49,14-07-2026 13:40,11-08-2026 11:02,,03-08-2026 13:36,17-08-2026 13:44,,,,,,,5
2254366.0,03-08-2026 14:43,20-07-2026 15:40,18-08-2026 15:23,,11-08-2026 15:23,,,,,,,,4
2254367.0,31-07-2026 15:20,28-07-2026 17:27,,,,,,,,,,,2
2254368.0,21-07-2026 13:49,14-07-2026 13:40,11-08-2026 11:02,,03-08-2026 13:36,17-08-2026 13:44,,,,,,,5
2254370.0,31-07-2026 15:20,28-07-2026 17:27,,,,,,,,,,,2
2254371.0,03-08-2026 14:43,20-07-2026 15:40,18-08-2026 15:23,,11-08-2026 15:23,,,,,,,,4
2254372.0,21-07-2026 13:49,14-07-2026 13:40,11-08-2026 11:02,,03-08-2026 13:36,17-08-2026 13:44,,,,,,,5
2254374.0,21-07-2026 13:49,14-07-2026 13:40,11-08-2026 11:02,,03-08-2026 13:36,17-08-2026 13:44,,,,,,,5
2254375.0,21-07-2026 13:49,14-07-2026 13:40,11-08-2026 11:02,,04-08-2026 13:28,17-08-2026 13:44,,,,,,,5
2254378.0,21-07-2026 13:49,14-07-2026 13:40,11-08-2026 11:02,,03-08-2026 13:36,17-08-2026 13:44,,,,,,,5
2254379.0,21-07-2026 13:49,14-07-2026 13:40,11-08-2026 11:02,,03-08-2026 13:36,17-08-2026 13:44,,,,,,,5
2254380.0,21-07-2026 13:49,14-07-2026 13:40,11-08-2026 11:02,,03-08-2026 13:36,17-08-2026 13:44,,,,,,,5
2254387.0,21-07-2026 13:49,14-07-2026 13:40,11-08-2026 11:02,,03-08-2026 13:36,17-08-2026 13:44,,,,,,,5
2254388.0,03-08-2026 14:43,20-07-2026 15:40,18-08-2026 15:23,,11-08-2026 15:23,,,,,,,,4
2254389.0,21-07-2026 13:49,14-07-2026 13:40,11-08-2026 11:02,,03-08-2026 13:36,17-08-2026 13:44,,,,,,,5
2254390.0,31-07-2026 15:20,28-07-2026 17:27,,,,,,,,,,,2
2254391.0,03-08-2026 14:43,20-07-2026 15:40,18-08-2026 15:23,,11-08-2026 15:23,,,,,,,,4
2254392.0,21-07-2026 13:49,14-07-2026 13:40,11-08-2026 11:02,,03-08-2026 13:36,17-08-2026 13:44,,,,,,,5
2254393.0,21-07-2026 13:49,14-07-2026 13:40,11-08-2026 11:02,,04-08-2026 13:28,17-08-2026 13:44,,,,,,,5
2254394.0,03-08-2026 14:43,20-07-2026 15:40,18-08-2026 15:23,,11-08-2026 15:23,,,,,,,,4
2254395.0,03-08-2026 14:43,20-07-2026 15:40,18-08-2026 15:23,,11-08-2026 15:23,,,,,,,,4
2254396.0,03-08-2026 14:43,20-07-2026 15:40,18-08-2026 15:23,,11-08-2026 15:23,,,,,,,,4
2254397.0,31-07-2026 15:20,28-07-2026 17:27,,,,,,,,,,,2
2254398.0,03-08-2026 14:43,20-07-2026 15:40,18-08-2026 15:23,,11-08-2026 15:23,,,,,,,,4
2254399.0,31-07-2026 15:20,28-07-2026 17:27,,,,,,,,,,,2
2254400.0,31-07-2026 15:20,28-07-2026 17:27,,,,,,,,,,,2
2254401.0,03-08-2026 14:43,20-07-2026 15:40,18-08-2026 15:23,,11-08-2026 15:23,,,,,,,,4
2254402.0,31-07-2026 15:20,28-07-2026 17:27,,,,,,,,,,,2
2254403.0,03-08-2026 14:43,20-07-2026 15:39,17-08-2026 14:42,,10-08-2026 13:51,,,,,,,,4
2254404.0,03-08-2026 14:43,20-07-2026 15:40,18-08-2026 15:23,,11-08-2026 15:23,,,,,,,,4
2254405.0,03-08-2026 14:43,20-07-2026 15:39,17-08-2026 14:42,,10-08-2026 13:51,,,,,,,,4
2254406.0,03-08-2026 14:43,20-07-2026 15:40,18-08-2026 15:23,,11-08-2026 15:23,,,,,,,,4
2254407.0,03-08-2026 14:43,20-07-2026 15:39,17-08-2026 14:42,,10-08-2026 13:51,,,,,,,,4
2254408.0,03-08-2026 14:43,20-07-2026 15:40,18-08-2026 15:23,,11-08-2026 15:23,,,,,,,,4
2254409.0,03-08-2026 14:43,20-07-2026 15:39,17-08-2026 14:42,,10-08-2026 13:51,,,,,,,,4
2254410.0,03-08-2026 14:43,20-07-2026 15:40,18-08-2026 15:23,,11-08-2026 15:23,,,,,,,,4
2254411.0,03-08-2026 14:43,20-07-2026 15:39,17-08-2026 14:42,,10-08-2026 13:51,,,,,,,,4
2254412.0,03-08-2026 14:43,20-07-2026 15:40,18-08-2026 15:23,,11-08-2026 15:23,,,,,,,,4
2254413.0,31-07-2026 15:20,28-07-2026 17:27,,,,,,,,,,,2
2254414.0,03-08-2026 14:43,20-07-2026 15:40,18-08-2026 15:23,,11-08-2026 15:23,,,,,,,,4
2254415.0,31-07-2026 15:20,28-07-2026 17:27,,,,,,,,,,,2
2254416.0,03-08-2026 14:43,20-07-2026 15:40,18-08-2026 15:23,,11-08-2026 15:23,,,,,,,,4
2254417.0,31-07-2026 15:20,28-07-2026 17:27,,,,,,,,,,,2
2254418.0,29-07-2026 16:26,20-07-2026 14:40,18-08-2026 16:49,,,,,,,,22-08-2026 15:18,,4
2254419.0,29-07-2026 16:26,20-07-2026 14:40,18-08-2026 16:49,,,,,,,,22-08-2026 15:18,,4
2254421.0,29-07-2026 16:26,20-07-2026 14:40,18-08-2026 16:49,,,,,,,,22-08-2026 15:18,,4
2254422.0,29-07-2026 16:26,20-07-2026 14:40,18-08-2026 16:49,,,,,,,,22-08-2026 15:18,,4
2254423.0,31-07-2026 15:20,28-07-2026 17:27,,,,,,,,,,,2
2254424.0,31-07-2026 15:20,28-07-2026 17:27,,,,,,,,,,,2
2254425.0,29-07-2026 16:26,20-07-2026 14:40,18-08-2026 16:49,,,,,,,,22-08-2026 15:18,,4
2254426.0,31-07-2026 15:20,28-07-2026 17:27,,,,,,,,,,,2
2254427.0,31-07-2026 15:20,28-07-2026 17:27,,,,,,,,,,,2
2254428.0,31-07-2026 15:20,28-07-2026 17:27,,,,,,,,,,,2
2254429.0,31-07-2026 15:20,28-07-2026 17:27,,,,,,,,,,,2
2255159.0,21-07-2026 13:49,14-07-2026 13:40,11-08-2026 13:31,,03-08-2026 11:03,17-08-2026 13:44,,,,,,,5
2255163.0,21-07-2026 13:49,14-07-2026 13:40,11-08-2026 13:31,,03-08-2026 11:03,17-08-2026 13:44,,,,,,,5
2255167.0,21-07-2026 13:49,14-07-2026 13:40,11-08-2026 13:31,,04-08-2026 13:29,17-08-2026 13:44,,,,,,,5
2255169.0,21-07-2026 13:49,14-07-2026 13:40,11-08-2026 13:31,,03-08-2026 11:03,17-08-2026 13:44,,,,,,,5
2255172.0,21-07-2026 13:49,14-07-2026 13:40,11-08-2026 13:31,,03-08-2026 11:03,17-08-2026 13:44,,,,,,,5
2255174.0,21-07-2026 13:49,14-07-2026 13:40,11-08-2026 13:31,,03-08-2026 11:03,17-08-2026 13:44,,,,,,,5
2255178.0,21-07-2026 13:49,14-07-2026 13:40,11-08-2026 13:31,,03-08-2026 11:03,17-08-2026 13:44,,,,,,,5
2255180.0,21-07-2026 13:49,14-07-2026 13:40,11-08-2026 13:31,,04-08-2026 13:29,17-08-2026 13:44,,,,,,,5
2255185.0,21-07-2026 13:49,14-07-2026 13:40,11-08-2026 13:31,,03-08-2026 11:03,17-08-2026 13:44,,,,,,,5
2255188.0,21-07-2026 13:49,14-07-2026 13:40,11-08-2026 13:31,,04-08-2026 13:29,17-08-2026 13:44,,,,,,,5
2255191.0,21-07-2026 13:49,14-07-2026 13:40,11-08-2026 13:31,,03-08-2026 11:03,17-08-2026 13:44,,,,,,,5
2255194.0,21-07-2026 13:49,14-07-2026 13:40,11-08-2026 13:31,,03-08-2026 11:03,17-08-2026 13:44,,,,,,,5
2255199.0,21-07-2026 13:49,14-07-2026 13:40,11-08-2026 13:31,,03-08-2026 11:03,17-08-2026 13:44,,,,,,,5
2255203.0,21-07-2026 13:49,14-07-2026 13:40,11-08-2026 13:31,,03-08-2026 11:03,17-08-2026 13:44,,,,,,,5
2255207.0,21-07-2026 13:49,14-07-2026 13:40,11-08-2026 13:31,,04-08-2026 13:29,17-08-2026 13:44,,,,,,,5
2255213.0,21-07-2026 13:49,14-07-2026 13:40,11-08-2026 13:31,,04-08-2026 13:29,17-08-2026 13:44,,,,,,,5
2255215.0,21-07-2026 13:49,14-07-2026 13:40,11-08-2026 13:31,,03-08-2026 11:03,17-08-2026 13:44,,,,,,,5
2255216.0,21-07-2026 13:49,14-07-2026 13:40,11-08-2026 13:31,,03-08-2026 11:03,17-08-2026 13:44,,,,,,,5
2255217.0,21-07-2026 13:49,14-07-2026 13:40,11-08-2026 13:31,,03-08-2026 11:03,17-08-2026 13:44,,,,,,,5
2255218.0,21-07-2026 13:49,14-07-2026 13:40,11-08-2026 13:31,,03-08-2026 11:03,17-08-2026 13:44,,,,,,,5
2255219.0,21-07-2026 13:49,14-07-2026 13:40,11-08-2026 13:31,,03-08-2026 11:03,17-08-2026 13:44,,,,,,,5
2255220.0,21-07-2026 13:49,14-07-2026 13:40,11-08-2026 13:31,,03-08-2026 11:03,17-08-2026 13:44,,,,,,,5
2255221.0,21-07-2026 13:49,14-07-2026 13:40,11-08-2026 13:31,,03-08-2026 11:03,17-08-2026 13:44,,,,,,,5
2255222.0,21-07-2026 13:49,14-07-2026 13:40,11-08-2026 13:31,,03-08-2026 11:03,17-08-2026 13:44,,,,,,,5
2255223.0,21-07-2026 13:49,14-07-2026 13:40,11-08-2026 13:31,,03-08-2026 11:03,17-08-2026 13:44,,,,,,,5
2255224.0,21-07-2026 13:49,14-07-2026 13:40,11-08-2026 13:31,,03-08-2026 11:03,17-08-2026 13:44,,,,,,,5
2255225.0,21-07-2026 13:49,14-07-2026 13:40,11-08-2026 13:31,,03-08-2026 11:03,17-08-2026 13:44,,,,,,,5
2255226.0,21-07-2026 13:49,14-07-2026 13:40,11-08-2026 13:31,,03-08-2026 11:03,17-08-2026 13:44,,,,,,,5
2255227.0,21-07-2026 13:49,14-07-2026 13:40,11-08-2026 13:31,,04-08-2026 13:29,17-08-2026 13:44,,,,,,,5
2255228.0,21-07-2026 13:49,14-07-2026 13:40,11-08-2026 13:31,,04-08-2026 13:29,17-08-2026 13:44,,,,,,,5
2255229.0,21-07-2026 13:49,14-07-2026 13:40,11-08-2026 13:31,,03-08-2026 11:03,17-08-2026 13:44,,,,,,,5
2255230.0,21-07-2026 13:49,14-07-2026 13:40,11-08-2026 13:31,,03-08-2026 11:03,17-08-2026 13:44,,,,,,,5
2255231.0,21-07-2026 13:49,14-07-2026 13:40,11-08-2026 13:31,,03-08-2026 11:03,17-08-2026 13:44,,,,,,,5
2255232.0,21-07-2026 13:49,14-07-2026 13:40,11-08-2026 13:31,,03-08-2026 11:03,17-08-2026 13:44,,,,,,,5
2255233.0,21-07-2026 13:49,14-07-2026 13:40,11-08-2026 13:31,,03-08-2026 11:03,17-08-2026 13:44,,,,,,,5
2255499.0,03-08-2026 14:43,20-07-2026 15:39,17-08-2026 14:42,,10-08-2026 13:51,,,,,,,,4
2255500.0,03-08-2026 14:43,20-07-2026 15:39,17-08-2026 14:42,,10-08-2026 13:51,,,,,,,,4
2255502.0,03-08-2026 14:43,20-07-2026 15:39,17-08-2026 14:42,,10-08-2026 13:51,,,,,,,,4
2255504.0,03-08-2026 14:43,20-07-2026 15:39,17-08-2026 14:42,,10-08-2026 13:51,,,,,,,,4
2255508.0,03-08-2026 14:43,20-07-2026 15:39,17-08-2026 14:42,,10-08-2026 13:51,,,,,,,,4
2255510.0,03-08-2026 14:43,20-07-2026 15:39,17-08-2026 14:42,,10-08-2026 13:51,,,,,,,,4
2255512.0,03-08-2026 14:43,20-07-2026 15:39,17-08-2026 14:42,,10-08-2026 13:51,,,,,,,,4
2255516.0,03-08-2026 14:43,20-07-2026 15:39,17-08-2026 14:42,,10-08-2026 13:51,,,,,,,,4
2255519.0,03-08-2026 14:43,20-07-2026 15:39,17-08-2026 14:42,,10-08-2026 13:51,,,,,,,,4
2255523.0,03-08-2026 14:43,20-07-2026 15:39,17-08-2026 14:42,,10-08-2026 13:51,,,,,,,,4
2255526.0,03-08-2026 14:43,20-07-2026 15:39,17-08-2026 14:42,,10-08-2026 13:51,,,,,,,,4
2255529.0,03-08-2026 14:43,20-07-2026 15:39,17-08-2026 14:42,,10-08-2026 13:51,,,,,,,,4
2255536.0,03-08-2026 14:43,20-07-2026 15:39,17-08-2026 14:42,,10-08-2026 13:51,,,,,,,,4
2255542.0,03-08-2026 14:43,20-07-2026 15:39,17-08-2026 14:42,,10-08-2026 13:51,,,,,,,,4
2255544.0,03-08-2026 14:43,20-07-2026 15:39,17-08-2026 14:42,,10-08-2026 13:51,,,,,,,,4
2255548.0,03-08-2026 14:43,20-07-2026 15:39,17-08-2026 14:42,,10-08-2026 13:51,,,,,,,,4
2255553.0,03-08-2026 14:43,20-07-2026 15:39,17-08-2026 14:42,,10-08-2026 13:51,,,,,,,,4
2255555.0,03-08-2026 14:43,20-07-2026 15:39,17-08-2026 14:42,,10-08-2026 13:51,,,,,,,,4
2255558.0,03-08-2026 14:43,20-07-2026 15:39,17-08-2026 14:42,,10-08-2026 13:51,,,,,,,,4
2255563.0,03-08-2026 14:43,20-07-2026 15:39,17-08-2026 14:42,,10-08-2026 13:51,,,,,,,,4
2255566.0,03-08-2026 14:43,20-07-2026 15:39,17-08-2026 14:42,,10-08-2026 13:51,,,,,,,,4
2255569.0,03-08-2026 14:43,20-07-2026 15:39,17-08-2026 14:42,,10-08-2026 13:51,,,,,,,,4
2255575.0,03-08-2026 14:43,20-07-2026 15:39,17-08-2026 14:42,,10-08-2026 13:51,,,,,,,,4
2255579.0,03-08-2026 14:43,20-07-2026 15:39,17-08-2026 14:42,,10-08-2026 13:51,,,,,,,,4
2255582.0,03-08-2026 14:43,20-07-2026 15:39,17-08-2026 14:42,,10-08-2026 13:51,,,,,,,,4
2255585.0,03-08-2026 14:43,20-07-2026 15:39,17-08-2026 14:42,,10-08-2026 13:51,,,,,,,,4
2255587.0,03-08-2026 14:43,20-07-2026 15:39,17-08-2026 14:42,,10-08-2026 13:51,,,,,,,,4
2255589.0,03-08-2026 14:43,20-07-2026 15:39,17-08-2026 14:42,,10-08-2026 13:51,,,,,,,,4
2255591.0,03-08-2026 14:43,20-07-2026 15:39,17-08-2026 14:42,,10-08-2026 13:51,,,,,,,,4
2255593.0,03-08-2026 14:43,20-07-2026 15:39,17-08-2026 14:42,,10-08-2026 13:51,,,,,,,,4
2255596.0,03-08-2026 14:43,20-07-2026 15:39,17-08-2026 14:42,,10-08-2026 13:51,,,,,,,,4
2255598.0,03-08-2026 14:43,20-07-2026 15:39,17-08-2026 14:42,,10-08-2026 13:51,,,,,,,,4
2255600.0,03-08-2026 14:43,20-07-2026 15:39,17-08-2026 14:42,,10-08-2026 13:51,,,,,,,,4
2255601.0,03-08-2026 14:43,20-07-2026 15:39,17-08-2026 14:42,,10-08-2026 13:51,,,,,,,,4
2255610.0,03-08-2026 14:43,20-07-2026 15:39,17-08-2026 14:42,,10-08-2026 13:51,,,,,,,,4
2255615.0,03-08-2026 14:43,20-07-2026 15:39,17-08-2026 14:42,,10-08-2026 13:51,,,,,,,,4
2255622.0,03-08-2026 14:43,20-07-2026 15:39,17-08-2026 14:42,,10-08-2026 13:51,,,,,,,,4
2255625.0,03-08-2026 14:43,20-07-2026 15:39,17-08-2026 14:42,,10-08-2026 13:51,,,,,,,,4
2255629.0,03-08-2026 14:43,20-07-2026 15:39,17-08-2026 14:42,,10-08-2026 13:51,,,,,,,,4
2255636.0,03-08-2026 14:43,20-07-2026 15:39,17-08-2026 14:42,,10-08-2026 13:51,,,,,,,,4
2255641.0,03-08-2026 14:43,20-07-2026 15:39,17-08-2026 14:42,,10-08-2026 13:51,,,,,,,,4
2255668.0,29-07-2026 16:26,20-07-2026 14:40,18-08-2026 16:49,,,,,,,,22-08-2026 15:18,,4
2255672.0,29-07-2026 16:26,20-07-2026 14:40,18-08-2026 16:49,,,,,,,,22-08-2026 15:18,,4
2255675.0,29-07-2026 16:26,20-07-2026 14:40,18-08-2026 16:49,,,,,,,,22-08-2026 15:18,,4
2255681.0,29-07-2026 16:26,20-07-2026 14:40,18-08-2026 16:49,,,,,,,,22-08-2026 15:18,,4
2255684.0,29-07-2026 16:26,20-07-2026 14:40,18-08-2026 16:49,,,,,,,,22-08-2026 15:18,,4
2255692.0,29-07-2026 16:26,20-07-2026 14:40,18-08-2026 16:49,,,,,,,,22-08-2026 15:18,,4
2255699.0,29-07-2026 16:26,20-07-2026 14:40,18-08-2026 16:49,,,,,,,,22-08-2026 15:18,,4
2255703.0,29-07-2026 16:26,20-07-2026 14:40,18-08-2026 16:49,,,,,,,,22-08-2026 15:18,,4
2255708.0,29-07-2026 16:26,20-07-2026 14:40,18-08-2026 16:49,,,,,,,,22-08-2026 15:18,,4
2255713.0,29-07-2026 16:26,20-07-2026 14:40,18-08-2026 16:49,,,,,,,,22-08-2026 15:18,,4
2255728.0,29-07-2026 16:26,20-07-2026 14:40,18-08-2026 16:49,,,,,,,,22-08-2026 15:18,,4
2255761.0,29-07-2026 16:26,20-07-2026 14:40,18-08-2026 16:49,,,,,,,,22-08-2026 15:18,,4
2255764.0,29-07-2026 16:26,20-07-2026 14:40,18-08-2026 16:49,,,,,,,,22-08-2026 15:18,,4
2255766.0,29-07-2026 16:26,20-07-2026 14:40,18-08-2026 16:49,,,,,,,,22-08-2026 15:18,,4
2255770.0,29-07-2026 16:26,20-07-2026 14:40,18-08-2026 16:49,,,,,,,,22-08-2026 15:18,,4
2255771.0,29-07-2026 16:26,20-07-2026 14:40,18-08-2026 16:49,,,,,,,,22-08-2026 15:18,,4
2255775.0,29-07-2026 16:26,20-07-2026 14:40,18-08-2026 16:49,,,,,,,,22-08-2026 15:18,,4
2255776.0,29-07-2026 16:26,20-07-2026 14:40,18-08-2026 16:49,,,,,,,,22-08-2026 15:18,,4
2255820.0,29-07-2026 16:26,20-07-2026 14:40,18-08-2026 16:49,,,,,,,,22-08-2026 15:18,,4
2255823.0,29-07-2026 16:26,20-07-2026 14:40,18-08-2026 16:49,,,,,,,,22-08-2026 15:18,,4
2255832.0,29-07-2026 16:26,20-07-2026 14:40,18-08-2026 16:49,,,,,,,,22-08-2026 15:18,,4
2255833.0,29-07-2026 16:26,20-07-2026 14:40,18-08-2026 16:49,,,,,,,,22-08-2026 15:18,,4
2255834.0,29-07-2026 16:26,20-07-2026 14:40,18-08-2026 16:49,,,,,,,,22-08-2026 15:18,,4
2255924.0,29-07-2026 16:26,20-07-2026 14:40,18-08-2026 16:49,,,,,,,,22-08-2026 15:18,,4
2255926.0,29-07-2026 16:26,20-07-2026 14:40,18-08-2026 16:49,,,,,,,,22-08-2026 15:18,,4
2255938.0,29-07-2026 16:26,20-07-2026 14:40,18-08-2026 16:49,,,,,,,,22-08-2026 15:18,,4
2255943.0,29-07-2026 16:26,20-07-2026 14:40,18-08-2026 16:49,,,,,,,,22-08-2026 15:18,,4
2255947.0,29-07-2026 16:26,20-07-2026 14:40,18-08-2026 16:49,,,,,,,,22-08-2026 15:18,,4
2255949.0,29-07-2026 16:26,20-07-2026 14:40,18-08-2026 16:49,,,,,,,,22-08-2026 15:18,,4
2255953.0,29-07-2026 16:26,20-07-2026 14:40,18-08-2026 16:49,,,,,,,,22-08-2026 15:18,,4
2255957.0,29-07-2026 16:26,20-07-2026 14:40,18-08-2026 16:49,,,,,,,,22-08-2026 15:18,,4
2257231.0,29-07-2026 16:26,20-07-2026 14:40,18-08-2026 16:49,,,,,,,,22-08-2026 15:18,,4
2257235.0,29-07-2026 16:26,20-07-2026 14:40,18-08-2026 16:49,,,,,,,,22-08-2026 15:18,,4
2257242.0,29-07-2026 16:26,20-07-2026 14:40,18-08-2026 16:49,,,,,,,,22-08-2026 15:18,,4
2257251.0,29-07-2026 16:26,20-07-2026 14:40,18-08-2026 16:49,,,,,,,,22-08-2026 15:18,,4
2257257.0,29-07-2026 16:26,20-07-2026 14:40,18-08-2026 16:49,,,,,,,,22-08-2026 15:18,,4
2257261.0,29-07-2026 16:26,20-07-2026 14:40,18-08-2026 16:49,,,,,,,,22-08-2026 15:18,,4
2257265.0,29-07-2026 16:26,20-07-2026 14:40,18-08-2026 16:49,,,,,,,,22-08-2026 15:18,,4
2257288.0,23-07-2026 15:27,20-07-2026 15:11,18-08-2026 16:49,,10-08-2026 15:11,,,,,,,,4
2257308.0,23-07-2026 15:27,20-07-2026 15:11,18-08-2026 16:49,,10-08-2026 15:11,,,,,,,,4
2257352.0,23-07-2026 15:27,20-07-2026 15:11,18-08-2026 16:49,,10-08-2026 15:11,,,,,,,,4
2257356.0,23-07-2026 15:27,20-07-2026 15:11,18-08-2026 16:49,,10-08-2026 15:11,,,,,,,,4
2257362.0,23-07-2026 15:27,20-07-2026 15:11,18-08-2026 16:49,,10-08-2026 15:11,,,,,,,,4
2257365.0,23-07-2026 15:27,20-07-2026 15:11,18-08-2026 16:49,,10-08-2026 15:11,,,,,,,,4
2257369.0,23-07-2026 15:27,20-07-2026 15:11,18-08-2026 16:49,,10-08-2026 15:11,,,,,,,,4
2257403.0,23-07-2026 15:27,20-07-2026 15:11,18-08-2026 16:49,,10-08-2026 15:11,,,,,,,,4
2258162.0,23-07-2026 15:27,20-07-2026 15:11,18-08-2026 16:49,,10-08-2026 15:11,,,,,,,,4
2265158.0,23-07-2026 15:25,14-07-2026 15:17,20-08-2026 13:47,,12-08-2026 14:41,,,,,,,,4
2265186.0,27-07-2026 13:59,14-07-2026 14:41,19-08-2026 15:53,,12-08-2026 14:39,,,,,,,,4
2265196.0,23-07-2026 15:25,14-07-2026 15:17,20-08-2026 13:47,,12-08-2026 14:41,,,,,,,,4
2265197.0,27-07-2026 13:59,14-07-2026 14:41,19-08-2026 15:53,,12-08-2026 14:39,,,,,,,,4
2265201.0,27-07-2026 13:59,14-07-2026 14:41,19-08-2026 15:53,,12-08-2026 14:39,,,,,,,,4
2265203.0,23-07-2026 15:25,14-07-2026 15:17,20-08-2026 13:47,,12-08-2026 14:41,,,,,,,,4
2265207.0,27-07-2026 13:59,14-07-2026 14:41,19-08-2026 15:53,,12-08-2026 14:39,,,,,,,,4
2265214.0,27-07-2026 13:59,14-07-2026 14:41,19-08-2026 15:53,,12-08-2026 14:39,,,,,,,,4
2265215.0,23-07-2026 15:25,14-07-2026 15:17,20-08-2026 13:47,,12-08-2026 14:41,,,,,,,,4
2265220.0,,14-07-2026 14:41,19-08-2026 15:53,,12-08-2026 14:39,,,,,,,,3
2265225.0,03-08-2026 16:13,,20-08-2026 13:47,,12-08-2026 14:41,,,,,,,,3
2265230.0,27-07-2026 13:59,14-07-2026 14:41,19-08-2026 15:53,,12-08-2026 14:39,,,,,,,,4
2265232.0,23-07-2026 15:25,14-07-2026 15:17,20-08-2026 13:47,,12-08-2026 14:41,,,,,,,,4
2265238.0,27-07-2026 13:59,14-07-2026 14:41,19-08-2026 15:53,,12-08-2026 14:39,,,,,,,,4
2265241.0,23-07-2026 15:25,14-07-2026 15:17,20-08-2026 13:47,,12-08-2026 14:41,,,,,,,,4
2265251.0,27-07-2026 13:59,14-07-2026 14:41,19-08-2026 15:53,,12-08-2026 14:39,,,,,,,,4
2265258.0,23-07-2026 15:25,14-07-2026 15:17,20-08-2026 13:47,,12-08-2026 14:41,,,,,,,,4
2265263.0,27-07-2026 13:59,14-07-2026 14:41,19-08-2026 15:53,,12-08-2026 14:39,,,,,,,,4
2265264.0,03-08-2026 16:10,20-07-2026 15:11,20-08-2026 13:57,,10-08-2026 15:11,,,,,,,,4
2265268.0,23-07-2026 15:25,14-07-2026 15:17,20-08-2026 13:47,,12-08-2026 14:41,,,,,,,,4
2265273.0,27-07-2026 13:59,14-07-2026 14:41,19-08-2026 15:53,,12-08-2026 14:39,,,,,,,,4
2265274.0,03-08-2026 16:10,20-07-2026 15:11,18-08-2026 16:49,,10-08-2026 15:11,,,,,,,,4
2265279.0,23-07-2026 15:25,14-07-2026 15:17,20-08-2026 13:47,,12-08-2026 14:41,,,,,,,,4
2265290.0,23-07-2026 15:27,20-07-2026 15:11,18-08-2026 16:49,,10-08-2026 15:11,,,,,,,,4
2265292.0,27-07-2026 13:59,14-07-2026 14:41,19-08-2026 15:53,,12-08-2026 14:39,,,,,,,,4
2265295.0,23-07-2026 15:25,14-07-2026 15:17,20-08-2026 13:47,,12-08-2026 14:41,,,,,,,,4
2265299.0,27-07-2026 13:59,14-07-2026 14:41,19-08-2026 15:53,,12-08-2026 14:39,,,,,,,,4
2265300.0,23-07-2026 15:27,20-07-2026 15:11,18-08-2026 16:49,,10-08-2026 15:11,,,,,,,,4
2265310.0,27-07-2026 13:59,14-07-2026 14:41,19-08-2026 15:53,,12-08-2026 14:39,,,,,,,,4
2265313.0,23-07-2026 15:25,14-07-2026 15:17,20-08-2026 13:47,,12-08-2026 14:41,,,,,,,,4
2265315.0,23-07-2026 15:27,20-07-2026 15:11,18-08-2026 16:49,,10-08-2026 15:11,,,,,,,,4
2265324.0,27-07-2026 13:59,14-07-2026 14:41,19-08-2026 15:53,,12-08-2026 14:39,,,,,,,,4
2265325.0,23-07-2026 15:27,20-07-2026 15:11,18-08-2026 16:49,,10-08-2026 15:11,,,,,,,,4
2265327.0,23-07-2026 15:25,14-07-2026 15:17,20-08-2026 13:47,,12-08-2026 14:41,,,,,,,,4
2265331.0,27-07-2026 13:59,14-07-2026 14:41,19-08-2026 15:53,,12-08-2026 14:39,,,,,,,,4
2265358.0,23-07-2026 15:27,20-07-2026 15:11,18-08-2026 16:49,,10-08-2026 15:11,,,,,,,,4
2265362.0,27-07-2026 13:59,14-07-2026 14:41,19-08-2026 15:53,,12-08-2026 14:39,,,,,,,,4
2265366.0,23-07-2026 15:25,14-07-2026 15:17,20-08-2026 13:47,,12-08-2026 14:41,,,,,,,,4
2265373.0,03-08-2026 16:10,20-07-2026 15:11,18-08-2026 16:49,,10-08-2026 15:11,,,,,,,,4
2265374.0,27-07-2026 13:59,14-07-2026 14:41,19-08-2026 15:53,,12-08-2026 14:39,,,,,,,,4
2265378.0,23-07-2026 15:25,14-07-2026 15:17,20-08-2026 13:47,,12-08-2026 14:41,,,,,,,,4
2265384.0,27-07-2026 13:59,14-07-2026 14:41,19-08-2026 15:53,,12-08-2026 14:39,,,,,,,,4
2265390.0,23-07-2026 15:27,20-07-2026 15:11,18-08-2026 16:49,,10-08-2026 15:11,,,,,,,,4
2265397.0,23-07-2026 15:25,14-07-2026 15:17,20-08-2026 13:47,,12-08-2026 14:41,,,,,,,,4
2265400.0,27-07-2026 13:59,14-07-2026 14:41,19-08-2026 15:53,,12-08-2026 14:39,,,,,,,,4
2265407.0,23-07-2026 15:27,20-07-2026 15:11,18-08-2026 16:49,,10-08-2026 15:11,,,,,,,,4
2265409.0,27-07-2026 13:59,16-07-2026 15:13,19-08-2026 15:53,,12-08-2026 14:39,,,,,,,,4
2265412.0,,14-07-2026 14:41,19-08-2026 15:53,,12-08-2026 14:39,,,,,,,,3
2265413.0,23-07-2026 15:25,14-07-2026 15:17,20-08-2026 13:47,,12-08-2026 14:41,,,,,,,,4
2265414.0,23-07-2026 15:27,20-07-2026 15:11,18-08-2026 16:49,,10-08-2026 15:11,,,,,,,,4
2265420.0,,14-07-2026 14:41,19-08-2026 15:53,,12-08-2026 14:39,,,,,,,,3
2265423.0,23-07-2026 15:27,20-07-2026 15:11,18-08-2026 16:49,,10-08-2026 15:11,,,,,,,,4
2265427.0,23-07-2026 15:25,14-07-2026 15:17,20-08-2026 13:47,,12-08-2026 14:41,,,,,,,,4
2265433.0,23-07-2026 15:27,20-07-2026 15:11,18-08-2026 16:49,,10-08-2026 15:11,,,,,,,,4
2265437.0,27-07-2026 13:59,14-07-2026 14:41,19-08-2026 15:53,,12-08-2026 14:39,,,,,,,,4
2265440.0,23-07-2026 15:25,14-07-2026 15:17,20-08-2026 13:47,,12-08-2026 14:41,,,,,,,,4
2265447.0,23-07-2026 15:27,20-07-2026 15:11,18-08-2026 16:49,,10-08-2026 15:11,,,,,,,,4
2265460.0,23-07-2026 15:25,14-07-2026 15:17,20-08-2026 13:47,,12-08-2026 14:41,,,,,,,,4
2265464.0,23-07-2026 15:27,20-07-2026 15:11,18-08-2026 16:49,,10-08-2026 15:11,,,,,,,,4
2265474.0,27-07-2026 13:59,14-07-2026 14:41,19-08-2026 15:53,,12-08-2026 14:39,,,,,,,,4
2265479.0,23-07-2026 15:25,14-07-2026 15:17,20-08-2026 13:47,,12-08-2026 14:41,,,,,,,,4
2265480.0,23-07-2026 15:27,20-07-2026 15:11,18-08-2026 16:49,,10-08-2026 15:11,,,,,,,,4
2265487.0,27-07-2026 13:59,14-07-2026 14:41,19-08-2026 15:53,,12-08-2026 14:39,,,,,,,,4
2265491.0,23-07-2026 15:27,20-07-2026 15:11,18-08-2026 16:49,,10-08-2026 15:11,,,,,,,,4
2265492.0,23-07-2026 15:25,14-07-2026 15:17,20-08-2026 13:47,,12-08-2026 14:41,,,,,,,,4
2265495.0,27-07-2026 13:59,14-07-2026 14:41,19-08-2026 15:53,,12-08-2026 14:39,,,,,,,,4
2265505.0,27-07-2026 13:59,14-07-2026 14:41,19-08-2026 15:53,,12-08-2026 14:39,,,,,,,,4
2265506.0,23-07-2026 15:27,20-07-2026 15:11,18-08-2026 16:49,,10-08-2026 15:11,,,,,,,,4
2265513.0,23-07-2026 15:25,14-07-2026 15:17,20-08-2026 13:47,,12-08-2026 14:41,,,,,,,,4
2265519.0,27-07-2026 13:59,14-07-2026 14:41,19-08-2026 15:53,,12-08-2026 14:39,,,,,,,,4
2265523.0,23-07-2026 15:27,20-07-2026 15:11,18-08-2026 16:49,,10-08-2026 15:11,,,,,,,,4
2265530.0,23-07-2026 15:25,14-07-2026 15:17,20-08-2026 13:47,,12-08-2026 14:41,,,,,,,,4
2265537.0,23-07-2026 15:27,20-07-2026 15:11,20-08-2026 13:57,,10-08-2026 15:11,,,,,,,,4
2265538.0,23-07-2026 15:25,14-07-2026 15:17,20-08-2026 13:47,,12-08-2026 14:41,,,,,,,,4
2265539.0,27-07-2026 13:59,14-07-2026 14:41,19-08-2026 15:53,,12-08-2026 14:39,,,,,,,,4
2265544.0,23-07-2026 15:27,20-07-2026 15:11,18-08-2026 16:49,,10-08-2026 15:11,,,,,,,,4
2265545.0,,14-07-2026 14:41,19-08-2026 15:53,,12-08-2026 14:39,,,,,,,,3
2265568.0,23-07-2026 15:25,,20-08-2026 13:47,,12-08-2026 14:41,,,,,,,,3
2265572.0,27-07-2026 13:59,14-07-2026 14:41,19-08-2026 15:53,,12-08-2026 14:39,,,,,,,,4
2265576.0,27-07-2026 13:59,14-07-2026 14:41,19-08-2026 15:53,,12-08-2026 14:39,,,,,,,,4
2265577.0,23-07-2026 15:27,20-07-2026 15:11,18-08-2026 16:49,,10-08-2026 15:11,,,,,,,,4
2265578.0,23-07-2026 15:25,14-07-2026 15:17,20-08-2026 13:47,,12-08-2026 14:41,,,,,,,,4
2265587.0,27-07-2026 13:59,14-07-2026 14:41,19-08-2026 15:53,,12-08-2026 14:39,,,,,,,,4
2265589.0,23-07-2026 15:27,20-07-2026 15:11,18-08-2026 16:49,,10-08-2026 15:11,,,,,,,,4
2265594.0,27-07-2026 13:59,14-07-2026 14:41,19-08-2026 15:53,,12-08-2026 14:39,,,,,,,,4
2265597.0,03-08-2026 16:13,14-07-2026 15:17,20-08-2026 13:47,,12-08-2026 14:41,,,,,,,,4
2265600.0,23-07-2026 15:27,20-07-2026 15:11,18-08-2026 16:49,,10-08-2026 15:11,,,,,,,,4
2265602.0,27-07-2026 13:59,14-07-2026 14:41,19-08-2026 15:53,,12-08-2026 14:39,,,,,,,,4
2265604.0,23-07-2026 15:25,14-07-2026 15:17,20-08-2026 13:47,,12-08-2026 14:41,,,,,,,,4
2265609.0,23-07-2026 15:27,20-07-2026 15:11,18-08-2026 16:49,,10-08-2026 15:11,,,,,,,,4
2265611.0,27-07-2026 13:59,14-07-2026 14:41,19-08-2026 15:53,,12-08-2026 14:39,,,,,,,,4
2265612.0,23-07-2026 15:25,14-07-2026 15:17,20-08-2026 13:47,,12-08-2026 14:41,,,,,,,,4
2265615.0,23-07-2026 15:27,20-07-2026 15:11,18-08-2026 16:49,,10-08-2026 15:11,,,,,,,,4
2265617.0,27-07-2026 13:59,14-07-2026 14:41,19-08-2026 15:53,,12-08-2026 14:39,,,,,,,,4
2265619.0,27-07-2026 13:59,14-07-2026 14:41,19-08-2026 15:53,,12-08-2026 14:39,,,,,,,,4
2265632.0,03-08-2026 16:10,20-07-2026 15:11,18-08-2026 16:49,,10-08-2026 15:11,,,,,,,,4
2265636.0,23-07-2026 15:27,20-07-2026 15:11,18-08-2026 16:49,,10-08-2026 15:11,,,,,,,,4
2265637.0,23-07-2026 15:25,14-07-2026 15:17,20-08-2026 13:47,,12-08-2026 14:41,,,,,,,,4
2265640.0,23-07-2026 15:27,20-07-2026 15:11,18-08-2026 16:49,,10-08-2026 15:11,,,,,,,,4
2265644.0,03-08-2026 16:13,14-07-2026 15:17,20-08-2026 13:47,,12-08-2026 14:41,,,,,,,,4
2265645.0,23-07-2026 15:27,20-07-2026 15:11,18-08-2026 16:49,,10-08-2026 15:11,,,,,,,,4
2265650.0,23-07-2026 15:27,20-07-2026 15:11,18-08-2026 16:49,,10-08-2026 15:11,,,,,,,,4
2265653.0,23-07-2026 15:25,14-07-2026 15:17,20-08-2026 13:47,,12-08-2026 14:41,,,,,,,,4
2265656.0,23-07-2026 15:27,20-07-2026 15:11,18-08-2026 16:49,,10-08-2026 15:11,,,,,,,,4
2265659.0,27-07-2026 13:59,14-07-2026 14:41,19-08-2026 15:53,,12-08-2026 14:39,,,,,,,,4
2265660.0,23-07-2026 15:27,20-07-2026 15:11,18-08-2026 16:49,,10-08-2026 15:11,,,,,,,,4
2265662.0,23-07-2026 15:25,14-07-2026 15:17,20-08-2026 13:47,,12-08-2026 14:41,,,,,,,,4
2265663.0,27-07-2026 13:59,14-07-2026 14:41,19-08-2026 15:53,,12-08-2026 14:39,,,,,,,,4
2265669.0,03-08-2026 16:10,20-07-2026 15:11,20-08-2026 13:57,,10-08-2026 15:11,,,,,,,,4
2265672.0,27-07-2026 13:59,14-07-2026 14:41,19-08-2026 15:53,,12-08-2026 14:39,,,,,,,,4
2265677.0,23-07-2026 15:25,14-07-2026 15:17,20-08-2026 13:47,,12-08-2026 14:41,,,,,,,,4
2265679.0,27-07-2026 13:59,14-07-2026 14:41,19-08-2026 15:53,,12-08-2026 14:39,,,,,,,,4
2265680.0,23-07-2026 15:27,20-07-2026 15:11,18-08-2026 16:49,,10-08-2026 15:11,,,,,,,,4
2265685.0,23-07-2026 15:27,20-07-2026 15:11,18-08-2026 16:49,,10-08-2026 15:11,,,,,,,,4
2265687.0,27-07-2026 13:59,14-07-2026 14:41,19-08-2026 15:53,,12-08-2026 14:39,,,,,,,,4
2265692.0,23-07-2026 15:25,14-07-2026 15:17,20-08-2026 13:47,,12-08-2026 14:41,,,,,,,,4
2265694.0,23-07-2026 15:27,20-07-2026 15:11,18-08-2026 16:49,,10-08-2026 15:11,,,,,,,,4
2265699.0,23-07-2026 15:25,14-07-2026 15:17,20-08-2026 13:47,,12-08-2026 14:41,,,,,,,,4
2265700.0,27-07-2026 13:59,14-07-2026 14:41,19-08-2026 15:53,,12-08-2026 14:39,,,,,,,,4
2265703.0,23-07-2026 15:27,20-07-2026 15:11,18-08-2026 16:49,,10-08-2026 15:11,,,,,,,,4
2265706.0,27-07-2026 13:59,14-07-2026 14:41,19-08-2026 15:53,,12-08-2026 14:39,,,,,,,,4
2265707.0,23-07-2026 15:25,14-07-2026 15:17,20-08-2026 13:47,,12-08-2026 14:41,,,,,,,,4
2265710.0,23-07-2026 15:27,20-07-2026 15:11,18-08-2026 16:49,,10-08-2026 15:11,,,,,,,,4
2265713.0,,14-07-2026 14:41,19-08-2026 15:53,,12-08-2026 14:39,,,,,,,,3
2265720.0,23-07-2026 15:25,14-07-2026 15:17,20-08-2026 13:47,,12-08-2026 14:41,,,,,,,,4
2265722.0,27-07-2026 13:59,14-07-2026 14:41,19-08-2026 15:53,,12-08-2026 14:39,,,,,,,,4
2265723.0,23-07-2026 15:27,20-07-2026 15:11,18-08-2026 16:49,,10-08-2026 15:11,,,,,,,,4
2265726.0,,14-07-2026 14:41,19-08-2026 15:53,,12-08-2026 14:39,,,,,,,,3
2265730.0,23-07-2026 15:27,20-07-2026 15:11,18-08-2026 16:49,,10-08-2026 15:11,,,,,,,,4
2265733.0,27-07-2026 13:59,14-07-2026 14:41,19-08-2026 15:53,,12-08-2026 14:39,,,,,,,,4
2265737.0,23-07-2026 15:25,14-07-2026 15:17,20-08-2026 13:47,,12-08-2026 14:41,,,,,,,,4
2265738.0,23-07-2026 15:27,20-07-2026 15:11,18-08-2026 16:49,,10-08-2026 15:11,,,,,,,,4
2265739.0,27-07-2026 13:59,14-07-2026 14:41,19-08-2026 15:53,,12-08-2026 14:39,,,,,,,,4
2265747.0,23-07-2026 15:25,,20-08-2026 13:47,,12-08-2026 14:41,,,,,,,,3
2265755.0,23-07-2026 15:25,14-07-2026 15:17,20-08-2026 13:47,,12-08-2026 14:41,,,,,,,,4
2265763.0,03-08-2026 16:13,14-07-2026 15:17,20-08-2026 13:47,,12-08-2026 14:41,,,,,,,,4
2265769.0,23-07-2026 15:25,14-07-2026 15:17,20-08-2026 13:47,,12-08-2026 14:41,,,,,,,,4
2265775.0,03-08-2026 16:13,14-07-2026 15:17,20-08-2026 13:47,,12-08-2026 14:41,,,,,,,,4
2265796.0,23-07-2026 15:25,14-07-2026 15:17,20-08-2026 13:47,,12-08-2026 14:41,,,,,,,,4
2265798.0,23-07-2026 15:25,14-07-2026 15:17,20-08-2026 13:47,,12-08-2026 14:41,,,,,,,,4
2265885.0,31-07-2026 15:18,28-07-2026 17:29,,,,,,,,,,,2
2283432.0,31-07-2026 15:17,28-07-2026 17:29,,,,,,,,,,,2
2283433.0,31-07-2026 15:17,28-07-2026 17:29,,,,,,,,,,,2
2283435.0,31-07-2026 15:18,28-07-2026 17:29,,,,,,,,,,,2
2283437.0,31-07-2026 15:18,28-07-2026 17:28,,,,,,,,,,,2
2283439.0,31-07-2026 15:18,28-07-2026 17:28,,,,,,,,,,,2
2283440.0,31-07-2026 15:18,28-07-2026 17:28,,,,,,,,,,,2
2283441.0,31-07-2026 15:18,28-07-2026 17:28,,,,,,,,,,,2
2283442.0,31-07-2026 15:20,28-07-2026 17:27,,,,,,,,,,,2
2283443.0,31-07-2026 15:20,28-07-2026 17:27,,,,,,,,,,,2
2283444.0,31-07-2026 15:20,28-07-2026 17:27,,,,,,,,,,,2
2283448.0,31-07-2026 15:20,28-07-2026 17:27,,,,,,,,,,,2
2283462.0,30-07-2026 12:39,22-07-2026 11:00,13-08-2026 13:11,,05-08-2026 13:14,20-08-2026 12:38,,,,,,,5
2283464.0,30-07-2026 12:39,22-07-2026 11:00,13-08-2026 13:11,,05-08-2026 13:14,20-08-2026 12:38,,,,,,,5
2283466.0,30-07-2026 12:39,22-07-2026 11:00,13-08-2026 13:11,,05-08-2026 13:14,20-08-2026 12:38,,,,,,,5
2283468.0,30-07-2026 12:39,22-07-2026 11:00,13-08-2026 13:11,,05-08-2026 13:14,20-08-2026 12:38,,,,,,,5
2283471.0,30-07-2026 12:39,22-07-2026 11:00,13-08-2026 13:11,,05-08-2026 13:14,20-08-2026 12:38,,,,,,,5
2283474.0,30-07-2026 12:39,22-07-2026 11:00,13-08-2026 13:11,,05-08-2026 13:14,20-08-2026 12:38,,,,,,,5
2283476.0,30-07-2026 12:39,22-07-2026 11:00,13-08-2026 13:11,,05-08-2026 13:14,20-08-2026 12:38,,,,,,,5
2283477.0,30-07-2026 12:39,22-07-2026 11:00,13-08-2026 13:11,,05-08-2026 13:14,20-08-2026 12:38,,,,,,,5
2283478.0,30-07-2026 12:39,22-07-2026 11:00,13-08-2026 13:11,,05-08-2026 13:14,20-08-2026 12:38,,,,,,,5
2283480.0,30-07-2026 12:39,22-07-2026 11:00,13-08-2026 13:11,,05-08-2026 13:14,20-08-2026 12:38,,,,,,,5
2283481.0,30-07-2026 12:39,22-07-2026 11:00,13-08-2026 13:11,,05-08-2026 13:14,20-08-2026 12:38,,,,,,,5
2283483.0,30-07-2026 12:39,22-07-2026 11:00,13-08-2026 13:11,,05-08-2026 13:14,20-08-2026 12:38,,,,,,,5
2283485.0,30-07-2026 12:39,22-07-2026 11:00,13-08-2026 13:11,,05-08-2026 13:14,20-08-2026 12:38,,,,,,,5
2283486.0,30-07-2026 12:39,22-07-2026 11:00,13-08-2026 13:11,,05-08-2026 13:14,20-08-2026 12:38,,,,,,,5
2283490.0,30-07-2026 12:39,22-07-2026 11:00,13-08-2026 13:11,,05-08-2026 13:14,20-08-2026 12:38,,,,,,,5
2283493.0,30-07-2026 12:39,22-07-2026 11:00,13-08-2026 13:11,,05-08-2026 13:14,20-08-2026 12:38,,,,,,,5
2283494.0,30-07-2026 12:39,22-07-2026 11:00,13-08-2026 13:11,,05-08-2026 13:14,20-08-2026 12:38,,,,,,,5
2283495.0,30-07-2026 12:39,22-07-2026 11:00,13-08-2026 13:11,,05-08-2026 13:14,20-08-2026 12:38,,,,,,,5
2283497.0,30-07-2026 12:39,22-07-2026 11:00,13-08-2026 13:11,,05-08-2026 13:14,20-08-2026 12:38,,,,,,,5
2283499.0,30-07-2026 12:39,22-07-2026 11:00,13-08-2026 13:11,,05-08-2026 13:14,20-08-2026 12:38,,,,,,,5
2283517.0,30-07-2026 12:39,22-07-2026 11:00,13-08-2026 13:11,,05-08-2026 13:14,20-08-2026 12:38,,,,,,,5
2283520.0,30-07-2026 12:39,22-07-2026 11:00,13-08-2026 13:11,,05-08-2026 13:14,20-08-2026 12:38,,,,,,,5
2283522.0,30-07-2026 12:39,22-07-2026 11:00,13-08-2026 13:11,,05-08-2026 13:14,20-08-2026 12:38,,,,,,,5
2283523.0,30-07-2026 12:39,22-07-2026 11:00,13-08-2026 13:11,,05-08-2026 13:14,20-08-2026 12:38,,,,,,,5
2283525.0,30-07-2026 12:39,22-07-2026 11:00,13-08-2026 13:11,,05-08-2026 13:14,20-08-2026 12:38,,,,,,,5
2283527.0,30-07-2026 12:39,22-07-2026 11:00,13-08-2026 13:11,,05-08-2026 13:14,20-08-2026 12:38,,,,,,,5
2283529.0,30-07-2026 12:39,22-07-2026 11:00,13-08-2026 13:11,,05-08-2026 13:14,20-08-2026 12:38,,,,,,,5
2283530.0,30-07-2026 12:39,22-07-2026 11:00,13-08-2026 13:11,,05-08-2026 13:14,20-08-2026 12:38,,,,,,,5
2283532.0,30-07-2026 12:39,22-07-2026 11:00,13-08-2026 13:11,,05-08-2026 13:14,20-08-2026 12:38,,,,,,,5
2283533.0,30-07-2026 12:39,22-07-2026 11:00,13-08-2026 13:11,,05-08-2026 13:14,20-08-2026 12:38,,,,,,,5
2283535.0,30-07-2026 12:39,22-07-2026 11:00,13-08-2026 13:11,,05-08-2026 13:14,20-08-2026 12:38,,,,,,,5
2283536.0,30-07-2026 12:39,22-07-2026 11:00,13-08-2026 13:11,,05-08-2026 13:14,20-08-2026 12:38,,,,,,,5
2283537.0,30-07-2026 12:39,22-07-2026 11:00,13-08-2026 13:11,,05-08-2026 13:14,20-08-2026 12:38,,,,,,,5
2283539.0,30-07-2026 12:38,22-07-2026 10:20,13-08-2026 13:12,,05-08-2026 13:18,20-08-2026 12:03,,,,,,,5
2283543.0,30-07-2026 12:38,22-07-2026 10:20,13-08-2026 13:12,,05-08-2026 13:18,20-08-2026 12:03,,,,,,,5
2283546.0,30-07-2026 12:38,,13-08-2026 13:12,,05-08-2026 13:18,20-08-2026 12:03,,,,,,,4
2283549.0,30-07-2026 12:38,,13-08-2026 13:12,,05-08-2026 13:18,20-08-2026 12:03,,,,,,,4
2283550.0,30-07-2026 12:38,22-07-2026 10:20,13-08-2026 13:12,,05-08-2026 13:18,20-08-2026 12:03,,,,,,,5
2283553.0,30-07-2026 12:38,22-07-2026 10:20,13-08-2026 13:12,,05-08-2026 13:18,20-08-2026 12:03,,,,,,,5
2283555.0,30-07-2026 12:38,22-07-2026 10:20,13-08-2026 13:12,,05-08-2026 13:18,20-08-2026 12:03,,,,,,,5
2283557.0,30-07-2026 12:38,22-07-2026 10:20,13-08-2026 13:12,,05-08-2026 13:18,20-08-2026 12:03,,,,,,,5
2283558.0,30-07-2026 12:38,,13-08-2026 13:12,,05-08-2026 13:18,20-08-2026 12:03,,,,,,,4
2283559.0,30-07-2026 12:38,,13-08-2026 13:12,,05-08-2026 13:18,20-08-2026 12:03,,,,,,,4
2283560.0,30-07-2026 12:38,22-07-2026 10:20,13-08-2026 13:12,,05-08-2026 13:18,20-08-2026 12:03,,,,,,,5
2283561.0,30-07-2026 12:38,22-07-2026 10:20,13-08-2026 13:12,,05-08-2026 13:18,20-08-2026 12:03,,,,,,,5
2283563.0,30-07-2026 12:38,,13-08-2026 13:12,,05-08-2026 13:18,20-08-2026 12:03,,,,,,,4
2283564.0,30-07-2026 12:38,22-07-2026 10:20,13-08-2026 13:12,,05-08-2026 13:18,20-08-2026 12:03,,,,,,,5
2283565.0,30-07-2026 12:38,22-07-2026 10:20,13-08-2026 13:12,,05-08-2026 13:18,20-08-2026 12:03,,,,,,,5
2283566.0,30-07-2026 12:38,,13-08-2026 13:12,,05-08-2026 13:18,20-08-2026 12:03,,,,,,,4
2283567.0,30-07-2026 12:38,22-07-2026 10:20,13-08-2026 13:12,,05-08-2026 13:18,20-08-2026 12:03,,,,,,,5
2283569.0,30-07-2026 12:38,22-07-2026 10:20,13-08-2026 13:12,,05-08-2026 13:18,20-08-2026 12:03,,,,,,,5
2283571.0,30-07-2026 12:38,22-07-2026 10:20,13-08-2026 13:12,,05-08-2026 13:18,20-08-2026 12:03,,,,,,,5
2283573.0,30-07-2026 12:38,22-07-2026 10:20,13-08-2026 13:12,,05-08-2026 13:18,20-08-2026 12:03,,,,,,,5
2283574.0,30-07-2026 12:38,,13-08-2026 13:12,,05-08-2026 13:18,20-08-2026 12:03,,,,,,,4
2283576.0,30-07-2026 12:38,22-07-2026 10:20,13-08-2026 13:12,,05-08-2026 13:18,20-08-2026 12:03,,,,,,,5
2283582.0,30-07-2026 13:21,22-07-2026 09:38,13-08-2026 15:27,,05-08-2026 09:40,20-08-2026 12:02,,,,,,,5
2283583.0,30-07-2026 13:21,22-07-2026 09:38,13-08-2026 15:27,,05-08-2026 09:40,20-08-2026 12:02,,,,,,,5
2283584.0,30-07-2026 13:21,22-07-2026 09:38,13-08-2026 15:27,,05-08-2026 09:40,20-08-2026 12:02,,,,,,,5
2283585.0,30-07-2026 13:21,22-07-2026 09:38,13-08-2026 15:27,,05-08-2026 09:40,20-08-2026 12:02,,,,,,,5
2283586.0,30-07-2026 13:21,22-07-2026 09:38,13-08-2026 15:27,,05-08-2026 09:40,20-08-2026 12:02,,,,,,,5
2283587.0,30-07-2026 13:21,22-07-2026 09:38,13-08-2026 15:27,,05-08-2026 09:40,20-08-2026 12:02,,,,,,,5
2283588.0,30-07-2026 13:21,22-07-2026 09:38,13-08-2026 15:27,,05-08-2026 09:40,20-08-2026 12:02,,,,,,,5
2283589.0,30-07-2026 13:21,22-07-2026 09:38,13-08-2026 15:27,,05-08-2026 09:40,20-08-2026 12:02,,,,,,,5
2283590.0,30-07-2026 13:21,22-07-2026 09:38,13-08-2026 15:27,,05-08-2026 09:40,20-08-2026 12:02,,,,,,,5
2283591.0,30-07-2026 13:21,22-07-2026 09:38,13-08-2026 15:27,,05-08-2026 09:40,20-08-2026 12:02,,,,,,,5
2283592.0,30-07-2026 13:21,22-07-2026 09:38,13-08-2026 15:27,,05-08-2026 09:40,20-08-2026 12:02,,,,,,,5
2283593.0,30-07-2026 13:21,22-07-2026 09:38,13-08-2026 15:27,,05-08-2026 09:40,20-08-2026 12:02,,,,,,,5
2283594.0,30-07-2026 13:21,22-07-2026 09:38,13-08-2026 15:27,,05-08-2026 09:40,20-08-2026 12:02,,,,,,,5
2283595.0,30-07-2026 13:21,22-07-2026 09:38,13-08-2026 15:27,,05-08-2026 09:40,20-08-2026 12:02,,,,,,,5
2283596.0,30-07-2026 13:21,22-07-2026 09:38,13-08-2026 15:27,,05-08-2026 09:40,20-08-2026 12:02,,,,,,,5
2283597.0,30-07-2026 13:21,22-07-2026 09:38,13-08-2026 15:27,,05-08-2026 09:40,20-08-2026 12:02,,,,,,,5
2283598.0,30-07-2026 13:21,22-07-2026 09:38,13-08-2026 15:27,,05-08-2026 09:40,20-08-2026 12:02,,,,,,,5
2283599.0,30-07-2026 13:21,22-07-2026 09:38,13-08-2026 15:27,,05-08-2026 09:40,20-08-2026 12:02,,,,,,,5
2283600.0,30-07-2026 13:21,22-07-2026 09:38,13-08-2026 15:27,,05-08-2026 09:40,20-08-2026 12:02,,,,,,,5
2283601.0,30-07-2026 13:21,22-07-2026 09:38,13-08-2026 15:27,,05-08-2026 09:40,20-08-2026 12:02,,,,,,,5
2283602.0,30-07-2026 13:21,22-07-2026 09:38,13-08-2026 15:27,,05-08-2026 09:40,20-08-2026 12:02,,,,,,,5
2283603.0,30-07-2026 13:21,22-07-2026 09:38,13-08-2026 15:27,,05-08-2026 09:40,20-08-2026 12:02,,,,,,,5
2283645.0,30-07-2026 09:38,22-07-2026 12:00,13-08-2026 13:09,,05-08-2026 12:23,20-08-2026 12:42,,,,,,,5
2283646.0,30-07-2026 09:38,22-07-2026 12:00,13-08-2026 13:09,,05-08-2026 12:23,20-08-2026 12:42,,,,,,,5
2283647.0,30-07-2026 09:38,22-07-2026 12:00,13-08-2026 13:09,,05-08-2026 12:23,20-08-2026 12:42,,,,,,,5
2283652.0,30-07-2026 09:38,22-07-2026 12:00,13-08-2026 13:09,,05-08-2026 12:23,20-08-2026 12:42,,,,,,,5
2283653.0,30-07-2026 09:38,22-07-2026 12:00,13-08-2026 13:09,,05-08-2026 12:23,20-08-2026 12:42,,,,,,,5
2283656.0,30-07-2026 09:38,22-07-2026 12:00,13-08-2026 13:09,,05-08-2026 12:23,20-08-2026 12:42,,,,,,,5
2284138.0,30-07-2026 09:38,22-07-2026 12:00,13-08-2026 13:09,,05-08-2026 12:23,20-08-2026 12:42,,,,,,,5
2284139.0,30-07-2026 09:38,22-07-2026 12:00,13-08-2026 13:09,,05-08-2026 12:23,20-08-2026 12:42,,,,,,,5
2284140.0,30-07-2026 09:38,22-07-2026 12:00,13-08-2026 13:09,,05-08-2026 12:23,20-08-2026 12:42,,,,,,,5
2284141.0,30-07-2026 09:38,22-07-2026 12:00,13-08-2026 13:09,,05-08-2026 12:23,20-08-2026 12:42,,,,,,,5
2284142.0,30-07-2026 09:38,22-07-2026 12:00,13-08-2026 13:09,,05-08-2026 12:23,20-08-2026 12:42,,,,,,,5
2284143.0,30-07-2026 09:38,22-07-2026 12:00,13-08-2026 13:09,,05-08-2026 12:23,20-08-2026 12:42,,,,,,,5
2284144.0,30-07-2026 09:38,22-07-2026 12:00,13-08-2026 13:09,,05-08-2026 12:23,20-08-2026 12:42,,,,,,,5
2284146.0,30-07-2026 09:38,22-07-2026 12:00,13-08-2026 13:09,,05-08-2026 12:23,20-08-2026 12:42,,,,,,,5
2284148.0,30-07-2026 09:38,22-07-2026 12:00,13-08-2026 13:09,,05-08-2026 12:23,20-08-2026 12:42,,,,,,,5
2284152.0,30-07-2026 09:38,22-07-2026 12:00,13-08-2026 13:09,,05-08-2026 12:23,20-08-2026 12:42,,,,,,,5
2284155.0,30-07-2026 09:38,22-07-2026 12:00,13-08-2026 13:09,,05-08-2026 12:23,20-08-2026 12:42,,,,,,,5
2284156.0,30-07-2026 09:38,22-07-2026 12:00,13-08-2026 13:09,,05-08-2026 12:23,20-08-2026 12:42,,,,,,,5
2284157.0,30-07-2026 09:38,22-07-2026 12:00,13-08-2026 13:09,,05-08-2026 12:23,20-08-2026 12:42,,,,,,,5
2284158.0,30-07-2026 09:38,22-07-2026 12:00,13-08-2026 13:09,,05-08-2026 12:23,20-08-2026 12:42,,,,,,,5
2284159.0,30-07-2026 09:38,22-07-2026 12:00,13-08-2026 13:09,,05-08-2026 12:23,20-08-2026 12:42,,,,,,,5
2284160.0,30-07-2026 09:38,22-07-2026 12:00,13-08-2026 13:09,,05-08-2026 12:23,20-08-2026 12:42,,,,,,,5
2284161.0,30-07-2026 09:38,22-07-2026 12:00,13-08-2026 13:09,,05-08-2026 12:23,20-08-2026 12:42,,,,,,,5
2284162.0,30-07-2026 09:38,22-07-2026 12:00,13-08-2026 13:09,,05-08-2026 12:23,20-08-2026 12:42,,,,,,,5
2284163.0,30-07-2026 09:38,22-07-2026 12:00,13-08-2026 13:09,,05-08-2026 12:23,20-08-2026 12:42,,,,,,,5
2284164.0,30-07-2026 09:38,22-07-2026 12:00,13-08-2026 13:09,,05-08-2026 12:23,20-08-2026 12:42,,,,,,,5
2284165.0,30-07-2026 09:38,22-07-2026 12:00,13-08-2026 13:09,,05-08-2026 12:23,20-08-2026 12:42,,,,,,,5
2284166.0,30-07-2026 09:38,22-07-2026 12:00,13-08-2026 13:09,,05-08-2026 12:23,20-08-2026 12:42,,,,,,,5
2284176.0,30-07-2026 09:38,22-07-2026 12:00,13-08-2026 13:09,,05-08-2026 12:23,20-08-2026 12:42,,,,,,,5
2284177.0,30-07-2026 09:38,22-07-2026 12:00,13-08-2026 13:09,,05-08-2026 12:23,20-08-2026 12:42,,,,,,,5
2284178.0,30-07-2026 09:38,22-07-2026 12:00,13-08-2026 13:09,,05-08-2026 12:23,20-08-2026 12:42,,,,,,,5
2284179.0,30-07-2026 09:38,22-07-2026 12:00,13-08-2026 13:09,,05-08-2026 12:23,20-08-2026 12:42,,,,,,,5
2284180.0,30-07-2026 09:38,22-07-2026 12:00,13-08-2026 13:09,,05-08-2026 12:23,20-08-2026 12:42,,,,,,,5
2284181.0,30-07-2026 09:38,22-07-2026 12:00,13-08-2026 13:09,,05-08-2026 12:23,20-08-2026 12:42,,,,,,,5
2284182.0,30-07-2026 09:38,22-07-2026 12:00,13-08-2026 13:09,,05-08-2026 12:23,20-08-2026 12:42,,,,,,,5
2284183.0,30-07-2026 09:38,22-07-2026 12:00,13-08-2026 13:09,,05-08-2026 12:23,20-08-2026 12:42,,,,,,,5
2284205.0,30-07-2026 11:51,22-07-2026 12:07,13-08-2026 13:10,,05-08-2026 12:20,20-08-2026 13:32,,,,,,,5
2284207.0,30-07-2026 11:51,22-07-2026 12:07,13-08-2026 13:10,,05-08-2026 12:20,20-08-2026 13:32,,,,,,,5
2284208.0,30-07-2026 11:51,22-07-2026 12:07,13-08-2026 13:10,,05-08-2026 12:20,20-08-2026 13:32,,,,,,,5
2284210.0,30-07-2026 11:51,22-07-2026 12:07,13-08-2026 13:10,,05-08-2026 12:20,20-08-2026 13:32,,,,,,,5
2284213.0,30-07-2026 11:51,22-07-2026 12:07,13-08-2026 13:10,,05-08-2026 12:20,20-08-2026 13:32,,,,,,,5
2284214.0,30-07-2026 11:51,22-07-2026 12:07,13-08-2026 13:10,,05-08-2026 12:20,20-08-2026 13:32,,,,,,,5
2284218.0,30-07-2026 11:51,22-07-2026 12:07,13-08-2026 13:10,,05-08-2026 12:20,20-08-2026 13:32,,,,,,,5
2284221.0,30-07-2026 11:51,22-07-2026 12:07,13-08-2026 13:10,,05-08-2026 12:20,20-08-2026 13:32,,,,,,,5
2284225.0,30-07-2026 11:51,22-07-2026 12:07,13-08-2026 13:10,,05-08-2026 12:20,20-08-2026 13:32,,,,,,,5
2284229.0,30-07-2026 11:51,22-07-2026 12:07,13-08-2026 13:10,,05-08-2026 12:20,20-08-2026 13:32,,,,,,,5
2284233.0,30-07-2026 11:51,22-07-2026 12:07,13-08-2026 13:10,,05-08-2026 12:20,20-08-2026 13:32,,,,,,,5
2284236.0,30-07-2026 11:51,22-07-2026 12:07,13-08-2026 13:10,,05-08-2026 12:20,20-08-2026 13:32,,,,,,,5
2284239.0,30-07-2026 11:51,22-07-2026 12:07,13-08-2026 13:10,,05-08-2026 12:20,20-08-2026 13:32,,,,,,,5
2284246.0,30-07-2026 11:51,22-07-2026 12:07,13-08-2026 13:10,,05-08-2026 12:20,20-08-2026 13:32,,,,,,,5
2284249.0,30-07-2026 11:51,22-07-2026 12:07,13-08-2026 13:10,,05-08-2026 12:20,20-08-2026 13:32,,,,,,,5
2284251.0,30-07-2026 11:51,22-07-2026 12:07,13-08-2026 13:10,,05-08-2026 12:20,20-08-2026 13:32,,,,,,,5
2284253.0,30-07-2026 11:51,22-07-2026 12:07,13-08-2026 13:10,,05-08-2026 12:20,20-08-2026 13:32,,,,,,,5
2284254.0,30-07-2026 11:51,22-07-2026 12:07,13-08-2026 13:10,,05-08-2026 12:20,20-08-2026 13:32,,,,,,,5
2284255.0,30-07-2026 11:51,22-07-2026 12:07,13-08-2026 13:10,,05-08-2026 12:20,20-08-2026 13:32,,,,,,,5
2284256.0,30-07-2026 11:51,22-07-2026 12:07,13-08-2026 13:10,,05-08-2026 12:20,20-08-2026 13:32,,,,,,,5
2284257.0,30-07-2026 11:51,22-07-2026 12:07,13-08-2026 13:10,,05-08-2026 12:20,20-08-2026 13:32,,,,,,,5
2284258.0,30-07-2026 11:51,22-07-2026 12:07,13-08-2026 13:10,,05-08-2026 12:20,20-08-2026 13:32,,,,,,,5
2284259.0,30-07-2026 11:51,22-07-2026 12:07,13-08-2026 13:10,,05-08-2026 12:20,20-08-2026 13:32,,,,,,,5
2284260.0,30-07-2026 11:51,22-07-2026 12:07,13-08-2026 13:10,,05-08-2026 12:20,20-08-2026 13:32,,,,,,,5
2284261.0,30-07-2026 11:51,22-07-2026 12:07,13-08-2026 13:10,,05-08-2026 12:20,20-08-2026 13:32,,,,,,,5
2284262.0,30-07-2026 11:51,22-07-2026 12:07,13-08-2026 13:10,,05-08-2026 12:20,20-08-2026 13:32,,,,,,,5
2284263.0,30-07-2026 11:51,22-07-2026 12:07,13-08-2026 13:10,,05-08-2026 12:20,20-08-2026 13:32,,,,,,,5
2284264.0,30-07-2026 11:51,22-07-2026 12:07,13-08-2026 13:10,,05-08-2026 12:20,20-08-2026 13:32,,,,,,,5
2284265.0,30-07-2026 11:51,22-07-2026 12:07,13-08-2026 13:10,,05-08-2026 12:20,20-08-2026 13:32,,,,,,,5
2284266.0,30-07-2026 11:51,22-07-2026 12:07,13-08-2026 13:10,,05-08-2026 12:20,20-08-2026 13:32,,,,,,,5
2284267.0,30-07-2026 11:51,22-07-2026 12:07,13-08-2026 13:10,,05-08-2026 12:20,20-08-2026 13:32,,,,,,,5
2284268.0,30-07-2026 11:51,22-07-2026 12:07,13-08-2026 13:10,,05-08-2026 12:20,20-08-2026 13:32,,,,,,,5
2284269.0,30-07-2026 11:51,22-07-2026 12:07,13-08-2026 13:10,,05-08-2026 12:20,20-08-2026 13:32,,,,,,,5
2284270.0,30-07-2026 11:51,22-07-2026 12:07,13-08-2026 13:10,,05-08-2026 12:20,20-08-2026 13:32,,,,,,,5
2284271.0,30-07-2026 11:10,22-07-2026 11:02,13-08-2026 10:54,,05-08-2026 12:22,20-08-2026 12:39,,,,,,,5
2284272.0,30-07-2026 11:10,22-07-2026 11:02,13-08-2026 10:54,,05-08-2026 12:22,20-08-2026 12:39,,,,,,,5
2284273.0,30-07-2026 11:10,22-07-2026 11:02,13-08-2026 10:54,,05-08-2026 12:22,20-08-2026 12:39,,,,,,,5
2284274.0,30-07-2026 11:10,22-07-2026 11:02,13-08-2026 10:54,,05-08-2026 12:22,20-08-2026 12:39,,,,,,,5
2284275.0,30-07-2026 11:10,22-07-2026 11:02,,,05-08-2026 12:22,20-08-2026 12:39,,,,,,,4
2284276.0,30-07-2026 11:10,22-07-2026 11:02,13-08-2026 10:54,,05-08-2026 12:22,20-08-2026 12:39,,,,,,,5
2284277.0,30-07-2026 11:10,22-07-2026 11:02,13-08-2026 10:54,,05-08-2026 12:22,20-08-2026 12:39,,,,,,,5
2284278.0,30-07-2026 11:10,22-07-2026 11:02,,,05-08-2026 12:22,20-08-2026 12:39,,,,,,,4
2284279.0,30-07-2026 11:10,22-07-2026 11:02,13-08-2026 10:54,,05-08-2026 12:22,20-08-2026 12:39,,,,,,,5
2284280.0,30-07-2026 11:10,22-07-2026 11:02,,,05-08-2026 12:22,20-08-2026 12:39,,,,,,,4
2284281.0,30-07-2026 11:10,22-07-2026 11:02,13-08-2026 10:54,,05-08-2026 12:22,20-08-2026 12:39,,,,,,,5
2284282.0,30-07-2026 11:10,22-07-2026 11:02,13-08-2026 10:54,,05-08-2026 12:22,20-08-2026 12:39,,,,,,,5
2284283.0,30-07-2026 11:10,22-07-2026 11:02,13-08-2026 10:54,,05-08-2026 12:22,20-08-2026 12:39,,,,,,,5
2284284.0,30-07-2026 11:10,22-07-2026 11:02,13-08-2026 10:54,,05-08-2026 12:22,20-08-2026 12:39,,,,,,,5
2284285.0,30-07-2026 11:10,22-07-2026 11:02,13-08-2026 10:54,,05-08-2026 12:22,20-08-2026 12:39,,,,,,,5
2284286.0,30-07-2026 11:10,22-07-2026 11:02,13-08-2026 10:54,,05-08-2026 12:22,20-08-2026 12:39,,,,,,,5
2284287.0,30-07-2026 11:10,22-07-2026 11:02,13-08-2026 10:54,,05-08-2026 12:22,20-08-2026 12:39,,,,,,,5
2284288.0,30-07-2026 11:10,22-07-2026 11:02,,,05-08-2026 12:22,20-08-2026 12:39,,,,,,,4
2284289.0,30-07-2026 11:10,22-07-2026 11:02,,,05-08-2026 12:22,20-08-2026 12:39,,,,,,,4
2284290.0,30-07-2026 11:10,22-07-2026 11:02,13-08-2026 10:54,,05-08-2026 12:22,20-08-2026 12:39,,,,,,,5
2284291.0,30-07-2026 11:10,22-07-2026 11:02,13-08-2026 10:54,,05-08-2026 12:22,20-08-2026 12:39,,,,,,,5
2284292.0,30-07-2026 11:10,22-07-2026 11:02,,,05-08-2026 12:22,20-08-2026 12:39,,,,,,,4
2284293.0,30-07-2026 11:10,22-07-2026 11:02,13-08-2026 10:54,,05-08-2026 12:22,20-08-2026 12:39,,,,,,,5
2284294.0,30-07-2026 11:10,22-07-2026 11:02,,,05-08-2026 12:22,20-08-2026 12:39,,,,,,,4
2284295.0,30-07-2026 11:10,22-07-2026 11:02,13-08-2026 10:54,,05-08-2026 12:22,20-08-2026 12:39,,,,,,,5
2284296.0,30-07-2026 11:10,22-07-2026 11:02,,,05-08-2026 12:22,20-08-2026 12:39,,,,,,,4
2284297.0,30-07-2026 11:10,22-07-2026 11:02,,,05-08-2026 12:22,20-08-2026 12:39,,,,,,,4
2284298.0,30-07-2026 11:10,22-07-2026 11:02,13-08-2026 10:54,,05-08-2026 12:22,20-08-2026 12:39,,,,,,,5
2284333.0,21-07-2026 12:21,14-07-2026 13:41,11-08-2026 12:16,,03-08-2026 10:18,17-08-2026 12:13,,,,,,,5
2284335.0,21-07-2026 10:29,14-07-2026 13:40,11-08-2026 12:20,,03-08-2026 10:21,17-08-2026 12:13,,,,,,,5
2284337.0,21-07-2026 11:25,14-07-2026 13:41,11-08-2026 10:16,,03-08-2026 10:24,17-08-2026 12:13,,,,,,,5
2285718.0,30-07-2026 13:21,22-07-2026 09:38,13-08-2026 15:27,,05-08-2026 09:40,20-08-2026 12:02,,,,,,,5
2289539.0,30-07-2026 13:21,22-07-2026 09:38,13-08-2026 15:27,,05-08-2026 09:40,20-08-2026 12:02,,,,,,,5
2289541.0,30-07-2026 13:21,22-07-2026 09:38,13-08-2026 15:27,,05-08-2026 09:40,20-08-2026 12:02,,,,,,,5
2289542.0,30-07-2026 13:21,22-07-2026 09:38,13-08-2026 15:27,,05-08-2026 09:40,20-08-2026 12:02,,,,,,,5
2289777.0,30-07-2026 12:38,,13-08-2026 13:12,,05-08-2026 13:18,20-08-2026 12:03,,,,,,,4
2289779.0,30-07-2026 12:38,,13-08-2026 13:12,,05-08-2026 13:18,20-08-2026 12:03,,,,,,,4
2289781.0,30-07-2026 12:38,,13-08-2026 13:12,,05-08-2026 13:18,20-08-2026 12:03,,,,,,,4
2289782.0,30-07-2026 12:38,,13-08-2026 13:12,,05-08-2026 13:18,20-08-2026 12:03,,,,,,,4
2289784.0,30-07-2026 12:38,,13-08-2026 13:12,,05-08-2026 13:18,20-08-2026 12:03,,,,,,,4
2289790.0,30-07-2026 12:38,,13-08-2026 13:12,,05-08-2026 13:18,20-08-2026 12:03,,,,,,,4
2289795.0,30-07-2026 12:38,,13-08-2026 13:12,,05-08-2026 13:18,20-08-2026 12:03,,,,,,,4
2289798.0,30-07-2026 12:38,,13-08-2026 13:12,,05-08-2026 13:18,20-08-2026 12:03,,,,,,,4
2289799.0,30-07-2026 12:38,,13-08-2026 13:12,,05-08-2026 13:18,20-08-2026 12:03,,,,,,,4
2289801.0,30-07-2026 12:38,,13-08-2026 13:12,,05-08-2026 13:18,20-08-2026 12:03,,,,,,,4
2290630.0,30-07-2026 08:49,25-07-2026 10:34,,,,,,,,,,,2
2290634.0,30-07-2026 08:49,25-07-2026 10:34,,,,,,,,,,,2
2290636.0,30-07-2026 08:49,25-07-2026 10:34,,,,,,,,,,,2
2290638.0,30-07-2026 08:49,25-07-2026 10:34,,,,,,,,,,,2
2290640.0,30-07-2026 08:49,25-07-2026 10:34,,,,,,,,,,,2
2290644.0,30-07-2026 08:49,25-07-2026 10:34,,,,,,,,,,,2
2290645.0,30-07-2026 08:49,25-07-2026 10:34,,,,,,,,,,,2
2290647.0,30-07-2026 08:49,25-07-2026 10:34,,,,,,,,,,,2
2290650.0,30-07-2026 08:49,25-07-2026 10:34,,,,,,,,,,,2
2290655.0,30-07-2026 08:49,25-07-2026 10:34,,,,,,,,,,,2
2291115.0,30-07-2026 09:32,25-07-2026 11:12,,,18-08-2026 10:33,,,,,,,,3
2291117.0,30-07-2026 08:49,25-07-2026 10:34,,,,,,,,,,,2
2291120.0,30-07-2026 08:49,25-07-2026 10:34,,,,,,,,,,,2
2291123.0,30-07-2026 08:49,25-07-2026 10:34,,,,,,,,,,,2
2291126.0,30-07-2026 08:49,25-07-2026 10:34,,,,,,,,,,,2
2291130.0,30-07-2026 08:49,25-07-2026 10:34,,,,,,,,,,,2
2291131.0,30-07-2026 08:49,25-07-2026 10:34,,,,,,,,,,,2
2291136.0,30-07-2026 08:49,25-07-2026 10:34,,,,,,,,,,,2
2291138.0,30-07-2026 08:49,25-07-2026 10:34,,,,,,,,,,,2
2291147.0,30-07-2026 08:49,25-07-2026 10:34,,,,,,,,,,,2
2291150.0,30-07-2026 08:49,25-07-2026 10:34,,,,,,,,,,,2
2291151.0,30-07-2026 08:49,25-07-2026 10:34,,,,,,,,,,,2
2291152.0,30-07-2026 08:49,25-07-2026 10:34,,,,,,,,,,,2
2291153.0,30-07-2026 08:49,25-07-2026 10:34,,,,,,,,,,,2
2291154.0,30-07-2026 08:49,25-07-2026 10:34,,,,,,,,,,,2
2291155.0,30-07-2026 08:49,25-07-2026 10:34,,,,,,,,,,,2
2291156.0,30-07-2026 08:49,25-07-2026 10:34,,,,,,,,,,,2
2291157.0,30-07-2026 08:49,25-07-2026 10:34,,,,,,,,,,,2
2291158.0,30-07-2026 08:49,25-07-2026 10:34,,,,,,,,,,,2
2291159.0,30-07-2026 08:52,25-07-2026 10:37,,,18-08-2026 10:32,,,,,,,,3
2291160.0,30-07-2026 08:52,25-07-2026 10:37,,,18-08-2026 10:32,,,,,,,,3
2291161.0,30-07-2026 08:52,25-07-2026 10:37,,,18-08-2026 10:32,,,,,,,,3
2291162.0,30-07-2026 08:52,25-07-2026 10:37,,,18-08-2026 10:32,,,,,,,,3
2291163.0,30-07-2026 08:52,25-07-2026 10:37,,,18-08-2026 10:32,,,,,,,,3
2291164.0,30-07-2026 08:49,25-07-2026 10:34,,,,,,,,,,,2
2291165.0,30-07-2026 08:49,25-07-2026 10:34,,,,,,,,,,,2
2291166.0,30-07-2026 08:49,25-07-2026 10:34,,,,,,,,,,,2
2291168.0,30-07-2026 08:52,25-07-2026 10:37,,,18-08-2026 10:32,,,,,,,,3
2291169.0,30-07-2026 08:49,25-07-2026 10:34,,,,,,,,,,,2
2291174.0,30-07-2026 08:52,25-07-2026 10:37,,,18-08-2026 10:32,,,,,,,,3
2291178.0,30-07-2026 08:51,25-07-2026 10:37,,,18-08-2026 10:34,,,,,,,,3
2291181.0,30-07-2026 08:51,25-07-2026 10:37,,,18-08-2026 10:34,,,,,,,,3
2291185.0,30-07-2026 08:51,25-07-2026 10:37,,,18-08-2026 10:34,,,,,,,,3
2291190.0,30-07-2026 08:51,25-07-2026 10:37,,,18-08-2026 10:34,,,,,,,,3
2291193.0,30-07-2026 08:52,25-07-2026 10:37,,,18-08-2026 10:32,,,,,,,,3
2291196.0,30-07-2026 08:52,25-07-2026 10:37,,,18-08-2026 10:32,,,,,,,,3
2291198.0,30-07-2026 08:52,25-07-2026 10:37,,,18-08-2026 10:32,,,,,,,,3
2291199.0,30-07-2026 08:51,25-07-2026 10:37,,,18-08-2026 10:34,,,,,,,,3
2291202.0,30-07-2026 09:32,25-07-2026 11:12,,,18-08-2026 10:33,,,,,,,,3
2291219.0,30-07-2026 08:51,25-07-2026 10:37,,,18-08-2026 10:34,,,,,,,,3
2291229.0,30-07-2026 09:32,25-07-2026 11:12,,,18-08-2026 10:33,,,,,,,,3
2291233.0,30-07-2026 08:52,25-07-2026 10:37,,,18-08-2026 10:32,,,,,,,,3
2291235.0,30-07-2026 08:51,25-07-2026 10:37,,,18-08-2026 10:34,,,,,,,,3
2291237.0,30-07-2026 08:52,25-07-2026 10:37,,,18-08-2026 10:32,,,,,,,,3
2291240.0,30-07-2026 08:52,25-07-2026 10:37,,,18-08-2026 10:32,,,,,,,,3
2291241.0,30-07-2026 08:53,25-07-2026 10:37,,,18-08-2026 10:33,,,,,,,,3
2291242.0,30-07-2026 08:51,25-07-2026 10:37,,,18-08-2026 10:34,,,,,,,,3
2291243.0,30-07-2026 08:52,25-07-2026 10:37,,,18-08-2026 10:32,,,,,,,,3
2291245.0,30-07-2026 08:51,25-07-2026 10:37,,,18-08-2026 10:34,,,,,,,,3
2291246.0,30-07-2026 08:52,25-07-2026 10:37,,,18-08-2026 10:32,,,,,,,,3
2291247.0,30-07-2026 08:53,25-07-2026 10:37,,,18-08-2026 10:33,,,,,,,,3
2291248.0,30-07-2026 08:52,25-07-2026 10:37,,,18-08-2026 10:32,,,,,,,,3
2291249.0,30-07-2026 08:51,25-07-2026 10:37,,,18-08-2026 10:34,,,,,,,,3
2291250.0,30-07-2026 08:52,25-07-2026 10:37,,,18-08-2026 10:32,,,,,,,,3
2291251.0,30-07-2026 08:51,25-07-2026 10:37,,,18-08-2026 10:34,,,,,,,,3
2291252.0,30-07-2026 08:52,25-07-2026 10:37,,,18-08-2026 10:32,,,,,,,,3
2291253.0,30-07-2026 08:53,25-07-2026 10:37,,,18-08-2026 10:33,,,,,,,,3
2291254.0,30-07-2026 08:52,25-07-2026 10:37,,,18-08-2026 10:32,,,,,,,,3
2291255.0,30-07-2026 08:53,25-07-2026 10:37,,,18-08-2026 10:33,,,,,,,,3
2291256.0,30-07-2026 08:53,25-07-2026 10:37,,,18-08-2026 10:33,,,,,,,,3
2291257.0,30-07-2026 08:51,25-07-2026 10:37,,,18-08-2026 10:34,,,,,,,,3
2291259.0,30-07-2026 08:53,25-07-2026 10:37,,,18-08-2026 10:33,,,,,,,,3
2291260.0,30-07-2026 08:51,25-07-2026 10:37,,,18-08-2026 10:34,,,,,,,,3
2291261.0,30-07-2026 08:51,25-07-2026 10:37,,,18-08-2026 10:34,,,,,,,,3
2291472.0,30-07-2026 08:53,25-07-2026 10:37,,,18-08-2026 10:33,,,,,,,,3
2291481.0,30-07-2026 08:53,25-07-2026 10:37,,,18-08-2026 10:33,,,,,,,,3
2291486.0,30-07-2026 08:53,25-07-2026 10:37,,,18-08-2026 10:33,,,,,,,,3
2291494.0,30-07-2026 08:53,25-07-2026 10:37,,,18-08-2026 10:33,,,,,,,,3
2291500.0,30-07-2026 08:53,25-07-2026 10:37,,,18-08-2026 10:33,,,,,,,,3
2291504.0,30-07-2026 08:51,25-07-2026 10:37,,,18-08-2026 10:34,,,,,,,,3
2291510.0,30-07-2026 09:32,25-07-2026 11:12,,,18-08-2026 10:33,,,,,,,,3
2291511.0,30-07-2026 08:53,25-07-2026 10:37,,,18-08-2026 10:33,,,,,,,,3
2291515.0,30-07-2026 09:32,25-07-2026 11:12,,,18-08-2026 10:33,,,,,,,,3
2291520.0,30-07-2026 09:32,25-07-2026 11:12,,,18-08-2026 10:33,,,,,,,,3
2291527.0,30-07-2026 08:51,25-07-2026 10:37,,,18-08-2026 10:34,,,,,,,,3
2291531.0,30-07-2026 09:32,25-07-2026 11:12,,,18-08-2026 10:33,,,,,,,,3
2291538.0,30-07-2026 08:52,25-07-2026 10:37,,,18-08-2026 10:32,,,,,,,,3
2291540.0,30-07-2026 08:51,25-07-2026 10:37,,,18-08-2026 10:34,,,,,,,,3
2291546.0,30-07-2026 08:52,25-07-2026 10:37,,,18-08-2026 10:32,,,,,,,,3
2291550.0,30-07-2026 08:52,25-07-2026 10:37,,,18-08-2026 10:32,,,,,,,,3
2291551.0,30-07-2026 08:51,25-07-2026 10:37,,,18-08-2026 10:34,,,,,,,,3
2291552.0,30-07-2026 08:52,25-07-2026 10:37,,,18-08-2026 10:32,,,,,,,,3
2291553.0,30-07-2026 08:51,25-07-2026 10:37,,,18-08-2026 10:34,,,,,,,,3
2291554.0,30-07-2026 08:52,25-07-2026 10:37,,,18-08-2026 10:32,,,,,,,,3
2291555.0,30-07-2026 08:51,25-07-2026 10:37,,,18-08-2026 10:34,,,,,,,,3
2291556.0,30-07-2026 08:50,25-07-2026 10:34,,,,,,,,,,,2
2291557.0,30-07-2026 08:51,25-07-2026 10:37,,,18-08-2026 10:34,,,,,,,,3
2291558.0,30-07-2026 08:50,25-07-2026 10:34,,,,,,,,,,,2
2291560.0,30-07-2026 08:50,25-07-2026 10:34,,,,,,,,,,,2
2291561.0,30-07-2026 08:51,25-07-2026 10:37,,,18-08-2026 10:34,,,,,,,,3
2291563.0,30-07-2026 08:52,25-07-2026 10:37,,,18-08-2026 10:32,,,,,,,,3
2291565.0,30-07-2026 08:50,25-07-2026 10:34,,,,,,,,,,,2
2291566.0,30-07-2026 08:52,25-07-2026 10:37,,,18-08-2026 10:32,,,,,,,,3
2291567.0,30-07-2026 08:50,25-07-2026 10:34,,,,,,,,,,,2
2291568.0,30-07-2026 08:51,25-07-2026 10:37,,,18-08-2026 10:34,,,,,,,,3
2291569.0,30-07-2026 08:52,25-07-2026 10:37,,,18-08-2026 10:32,,,,,,,,3
2291570.0,30-07-2026 08:50,25-07-2026 10:34,,,,,,,,,,,2
2291571.0,30-07-2026 08:50,25-07-2026 10:34,,,,,,,,,,,2
2291572.0,30-07-2026 08:51,25-07-2026 10:37,,,18-08-2026 10:34,,,,,,,,3
2291573.0,30-07-2026 08:52,25-07-2026 10:37,,,18-08-2026 10:32,,,,,,,,3
2291574.0,30-07-2026 08:50,25-07-2026 10:34,,,,,,,,,,,2
2291575.0,30-07-2026 08:50,25-07-2026 10:34,,,,,,,,,,,2
2291576.0,30-07-2026 08:50,25-07-2026 10:34,,,,,,,,,,,2
2291577.0,30-07-2026 08:52,25-07-2026 10:37,,,18-08-2026 10:32,,,,,,,,3
2291579.0,30-07-2026 08:50,25-07-2026 10:34,,,,,,,,,,,2
2291580.0,30-07-2026 08:52,25-07-2026 10:37,,,18-08-2026 10:32,,,,,,,,3
2291581.0,30-07-2026 08:53,25-07-2026 10:37,,,18-08-2026 10:33,,,,,,,,3
2291582.0,30-07-2026 08:51,25-07-2026 10:37,,,18-08-2026 10:34,,,,,,,,3
2291583.0,30-07-2026 08:50,25-07-2026 10:34,,,,,,,,,,,2
2291584.0,30-07-2026 08:52,25-07-2026 10:37,,,18-08-2026 10:32,,,,,,,,3
2291585.0,30-07-2026 08:50,25-07-2026 10:34,,,,,,,,,,,2
2291586.0,30-07-2026 08:53,25-07-2026 10:37,,,18-08-2026 10:33,,,,,,,,3
2291587.0,30-07-2026 08:51,25-07-2026 10:37,,,18-08-2026 10:34,,,,,,,,3
2291588.0,30-07-2026 08:52,25-07-2026 10:37,,,18-08-2026 10:32,,,,,,,,3
2291589.0,30-07-2026 08:50,25-07-2026 10:34,,,,,,,,,,,2
2291590.0,30-07-2026 08:53,25-07-2026 10:37,,,18-08-2026 10:33,,,,,,,,3
2291591.0,30-07-2026 08:51,25-07-2026 10:37,,,18-08-2026 10:34,,,,,,,,3
2291592.0,30-07-2026 08:52,25-07-2026 10:37,,,18-08-2026 10:32,,,,,,,,3
2291593.0,30-07-2026 08:50,25-07-2026 10:34,,,,,,,,,,,2
2291594.0,30-07-2026 08:53,25-07-2026 10:37,,,18-08-2026 10:33,,,,,,,,3
2291595.0,30-07-2026 08:51,25-07-2026 10:37,,,18-08-2026 10:34,,,,,,,,3
2291596.0,30-07-2026 08:50,25-07-2026 10:34,,,,,,,,,,,2
2291597.0,30-07-2026 08:52,25-07-2026 10:37,,,18-08-2026 10:32,,,,,,,,3
2291598.0,30-07-2026 08:53,25-07-2026 10:37,,,18-08-2026 10:33,,,,,,,,3
2291599.0,30-07-2026 08:50,25-07-2026 10:34,,,,,,,,,,,2
2291600.0,30-07-2026 08:51,25-07-2026 10:37,,,18-08-2026 10:34,,,,,,,,3
2291601.0,30-07-2026 08:53,25-07-2026 10:37,,,18-08-2026 10:33,,,,,,,,3
2291602.0,30-07-2026 08:52,25-07-2026 10:37,,,18-08-2026 10:32,,,,,,,,3
2291604.0,30-07-2026 08:50,25-07-2026 10:34,,,,,,,,,,,2
2291605.0,30-07-2026 08:53,25-07-2026 10:37,,,18-08-2026 10:33,,,,,,,,3
2291606.0,30-07-2026 08:52,25-07-2026 10:37,,,18-08-2026 10:32,,,,,,,,3
2291607.0,30-07-2026 08:51,25-07-2026 10:37,,,18-08-2026 10:34,,,,,,,,3
2291608.0,30-07-2026 09:32,25-07-2026 11:12,,,18-08-2026 10:33,,,,,,,,3
2291609.0,30-07-2026 08:50,25-07-2026 10:34,,,,,,,,,,,2
2291610.0,30-07-2026 08:53,25-07-2026 10:37,,,18-08-2026 10:33,,,,,,,,3
2291611.0,30-07-2026 08:50,25-07-2026 10:34,,,,,,,,,,,2
2291612.0,30-07-2026 08:52,25-07-2026 10:37,,,18-08-2026 10:32,,,,,,,,3
2291613.0,30-07-2026 08:53,25-07-2026 10:37,,,18-08-2026 10:33,,,,,,,,3
2291614.0,30-07-2026 08:51,25-07-2026 10:37,,,18-08-2026 10:34,,,,,,,,3
2291615.0,30-07-2026 08:50,25-07-2026 10:34,,,,,,,,,,,2
2291616.0,30-07-2026 08:52,25-07-2026 10:37,,,18-08-2026 10:32,,,,,,,,3
2291618.0,30-07-2026 09:32,25-07-2026 11:12,,,18-08-2026 10:33,,,,,,,,3
2291619.0,30-07-2026 08:53,25-07-2026 10:37,,,18-08-2026 10:33,,,,,,,,3
2291622.0,30-07-2026 08:51,25-07-2026 10:37,,,18-08-2026 10:34,,,,,,,,3
2291623.0,30-07-2026 08:50,25-07-2026 10:34,,,,,,,,,,,2
2291624.0,30-07-2026 09:32,25-07-2026 11:12,,,18-08-2026 10:33,,,,,,,,3
2291625.0,30-07-2026 08:53,25-07-2026 10:37,,,18-08-2026 10:33,,,,,,,,3
2291626.0,30-07-2026 08:52,25-07-2026 10:37,,,18-08-2026 10:32,,,,,,,,3
2291627.0,30-07-2026 08:50,25-07-2026 10:34,,,,,,,,,,,2
2291630.0,30-07-2026 08:51,25-07-2026 10:37,,,18-08-2026 10:34,,,,,,,,3
2291631.0,30-07-2026 08:50,25-07-2026 10:34,,,,,,,,,,,2
2291632.0,30-07-2026 08:52,25-07-2026 10:37,,,18-08-2026 10:32,,,,,,,,3
2291633.0,30-07-2026 08:53,25-07-2026 10:37,,,18-08-2026 10:33,,,,,,,,3
2291636.0,30-07-2026 09:32,25-07-2026 11:12,,,18-08-2026 10:33,,,,,,,,3
2291637.0,30-07-2026 08:53,25-07-2026 10:37,,,18-08-2026 10:33,,,,,,,,3
2291640.0,30-07-2026 08:51,25-07-2026 10:37,,,18-08-2026 10:34,,,,,,,,3
2291641.0,30-07-2026 08:52,25-07-2026 10:37,,,18-08-2026 10:32,,,,,,,,3
2291642.0,30-07-2026 08:53,25-07-2026 10:37,,,18-08-2026 10:33,,,,,,,,3
2291644.0,30-07-2026 09:32,25-07-2026 11:12,,,18-08-2026 10:33,,,,,,,,3
2291646.0,30-07-2026 08:50,25-07-2026 10:33,,,,,,,,,,,2
2291647.0,30-07-2026 08:52,25-07-2026 10:37,,,18-08-2026 10:32,,,,,,,,3
2291648.0,30-07-2026 08:51,25-07-2026 10:37,,,18-08-2026 10:34,,,,,,,,3
2291651.0,30-07-2026 08:50,25-07-2026 10:33,,,,,,,,,,,2
2291653.0,30-07-2026 08:50,25-07-2026 10:33,,,,,,,,,,,2
2291654.0,30-07-2026 09:32,25-07-2026 11:12,,,18-08-2026 10:33,,,,,,,,3
2291655.0,30-07-2026 08:53,25-07-2026 10:37,,,18-08-2026 10:33,,,,,,,,3
2291657.0,30-07-2026 08:51,25-07-2026 10:37,,,18-08-2026 10:34,,,,,,,,3
2291660.0,30-07-2026 08:53,25-07-2026 10:37,,,18-08-2026 10:33,,,,,,,,3
2291661.0,30-07-2026 08:50,25-07-2026 10:33,,,,,,,,,,,2
2291662.0,30-07-2026 08:51,25-07-2026 10:37,,,18-08-2026 10:34,,,,,,,,3
2291663.0,30-07-2026 09:32,25-07-2026 11:12,,,18-08-2026 10:33,,,,,,,,3
2291664.0,30-07-2026 08:50,25-07-2026 10:33,,,,,,,,,,,2
2291666.0,30-07-2026 08:53,25-07-2026 10:37,,,18-08-2026 10:33,,,,,,,,3
2291669.0,30-07-2026 08:50,25-07-2026 10:33,,,,,,,,,,,2
2291670.0,30-07-2026 08:53,25-07-2026 10:37,,,18-08-2026 10:33,,,,,,,,3
2291671.0,30-07-2026 09:32,25-07-2026 11:12,,,18-08-2026 10:33,,,,,,,,3
2291673.0,30-07-2026 08:51,25-07-2026 10:37,,,18-08-2026 10:34,,,,,,,,3
2291677.0,30-07-2026 08:53,25-07-2026 10:37,,,18-08-2026 10:33,,,,,,,,3
2291679.0,30-07-2026 08:50,25-07-2026 10:33,,,,,,,,,,,2
2291683.0,30-07-2026 08:51,25-07-2026 10:37,,,18-08-2026 10:34,,,,,,,,3
2291684.0,30-07-2026 08:53,25-07-2026 10:37,,,18-08-2026 10:33,,,,,,,,3
2291685.0,30-07-2026 08:50,25-07-2026 10:33,,,,,,,,,,,2
2291688.0,30-07-2026 09:32,25-07-2026 11:12,,,18-08-2026 10:33,,,,,,,,3
2291689.0,30-07-2026 08:51,25-07-2026 10:37,,,18-08-2026 10:34,,,,,,,,3
2291690.0,30-07-2026 08:53,25-07-2026 10:37,,,18-08-2026 10:33,,,,,,,,3
2291691.0,30-07-2026 08:50,25-07-2026 10:33,,,,,,,,,,,2
2291697.0,30-07-2026 08:53,25-07-2026 10:37,,,18-08-2026 10:33,,,,,,,,3
2291698.0,30-07-2026 08:51,25-07-2026 10:37,,,18-08-2026 10:34,,,,,,,,3
2291699.0,30-07-2026 08:50,25-07-2026 10:33,,,,,,,,,,,2
2291705.0,30-07-2026 08:50,25-07-2026 10:33,,,,,,,,,,,2
2291706.0,30-07-2026 09:32,25-07-2026 11:12,,,18-08-2026 10:33,,,,,,,,3
2291709.0,30-07-2026 08:50,25-07-2026 10:33,,,,,,,,,,,2
2291712.0,30-07-2026 09:32,25-07-2026 11:12,,,18-08-2026 10:33,,,,,,,,3
2291713.0,30-07-2026 08:51,25-07-2026 10:37,,,18-08-2026 10:34,,,,,,,,3
2291714.0,30-07-2026 08:50,25-07-2026 10:33,,,,,,,,,,,2
2291719.0,30-07-2026 08:50,25-07-2026 10:33,,,,,,,,,,,2
2291720.0,30-07-2026 09:32,25-07-2026 11:12,,,18-08-2026 10:33,,,,,,,,3
2291721.0,30-07-2026 08:51,25-07-2026 10:37,,,18-08-2026 10:34,,,,,,,,3
2291722.0,30-07-2026 09:32,25-07-2026 11:12,,,18-08-2026 10:33,,,,,,,,3
2291725.0,30-07-2026 08:50,25-07-2026 10:33,,,,,,,,,,,2
2291727.0,30-07-2026 08:51,25-07-2026 10:37,,,18-08-2026 10:34,,,,,,,,3
2291728.0,30-07-2026 09:32,25-07-2026 11:12,,,18-08-2026 10:33,,,,,,,,3
2291729.0,30-07-2026 08:50,25-07-2026 10:33,,,,,,,,,,,2
2291732.0,30-07-2026 08:50,25-07-2026 10:33,,,,,,,,,,,2
2291736.0,30-07-2026 08:50,25-07-2026 10:33,,,,,,,,,,,2
2291740.0,30-07-2026 08:50,25-07-2026 10:33,,,,,,,,,,,2
2291744.0,30-07-2026 08:50,25-07-2026 10:33,,,,,,,,,,,2
2291745.0,30-07-2026 09:32,25-07-2026 11:12,,,18-08-2026 10:33,,,,,,,,3
2291747.0,30-07-2026 08:50,25-07-2026 10:33,,,,,,,,,,,2
2291749.0,30-07-2026 09:32,25-07-2026 11:12,,,18-08-2026 10:33,,,,,,,,3
2291752.0,30-07-2026 09:32,25-07-2026 11:12,,,18-08-2026 10:33,,,,,,,,3
2291756.0,30-07-2026 09:32,25-07-2026 11:12,,,18-08-2026 10:33,,,,,,,,3
2291758.0,30-07-2026 08:50,25-07-2026 10:33,,,,,,,,,,,2
2291761.0,30-07-2026 09:32,25-07-2026 11:12,,,18-08-2026 10:33,,,,,,,,3
2291762.0,30-07-2026 08:50,25-07-2026 10:33,,,,,,,,,,,2
2291764.0,30-07-2026 09:32,25-07-2026 11:12,,,18-08-2026 10:33,,,,,,,,3
2291766.0,30-07-2026 08:50,25-07-2026 10:33,,,,,,,,,,,2
2291769.0,30-07-2026 09:32,25-07-2026 11:12,,,18-08-2026 10:33,,,,,,,,3
2291771.0,30-07-2026 09:32,25-07-2026 11:12,,,18-08-2026 10:33,,,,,,,,3
2291777.0,30-07-2026 09:32,25-07-2026 11:12,,,18-08-2026 10:33,,,,,,,,3
2291780.0,30-07-2026 09:32,25-07-2026 11:12,,,18-08-2026 10:33,,,,,,,,3
2291783.0,30-07-2026 09:32,25-07-2026 11:12,,,18-08-2026 10:33,,,,,,,,3
2291785.0,30-07-2026 09:32,25-07-2026 11:12,,,18-08-2026 10:33,,,,,,,,3
2291787.0,30-07-2026 09:32,25-07-2026 11:12,,,18-08-2026 10:33,,,,,,,,3
2291791.0,30-07-2026 09:32,25-07-2026 11:12,,,18-08-2026 10:33,,,,,,,,3
2291798.0,30-07-2026 09:33,25-07-2026 11:14,,,18-08-2026 10:33,,,,,,,,3
2291851.0,30-07-2026 09:33,25-07-2026 11:14,,,18-08-2026 10:33,,,,,,,,3
2291852.0,30-07-2026 09:32,25-07-2026 11:12,,,18-08-2026 10:33,,,,,,,,3
2291853.0,30-07-2026 09:33,25-07-2026 11:12,,,18-08-2026 10:33,,,,,,,,3
2291854.0,30-07-2026 09:33,25-07-2026 11:14,,,18-08-2026 10:33,,,,,,,,3
2291855.0,30-07-2026 09:32,25-07-2026 11:12,,,18-08-2026 10:33,,,,,,,,3
2291856.0,30-07-2026 09:33,25-07-2026 11:12,,,18-08-2026 10:33,,,,,,,,3
2291858.0,30-07-2026 09:32,25-07-2026 11:12,,,18-08-2026 10:33,,,,,,,,3
2291859.0,30-07-2026 09:33,25-07-2026 11:14,,,18-08-2026 10:33,,,,,,,,3
2291860.0,30-07-2026 09:33,25-07-2026 11:12,,,18-08-2026 10:33,,,,,,,,3
2291861.0,30-07-2026 09:33,25-07-2026 11:12,,,18-08-2026 10:33,,,,,,,,3
2291862.0,30-07-2026 09:32,25-07-2026 11:12,,,18-08-2026 10:33,,,,,,,,3
2291863.0,30-07-2026 09:33,25-07-2026 11:12,,,18-08-2026 10:33,,,,,,,,3
2291864.0,30-07-2026 09:33,25-07-2026 11:14,,,18-08-2026 10:33,,,,,,,,3
2291865.0,30-07-2026 09:32,25-07-2026 11:12,,,18-08-2026 10:33,,,,,,,,3
2291866.0,30-07-2026 09:33,25-07-2026 11:12,,,18-08-2026 10:33,,,,,,,,3
2291867.0,30-07-2026 09:33,25-07-2026 11:14,,,18-08-2026 10:33,,,,,,,,3
2291868.0,30-07-2026 09:32,25-07-2026 11:12,,,18-08-2026 10:33,,,,,,,,3
2291870.0,30-07-2026 09:33,25-07-2026 11:12,,,18-08-2026 10:33,,,,,,,,3
2291871.0,30-07-2026 09:32,25-07-2026 11:12,,,18-08-2026 10:33,,,,,,,,3
2291873.0,30-07-2026 09:33,25-07-2026 11:12,,,18-08-2026 10:33,,,,,,,,3
2291874.0,30-07-2026 09:33,25-07-2026 11:14,,,18-08-2026 10:33,,,,,,,,3
2291875.0,30-07-2026 09:32,25-07-2026 11:12,,,18-08-2026 10:33,,,,,,,,3
2291877.0,30-07-2026 09:33,25-07-2026 11:12,,,18-08-2026 10:33,,,,,,,,3
2291878.0,30-07-2026 09:32,25-07-2026 11:12,,,18-08-2026 10:33,,,,,,,,3
2291879.0,30-07-2026 09:32,25-07-2026 11:12,,,18-08-2026 10:33,,,,,,,,3
2291880.0,30-07-2026 09:33,25-07-2026 11:14,,,18-08-2026 10:33,,,,,,,,3
2291881.0,30-07-2026 09:33,25-07-2026 11:12,,,18-08-2026 10:33,,,,,,,,3
2291883.0,30-07-2026 09:32,25-07-2026 11:12,,,18-08-2026 10:33,,,,,,,,3
2291884.0,30-07-2026 09:33,25-07-2026 11:12,,,18-08-2026 10:33,,,,,,,,3
2291885.0,30-07-2026 09:33,25-07-2026 11:14,,,18-08-2026 10:33,,,,,,,,3
2291886.0,30-07-2026 09:32,25-07-2026 11:12,,,18-08-2026 10:33,,,,,,,,3
2291889.0,30-07-2026 09:33,25-07-2026 11:12,,,18-08-2026 10:33,,,,,,,,3
2291890.0,30-07-2026 09:32,25-07-2026 11:12,,,18-08-2026 10:33,,,,,,,,3
2291891.0,30-07-2026 09:33,25-07-2026 11:12,,,18-08-2026 10:33,,,,,,,,3
2291892.0,30-07-2026 09:32,25-07-2026 11:12,,,18-08-2026 10:33,,,,,,,,3
2291893.0,30-07-2026 09:33,25-07-2026 11:12,,,18-08-2026 10:33,,,,,,,,3
2291895.0,30-07-2026 09:33,25-07-2026 11:14,,,18-08-2026 10:33,,,,,,,,3
2291896.0,30-07-2026 09:33,25-07-2026 11:12,,,18-08-2026 10:33,,,,,,,,3
2291897.0,30-07-2026 09:32,25-07-2026 11:12,,,18-08-2026 10:33,,,,,,,,3
2291899.0,30-07-2026 09:33,25-07-2026 11:12,,,18-08-2026 10:33,,,,,,,,3
2291900.0,30-07-2026 09:32,25-07-2026 11:12,,,18-08-2026 10:33,,,,,,,,3
2291901.0,30-07-2026 09:33,25-07-2026 11:12,,,18-08-2026 10:33,,,,,,,,3
2291904.0,30-07-2026 09:32,25-07-2026 11:12,,,18-08-2026 10:33,,,,,,,,3
2291905.0,30-07-2026 09:33,25-07-2026 11:14,,,18-08-2026 10:33,,,,,,,,3
2291906.0,30-07-2026 09:33,25-07-2026 11:12,,,18-08-2026 10:33,,,,,,,,3
2291907.0,30-07-2026 09:32,25-07-2026 11:12,,,18-08-2026 10:33,,,,,,,,3
2291909.0,30-07-2026 09:33,25-07-2026 11:14,,,18-08-2026 10:33,,,,,,,,3
2291910.0,30-07-2026 09:33,25-07-2026 11:12,,,18-08-2026 10:33,,,,,,,,3
2291912.0,30-07-2026 09:33,25-07-2026 11:12,,,18-08-2026 10:33,,,,,,,,3
2291914.0,30-07-2026 09:33,25-07-2026 11:12,,,18-08-2026 10:33,,,,,,,,3
2291917.0,30-07-2026 09:33,25-07-2026 11:12,,,18-08-2026 10:33,,,,,,,,3
2291921.0,30-07-2026 09:33,25-07-2026 11:12,,,18-08-2026 10:33,,,,,,,,3
2291923.0,30-07-2026 09:33,25-07-2026 11:12,,,18-08-2026 10:33,,,,,,,,3
2291924.0,30-07-2026 09:33,25-07-2026 11:14,,,18-08-2026 10:33,,,,,,,,3
2291927.0,30-07-2026 09:33,25-07-2026 11:12,,,18-08-2026 10:33,,,,,,,,3
2291930.0,30-07-2026 09:33,25-07-2026 11:14,,,18-08-2026 10:33,,,,,,,,3
2291935.0,30-07-2026 09:33,25-07-2026 11:14,,,18-08-2026 10:33,,,,,,,,3
2291948.0,30-07-2026 09:33,25-07-2026 11:14,,,18-08-2026 10:33,,,,,,,,3
2291954.0,30-07-2026 09:33,25-07-2026 11:14,,,18-08-2026 10:33,,,,,,,,3
2291958.0,30-07-2026 09:33,25-07-2026 11:14,,,18-08-2026 10:33,,,,,,,,3
2291963.0,30-07-2026 09:33,25-07-2026 11:14,,,18-08-2026 10:33,,,,,,,,3
2291964.0,30-07-2026 09:33,25-07-2026 11:14,,,18-08-2026 10:33,,,,,,,,3
2291969.0,30-07-2026 09:33,25-07-2026 11:14,,,18-08-2026 10:33,,,,,,,,3
2291971.0,30-07-2026 09:33,25-07-2026 11:14,,,18-08-2026 10:33,,,,,,,,3
2291982.0,30-07-2026 09:33,25-07-2026 11:14,,,18-08-2026 10:33,,,,,,,,3
2291989.0,30-07-2026 09:33,25-07-2026 11:14,,,18-08-2026 10:33,,,,,,,,3
2291990.0,30-07-2026 09:33,25-07-2026 11:14,,,18-08-2026 10:33,,,,,,,,3
2291994.0,30-07-2026 09:33,25-07-2026 11:14,,,18-08-2026 10:33,,,,,,,,3
2291998.0,30-07-2026 09:33,25-07-2026 11:14,,,18-08-2026 10:33,,,,,,,,3
2292004.0,30-07-2026 09:33,25-07-2026 11:14,,,18-08-2026 10:33,,,,,,,,3
2292005.0,30-07-2026 09:33,25-07-2026 11:14,,,18-08-2026 10:33,,,,,,,,3
2292009.0,30-07-2026 09:33,25-07-2026 11:14,,,18-08-2026 10:33,,,,,,,,3
2292014.0,30-07-2026 09:33,25-07-2026 11:14,,,18-08-2026 10:33,,,,,,,,3
2292016.0,30-07-2026 09:33,25-07-2026 11:14,,,18-08-2026 10:33,,,,,,,,3
2292017.0,30-07-2026 09:33,25-07-2026 11:14,,,18-08-2026 10:33,,,,,,,,3
2292018.0,30-07-2026 09:33,25-07-2026 11:14,,,18-08-2026 10:33,,,,,,,,3
2292021.0,30-07-2026 09:33,25-07-2026 11:14,,,18-08-2026 10:33,,,,,,,,3
2292023.0,30-07-2026 09:33,25-07-2026 11:14,,,18-08-2026 10:33,,,,,,,,3
2292025.0,30-07-2026 09:33,25-07-2026 11:14,,,18-08-2026 10:33,,,,,,,,3
2292027.0,30-07-2026 09:33,25-07-2026 11:14,,,18-08-2026 10:33,,,,,,,,3
2292029.0,30-07-2026 09:33,25-07-2026 11:14,,,18-08-2026 10:33,,,,,,,,3
2292030.0,30-07-2026 09:33,25-07-2026 11:14,,,18-08-2026 10:33,,,,,,,,3
2292031.0,30-07-2026 09:33,25-07-2026 11:14,,,18-08-2026 10:33,,,,,,,,3
2292032.0,30-07-2026 09:33,25-07-2026 11:14,,,18-08-2026 10:33,,,,,,,,3
2292033.0,30-07-2026 09:33,25-07-2026 11:14,,,18-08-2026 10:33,,,,,,,,3
2292034.0,30-07-2026 09:33,25-07-2026 11:14,,,18-08-2026 10:33,,,,,,,,3
2292036.0,30-07-2026 09:33,25-07-2026 11:14,,,18-08-2026 10:33,,,,,,,,3
2292037.0,30-07-2026 09:33,25-07-2026 11:14,,,18-08-2026 10:33,,,,,,,,3
2292038.0,30-07-2026 09:33,25-07-2026 11:14,,,18-08-2026 10:33,,,,,,,,3
2292039.0,30-07-2026 09:33,25-07-2026 11:14,,,18-08-2026 10:33,,,,,,,,3
2292108.0,30-07-2026 09:33,25-07-2026 11:14,,,18-08-2026 10:33,,,,,,,,3
2292111.0,30-07-2026 09:33,25-07-2026 11:14,,,18-08-2026 10:33,,,,,,,,3
2292112.0,30-07-2026 09:33,25-07-2026 11:14,,,18-08-2026 10:33,,,,,,,,3
2292114.0,30-07-2026 09:33,25-07-2026 11:14,,,18-08-2026 10:33,,,,,,,,3
2292116.0,30-07-2026 09:33,25-07-2026 11:14,,,18-08-2026 10:33,,,,,,,,3
2292120.0,30-07-2026 09:33,25-07-2026 11:14,,,18-08-2026 10:33,,,,,,,,3
2292122.0,30-07-2026 09:33,25-07-2026 11:14,,,18-08-2026 10:33,,,,,,,,3
2292125.0,30-07-2026 09:33,25-07-2026 11:14,,,18-08-2026 10:33,,,,,,,,3
2295405.0,13-08-2026 11:13,06-08-2026 14:03,,,19-08-2026 11:38,,,,,,,,3
2295406.0,13-08-2026 11:12,05-08-2026 10:48,,,18-08-2026 10:32,,,,,,,,3
2295407.0,13-08-2026 11:13,06-08-2026 14:03,,,19-08-2026 11:38,,,,,,,,3
2295408.0,13-08-2026 11:11,10-08-2026 10:35,,,20-08-2026 10:12,,,,,,,,3
2295409.0,13-08-2026 11:13,06-08-2026 14:03,,,19-08-2026 11:38,,,,,,,,3
2295410.0,13-08-2026 11:12,05-08-2026 10:48,,,18-08-2026 10:32,,,,,,,,3
2295411.0,13-08-2026 11:11,10-08-2026 10:35,,,20-08-2026 10:12,,,,,,,,3
2295413.0,13-08-2026 11:13,06-08-2026 14:03,,,19-08-2026 11:38,,,,,,,,3
2295414.0,13-08-2026 11:11,10-08-2026 10:35,,,20-08-2026 10:12,,,,,,,,3
2295415.0,13-08-2026 11:13,06-08-2026 14:03,,,,,,,,,,,2
2295416.0,13-08-2026 11:12,05-08-2026 10:48,,,18-08-2026 10:32,,,,,,,,3
2295418.0,13-08-2026 11:13,06-08-2026 14:03,,,19-08-2026 11:38,,,,,,,,3
2295419.0,13-08-2026 11:11,10-08-2026 10:35,,,20-08-2026 10:12,,,,,,,,3
2295420.0,13-08-2026 11:13,06-08-2026 14:04,,,20-08-2026 10:12,,,,,,,,3
2295421.0,13-08-2026 11:13,06-08-2026 14:03,,,19-08-2026 11:38,,,,,,,,3
2295422.0,13-08-2026 11:12,05-08-2026 10:48,,,18-08-2026 10:32,,,,,,,,3
2295423.0,13-08-2026 11:11,10-08-2026 10:35,,,20-08-2026 10:12,,,,,,,,3
2295424.0,13-08-2026 11:13,06-08-2026 14:04,,,20-08-2026 10:12,,,,,,,,3
2295425.0,13-08-2026 11:13,06-08-2026 14:03,,,19-08-2026 11:38,,,,,,,,3
2295426.0,13-08-2026 11:13,06-08-2026 14:04,,,20-08-2026 10:12,,,,,,,,3
2295427.0,13-08-2026 11:13,06-08-2026 14:03,,,19-08-2026 11:38,,,,,,,,3
2295428.0,13-08-2026 11:12,05-08-2026 10:48,,,18-08-2026 10:32,,,,,,,,3
2295429.0,13-08-2026 11:13,06-08-2026 14:04,,,20-08-2026 10:12,,,,,,,,3
2295430.0,13-08-2026 11:11,10-08-2026 10:35,,,20-08-2026 10:12,,,,,,,,3
2295431.0,13-08-2026 11:13,06-08-2026 14:03,,,,,,,,,,,2
2295432.0,13-08-2026 11:10,10-08-2026 10:37,,,,,,,,,,,2
2295433.0,13-08-2026 11:13,06-08-2026 14:04,,,20-08-2026 10:12,,,,,,,,3
2295434.0,13-08-2026 11:11,10-08-2026 10:35,,,20-08-2026 10:12,,,,,,,,3
2295435.0,13-08-2026 11:13,06-08-2026 14:03,,,19-08-2026 11:38,,,,,,,,3
2295436.0,13-08-2026 11:12,05-08-2026 10:48,,,18-08-2026 10:32,,,,,,,,3
2295437.0,13-08-2026 11:13,06-08-2026 14:04,,,20-08-2026 10:12,,,,,,,,3
2295438.0,13-08-2026 11:11,10-08-2026 10:35,,,20-08-2026 10:12,,,,,,,,3
2295439.0,13-08-2026 11:10,10-08-2026 10:37,,,,,,,,,,,2
2295440.0,13-08-2026 11:13,06-08-2026 14:03,,,19-08-2026 11:38,,,,,,,,3
2295441.0,13-08-2026 11:13,06-08-2026 14:04,,,20-08-2026 10:12,,,,,,,,3
2295442.0,13-08-2026 11:13,06-08-2026 14:03,,,,,,,,,,,2
2295443.0,13-08-2026 11:11,10-08-2026 10:35,,,20-08-2026 10:12,,,,,,,,3
2295444.0,13-08-2026 11:13,06-08-2026 14:04,,,20-08-2026 10:12,,,,,,,,3
2295445.0,13-08-2026 11:12,05-08-2026 10:48,,,18-08-2026 10:32,,,,,,,,3
2295446.0,13-08-2026 11:10,10-08-2026 10:37,,,,,,,,,,,2
2295447.0,13-08-2026 11:13,06-08-2026 14:03,,,19-08-2026 11:38,,,,,,,,3
2295448.0,13-08-2026 11:13,06-08-2026 14:04,,,20-08-2026 10:12,,,,,,,,3
2295449.0,13-08-2026 11:13,06-08-2026 14:03,,,19-08-2026 11:38,,,,,,,,3
2295450.0,13-08-2026 11:13,06-08-2026 14:04,,,20-08-2026 10:12,,,,,,,,3
2295451.0,13-08-2026 11:13,06-08-2026 14:03,,,19-08-2026 11:38,,,,,,,,3
2295452.0,13-08-2026 11:13,06-08-2026 14:04,,,20-08-2026 10:12,,,,,,,,3
2295453.0,13-08-2026 11:13,06-08-2026 14:04,,,20-08-2026 10:12,,,,,,,,3
2295454.0,13-08-2026 11:13,06-08-2026 14:03,,,19-08-2026 11:38,,,,,,,,3
2295455.0,13-08-2026 11:13,06-08-2026 14:04,,,20-08-2026 10:12,,,,,,,,3
2295456.0,13-08-2026 11:10,10-08-2026 10:37,,,,,,,,,,,2
2295457.0,13-08-2026 11:13,06-08-2026 14:03,,,19-08-2026 11:38,,,,,,,,3
2295458.0,13-08-2026 11:13,06-08-2026 14:04,,,20-08-2026 10:12,,,,,,,,3
2295459.0,13-08-2026 11:13,06-08-2026 14:03,,,19-08-2026 11:38,,,,,,,,3
2295460.0,13-08-2026 11:13,06-08-2026 14:04,,,20-08-2026 10:12,,,,,,,,3
2295461.0,13-08-2026 11:10,10-08-2026 10:37,,,,,,,,,,,2
2295462.0,13-08-2026 11:13,06-08-2026 14:03,,,19-08-2026 11:38,,,,,,,,3
2295463.0,13-08-2026 11:13,06-08-2026 14:04,,,20-08-2026 10:12,,,,,,,,3
2295464.0,13-08-2026 11:13,06-08-2026 14:04,,,20-08-2026 10:12,,,,,,,,3
2295465.0,13-08-2026 11:09,10-08-2026 10:50,,,,,,,,,,,2
2295466.0,13-08-2026 11:13,06-08-2026 14:03,,,19-08-2026 11:38,,,,,,,,3
2295467.0,13-08-2026 11:10,10-08-2026 10:37,,,,,,,,,,,2
2295469.0,13-08-2026 11:13,06-08-2026 14:03,,,,,,,,,,,2
2295470.0,13-08-2026 11:13,06-08-2026 14:03,,,19-08-2026 11:38,,,,,,,,3
2295472.0,13-08-2026 11:13,06-08-2026 14:04,,,20-08-2026 10:12,,,,,,,,3
2295473.0,13-08-2026 11:13,06-08-2026 14:03,,,19-08-2026 11:38,,,,,,,,3
2295474.0,13-08-2026 11:13,06-08-2026 14:04,,,20-08-2026 10:12,,,,,,,,3
2295475.0,13-08-2026 11:13,06-08-2026 14:03,,,19-08-2026 11:38,,,,,,,,3
2295476.0,13-08-2026 11:13,06-08-2026 14:04,,,20-08-2026 10:12,,,,,,,,3
2295477.0,13-08-2026 11:13,06-08-2026 14:04,,,20-08-2026 10:12,,,,,,,,3
2295478.0,13-08-2026 11:13,06-08-2026 14:03,,,19-08-2026 11:38,,,,,,,,3
2295479.0,13-08-2026 11:13,06-08-2026 14:04,,,20-08-2026 10:12,,,,,,,,3
2295480.0,13-08-2026 11:13,06-08-2026 14:03,,,19-08-2026 11:38,,,,,,,,3
2295481.0,13-08-2026 11:13,06-08-2026 14:04,,,20-08-2026 10:12,,,,,,,,3
2295482.0,13-08-2026 11:13,06-08-2026 14:03,,,19-08-2026 11:38,,,,,,,,3
2295483.0,13-08-2026 11:13,06-08-2026 14:04,,,20-08-2026 10:12,,,,,,,,3
2295484.0,13-08-2026 11:13,06-08-2026 14:03,,,,,,,,,,,2
2295485.0,13-08-2026 11:13,06-08-2026 14:04,,,20-08-2026 10:12,,,,,,,,3
2295486.0,13-08-2026 11:13,06-08-2026 14:03,,,19-08-2026 11:38,,,,,,,,3
2295487.0,13-08-2026 11:13,06-08-2026 14:04,,,20-08-2026 10:12,,,,,,,,3
2295488.0,13-08-2026 11:13,06-08-2026 14:03,,,19-08-2026 11:38,,,,,,,,3
2295489.0,13-08-2026 11:13,06-08-2026 14:04,,,20-08-2026 10:12,,,,,,,,3
2295490.0,13-08-2026 11:13,06-08-2026 14:03,,,19-08-2026 11:38,,,,,,,,3
2295491.0,13-08-2026 11:10,10-08-2026 10:37,,,,,,,,,,,2
2295492.0,13-08-2026 11:13,06-08-2026 14:04,,,20-08-2026 10:12,,,,,,,,3
2295493.0,13-08-2026 11:13,06-08-2026 14:03,,,19-08-2026 11:38,,,,,,,,3
2295494.0,13-08-2026 11:13,06-08-2026 14:04,,,20-08-2026 10:12,,,,,,,,3
2295495.0,13-08-2026 11:09,10-08-2026 10:50,,,,,,,,,,,2
2295496.0,13-08-2026 11:13,06-08-2026 14:04,,,20-08-2026 10:12,,,,,,,,3
2295497.0,13-08-2026 11:13,06-08-2026 14:03,,,19-08-2026 11:38,,,,,,,,3
2295498.0,13-08-2026 11:13,06-08-2026 14:04,,,20-08-2026 10:12,,,,,,,,3
2295499.0,13-08-2026 11:13,06-08-2026 14:03,,,19-08-2026 11:38,,,,,,,,3
2295500.0,13-08-2026 11:13,06-08-2026 14:04,,,20-08-2026 10:12,,,,,,,,3
2295501.0,13-08-2026 11:13,06-08-2026 14:03,,,19-08-2026 11:38,,,,,,,,3
2295502.0,13-08-2026 11:12,05-08-2026 10:48,,,18-08-2026 10:32,,,,,,,,3
2295503.0,13-08-2026 11:13,06-08-2026 14:03,,,,,,,,,,,2
2295504.0,13-08-2026 11:13,06-08-2026 14:04,,,20-08-2026 10:12,,,,,,,,3
2295505.0,13-08-2026 11:12,05-08-2026 10:48,,,18-08-2026 10:32,,,,,,,,3
2295506.0,13-08-2026 11:09,10-08-2026 10:50,,,,,,,,,,,2
2295507.0,13-08-2026 11:12,05-08-2026 10:48,,,18-08-2026 10:32,,,,,,,,3
2295508.0,13-08-2026 11:13,06-08-2026 14:04,,,20-08-2026 10:12,,,,,,,,3
2295509.0,13-08-2026 11:13,06-08-2026 14:04,,,20-08-2026 10:12,,,,,,,,3
2295510.0,13-08-2026 11:12,05-08-2026 10:48,,,18-08-2026 10:32,,,,,,,,3
2295511.0,13-08-2026 11:10,10-08-2026 10:37,,,,,,,,,,,2
2295512.0,13-08-2026 11:13,06-08-2026 14:04,,,20-08-2026 10:12,,,,,,,,3
2295513.0,13-08-2026 11:12,05-08-2026 10:48,,,18-08-2026 10:32,,,,,,,,3
2295514.0,13-08-2026 11:09,10-08-2026 10:50,,,,,,,,,,,2
2295515.0,13-08-2026 11:10,10-08-2026 10:37,,,,,,,,,,,2
2295516.0,13-08-2026 11:13,06-08-2026 14:04,,,20-08-2026 10:12,,,,,,,,3
2295517.0,13-08-2026 11:12,05-08-2026 10:48,,,18-08-2026 10:32,,,,,,,,3
2295518.0,13-08-2026 11:10,10-08-2026 10:37,,,,,,,,,,,2
2295519.0,13-08-2026 11:13,06-08-2026 14:04,,,20-08-2026 10:12,,,,,,,,3
2295520.0,13-08-2026 11:09,10-08-2026 10:50,,,,,,,,,,,2
2295521.0,13-08-2026 11:12,05-08-2026 10:48,,,18-08-2026 10:32,,,,,,,,3
2295522.0,13-08-2026 11:13,06-08-2026 14:04,,,20-08-2026 10:12,,,,,,,,3
2295523.0,13-08-2026 11:10,10-08-2026 10:37,,,,,,,,,,,2
2295524.0,13-08-2026 11:13,06-08-2026 14:04,,,20-08-2026 10:12,,,,,,,,3
2295525.0,13-08-2026 11:09,10-08-2026 10:50,,,,,,,,,,,2
2295526.0,13-08-2026 11:13,06-08-2026 14:04,,,20-08-2026 10:12,,,,,,,,3
2295527.0,13-08-2026 11:12,05-08-2026 10:48,,,18-08-2026 10:32,,,,,,,,3
2295528.0,13-08-2026 11:11,10-08-2026 10:35,,,20-08-2026 10:12,,,,,,,,3
2295529.0,13-08-2026 11:13,06-08-2026 14:04,,,20-08-2026 10:12,,,,,,,,3
2295530.0,13-08-2026 11:10,10-08-2026 10:37,,,,,,,,,,,2
2295531.0,13-08-2026 11:13,06-08-2026 14:04,,,20-08-2026 10:12,,,,,,,,3
2295532.0,13-08-2026 11:12,05-08-2026 10:48,,,18-08-2026 10:32,,,,,,,,3
2295533.0,13-08-2026 11:09,10-08-2026 10:50,,,,,,,,,,,2
2295534.0,13-08-2026 11:13,06-08-2026 14:04,,,20-08-2026 10:12,,,,,,,,3
2295535.0,13-08-2026 11:13,06-08-2026 14:04,,,20-08-2026 10:12,,,,,,,,3
2295536.0,13-08-2026 11:11,10-08-2026 10:35,,,20-08-2026 10:12,,,,,,,,3
2295537.0,13-08-2026 11:12,05-08-2026 10:48,,,18-08-2026 10:32,,,,,,,,3
2295538.0,13-08-2026 11:11,10-08-2026 10:35,,,20-08-2026 10:12,,,,,,,,3
2295539.0,13-08-2026 11:09,10-08-2026 10:50,,,,,,,,,,,2
2295540.0,13-08-2026 11:11,10-08-2026 10:35,,,20-08-2026 10:12,,,,,,,,3
2295541.0,13-08-2026 11:10,10-08-2026 10:37,,,,,,,,,,,2
2295542.0,13-08-2026 11:12,05-08-2026 10:48,,,18-08-2026 10:32,,,,,,,,3
2295543.0,13-08-2026 11:11,10-08-2026 10:35,,,20-08-2026 10:12,,,,,,,,3
2295544.0,13-08-2026 11:09,10-08-2026 10:50,,,,,,,,,,,2
2295545.0,13-08-2026 11:09,10-08-2026 10:50,,,,,,,,,,,2
2295546.0,13-08-2026 11:12,05-08-2026 10:48,,,18-08-2026 10:32,,,,,,,,3
2295547.0,13-08-2026 11:11,10-08-2026 10:35,,,20-08-2026 10:12,,,,,,,,3
2295548.0,13-08-2026 11:12,05-08-2026 10:48,,,18-08-2026 10:32,,,,,,,,3
2295549.0,13-08-2026 11:09,10-08-2026 10:50,,,,,,,,,,,2
2295550.0,13-08-2026 11:12,05-08-2026 10:48,,,18-08-2026 10:32,,,,,,,,3
2295551.0,13-08-2026 11:11,10-08-2026 10:35,,,20-08-2026 10:12,,,,,,,,3
2295552.0,13-08-2026 11:12,05-08-2026 10:48,,,18-08-2026 10:32,,,,,,,,3
2295553.0,13-08-2026 11:09,10-08-2026 10:50,,,,,,,,,,,2
2295554.0,13-08-2026 11:10,10-08-2026 10:37,,,,,,,,,,,2
2295555.0,13-08-2026 11:11,10-08-2026 10:35,,,20-08-2026 10:12,,,,,,,,3
2295556.0,13-08-2026 11:12,05-08-2026 10:48,,,18-08-2026 10:32,,,,,,,,3
2295557.0,13-08-2026 11:09,10-08-2026 10:50,,,,,,,,,,,2
2295558.0,13-08-2026 11:11,10-08-2026 10:35,,,20-08-2026 10:12,,,,,,,,3
2295559.0,13-08-2026 11:12,05-08-2026 10:48,,,18-08-2026 10:32,,,,,,,,3
2295560.0,13-08-2026 11:10,10-08-2026 10:37,,,,,,,,,,,2
2295561.0,13-08-2026 11:09,10-08-2026 10:50,,,,,,,,,,,2
2295562.0,13-08-2026 11:12,05-08-2026 10:48,,,18-08-2026 10:32,,,,,,,,3
2295563.0,13-08-2026 11:11,10-08-2026 10:35,,,20-08-2026 10:12,,,,,,,,3
2295564.0,13-08-2026 11:09,10-08-2026 10:50,,,,,,,,,,,2
2295565.0,13-08-2026 11:12,05-08-2026 10:48,,,18-08-2026 10:32,,,,,,,,3
2295566.0,13-08-2026 11:09,10-08-2026 10:50,,,,,,,,,,,2
2295567.0,13-08-2026 11:12,05-08-2026 10:48,,,18-08-2026 10:32,,,,,,,,3
2295568.0,13-08-2026 11:12,05-08-2026 10:48,,,18-08-2026 10:32,,,,,,,,3
2295569.0,13-08-2026 11:09,10-08-2026 10:50,,,,,,,,,,,2
2295570.0,13-08-2026 11:11,10-08-2026 10:35,,,20-08-2026 10:12,,,,,,,,3
2295571.0,13-08-2026 11:09,10-08-2026 10:50,,,,,,,,,,,2
2295572.0,13-08-2026 11:11,10-08-2026 10:35,,,20-08-2026 10:12,,,,,,,,3
2295573.0,13-08-2026 11:09,10-08-2026 10:50,,,,,,,,,,,2
2295574.0,13-08-2026 11:11,10-08-2026 10:35,,,20-08-2026 10:12,,,,,,,,3
2295575.0,13-08-2026 11:10,10-08-2026 10:37,,,,,,,,,,,2
2295576.0,13-08-2026 11:09,10-08-2026 10:50,,,,,,,,,,,2
2295577.0,13-08-2026 11:10,10-08-2026 10:37,,,,,,,,,,,2
2295578.0,13-08-2026 11:11,10-08-2026 10:35,,,20-08-2026 10:12,,,,,,,,3
2295579.0,13-08-2026 11:10,10-08-2026 10:37,,,,,,,,,,,2
2295580.0,13-08-2026 11:10,10-08-2026 10:37,,,,,,,,,,,2
2295581.0,13-08-2026 11:11,10-08-2026 10:35,,,20-08-2026 10:12,,,,,,,,3
2295582.0,13-08-2026 11:09,10-08-2026 10:50,,,,,,,,,,,2
2295583.0,13-08-2026 11:11,10-08-2026 10:35,,,20-08-2026 10:12,,,,,,,,3
2295584.0,13-08-2026 11:09,10-08-2026 10:50,,,,,,,,,,,2
2295585.0,13-08-2026 11:11,10-08-2026 10:35,,,20-08-2026 10:12,,,,,,,,3
2295586.0,13-08-2026 11:09,10-08-2026 10:50,,,,,,,,,,,2
2295587.0,13-08-2026 11:11,10-08-2026 10:35,,,20-08-2026 10:12,,,,,,,,3
2295588.0,13-08-2026 11:09,10-08-2026 10:50,,,,,,,,,,,2
2295589.0,13-08-2026 11:11,10-08-2026 10:35,,,20-08-2026 10:12,,,,,,,,3
2295590.0,13-08-2026 11:09,10-08-2026 10:50,,,,,,,,,,,2
2295591.0,13-08-2026 11:09,10-08-2026 10:50,,,,,,,,,,,2
2295592.0,13-08-2026 11:09,10-08-2026 10:50,,,,,,,,,,,2
2295593.0,13-08-2026 11:09,10-08-2026 10:50,,,,,,,,,,,2
2295594.0,13-08-2026 11:09,10-08-2026 10:50,,,,,,,,,,,2
2295595.0,13-08-2026 11:09,10-08-2026 10:50,,,,,,,,,,,2
2295596.0,13-08-2026 11:09,10-08-2026 10:50,,,,,,,,,,,2
2295603.0,13-08-2026 11:10,10-08-2026 10:37,,,,,,,,,,,2
2295604.0,13-08-2026 11:10,10-08-2026 10:37,,,,,,,,,,,2
2295605.0,13-08-2026 11:10,10-08-2026 10:37,,,,,,,,,,,2
2295606.0,13-08-2026 11:10,10-08-2026 10:37,,,,,,,,,,,2
2295607.0,13-08-2026 11:10,10-08-2026 10:37,,,,,,,,,,,2
2295608.0,13-08-2026 11:10,10-08-2026 10:37,,,,,,,,,,,2
2295609.0,13-08-2026 11:10,10-08-2026 10:37,,,,,,,,,,,2
2295610.0,13-08-2026 11:10,10-08-2026 10:37,,,,,,,,,,,2
2295611.0,13-08-2026 11:10,10-08-2026 10:37,,,,,,,,,,,2
2295612.0,13-08-2026 11:10,10-08-2026 10:37,,,,,,,,,,,2
2295613.0,13-08-2026 11:10,10-08-2026 10:37,,,,,,,,,,,2
2295614.0,13-08-2026 11:10,10-08-2026 10:37,,,,,,,,,,,2
2295616.0,13-08-2026 11:10,10-08-2026 10:37,,,,,,,,,,,2
2295617.0,13-08-2026 11:10,10-08-2026 10:37,,,,,,,,,,,2
2295619.0,13-08-2026 11:10,10-08-2026 10:37,,,,,,,,,,,2
2295620.0,13-08-2026 11:10,10-08-2026 10:37,,,,,,,,,,,2
2295621.0,13-08-2026 11:10,10-08-2026 10:37,,,,,,,,,,,2
2295622.0,13-08-2026 11:10,10-08-2026 10:37,,,,,,,,,,,2
2295623.0,13-08-2026 11:10,10-08-2026 10:37,,,,,,,,,,,2
2295624.0,13-08-2026 11:10,10-08-2026 10:37,,,,,,,,,,,2
2295626.0,13-08-2026 11:10,10-08-2026 10:37,,,,,,,,,,,2
2295628.0,13-08-2026 11:10,10-08-2026 10:37,,,,,,,,,,,2
2295629.0,13-08-2026 11:10,10-08-2026 10:37,,,,,,,,,,,2
