ChildID,CLS/RB/Y1/SS2,CLS/RB/Y1/SS1,DLA/Y1/SS1,CLS/Y1/SA/C1/SS4,CLS/Y1/SA/C1/SS3,DLA/Y1/SS2,CLS/Y1/CM/C1/SS5,C2L/RPB/SS1,CLS/Y1/EM/C2/SS7,CLS/Y1/EM/C1/SS6,CLS/Y1/NE/C2/SS13,CLS/Y1/SA/C2/SS8,Total_Sessions_Attended
2248666.0,30-07-2026 12:34,30-07-2026 10:19,,27-07-2026 13:19,22-07-2026 14:17,,03-08-2026 10:27,,18-08-2026 14:25,06-08-2026 12:41,,,7
2248696.0,16-07-2026 12:50,,,27-07-2026 13:19,22-07-2026 14:17,,03-08-2026 10:27,,18-08-2026 14:25,06-08-2026 12:41,,,6
2248698.0,16-07-2026 12:50,30-07-2026 10:19,,27-07-2026 13:19,22-07-2026 14:17,,03-08-2026 10:27,,18-08-2026 14:25,06-08-2026 12:41,,,7
2248700.0,22-07-2026 17:20,16-07-2026 18:43,,27-07-2026 14:27,25-07-2026 15:14,,03-08-2026 17:40,,19-08-2026 14:26,06-08-2026 16:51,,,7
2248701.0,16-07-2026 12:50,,,27-07-2026 13:19,22-07-2026 14:17,,03-08-2026 10:27,,18-08-2026 14:25,06-08-2026 12:41,,,6
2248702.0,16-07-2026 12:50,,,27-07-2026 13:19,22-07-2026 14:17,,03-08-2026 10:27,,18-08-2026 14:25,06-08-2026 12:41,,,6
2248703.0,22-07-2026 17:20,30-07-2026 15:48,,25-08-2026 16:17,24-08-2026 13:38,,03-08-2026 17:40,,19-08-2026 14:26,06-08-2026 16:51,,,7
2248704.0,22-07-2026 17:20,16-07-2026 18:43,,27-07-2026 14:27,25-07-2026 15:14,,03-08-2026 17:40,,19-08-2026 14:26,06-08-2026 16:51,,,7
2248705.0,16-07-2026 12:50,,,27-07-2026 13:19,22-07-2026 14:17,,03-08-2026 10:27,,18-08-2026 14:25,06-08-2026 12:41,,,6
2248708.0,16-07-2026 12:50,,,27-07-2026 13:19,22-07-2026 14:17,,03-08-2026 10:27,,18-08-2026 14:25,06-08-2026 12:41,,,6
2248709.0,22-07-2026 17:20,30-07-2026 15:48,,27-07-2026 14:27,25-07-2026 15:14,,03-08-2026 17:40,,19-08-2026 14:26,06-08-2026 16:51,,,7
2248710.0,27-07-2026 10:29,12-07-2026 00:53,,31-08-2026 10:42,28-07-2026 13:55,,05-08-2026 10:23,,18-08-2026 14:06,07-08-2026 13:25,,,7
2248712.0,16-07-2026 12:50,,,27-07-2026 13:19,22-07-2026 14:17,,03-08-2026 10:27,,18-08-2026 14:25,06-08-2026 12:41,,,6
2248714.0,16-07-2026 12:50,30-07-2026 10:19,,27-07-2026 13:19,22-07-2026 14:17,,25-08-2026 10:45,,18-08-2026 14:25,06-08-2026 12:41,,,7
2248715.0,27-07-2026 10:29,12-07-2026 00:53,,29-07-2026 10:01,28-07-2026 13:55,,05-08-2026 10:23,,18-08-2026 14:06,07-08-2026 13:25,,,7
2248717.0,22-07-2026 17:20,16-07-2026 18:43,,25-08-2026 16:17,25-07-2026 15:14,,03-08-2026 17:40,,19-08-2026 14:26,06-08-2026 16:51,,,7
2248725.0,30-07-2026 12:34,30-07-2026 10:19,,27-07-2026 13:19,22-07-2026 14:17,,03-08-2026 10:27,,,06-08-2026 12:41,,,6
2248726.0,27-07-2026 10:29,28-07-2026 22:20,,29-07-2026 10:01,28-07-2026 13:55,,05-08-2026 10:23,,18-08-2026 14:06,07-08-2026 13:25,,,7
2248728.0,27-07-2026 10:29,28-07-2026 22:20,,29-07-2026 10:01,31-08-2026 10:39,,31-08-2026 11:07,,,07-08-2026 13:25,,,6
2248730.0,30-07-2026 12:34,30-07-2026 10:19,,24-08-2026 10:56,22-07-2026 14:17,,03-08-2026 10:27,,18-08-2026 14:25,06-08-2026 12:41,,,7
2248733.0,16-07-2026 12:50,,,27-07-2026 13:19,22-07-2026 14:17,,03-08-2026 10:27,,18-08-2026 14:25,06-08-2026 12:41,,,6
2248736.0,30-07-2026 12:34,30-07-2026 10:19,,24-08-2026 10:56,22-07-2026 14:17,,03-08-2026 10:27,,18-08-2026 14:25,,,,6
2248738.0,28-07-2026 12:04,28-07-2026 22:20,,29-07-2026 10:01,28-07-2026 13:55,,05-08-2026 10:23,,18-08-2026 14:06,07-08-2026 13:25,,,7
2248741.0,16-07-2026 12:50,30-07-2026 10:19,,27-07-2026 13:19,22-07-2026 14:17,,03-08-2026 10:27,,18-08-2026 14:25,06-08-2026 12:41,,,7
2248744.0,27-07-2026 10:29,12-07-2026 00:53,,29-07-2026 10:01,28-07-2026 13:55,,05-08-2026 10:23,,18-08-2026 14:06,07-08-2026 13:25,,,7
2248780.0,22-07-2026 17:20,16-07-2026 18:43,,27-07-2026 14:27,25-07-2026 15:14,,03-08-2026 17:40,,19-08-2026 14:26,06-08-2026 16:51,,,7
2248782.0,16-07-2026 12:50,30-07-2026 10:19,,27-07-2026 13:19,30-07-2026 11:34,,03-08-2026 10:27,,18-08-2026 14:25,06-08-2026 12:41,,,7
2248783.0,22-07-2026 17:20,16-07-2026 18:43,,27-07-2026 14:27,25-07-2026 15:14,,03-08-2026 17:40,,19-08-2026 14:26,06-08-2026 16:51,,,7
2248784.0,30-07-2026 12:34,30-07-2026 10:19,,27-07-2026 13:19,22-07-2026 14:17,,03-08-2026 10:27,,18-08-2026 14:25,06-08-2026 12:41,,,7
2248786.0,16-07-2026 12:50,30-07-2026 10:19,,27-07-2026 13:19,22-07-2026 14:17,,03-08-2026 10:27,,18-08-2026 14:25,06-08-2026 12:41,,,7
2248787.0,22-07-2026 17:20,16-07-2026 18:43,,27-07-2026 14:27,25-07-2026 15:14,,03-08-2026 17:40,,19-08-2026 14:26,06-08-2026 16:51,,,7
2248789.0,30-07-2026 12:34,,,27-07-2026 13:19,30-07-2026 11:34,,03-08-2026 10:27,,18-08-2026 14:25,06-08-2026 12:41,,,6
2248792.0,22-07-2026 17:20,16-07-2026 18:43,,25-08-2026 16:17,25-07-2026 15:14,,03-08-2026 17:40,,31-08-2026 13:59,06-08-2026 16:51,,,7
2248794.0,22-07-2026 17:20,16-07-2026 18:43,,27-07-2026 14:27,25-07-2026 15:14,,03-08-2026 17:40,,19-08-2026 14:26,06-08-2026 16:51,,,7
2248987.0,22-07-2026 17:20,16-07-2026 18:43,,27-07-2026 14:27,25-07-2026 15:14,,03-08-2026 17:40,,19-08-2026 14:26,06-08-2026 16:51,,,7
2249020.0,27-07-2026 10:29,12-07-2026 00:53,,29-07-2026 10:01,28-07-2026 13:55,,05-08-2026 10:23,,18-08-2026 14:06,07-08-2026 13:25,,,7
2249041.0,29-07-2026 16:26,28-07-2026 22:20,,29-07-2026 10:01,31-08-2026 10:39,,05-08-2026 10:23,,18-08-2026 14:06,07-08-2026 13:25,,,7
2249079.0,30-07-2026 12:34,,,27-07-2026 13:19,30-07-2026 11:34,,03-08-2026 10:27,,18-08-2026 14:25,06-08-2026 12:41,,,6
2249125.0,16-07-2026 12:50,,,27-07-2026 13:19,22-07-2026 14:17,,03-08-2026 10:27,,18-08-2026 14:25,06-08-2026 12:41,,,6
2249128.0,16-07-2026 12:50,,,27-07-2026 13:19,22-07-2026 14:17,,03-08-2026 10:27,,18-08-2026 14:25,06-08-2026 12:41,,,6
2249132.0,16-07-2026 12:50,,,27-07-2026 13:19,22-07-2026 14:17,,03-08-2026 10:27,,18-08-2026 14:25,06-08-2026 12:41,,,6
2249170.0,22-07-2026 17:20,16-07-2026 18:43,,27-07-2026 14:27,25-07-2026 15:14,,03-08-2026 17:40,,19-08-2026 14:26,06-08-2026 16:51,,,7
2249175.0,22-07-2026 17:20,16-07-2026 18:43,,27-07-2026 14:27,25-07-2026 15:14,,03-08-2026 17:40,,19-08-2026 14:26,06-08-2026 16:51,,,7
2249181.0,30-07-2026 15:50,16-07-2026 18:43,,27-07-2026 14:27,25-07-2026 15:14,,03-08-2026 17:40,,19-08-2026 14:26,29-08-2026 14:00,,,7
2249200.0,16-07-2026 12:50,,,27-07-2026 13:19,30-07-2026 11:34,,25-08-2026 10:45,,18-08-2026 14:25,06-08-2026 12:41,,,6
2249207.0,16-07-2026 12:50,30-07-2026 10:19,,27-07-2026 13:19,22-07-2026 14:17,,03-08-2026 10:27,,18-08-2026 14:25,06-08-2026 12:41,,,7
2249213.0,16-07-2026 12:50,,,27-07-2026 13:19,22-07-2026 14:17,,03-08-2026 10:27,,18-08-2026 14:25,06-08-2026 12:41,,,6
2249215.0,22-07-2026 17:20,16-07-2026 18:43,,27-07-2026 14:27,25-07-2026 15:14,,03-08-2026 17:40,,19-08-2026 14:26,06-08-2026 16:51,,,7
2249218.0,30-07-2026 12:34,,,27-07-2026 13:19,22-07-2026 14:17,,03-08-2026 10:27,,18-08-2026 14:25,06-08-2026 12:41,,,6
2249229.0,30-07-2026 15:50,16-07-2026 18:43,,27-07-2026 14:27,24-08-2026 13:38,,03-08-2026 17:40,,19-08-2026 14:26,06-08-2026 16:51,,,7
2249236.0,30-07-2026 12:34,,,27-07-2026 13:19,22-07-2026 14:17,,03-08-2026 10:27,,18-08-2026 14:25,06-08-2026 12:41,,,6
2249239.0,30-07-2026 12:34,30-07-2026 10:19,,27-07-2026 13:19,30-07-2026 11:34,,03-08-2026 10:27,,18-08-2026 14:25,06-08-2026 12:41,,,7
2249244.0,30-07-2026 12:34,30-07-2026 10:19,,24-08-2026 10:56,22-07-2026 14:17,,03-08-2026 10:27,,18-08-2026 14:25,,,,6
2249250.0,22-07-2026 17:20,16-07-2026 18:43,,27-07-2026 14:27,25-07-2026 15:14,,03-08-2026 17:40,,19-08-2026 14:26,06-08-2026 16:51,,,7
2249253.0,16-07-2026 12:50,30-07-2026 10:19,,24-08-2026 10:56,22-07-2026 14:17,,03-08-2026 10:27,,18-08-2026 14:25,06-08-2026 12:41,,,7
2249254.0,22-07-2026 17:20,16-07-2026 18:43,,27-07-2026 14:27,25-07-2026 15:14,,31-08-2026 13:58,,31-08-2026 13:59,06-08-2026 16:51,,,7
2249258.0,30-07-2026 15:50,16-07-2026 18:43,,27-07-2026 14:27,25-07-2026 15:14,,03-08-2026 17:40,,19-08-2026 14:26,06-08-2026 16:51,,,7
2249268.0,22-07-2026 17:20,16-07-2026 18:43,,27-07-2026 14:27,25-07-2026 15:14,,03-08-2026 17:40,,19-08-2026 14:26,06-08-2026 16:51,,,7
2249293.0,16-07-2026 12:50,,,27-07-2026 13:19,22-07-2026 14:17,,03-08-2026 10:27,,18-08-2026 14:25,,,,5
2249299.0,16-07-2026 12:50,30-07-2026 10:19,,27-07-2026 13:19,30-07-2026 11:34,,25-08-2026 10:45,,18-08-2026 14:25,06-08-2026 12:41,,,7
2249308.0,30-07-2026 12:34,30-07-2026 10:19,,27-07-2026 13:19,30-07-2026 11:34,,03-08-2026 10:27,,18-08-2026 14:25,06-08-2026 12:41,,,7
2249309.0,27-07-2026 10:29,28-07-2026 22:20,,29-07-2026 10:01,28-07-2026 13:55,,05-08-2026 10:23,,18-08-2026 14:06,07-08-2026 13:25,,,7
2249313.0,16-07-2026 12:50,,,27-07-2026 13:19,22-07-2026 14:17,,25-08-2026 10:45,,18-08-2026 14:25,,,,5
2249318.0,16-07-2026 12:50,,,27-07-2026 13:19,30-07-2026 11:34,,03-08-2026 10:27,,18-08-2026 14:25,06-08-2026 12:41,,,6
2249323.0,16-07-2026 12:50,30-07-2026 10:19,,27-07-2026 13:19,30-07-2026 11:34,,03-08-2026 10:27,,,,,,5
2249328.0,30-07-2026 12:34,30-07-2026 10:19,,27-07-2026 13:19,30-07-2026 11:34,,03-08-2026 10:27,,18-08-2026 14:25,,,,6
2249334.0,27-07-2026 10:29,28-07-2026 22:20,,29-07-2026 10:01,28-07-2026 13:55,,05-08-2026 10:23,,18-08-2026 14:06,07-08-2026 13:25,,,7
2249345.0,30-07-2026 12:34,30-07-2026 10:19,,,30-07-2026 11:34,,03-08-2026 10:27,,,06-08-2026 12:41,,,5
2249581.0,27-07-2026 12:59,29-07-2026 04:19,,29-07-2026 11:20,28-07-2026 14:17,,03-08-2026 14:26,,20-08-2026 15:16,07-08-2026 14:02,,,7
2249588.0,27-07-2026 12:59,12-07-2026 01:08,,29-07-2026 11:20,28-07-2026 14:17,,03-08-2026 14:26,,20-08-2026 15:16,07-08-2026 14:02,,,7
2249593.0,27-07-2026 12:59,12-07-2026 01:08,,29-07-2026 11:20,28-07-2026 14:17,,03-08-2026 14:26,,20-08-2026 15:16,07-08-2026 14:02,,,7
2249595.0,27-07-2026 12:59,29-07-2026 04:19,,29-08-2026 10:49,28-07-2026 14:17,,03-08-2026 14:26,,20-08-2026 15:16,07-08-2026 14:02,,,7
2249599.0,27-07-2026 12:59,12-07-2026 01:08,,29-07-2026 11:20,28-07-2026 14:17,,03-08-2026 14:26,,20-08-2026 15:16,07-08-2026 14:02,,,7
2249604.0,27-07-2026 12:59,12-07-2026 01:08,,29-07-2026 11:20,28-07-2026 14:17,,03-08-2026 14:26,,20-08-2026 15:16,07-08-2026 14:02,,,7
2249605.0,27-07-2026 12:59,12-07-2026 01:08,,29-07-2026 11:20,28-07-2026 14:17,,03-08-2026 14:26,,20-08-2026 15:16,07-08-2026 14:02,,,7
2249606.0,27-07-2026 12:59,12-07-2026 01:08,,29-07-2026 11:20,28-07-2026 14:17,,03-08-2026 14:26,,20-08-2026 15:16,07-08-2026 14:02,,,7
2249608.0,27-07-2026 12:59,12-07-2026 01:08,,29-07-2026 11:20,28-07-2026 14:17,,03-08-2026 14:26,,20-08-2026 15:16,07-08-2026 14:02,,,7
2249609.0,27-07-2026 12:59,12-07-2026 01:08,,29-07-2026 11:20,28-07-2026 14:17,,,,20-08-2026 15:16,07-08-2026 14:02,,,6
2249610.0,27-07-2026 12:59,12-07-2026 01:08,,29-07-2026 11:20,28-07-2026 14:17,,03-08-2026 14:26,,,07-08-2026 14:02,,,6
2249611.0,29-07-2026 04:39,29-07-2026 04:19,,29-07-2026 11:20,31-08-2026 09:15,,,,,07-08-2026 14:02,,,5
2249612.0,28-07-2026 14:10,28-07-2026 12:29,,29-07-2026 11:20,28-07-2026 14:17,,03-08-2026 14:26,,20-08-2026 15:16,07-08-2026 14:02,,,7
2249614.0,27-07-2026 12:59,29-07-2026 04:19,,29-07-2026 11:20,28-07-2026 14:17,,03-08-2026 14:26,,20-08-2026 15:16,,,,6
2249656.0,30-07-2026 15:50,16-07-2026 18:43,,27-07-2026 14:27,25-07-2026 15:14,,31-08-2026 13:58,,19-08-2026 14:26,06-08-2026 16:51,,,7
2249658.0,19-08-2026 17:04,16-07-2026 18:43,,25-08-2026 16:17,24-08-2026 13:38,,,,19-08-2026 14:26,29-08-2026 14:00,,,6
2249663.0,,16-07-2026 18:43,,,,,,,,,,,1
2249677.0,30-07-2026 12:34,30-07-2026 10:19,,27-07-2026 13:19,30-07-2026 11:34,,03-08-2026 10:27,,18-08-2026 14:25,06-08-2026 12:41,,,7
2249681.0,30-07-2026 12:34,,,27-07-2026 13:19,22-07-2026 14:17,,03-08-2026 10:27,,18-08-2026 14:25,06-08-2026 12:41,,,6
2249683.0,16-07-2026 12:50,30-07-2026 10:19,,27-07-2026 13:19,22-07-2026 14:17,,03-08-2026 10:27,,18-08-2026 14:25,,,,6
2249685.0,27-07-2026 12:59,12-07-2026 01:08,,29-07-2026 11:20,28-07-2026 14:17,,03-08-2026 14:26,,20-08-2026 15:16,07-08-2026 14:02,,,7
2249687.0,16-07-2026 12:50,30-07-2026 10:19,,27-07-2026 13:19,22-07-2026 14:17,,03-08-2026 10:27,,18-08-2026 14:25,06-08-2026 12:41,,,7
2249693.0,16-07-2026 12:50,30-07-2026 10:19,,27-07-2026 13:19,30-07-2026 11:34,,03-08-2026 10:27,,,06-08-2026 12:41,,,6
2249700.0,16-07-2026 17:00,12-07-2026 04:32,,27-07-2026 15:19,22-07-2026 17:38,,03-08-2026 16:36,,19-08-2026 16:55,06-08-2026 15:05,,,7
2249702.0,16-07-2026 17:00,12-07-2026 04:32,,27-07-2026 15:19,22-07-2026 17:38,,03-08-2026 16:36,,19-08-2026 16:55,06-08-2026 15:05,,,7
2249706.0,16-07-2026 17:00,12-07-2026 04:32,,27-07-2026 15:19,22-07-2026 17:38,,27-08-2026 14:39,,31-08-2026 14:05,06-08-2026 15:05,,,7
2249707.0,30-07-2026 12:30,30-07-2026 12:27,,27-07-2026 13:11,22-07-2026 12:59,,04-08-2026 10:20,,,06-08-2026 11:51,,,6
2249708.0,28-07-2026 14:10,12-07-2026 01:08,,29-07-2026 11:20,28-07-2026 14:17,,03-08-2026 14:26,,20-08-2026 15:16,07-08-2026 14:02,,,7
2249711.0,30-07-2026 12:30,,,27-07-2026 13:11,25-08-2026 11:23,,04-08-2026 10:20,,20-08-2026 11:20,06-08-2026 11:51,,,6
2249714.0,16-07-2026 17:00,30-07-2026 16:52,,27-07-2026 15:19,22-07-2026 17:38,,03-08-2026 16:36,,19-08-2026 16:55,06-08-2026 15:05,,,7
2249715.0,27-07-2026 12:59,12-07-2026 01:08,,29-07-2026 11:20,31-08-2026 09:15,,03-08-2026 14:26,,20-08-2026 15:16,07-08-2026 14:02,,,7
2249716.0,30-07-2026 12:30,,,27-07-2026 13:11,,,04-08-2026 10:20,,20-08-2026 11:20,06-08-2026 11:51,,,5
2249718.0,27-07-2026 12:59,12-07-2026 01:08,,29-07-2026 11:20,28-07-2026 14:17,,03-08-2026 14:26,,20-08-2026 15:16,07-08-2026 14:02,,,7
2249721.0,30-07-2026 12:30,,,27-07-2026 13:11,22-07-2026 12:59,,04-08-2026 10:20,,20-08-2026 11:20,06-08-2026 11:51,,,6
2249722.0,16-07-2026 12:50,30-07-2026 10:19,,27-07-2026 13:19,22-07-2026 14:17,,03-08-2026 10:27,,18-08-2026 14:25,,,,6
2249731.0,27-07-2026 12:59,12-07-2026 01:08,,29-07-2026 11:20,28-07-2026 14:17,,,,20-08-2026 15:16,07-08-2026 14:02,,,6
2249736.0,16-07-2026 17:00,30-07-2026 16:52,,27-07-2026 15:19,22-07-2026 17:38,,03-08-2026 16:36,,19-08-2026 16:55,06-08-2026 15:05,,,7
2249742.0,27-08-2026 09:13,25-08-2026 09:48,,29-08-2026 10:49,31-08-2026 09:15,,03-08-2026 14:26,,20-08-2026 15:16,07-08-2026 14:02,,,7
2249746.0,27-07-2026 12:59,29-07-2026 04:19,,29-07-2026 11:20,28-07-2026 14:17,,03-08-2026 14:26,,20-08-2026 15:16,07-08-2026 14:02,,,7
2249751.0,16-07-2026 17:00,30-07-2026 16:52,,27-07-2026 15:19,25-08-2026 15:46,,,,19-08-2026 16:55,06-08-2026 15:05,,,6
2249753.0,16-07-2026 17:00,12-07-2026 04:32,,27-07-2026 15:19,22-07-2026 17:38,,27-08-2026 14:39,,19-08-2026 16:55,06-08-2026 15:05,,,7
2249754.0,27-07-2026 12:59,12-07-2026 01:08,,29-07-2026 11:20,28-07-2026 14:17,,03-08-2026 14:26,,20-08-2026 15:16,07-08-2026 14:02,,,7
2249759.0,16-07-2026 17:00,12-07-2026 04:32,,27-07-2026 15:19,22-07-2026 17:38,,03-08-2026 16:36,,19-08-2026 16:55,06-08-2026 15:05,,,7
2249760.0,27-07-2026 12:59,25-08-2026 09:48,,29-07-2026 11:20,28-07-2026 14:17,,03-08-2026 14:26,,,,,,5
2249762.0,16-07-2026 17:00,12-07-2026 04:32,,27-07-2026 15:19,22-07-2026 17:38,,03-08-2026 16:36,,19-08-2026 16:55,06-08-2026 15:05,,,7
2249763.0,30-07-2026 12:30,,,27-07-2026 13:11,22-07-2026 12:59,,04-08-2026 10:20,,20-08-2026 11:20,06-08-2026 11:51,,,6
2249765.0,16-07-2026 17:00,12-07-2026 04:32,,27-07-2026 15:19,22-07-2026 17:38,,03-08-2026 16:36,,19-08-2026 16:55,06-08-2026 15:05,,,7
2249766.0,16-07-2026 13:44,30-07-2026 12:27,,27-07-2026 13:11,22-07-2026 12:59,,04-08-2026 10:20,,20-08-2026 11:20,06-08-2026 11:51,,,7
2249767.0,27-07-2026 12:59,29-07-2026 04:19,,29-07-2026 11:20,28-07-2026 14:17,,,,20-08-2026 15:16,,,,5
2249771.0,16-07-2026 13:44,30-07-2026 12:27,,27-07-2026 13:11,22-07-2026 12:59,,04-08-2026 10:20,,20-08-2026 11:20,06-08-2026 11:51,,,7
2249773.0,16-07-2026 17:00,12-07-2026 04:32,,27-07-2026 15:19,22-07-2026 17:38,,03-08-2026 16:36,,19-08-2026 16:55,06-08-2026 15:05,,,7
2249774.0,27-07-2026 12:59,12-07-2026 01:08,,29-07-2026 11:20,28-07-2026 14:17,,,,,07-08-2026 14:02,,,5
2249777.0,27-07-2026 12:59,12-07-2026 01:08,,29-07-2026 11:20,28-07-2026 14:17,,03-08-2026 14:26,,20-08-2026 15:16,07-08-2026 14:02,,,7
2249778.0,30-07-2026 12:30,30-07-2026 12:27,,27-07-2026 13:11,22-07-2026 12:59,,04-08-2026 10:20,,20-08-2026 11:20,06-08-2026 11:51,,,7
2249779.0,27-07-2026 12:59,29-07-2026 04:19,,29-07-2026 11:20,28-07-2026 14:17,,03-08-2026 14:26,,,,,,5
2249782.0,27-07-2026 12:59,29-07-2026 04:19,,29-07-2026 11:20,28-07-2026 14:17,,03-08-2026 14:26,,20-08-2026 15:16,,,,6
2249783.0,16-07-2026 17:00,12-07-2026 04:32,,27-07-2026 15:19,22-07-2026 17:38,,03-08-2026 16:36,,19-08-2026 16:55,06-08-2026 15:05,,,7
2249790.0,16-07-2026 17:00,12-07-2026 04:32,,27-07-2026 15:19,22-07-2026 17:38,,03-08-2026 16:36,,19-08-2026 16:55,06-08-2026 15:05,,,7
2249794.0,16-07-2026 17:00,12-07-2026 04:32,,27-07-2026 15:19,22-07-2026 17:38,,03-08-2026 16:36,,19-08-2026 16:55,06-08-2026 15:05,,,7
2249822.0,27-07-2026 12:59,29-07-2026 04:19,,29-07-2026 11:20,31-08-2026 09:15,,03-08-2026 14:26,,20-08-2026 15:16,,,,6
2249827.0,30-07-2026 12:30,30-07-2026 12:27,,27-07-2026 13:11,22-07-2026 12:59,,04-08-2026 10:20,,20-08-2026 11:20,,,,6
2249832.0,28-07-2026 14:10,28-07-2026 12:29,,29-07-2026 11:20,28-07-2026 14:17,,03-08-2026 14:26,,,07-08-2026 14:02,,,6
2249841.0,16-07-2026 13:44,,,27-07-2026 13:11,22-07-2026 12:59,,04-08-2026 10:20,,,06-08-2026 11:51,,,5
2249857.0,27-07-2026 12:59,12-07-2026 01:08,,29-07-2026 11:20,28-07-2026 14:17,,03-08-2026 14:26,,20-08-2026 15:16,07-08-2026 14:02,,,7
2249886.0,16-07-2026 17:00,12-07-2026 04:32,,27-07-2026 15:19,22-07-2026 17:38,,03-08-2026 16:36,,19-08-2026 16:55,06-08-2026 15:05,,,7
2249904.0,16-07-2026 17:00,30-07-2026 16:52,,27-07-2026 15:19,22-07-2026 17:38,,27-08-2026 14:39,,19-08-2026 16:55,,,,6
2249911.0,16-07-2026 17:00,30-07-2026 16:52,,27-07-2026 15:19,22-07-2026 17:38,,27-08-2026 14:39,,19-08-2026 16:55,,,,6
2249919.0,16-07-2026 17:00,12-07-2026 04:32,,27-07-2026 15:19,22-07-2026 17:38,,27-08-2026 14:39,,19-08-2026 16:55,06-08-2026 15:05,,,7
2249925.0,16-07-2026 17:00,12-07-2026 04:32,,27-07-2026 15:19,22-07-2026 17:38,,03-08-2026 16:36,,19-08-2026 16:55,06-08-2026 15:05,,,7
2249930.0,20-08-2026 17:06,12-07-2026 04:32,,27-07-2026 15:19,22-07-2026 17:38,,03-08-2026 16:36,,19-08-2026 16:55,06-08-2026 15:05,,,7
2249932.0,16-07-2026 17:00,12-07-2026 04:32,,27-07-2026 15:19,22-07-2026 17:38,,03-08-2026 16:36,,19-08-2026 16:55,06-08-2026 15:05,,,7
2249982.0,16-07-2026 17:00,12-07-2026 04:32,,27-07-2026 15:19,22-07-2026 17:38,,03-08-2026 16:36,,19-08-2026 16:55,06-08-2026 15:05,,,7
2249986.0,27-07-2026 12:59,12-07-2026 01:08,,29-07-2026 11:20,28-07-2026 14:17,,03-08-2026 14:26,,,07-08-2026 14:02,,,6
2249997.0,16-07-2026 17:00,30-07-2026 16:52,,27-07-2026 15:19,27-08-2026 14:45,,03-08-2026 16:36,,19-08-2026 16:55,06-08-2026 15:05,,,7
2249998.0,27-07-2026 10:29,28-07-2026 22:20,,29-07-2026 10:01,28-07-2026 13:55,,05-08-2026 10:23,,18-08-2026 14:06,07-08-2026 13:25,,,7
2250000.0,27-07-2026 12:59,12-07-2026 01:08,,29-07-2026 11:20,28-07-2026 14:17,,03-08-2026 14:26,,20-08-2026 15:16,07-08-2026 14:02,,,7
2250005.0,16-07-2026 17:00,30-07-2026 16:52,,27-07-2026 15:19,22-07-2026 17:38,,03-08-2026 16:36,,31-08-2026 14:05,06-08-2026 15:05,,,7
2250011.0,16-07-2026 13:44,,,27-07-2026 13:11,22-07-2026 12:59,,04-08-2026 10:20,,20-08-2026 11:20,06-08-2026 11:51,,,6
2250015.0,29-07-2026 16:26,12-07-2026 00:53,,29-07-2026 10:01,28-07-2026 13:55,,05-08-2026 10:23,,18-08-2026 14:06,07-08-2026 13:25,,,7
2250016.0,16-07-2026 17:00,12-07-2026 04:32,,27-07-2026 15:19,22-07-2026 17:38,,03-08-2026 16:36,,19-08-2026 16:55,06-08-2026 15:05,,,7
2250021.0,16-07-2026 13:44,,,27-07-2026 13:11,25-08-2026 11:23,,04-08-2026 10:20,,20-08-2026 11:20,06-08-2026 11:51,,,6
2250023.0,27-07-2026 12:59,12-07-2026 01:08,,29-07-2026 11:20,28-07-2026 14:17,,03-08-2026 14:26,,20-08-2026 15:16,07-08-2026 14:02,,,7
2250026.0,27-07-2026 10:29,28-07-2026 22:20,,29-07-2026 10:01,28-07-2026 13:55,,05-08-2026 10:23,,18-08-2026 14:06,07-08-2026 13:25,,,7
2250033.0,27-07-2026 12:59,29-07-2026 04:19,,29-07-2026 11:20,31-08-2026 09:15,,03-08-2026 14:26,,20-08-2026 15:16,07-08-2026 14:02,,,7
2250040.0,29-07-2026 16:26,12-07-2026 00:53,,29-07-2026 10:01,28-07-2026 13:55,,05-08-2026 10:23,,,07-08-2026 13:25,,,6
2250042.0,28-07-2026 14:10,28-07-2026 12:29,,29-07-2026 11:20,28-07-2026 14:17,,03-08-2026 14:26,,20-08-2026 15:16,,,,6
2250048.0,16-07-2026 13:44,30-07-2026 12:27,,27-07-2026 13:11,25-08-2026 11:23,,04-08-2026 10:20,,20-08-2026 11:20,06-08-2026 11:51,,,7
2250049.0,28-07-2026 14:10,29-07-2026 04:19,,29-07-2026 11:20,28-07-2026 14:17,,03-08-2026 14:26,,20-08-2026 15:16,07-08-2026 14:02,,,7
2250050.0,29-07-2026 16:26,12-07-2026 00:53,,29-07-2026 10:01,28-07-2026 13:55,,05-08-2026 10:23,,18-08-2026 14:06,07-08-2026 13:25,,,7
2250056.0,16-07-2026 13:44,,,27-07-2026 13:11,22-07-2026 12:59,,04-08-2026 10:20,,20-08-2026 11:20,06-08-2026 11:51,,,6
2250059.0,27-07-2026 12:59,12-07-2026 01:08,,29-07-2026 11:20,28-07-2026 14:17,,03-08-2026 14:26,,20-08-2026 15:16,07-08-2026 14:02,,,7
2250067.0,16-07-2026 13:44,30-07-2026 12:27,,27-07-2026 13:11,22-07-2026 12:59,,04-08-2026 10:20,,,06-08-2026 11:51,,,6
2250111.0,27-07-2026 12:59,29-07-2026 04:19,,29-07-2026 11:20,28-07-2026 14:17,,03-08-2026 14:26,,20-08-2026 15:16,07-08-2026 14:02,,,7
2250116.0,28-07-2026 14:10,28-07-2026 12:29,,29-07-2026 11:20,28-07-2026 14:17,,03-08-2026 14:26,,20-08-2026 15:16,07-08-2026 14:02,,,7
2250120.0,28-07-2026 14:10,12-07-2026 01:08,,29-07-2026 11:20,28-07-2026 14:17,,03-08-2026 14:26,,20-08-2026 15:16,07-08-2026 14:02,,,7
2250131.0,28-07-2026 14:10,12-07-2026 01:08,,29-07-2026 11:20,28-07-2026 14:17,,03-08-2026 14:26,,20-08-2026 15:16,07-08-2026 14:02,,,7
2250140.0,28-07-2026 14:10,28-07-2026 12:29,,29-07-2026 11:20,28-07-2026 14:17,,03-08-2026 14:26,,20-08-2026 15:16,07-08-2026 14:02,,,7
2250151.0,27-07-2026 12:59,12-07-2026 01:08,,29-07-2026 11:20,28-07-2026 14:17,,03-08-2026 14:26,,20-08-2026 15:16,,,,6
2250152.0,27-07-2026 10:29,12-07-2026 00:53,,29-07-2026 10:01,28-07-2026 13:55,,05-08-2026 10:23,,18-08-2026 14:06,07-08-2026 13:25,,,7
2250153.0,27-07-2026 10:29,28-07-2026 22:20,,29-07-2026 10:01,28-07-2026 13:55,,05-08-2026 10:23,,18-08-2026 14:06,07-08-2026 13:25,,,7
2250154.0,27-07-2026 12:59,29-07-2026 04:19,,29-07-2026 11:20,31-08-2026 09:15,,03-08-2026 14:26,,20-08-2026 15:16,,,,6
2250155.0,29-07-2026 16:26,12-07-2026 00:53,,29-07-2026 10:01,31-08-2026 10:39,,31-08-2026 11:07,,18-08-2026 14:06,07-08-2026 13:25,,,7
2250162.0,27-07-2026 12:59,12-07-2026 01:08,,29-07-2026 11:20,28-07-2026 14:17,,03-08-2026 14:26,,20-08-2026 15:16,07-08-2026 14:02,,,7
2250163.0,27-07-2026 12:59,29-07-2026 04:19,,29-07-2026 11:20,28-07-2026 14:17,,03-08-2026 14:26,,20-08-2026 15:16,07-08-2026 14:02,,,7
2250164.0,27-07-2026 12:59,29-07-2026 04:19,,29-07-2026 11:20,28-07-2026 14:17,,,,20-08-2026 15:16,07-08-2026 14:02,,,6
2250165.0,27-07-2026 10:29,28-07-2026 22:20,,29-07-2026 10:01,28-07-2026 13:55,,05-08-2026 10:23,,,,,,5
2250167.0,27-07-2026 12:59,29-07-2026 04:19,,29-07-2026 11:20,28-07-2026 14:17,,,,20-08-2026 15:16,07-08-2026 14:02,,,6
2250171.0,27-07-2026 12:59,29-07-2026 04:19,,29-07-2026 11:20,28-07-2026 14:17,,03-08-2026 14:26,,,07-08-2026 14:02,,,6
2250174.0,27-07-2026 10:29,28-07-2026 22:20,,29-07-2026 10:01,28-07-2026 13:55,,31-08-2026 11:07,,18-08-2026 14:06,,,,6
2250176.0,28-07-2026 12:04,28-07-2026 22:20,,29-07-2026 10:01,28-07-2026 13:55,,,,,07-08-2026 13:25,,,5
2250178.0,27-07-2026 10:29,12-07-2026 00:53,,29-07-2026 10:01,28-07-2026 13:55,,05-08-2026 10:23,,18-08-2026 14:06,07-08-2026 13:25,,,7
2250180.0,27-07-2026 10:29,12-07-2026 00:53,,29-07-2026 10:01,28-07-2026 13:55,,05-08-2026 10:23,,18-08-2026 14:06,07-08-2026 13:25,,,7
2250182.0,27-07-2026 10:29,12-07-2026 00:53,,29-07-2026 10:01,28-07-2026 13:55,,05-08-2026 10:23,,18-08-2026 14:06,07-08-2026 13:25,,,7
2250183.0,27-07-2026 10:29,12-07-2026 00:53,,29-07-2026 10:01,28-07-2026 13:55,,05-08-2026 10:23,,18-08-2026 14:06,07-08-2026 13:25,,,7
2250184.0,16-07-2026 13:44,,,27-07-2026 13:11,22-07-2026 12:59,,04-08-2026 10:20,,20-08-2026 11:20,06-08-2026 11:51,,,6
2250185.0,27-07-2026 10:29,12-07-2026 00:53,,29-07-2026 10:01,28-07-2026 13:55,,05-08-2026 10:23,,18-08-2026 14:06,07-08-2026 13:25,,,7
2250186.0,16-07-2026 13:44,,,27-07-2026 13:11,22-07-2026 12:59,,04-08-2026 10:20,,20-08-2026 11:20,06-08-2026 11:51,,,6
2250187.0,27-07-2026 10:29,28-07-2026 22:20,,29-07-2026 10:01,28-07-2026 13:55,,05-08-2026 10:23,,18-08-2026 14:06,07-08-2026 13:25,,,7
2250188.0,30-07-2026 12:30,30-07-2026 12:27,,27-07-2026 13:11,,,04-08-2026 10:20,,,06-08-2026 11:51,,,5
2250189.0,27-07-2026 10:29,12-07-2026 00:53,,29-07-2026 10:01,28-07-2026 13:55,,05-08-2026 10:23,,18-08-2026 14:06,07-08-2026 13:25,,,7
2250192.0,16-07-2026 13:44,,,27-07-2026 13:11,22-07-2026 12:59,,04-08-2026 10:20,,20-08-2026 11:20,,,,5
2250193.0,29-07-2026 16:26,28-07-2026 22:20,,29-07-2026 10:01,,,05-08-2026 10:23,,18-08-2026 14:06,07-08-2026 13:25,,,6
2250194.0,30-07-2026 12:30,,,,25-08-2026 11:23,,,,20-08-2026 11:20,06-08-2026 11:51,,,4
2250195.0,29-07-2026 16:26,12-07-2026 00:53,,29-07-2026 10:01,28-07-2026 13:55,,05-08-2026 10:23,,,07-08-2026 13:25,,,6
2250196.0,16-07-2026 13:44,,,27-07-2026 13:11,22-07-2026 12:59,,04-08-2026 10:20,,20-08-2026 11:20,06-08-2026 11:51,,,6
2250197.0,28-07-2026 12:04,28-07-2026 22:20,,29-07-2026 10:01,31-08-2026 10:39,,05-08-2026 10:23,,18-08-2026 14:06,07-08-2026 13:25,,,7
2250198.0,16-07-2026 13:44,,,27-07-2026 13:11,22-07-2026 12:59,,04-08-2026 10:20,,20-08-2026 11:20,06-08-2026 11:51,,,6
2250199.0,16-07-2026 13:44,,,27-07-2026 13:11,22-07-2026 12:59,,04-08-2026 10:20,,20-08-2026 11:20,06-08-2026 11:51,,,6
2250200.0,30-07-2026 12:30,30-07-2026 12:27,,27-07-2026 13:11,22-07-2026 12:59,,04-08-2026 10:20,,20-08-2026 11:20,06-08-2026 11:51,,,7
2250201.0,16-07-2026 13:44,,,27-07-2026 13:11,22-07-2026 12:59,,04-08-2026 10:20,,20-08-2026 11:20,06-08-2026 11:51,,,6
2250202.0,30-07-2026 12:30,,,27-07-2026 13:11,22-07-2026 12:59,,04-08-2026 10:20,,20-08-2026 11:20,06-08-2026 11:51,,,6
2250203.0,,20-08-2026 12:20,,,25-08-2026 11:23,,,,20-08-2026 11:20,,,,3
2250205.0,16-07-2026 13:44,,,27-07-2026 13:11,22-07-2026 12:59,,04-08-2026 10:20,,20-08-2026 11:20,06-08-2026 11:51,,,6
2250206.0,16-07-2026 13:44,30-07-2026 12:27,,27-07-2026 13:11,22-07-2026 12:59,,04-08-2026 10:20,,20-08-2026 11:20,06-08-2026 11:51,,,7
2250210.0,28-07-2026 12:04,12-07-2026 00:53,,29-07-2026 10:01,28-07-2026 13:55,,05-08-2026 10:23,,18-08-2026 14:06,,,,6
2250211.0,30-07-2026 12:30,30-07-2026 12:27,,27-07-2026 13:11,22-07-2026 12:59,,,,,06-08-2026 11:51,,,5
2250214.0,27-07-2026 10:29,28-07-2026 22:20,,29-07-2026 10:01,28-07-2026 13:55,,05-08-2026 10:23,,18-08-2026 14:06,07-08-2026 13:25,,,7
2250215.0,16-07-2026 13:44,30-07-2026 12:27,,,25-08-2026 11:23,,04-08-2026 10:20,,20-08-2026 11:20,06-08-2026 11:51,,,6
2250218.0,16-07-2026 13:44,,,27-07-2026 13:11,22-07-2026 12:59,,04-08-2026 10:20,,20-08-2026 11:20,06-08-2026 11:51,,,6
2250223.0,16-07-2026 13:44,,,27-07-2026 13:11,22-07-2026 12:59,,04-08-2026 10:20,,,06-08-2026 11:51,,,5
2250226.0,30-07-2026 12:30,,,,25-08-2026 11:23,,,,20-08-2026 11:20,06-08-2026 11:51,,,4
2250230.0,30-07-2026 12:30,30-07-2026 12:27,,27-07-2026 13:11,22-07-2026 12:59,,,,20-08-2026 11:20,,,,5
2250239.0,30-07-2026 12:30,30-07-2026 12:27,,27-07-2026 13:11,22-07-2026 12:59,,04-08-2026 10:20,,20-08-2026 11:20,06-08-2026 11:51,,,7
2250246.0,16-07-2026 13:44,,,27-07-2026 13:11,22-07-2026 12:59,,04-08-2026 10:20,,20-08-2026 11:20,06-08-2026 11:51,,,6
2250255.0,16-07-2026 13:44,30-07-2026 12:27,,27-07-2026 13:11,25-08-2026 11:23,,04-08-2026 10:20,,20-08-2026 11:20,06-08-2026 11:51,,,7
2250265.0,30-07-2026 12:30,,,27-07-2026 13:11,,,,,,06-08-2026 11:51,,,3
2250274.0,27-07-2026 10:29,12-07-2026 00:53,,29-07-2026 10:01,28-07-2026 13:55,,05-08-2026 10:23,,18-08-2026 14:06,07-08-2026 13:25,,,7
2250281.0,27-07-2026 10:29,12-07-2026 00:53,,29-07-2026 10:01,28-07-2026 13:55,,05-08-2026 10:23,,18-08-2026 14:06,07-08-2026 13:25,,,7
2250284.0,27-07-2026 10:29,12-07-2026 00:53,,29-07-2026 10:01,28-07-2026 13:55,,05-08-2026 10:23,,18-08-2026 14:06,07-08-2026 13:25,,,7
2250313.0,15-07-2026 11:51,22-07-2026 09:38,,29-07-2026 10:14,29-07-2026 10:09,,05-08-2026 09:54,,27-08-2026 08:10,12-08-2026 09:35,,,7
2250317.0,15-07-2026 11:51,01-07-2026 11:42,,29-07-2026 10:14,22-07-2026 12:15,,05-08-2026 09:54,,27-08-2026 08:10,12-08-2026 09:35,,,7
2250321.0,15-07-2026 11:51,01-07-2026 11:42,,29-07-2026 10:14,22-07-2026 12:15,,05-08-2026 09:54,,27-08-2026 08:10,12-08-2026 09:35,,,7
2250325.0,15-07-2026 11:51,01-07-2026 11:42,,29-07-2026 10:14,22-07-2026 12:15,,,,27-08-2026 08:10,12-08-2026 09:35,,,6
2250328.0,22-07-2026 09:39,22-07-2026 09:38,,29-07-2026 10:14,29-07-2026 10:09,,05-08-2026 09:54,,27-08-2026 08:10,12-08-2026 09:35,,,7
2250333.0,15-07-2026 11:51,01-07-2026 11:42,,29-07-2026 10:14,22-07-2026 12:15,,05-08-2026 09:54,,27-08-2026 08:10,12-08-2026 09:35,,,7
2250336.0,15-07-2026 11:51,01-07-2026 11:42,,29-07-2026 10:14,22-07-2026 12:15,,05-08-2026 09:54,,27-08-2026 08:10,12-08-2026 09:35,,,7
2250341.0,15-07-2026 11:51,01-07-2026 11:42,,29-07-2026 10:14,22-07-2026 12:15,,05-08-2026 09:54,,27-08-2026 08:10,12-08-2026 09:35,,,7
2250346.0,15-07-2026 11:51,22-07-2026 09:38,,29-07-2026 10:14,22-07-2026 12:15,,,,27-08-2026 08:10,,,,5
2250353.0,15-07-2026 11:51,01-07-2026 11:42,,29-07-2026 10:14,22-07-2026 12:15,,05-08-2026 09:54,,27-08-2026 08:10,12-08-2026 09:35,,,7
2250357.0,22-07-2026 09:39,01-07-2026 11:42,,29-07-2026 10:14,29-07-2026 10:09,,05-08-2026 09:54,,27-08-2026 08:10,12-08-2026 09:35,,,7
2250365.0,15-07-2026 11:51,01-07-2026 11:42,,29-07-2026 10:14,22-07-2026 12:15,,05-08-2026 09:54,,27-08-2026 08:10,12-08-2026 09:35,,,7
2250391.0,14-07-2026 10:45,03-07-2026 11:12,,27-07-2026 10:47,27-07-2026 10:21,,03-08-2026 09:49,,21-08-2026 09:21,14-08-2026 09:31,,,7
2250393.0,15-07-2026 11:51,01-07-2026 11:42,,29-07-2026 10:14,22-07-2026 12:15,,05-08-2026 09:54,,27-08-2026 08:10,12-08-2026 09:35,,,7
2250450.0,15-07-2026 11:51,01-07-2026 11:42,,29-07-2026 10:14,22-07-2026 12:15,,,,27-08-2026 08:10,,,,5
2250451.0,15-07-2026 11:51,01-07-2026 11:42,,29-07-2026 10:14,22-07-2026 12:15,,05-08-2026 09:54,,27-08-2026 08:10,12-08-2026 09:35,,,7
2250453.0,15-07-2026 11:51,01-07-2026 11:42,,29-07-2026 10:14,22-07-2026 12:15,,05-08-2026 09:54,,27-08-2026 08:10,12-08-2026 09:35,,,7
2250454.0,15-07-2026 11:51,01-07-2026 11:42,,29-07-2026 10:14,22-07-2026 12:15,,05-08-2026 09:54,,27-08-2026 08:10,12-08-2026 09:35,,,7
2250456.0,15-07-2026 11:51,22-07-2026 09:38,,29-07-2026 10:14,22-07-2026 12:15,,05-08-2026 09:54,,27-08-2026 08:10,12-08-2026 09:35,,,7
2250460.0,15-07-2026 08:50,01-07-2026 10:38,,29-07-2026 09:30,22-07-2026 09:24,,05-08-2026 09:09,,29-08-2026 10:05,12-08-2026 09:09,,,7
2250461.0,29-07-2026 08:41,29-07-2026 08:40,,29-07-2026 09:30,29-07-2026 09:02,,,,29-08-2026 10:05,12-08-2026 09:09,,,6
2250462.0,15-07-2026 08:50,01-07-2026 10:38,,29-07-2026 09:30,22-07-2026 09:24,,05-08-2026 09:09,,29-08-2026 10:05,12-08-2026 09:09,,,7
2250463.0,15-07-2026 08:50,01-07-2026 10:38,,29-07-2026 09:30,22-07-2026 09:24,,05-08-2026 09:09,,29-08-2026 10:05,12-08-2026 09:09,,,7
2250464.0,15-07-2026 08:50,22-07-2026 08:20,,29-07-2026 09:30,22-07-2026 09:24,,05-08-2026 09:09,,29-08-2026 10:05,12-08-2026 09:09,,,7
2250465.0,15-07-2026 08:50,01-07-2026 10:38,,29-07-2026 09:30,22-07-2026 09:24,,05-08-2026 09:09,,29-08-2026 10:05,12-08-2026 09:09,,,7
2250466.0,15-07-2026 08:50,01-07-2026 10:38,,29-07-2026 09:30,22-07-2026 09:24,,05-08-2026 09:09,,29-08-2026 10:05,12-08-2026 09:09,,,7
2250467.0,15-07-2026 08:50,01-07-2026 10:38,,29-07-2026 09:30,22-07-2026 09:24,,05-08-2026 09:09,,29-08-2026 10:05,12-08-2026 09:09,,,7
2250468.0,15-07-2026 08:50,01-07-2026 10:38,,29-07-2026 09:30,22-07-2026 09:24,,05-08-2026 09:09,,29-08-2026 10:05,12-08-2026 09:09,,,7
2250469.0,15-07-2026 08:50,01-07-2026 10:38,,29-07-2026 09:30,22-07-2026 09:24,,05-08-2026 09:09,,29-08-2026 10:05,12-08-2026 09:09,,,7
2250470.0,15-07-2026 08:50,22-07-2026 08:20,,29-07-2026 09:30,22-07-2026 09:24,,05-08-2026 09:09,,29-08-2026 10:05,12-08-2026 09:09,,,7
2250471.0,15-07-2026 08:50,01-07-2026 10:38,,29-07-2026 09:30,22-07-2026 09:24,,,,29-08-2026 10:05,12-08-2026 09:09,,,6
2250472.0,22-07-2026 08:21,22-07-2026 08:20,,29-07-2026 09:30,22-07-2026 09:24,,05-08-2026 09:09,,29-08-2026 10:05,12-08-2026 09:09,,,7
2250473.0,15-07-2026 08:50,22-07-2026 08:20,,29-07-2026 09:30,22-07-2026 09:24,,05-08-2026 09:09,,29-08-2026 10:05,12-08-2026 09:09,,,7
2250474.0,15-07-2026 08:50,01-07-2026 10:38,,29-07-2026 09:30,22-07-2026 09:24,,05-08-2026 09:09,,29-08-2026 10:05,12-08-2026 09:09,,,7
2250475.0,15-07-2026 08:50,01-07-2026 10:38,,29-07-2026 09:30,22-07-2026 09:24,,05-08-2026 09:09,,29-08-2026 10:05,12-08-2026 09:09,,,7
2250476.0,15-07-2026 08:50,01-07-2026 10:38,,29-07-2026 09:30,22-07-2026 09:24,,05-08-2026 09:09,,29-08-2026 10:05,12-08-2026 09:09,,,7
2250477.0,15-07-2026 08:50,01-07-2026 10:38,,29-07-2026 09:30,22-07-2026 09:24,,,,29-08-2026 10:05,12-08-2026 09:09,,,6
2250478.0,15-07-2026 08:50,22-07-2026 08:20,,29-07-2026 09:30,22-07-2026 09:24,,05-08-2026 09:09,,29-08-2026 10:05,12-08-2026 09:09,,,7
2250479.0,15-07-2026 08:50,01-07-2026 10:38,,29-07-2026 09:30,22-07-2026 09:24,,,,29-08-2026 10:05,12-08-2026 09:09,,,6
2250480.0,22-07-2026 08:21,01-07-2026 10:38,,29-07-2026 09:30,22-07-2026 09:24,,05-08-2026 09:09,,29-08-2026 10:05,12-08-2026 09:09,,,7
2250481.0,15-07-2026 08:50,22-07-2026 08:20,,29-07-2026 09:30,22-07-2026 09:24,,05-08-2026 09:09,,29-08-2026 10:05,12-08-2026 09:09,,,7
2250482.0,15-07-2026 11:51,01-07-2026 11:42,,29-07-2026 10:14,22-07-2026 12:15,,,,27-08-2026 08:10,12-08-2026 09:35,,,6
2250483.0,15-07-2026 11:51,01-07-2026 11:42,,29-07-2026 10:14,22-07-2026 12:15,,05-08-2026 09:54,,27-08-2026 08:10,12-08-2026 09:35,,,7
2250485.0,15-07-2026 11:51,01-07-2026 11:42,,29-07-2026 10:14,22-07-2026 12:15,,05-08-2026 09:54,,27-08-2026 08:10,12-08-2026 09:35,,,7
2250486.0,22-07-2026 09:39,01-07-2026 11:42,,29-07-2026 10:14,29-07-2026 10:09,,05-08-2026 09:54,,27-08-2026 08:10,,,,6
2250487.0,15-07-2026 11:51,01-07-2026 11:42,,29-07-2026 10:14,22-07-2026 12:15,,05-08-2026 09:54,,27-08-2026 08:10,12-08-2026 09:35,,,7
2250489.0,15-07-2026 08:50,01-07-2026 10:38,,29-07-2026 09:30,22-07-2026 09:24,,05-08-2026 09:09,,29-08-2026 10:05,12-08-2026 09:09,,,7
2250490.0,15-07-2026 08:50,01-07-2026 10:38,,29-07-2026 09:30,22-07-2026 09:24,,05-08-2026 09:09,,29-08-2026 10:05,12-08-2026 09:09,,,7
2250491.0,15-07-2026 08:50,01-07-2026 10:38,,29-07-2026 09:30,22-07-2026 09:24,,,,29-08-2026 10:05,12-08-2026 09:09,,,6
2250492.0,15-07-2026 08:50,01-07-2026 10:38,,29-07-2026 09:30,22-07-2026 09:24,,05-08-2026 09:09,,29-08-2026 10:05,12-08-2026 09:09,,,7
2250494.0,15-07-2026 08:50,01-07-2026 10:38,,29-07-2026 09:30,22-07-2026 09:24,,05-08-2026 09:09,,29-08-2026 10:05,,,,6
2250501.0,15-07-2026 11:51,01-07-2026 11:42,,29-07-2026 10:14,22-07-2026 12:15,,,,27-08-2026 08:10,12-08-2026 09:35,,,6
2250502.0,22-07-2026 09:39,01-07-2026 11:42,,29-07-2026 10:14,29-07-2026 10:09,,05-08-2026 09:54,,27-08-2026 08:10,12-08-2026 09:35,,,7
2250503.0,15-07-2026 11:51,01-07-2026 11:42,,29-07-2026 10:14,22-07-2026 12:15,,05-08-2026 09:54,,27-08-2026 08:10,12-08-2026 09:35,,,7
2250504.0,15-07-2026 11:51,01-07-2026 11:42,,29-07-2026 10:14,22-07-2026 12:15,,05-08-2026 09:54,,27-08-2026 08:10,12-08-2026 09:35,,,7
2250506.0,15-07-2026 08:50,01-07-2026 10:38,,29-07-2026 09:30,22-07-2026 09:24,,05-08-2026 09:09,,29-08-2026 10:05,12-08-2026 09:09,,,7
2250507.0,15-07-2026 08:50,22-07-2026 08:20,,29-07-2026 09:30,22-07-2026 09:24,,05-08-2026 09:09,,29-08-2026 10:05,12-08-2026 09:09,,,7
2250508.0,15-07-2026 08:50,01-07-2026 10:38,,29-07-2026 09:30,22-07-2026 09:24,,05-08-2026 09:09,,29-08-2026 10:05,12-08-2026 09:09,,,7
2250509.0,22-07-2026 08:21,01-07-2026 10:38,,29-07-2026 09:30,22-07-2026 09:24,,05-08-2026 09:09,,29-08-2026 10:05,12-08-2026 09:09,,,7
2250510.0,15-07-2026 08:50,01-07-2026 10:38,,29-07-2026 09:30,22-07-2026 09:24,,05-08-2026 09:09,,29-08-2026 10:05,12-08-2026 09:09,,,7
2250511.0,22-07-2026 08:21,22-07-2026 08:20,,29-07-2026 09:30,22-07-2026 09:24,,05-08-2026 09:09,,29-08-2026 10:05,12-08-2026 09:09,,,7
2250512.0,15-07-2026 08:50,01-07-2026 10:38,,29-07-2026 09:30,22-07-2026 09:24,,05-08-2026 09:09,,29-08-2026 10:05,12-08-2026 09:09,,,7
2250513.0,15-07-2026 08:50,01-07-2026 10:38,,29-07-2026 09:30,22-07-2026 09:24,,05-08-2026 09:09,,29-08-2026 10:05,12-08-2026 09:09,,,7
2250514.0,15-07-2026 08:50,01-07-2026 10:38,,29-07-2026 09:30,22-07-2026 09:24,,,,29-08-2026 10:05,,,,5
2250515.0,15-07-2026 08:50,01-07-2026 10:38,,29-07-2026 09:30,22-07-2026 09:24,,05-08-2026 09:09,,29-08-2026 10:05,12-08-2026 09:09,,,7
2250516.0,15-07-2026 08:50,01-07-2026 10:38,,29-07-2026 09:30,22-07-2026 09:24,,,,29-08-2026 10:05,12-08-2026 09:09,,,6
2250517.0,22-07-2026 09:39,01-07-2026 11:42,,29-07-2026 10:14,22-07-2026 12:15,,,,27-08-2026 08:10,12-08-2026 09:35,,,6
2250518.0,22-07-2026 09:39,22-07-2026 09:38,,29-07-2026 10:14,22-07-2026 12:15,,05-08-2026 09:54,,27-08-2026 08:10,12-08-2026 09:35,,,7
2250519.0,15-07-2026 11:51,01-07-2026 11:42,,29-07-2026 10:14,22-07-2026 12:15,,05-08-2026 09:54,,27-08-2026 08:10,12-08-2026 09:35,,,7
2250520.0,15-07-2026 11:51,01-07-2026 11:42,,29-07-2026 10:14,22-07-2026 12:15,,05-08-2026 09:54,,27-08-2026 08:10,,,,6
2250521.0,15-07-2026 11:51,22-07-2026 09:38,,29-07-2026 10:14,22-07-2026 12:15,,05-08-2026 09:54,,27-08-2026 08:10,12-08-2026 09:35,,,7
2250522.0,22-07-2026 09:39,22-07-2026 09:38,,29-07-2026 10:14,22-07-2026 12:15,,05-08-2026 09:54,,27-08-2026 08:10,12-08-2026 09:35,,,7
2250524.0,15-07-2026 11:51,01-07-2026 11:42,,29-07-2026 10:14,22-07-2026 12:15,,05-08-2026 09:54,,27-08-2026 08:10,12-08-2026 09:35,,,7
2250525.0,15-07-2026 11:51,01-07-2026 11:42,,29-07-2026 10:14,22-07-2026 12:15,,05-08-2026 09:54,,27-08-2026 08:10,12-08-2026 09:35,,,7
2250526.0,15-07-2026 11:51,22-07-2026 09:38,,29-07-2026 10:14,29-07-2026 10:09,,05-08-2026 09:54,,27-08-2026 08:10,12-08-2026 09:35,,,7
2250527.0,22-07-2026 09:39,01-07-2026 11:42,,29-07-2026 10:14,22-07-2026 12:15,,,,27-08-2026 08:10,12-08-2026 09:35,,,6
2250531.0,14-07-2026 10:45,03-07-2026 11:12,,27-07-2026 10:47,27-07-2026 10:21,,03-08-2026 09:49,,21-08-2026 09:21,14-08-2026 09:31,,,7
2250534.0,14-07-2026 10:45,13-07-2026 10:13,,27-07-2026 10:47,27-07-2026 10:21,,03-08-2026 09:49,,21-08-2026 09:21,17-08-2026 09:39,,,7
2250603.0,14-07-2026 10:45,03-07-2026 11:12,,27-07-2026 10:47,27-07-2026 10:21,,17-08-2026 09:38,,21-08-2026 09:21,14-08-2026 09:31,,,7
2250607.0,27-07-2026 09:30,03-07-2026 11:12,,27-07-2026 10:47,27-07-2026 10:21,,03-08-2026 09:49,,21-08-2026 09:21,14-08-2026 09:31,,,7
2250619.0,14-07-2026 10:45,03-07-2026 11:12,,27-07-2026 10:47,27-07-2026 10:21,,03-08-2026 09:49,,21-08-2026 09:21,14-08-2026 09:31,,,7
2250622.0,14-07-2026 10:45,03-07-2026 11:12,,27-07-2026 10:47,27-07-2026 10:21,,03-08-2026 09:49,,21-08-2026 09:21,14-08-2026 09:31,,,7
2250624.0,14-07-2026 10:45,03-07-2026 11:12,,27-07-2026 10:47,27-07-2026 10:21,,03-08-2026 09:49,,21-08-2026 09:21,14-08-2026 09:31,,,7
2250625.0,14-07-2026 10:45,03-07-2026 11:12,,27-07-2026 10:47,27-07-2026 10:21,,03-08-2026 09:49,,21-08-2026 09:21,14-08-2026 09:31,,,7
2250627.0,14-07-2026 10:45,03-07-2026 11:12,,27-07-2026 10:47,27-07-2026 10:21,,03-08-2026 09:49,,21-08-2026 09:21,14-08-2026 09:31,,,7
2250628.0,14-07-2026 10:45,03-07-2026 11:12,,27-07-2026 10:47,27-07-2026 10:21,,03-08-2026 09:49,,21-08-2026 09:21,17-08-2026 09:39,,,7
2250629.0,14-07-2026 10:45,03-07-2026 11:12,,27-07-2026 10:47,27-07-2026 10:21,,03-08-2026 09:49,,21-08-2026 09:21,14-08-2026 09:31,,,7
2250630.0,14-07-2026 10:45,03-07-2026 11:12,,27-07-2026 10:47,27-07-2026 10:21,,03-08-2026 09:49,,24-08-2026 11:30,14-08-2026 09:31,,,7
2250631.0,14-07-2026 10:45,03-07-2026 11:12,,27-07-2026 10:47,27-07-2026 10:21,,03-08-2026 09:49,,21-08-2026 09:21,14-08-2026 09:31,,,7
2250632.0,27-07-2026 09:30,13-07-2026 10:13,,27-07-2026 10:47,27-07-2026 10:21,,03-08-2026 09:49,,21-08-2026 09:21,14-08-2026 09:31,,,7
2250633.0,14-07-2026 10:45,03-07-2026 11:12,,27-07-2026 10:47,27-07-2026 10:21,,03-08-2026 09:49,,21-08-2026 09:21,17-08-2026 09:39,,,7
2250634.0,27-07-2026 09:30,13-07-2026 10:13,,27-07-2026 10:47,27-07-2026 10:21,,17-08-2026 09:38,,21-08-2026 09:21,14-08-2026 09:31,,,7
2250635.0,14-07-2026 10:45,27-07-2026 09:15,,27-07-2026 10:47,27-07-2026 10:21,,03-08-2026 09:49,,21-08-2026 09:21,17-08-2026 09:39,,,7
2250636.0,14-07-2026 10:45,03-07-2026 11:12,,27-07-2026 10:47,27-07-2026 10:21,,03-08-2026 09:49,,21-08-2026 09:21,14-08-2026 09:31,,,7
2250637.0,14-07-2026 10:45,13-07-2026 10:13,,27-07-2026 10:47,27-07-2026 10:21,,03-08-2026 09:49,,21-08-2026 09:21,14-08-2026 09:31,,,7
2250639.0,14-07-2026 10:45,03-07-2026 11:12,,27-07-2026 10:47,27-07-2026 10:21,,03-08-2026 09:49,,21-08-2026 09:21,14-08-2026 09:31,,,7
2250640.0,14-07-2026 10:45,03-07-2026 11:12,,27-07-2026 10:47,27-07-2026 10:21,,03-08-2026 09:49,,21-08-2026 09:21,14-08-2026 09:31,,,7
2250641.0,14-07-2026 10:45,13-07-2026 10:13,,27-07-2026 10:47,27-07-2026 10:21,,17-08-2026 09:38,,21-08-2026 09:21,14-08-2026 09:31,,,7
2250642.0,14-07-2026 10:45,03-07-2026 11:12,,27-07-2026 10:47,27-07-2026 10:21,,03-08-2026 09:49,,21-08-2026 09:21,14-08-2026 09:31,,,7
2250643.0,14-07-2026 10:45,03-07-2026 11:12,,27-07-2026 10:47,27-07-2026 10:21,,03-08-2026 09:49,,21-08-2026 09:21,14-08-2026 09:31,,,7
2250644.0,14-07-2026 10:45,03-07-2026 11:12,,27-07-2026 10:47,27-07-2026 10:21,,03-08-2026 09:49,,21-08-2026 09:21,14-08-2026 09:31,,,7
2250646.0,14-07-2026 10:45,03-07-2026 11:12,,27-07-2026 10:47,27-07-2026 10:21,,03-08-2026 09:49,,21-08-2026 09:21,14-08-2026 09:31,,,7
2250732.0,10-07-2026 10:08,,,31-07-2026 17:38,24-07-2026 09:45,,07-08-2026 11:29,,21-08-2026 09:58,14-08-2026 10:44,,,6
2250733.0,10-07-2026 10:08,,,31-07-2026 17:38,24-07-2026 09:45,,07-08-2026 11:29,,21-08-2026 09:58,14-08-2026 10:44,,,6
2250735.0,10-07-2026 10:08,,,31-07-2026 17:38,24-07-2026 09:45,,07-08-2026 11:29,,21-08-2026 09:58,14-08-2026 10:44,,,6
2250737.0,24-07-2026 09:51,,,31-07-2026 17:38,24-07-2026 09:45,,07-08-2026 11:29,,21-08-2026 09:58,14-08-2026 10:44,,,6
2250739.0,10-07-2026 10:08,,,31-07-2026 17:38,24-07-2026 09:45,,07-08-2026 11:29,,29-08-2026 09:29,14-08-2026 10:44,,,6
2250742.0,10-07-2026 10:08,,,31-07-2026 17:38,24-07-2026 09:45,,07-08-2026 11:29,,21-08-2026 09:58,14-08-2026 10:44,,,6
2250746.0,24-07-2026 09:51,,,31-07-2026 17:38,24-07-2026 09:45,,07-08-2026 11:29,,21-08-2026 09:58,14-08-2026 10:44,,,6
2250749.0,24-07-2026 09:51,,,31-07-2026 17:38,24-07-2026 09:45,,07-08-2026 11:29,,21-08-2026 09:58,14-08-2026 10:44,,,6
2250751.0,10-07-2026 10:08,,,31-07-2026 17:38,24-07-2026 09:45,,07-08-2026 11:29,,21-08-2026 09:58,14-08-2026 10:44,,,6
2250754.0,10-07-2026 10:08,,,31-07-2026 17:38,24-07-2026 09:45,,07-08-2026 11:29,,29-08-2026 09:29,14-08-2026 10:44,,,6
2250756.0,10-07-2026 10:08,,,31-07-2026 17:38,24-07-2026 09:45,,07-08-2026 11:29,,29-08-2026 09:29,14-08-2026 10:44,,,6
2250760.0,10-07-2026 10:08,,,31-07-2026 17:38,24-07-2026 09:45,,,,21-08-2026 09:58,14-08-2026 10:44,,,5
2250761.0,10-07-2026 10:08,,,31-07-2026 17:38,24-07-2026 09:45,,07-08-2026 11:29,,21-08-2026 09:58,14-08-2026 10:44,,,6
2250762.0,10-07-2026 10:08,,,31-07-2026 17:38,24-07-2026 09:45,,07-08-2026 11:29,,21-08-2026 09:58,14-08-2026 10:44,,,6
2250764.0,24-07-2026 09:51,,,31-07-2026 17:38,24-07-2026 09:45,,07-08-2026 11:29,,21-08-2026 09:58,,,,5
2250774.0,14-07-2026 09:53,28-07-2026 10:02,,28-07-2026 11:53,21-07-2026 10:01,,04-08-2026 09:26,,25-08-2026 11:50,11-08-2026 09:27,,,7
2250775.0,28-07-2026 10:03,03-07-2026 11:33,,28-07-2026 11:53,21-07-2026 10:01,,04-08-2026 09:26,,,11-08-2026 09:27,,,6
2250776.0,14-07-2026 09:53,03-07-2026 11:33,,28-07-2026 11:53,21-07-2026 10:01,,04-08-2026 09:26,,25-08-2026 11:50,11-08-2026 09:27,,,7
2250777.0,14-07-2026 09:53,28-07-2026 10:02,,28-07-2026 11:53,21-07-2026 10:01,,04-08-2026 09:26,,25-08-2026 11:50,,,,6
2250778.0,14-07-2026 09:53,28-07-2026 10:02,,28-07-2026 11:53,21-07-2026 10:01,,,,25-08-2026 11:50,11-08-2026 09:27,,,6
2250779.0,28-07-2026 10:03,03-07-2026 11:33,,28-07-2026 11:53,21-07-2026 10:01,,04-08-2026 09:26,,25-08-2026 11:50,11-08-2026 09:27,,,7
2250780.0,14-07-2026 09:53,03-07-2026 11:33,,28-07-2026 11:53,28-07-2026 11:26,,04-08-2026 09:26,,25-08-2026 11:50,11-08-2026 09:27,,,7
2250781.0,28-07-2026 10:03,03-07-2026 11:33,,28-07-2026 11:53,21-07-2026 10:01,,04-08-2026 09:26,,25-08-2026 11:50,11-08-2026 09:27,,,7
2250782.0,14-07-2026 09:53,28-07-2026 10:02,,28-07-2026 11:53,28-07-2026 11:26,,04-08-2026 09:26,,25-08-2026 11:50,,,,6
2250783.0,14-07-2026 09:53,03-07-2026 11:33,,28-07-2026 11:53,21-07-2026 10:01,,04-08-2026 09:26,,25-08-2026 11:50,11-08-2026 09:27,,,7
2250784.0,14-07-2026 09:53,03-07-2026 11:33,,28-07-2026 11:53,28-07-2026 11:26,,04-08-2026 09:26,,25-08-2026 11:50,11-08-2026 09:27,,,7
2250785.0,14-07-2026 09:53,03-07-2026 11:33,,28-07-2026 11:53,28-07-2026 11:26,,04-08-2026 09:26,,25-08-2026 11:50,11-08-2026 09:27,,,7
2250786.0,14-07-2026 09:53,03-07-2026 11:33,,28-07-2026 11:53,21-07-2026 10:01,,,,25-08-2026 11:50,11-08-2026 09:27,,,6
2250787.0,14-07-2026 09:53,03-07-2026 11:33,,28-07-2026 11:53,21-07-2026 10:01,,04-08-2026 09:26,,25-08-2026 11:50,11-08-2026 09:27,,,7
2250798.0,14-07-2026 12:28,01-07-2026 14:12,,28-07-2026 12:32,21-07-2026 11:11,,,,24-08-2026 10:53,11-08-2026 11:40,,,6
2250801.0,14-07-2026 12:28,01-07-2026 14:12,,28-07-2026 12:32,21-07-2026 11:11,,04-08-2026 12:09,,24-08-2026 10:53,11-08-2026 11:40,,,7
2250804.0,14-07-2026 12:28,01-07-2026 14:12,,28-07-2026 12:32,21-07-2026 11:11,,04-08-2026 12:09,,,11-08-2026 11:40,,,6
2250807.0,14-07-2026 12:28,01-07-2026 14:12,,28-07-2026 12:32,21-07-2026 11:11,,04-08-2026 12:09,,24-08-2026 10:53,11-08-2026 11:40,,,7
2250808.0,14-07-2026 12:28,01-07-2026 14:12,,28-07-2026 12:32,21-07-2026 11:11,,04-08-2026 12:09,,24-08-2026 10:53,11-08-2026 11:40,,,7
2250809.0,14-07-2026 12:28,01-07-2026 14:12,,28-07-2026 12:32,28-07-2026 11:27,,04-08-2026 12:09,,24-08-2026 10:53,,,,6
2250835.0,14-07-2026 12:28,01-07-2026 14:12,,28-07-2026 12:32,21-07-2026 11:11,,04-08-2026 12:09,,24-08-2026 10:53,11-08-2026 11:40,,,7
2250837.0,14-07-2026 12:28,01-07-2026 14:12,,28-07-2026 12:32,28-07-2026 11:27,,04-08-2026 12:09,,24-08-2026 10:53,11-08-2026 11:40,,,7
2250843.0,14-07-2026 12:28,01-07-2026 14:12,,28-07-2026 12:32,21-07-2026 11:11,,04-08-2026 12:09,,24-08-2026 10:53,11-08-2026 11:40,,,7
2250847.0,14-07-2026 12:28,28-07-2026 10:58,,28-07-2026 12:32,21-07-2026 11:11,,04-08-2026 12:09,,24-08-2026 10:53,11-08-2026 11:40,,,7
2250848.0,24-07-2026 09:51,,,31-07-2026 17:38,24-07-2026 09:45,,07-08-2026 11:29,,21-08-2026 09:58,14-08-2026 10:44,,,6
2250852.0,10-07-2026 10:08,,,31-07-2026 17:38,24-07-2026 09:45,,07-08-2026 11:29,,21-08-2026 09:58,,,,5
2250855.0,10-07-2026 10:08,,,31-07-2026 17:38,24-07-2026 09:45,,,,21-08-2026 09:58,14-08-2026 10:44,,,5
2250857.0,10-07-2026 10:08,,,31-07-2026 17:38,24-07-2026 09:45,,07-08-2026 11:29,,21-08-2026 09:58,14-08-2026 10:44,,,6
2250858.0,10-07-2026 10:08,,,31-07-2026 17:38,24-07-2026 09:45,,07-08-2026 11:29,,21-08-2026 09:58,14-08-2026 10:44,,,6
2250859.0,10-07-2026 10:08,,,31-07-2026 17:38,24-07-2026 09:45,,07-08-2026 11:29,,21-08-2026 09:58,14-08-2026 10:44,,,6
2250860.0,10-07-2026 10:08,,,31-07-2026 17:38,24-07-2026 09:45,,,,21-08-2026 09:58,14-08-2026 10:44,,,5
2250861.0,10-07-2026 10:08,,,31-07-2026 17:38,24-07-2026 09:45,,07-08-2026 11:29,,29-08-2026 09:29,14-08-2026 10:44,,,6
2250862.0,10-07-2026 10:08,,,31-07-2026 17:38,24-07-2026 09:45,,07-08-2026 11:29,,29-08-2026 09:29,14-08-2026 10:44,,,6
2250863.0,10-07-2026 10:08,,,31-07-2026 17:38,24-07-2026 09:45,,07-08-2026 11:29,,21-08-2026 09:58,,,,5
2250864.0,24-07-2026 09:51,24-07-2026 09:44,,31-07-2026 17:38,24-07-2026 09:45,,,,21-08-2026 09:58,14-08-2026 10:44,,,6
2250866.0,24-07-2026 09:51,,,31-07-2026 17:38,24-07-2026 09:45,,07-08-2026 11:29,,21-08-2026 09:58,14-08-2026 10:44,,,6
2250867.0,10-07-2026 10:08,,,31-07-2026 17:38,24-07-2026 09:45,,,,21-08-2026 09:58,14-08-2026 10:44,,,5
2250868.0,14-07-2026 12:28,01-07-2026 14:12,,28-07-2026 12:32,21-07-2026 11:11,,04-08-2026 12:09,,24-08-2026 10:53,11-08-2026 11:40,,,7
2250869.0,10-07-2026 10:08,,,31-07-2026 17:38,24-07-2026 09:45,,07-08-2026 11:29,,21-08-2026 09:58,14-08-2026 10:44,,,6
2250870.0,14-07-2026 12:28,01-07-2026 14:12,,28-07-2026 12:32,28-07-2026 11:27,,,,24-08-2026 10:53,11-08-2026 11:40,,,6
2250872.0,10-07-2026 10:08,24-07-2026 09:44,,31-07-2026 17:38,24-07-2026 09:45,,07-08-2026 11:29,,21-08-2026 09:58,14-08-2026 10:44,,,7
2250873.0,14-07-2026 12:28,01-07-2026 14:12,,28-07-2026 12:32,21-07-2026 11:11,,04-08-2026 12:09,,24-08-2026 10:53,11-08-2026 11:40,,,7
2250875.0,14-07-2026 12:28,01-07-2026 14:12,,28-07-2026 12:32,21-07-2026 11:11,,04-08-2026 12:09,,24-08-2026 10:53,11-08-2026 11:40,,,7
2250879.0,14-07-2026 12:28,28-07-2026 10:58,,28-07-2026 12:32,21-07-2026 11:11,,04-08-2026 12:09,,24-08-2026 10:53,11-08-2026 11:40,,,7
2250881.0,14-07-2026 12:28,01-07-2026 14:12,,28-07-2026 12:32,21-07-2026 11:11,,04-08-2026 12:09,,24-08-2026 10:53,11-08-2026 11:40,,,7
2250886.0,10-07-2026 10:08,,,31-07-2026 17:38,24-07-2026 09:45,,07-08-2026 11:29,,29-08-2026 09:29,14-08-2026 10:44,,,6
2250888.0,10-07-2026 10:08,,,31-07-2026 17:38,24-07-2026 09:45,,07-08-2026 11:29,,21-08-2026 09:58,14-08-2026 10:44,,,6
2250889.0,10-07-2026 10:08,,,31-07-2026 17:38,24-07-2026 09:45,,07-08-2026 11:29,,29-08-2026 09:29,14-08-2026 10:44,,,6
2250890.0,28-07-2026 10:58,28-07-2026 10:58,,28-07-2026 12:32,28-07-2026 11:27,,04-08-2026 12:09,,24-08-2026 10:53,11-08-2026 11:40,,,7
2250892.0,10-07-2026 10:08,,,31-07-2026 17:38,24-07-2026 09:45,,07-08-2026 11:29,,21-08-2026 09:58,14-08-2026 10:44,,,6
2250893.0,24-07-2026 09:51,24-07-2026 09:44,,31-07-2026 17:38,24-07-2026 09:45,,07-08-2026 11:29,,21-08-2026 09:58,14-08-2026 10:44,,,7
2250894.0,14-07-2026 12:28,01-07-2026 14:12,,28-07-2026 12:32,21-07-2026 11:11,,04-08-2026 12:09,,24-08-2026 10:53,11-08-2026 11:40,,,7
2250896.0,10-07-2026 10:08,,,31-07-2026 17:38,24-07-2026 09:45,,07-08-2026 11:29,,29-08-2026 09:29,14-08-2026 10:44,,,6
2250898.0,24-07-2026 09:51,,,31-07-2026 17:38,24-07-2026 09:45,,07-08-2026 11:29,,21-08-2026 09:58,14-08-2026 10:44,,,6
2250899.0,10-07-2026 10:08,,,31-07-2026 17:38,24-07-2026 09:45,,,,21-08-2026 09:58,14-08-2026 10:44,,,5
2250900.0,14-07-2026 12:28,01-07-2026 14:12,,28-07-2026 12:32,21-07-2026 11:11,,04-08-2026 12:09,,24-08-2026 10:53,11-08-2026 11:40,,,7
2250901.0,10-07-2026 10:08,,,31-07-2026 17:38,24-07-2026 09:45,,07-08-2026 11:29,,21-08-2026 09:58,14-08-2026 10:44,,,6
2250902.0,10-07-2026 10:08,,,31-07-2026 17:38,24-07-2026 09:45,,07-08-2026 11:29,,29-08-2026 09:29,,,,5
2250903.0,14-07-2026 12:28,01-07-2026 14:12,,28-07-2026 12:32,21-07-2026 11:11,,04-08-2026 12:09,,24-08-2026 10:53,,,,6
2250905.0,14-07-2026 12:28,01-07-2026 14:12,,28-07-2026 12:32,21-07-2026 11:11,,04-08-2026 12:09,,24-08-2026 10:53,11-08-2026 11:40,,,7
2250906.0,10-07-2026 10:08,,,31-07-2026 17:38,24-07-2026 09:45,,07-08-2026 11:29,,21-08-2026 09:58,14-08-2026 10:44,,,6
2250907.0,24-07-2026 09:51,,,31-07-2026 17:38,24-07-2026 09:45,,07-08-2026 11:29,,21-08-2026 09:58,14-08-2026 10:44,,,6
2250908.0,31-07-2026 10:45,31-07-2026 10:45,,31-07-2026 17:38,31-07-2026 10:45,,07-08-2026 11:29,,21-08-2026 09:58,14-08-2026 10:44,,,7
2250909.0,14-07-2026 12:28,01-07-2026 14:12,,28-07-2026 12:32,21-07-2026 11:11,,04-08-2026 12:09,,24-08-2026 10:53,11-08-2026 11:40,,,7
2250911.0,10-07-2026 10:08,,,31-07-2026 17:38,24-07-2026 09:45,,07-08-2026 11:29,,29-08-2026 09:29,14-08-2026 10:44,,,6
2250912.0,14-07-2026 12:28,01-07-2026 14:12,,28-07-2026 12:32,21-07-2026 11:11,,04-08-2026 12:09,,24-08-2026 10:53,11-08-2026 11:40,,,7
2250914.0,10-07-2026 10:08,,,31-07-2026 17:38,24-07-2026 09:45,,07-08-2026 11:29,,29-08-2026 09:29,14-08-2026 10:44,,,6
2250915.0,24-07-2026 09:51,24-07-2026 09:44,,31-07-2026 17:38,24-07-2026 09:45,,07-08-2026 11:29,,21-08-2026 09:58,14-08-2026 10:44,,,7
2250917.0,28-07-2026 10:58,01-07-2026 14:12,,28-07-2026 12:32,28-07-2026 11:27,,04-08-2026 12:09,,24-08-2026 10:53,11-08-2026 11:40,,,7
2250918.0,10-07-2026 10:08,,,31-07-2026 17:38,24-07-2026 09:45,,07-08-2026 11:29,,21-08-2026 09:58,14-08-2026 10:44,,,6
2251021.0,28-07-2026 10:03,28-07-2026 10:02,,28-07-2026 11:53,21-07-2026 10:01,,04-08-2026 09:26,,25-08-2026 11:50,11-08-2026 09:27,,,7
2251022.0,14-07-2026 09:53,03-07-2026 11:33,,28-07-2026 11:53,21-07-2026 10:01,,04-08-2026 09:26,,25-08-2026 11:50,11-08-2026 09:27,,,7
2251023.0,14-07-2026 09:53,03-07-2026 11:33,,28-07-2026 11:53,21-07-2026 10:01,,04-08-2026 09:26,,25-08-2026 11:50,11-08-2026 09:27,,,7
2251024.0,14-07-2026 09:53,28-07-2026 10:02,,28-07-2026 11:53,21-07-2026 10:01,,,,25-08-2026 11:50,11-08-2026 09:27,,,6
2251025.0,14-07-2026 09:53,03-07-2026 11:33,,28-07-2026 11:53,21-07-2026 10:01,,04-08-2026 09:26,,25-08-2026 11:50,11-08-2026 09:27,,,7
2251026.0,14-07-2026 09:53,28-07-2026 10:02,,28-07-2026 11:53,21-07-2026 10:01,,04-08-2026 09:26,,,11-08-2026 09:27,,,6
2251027.0,14-07-2026 09:53,03-07-2026 11:33,,28-07-2026 11:53,21-07-2026 10:01,,04-08-2026 09:26,,25-08-2026 11:50,11-08-2026 09:27,,,7
2251028.0,28-07-2026 10:03,03-07-2026 11:33,,28-07-2026 11:53,21-07-2026 10:01,,04-08-2026 09:26,,25-08-2026 11:50,11-08-2026 09:27,,,7
2251029.0,28-07-2026 10:03,03-07-2026 11:33,,28-07-2026 11:53,21-07-2026 10:01,,04-08-2026 09:26,,25-08-2026 11:50,11-08-2026 09:27,,,7
2251030.0,14-07-2026 09:53,28-07-2026 10:02,,28-07-2026 11:53,21-07-2026 10:01,,04-08-2026 09:26,,25-08-2026 11:50,11-08-2026 09:27,,,7
2251031.0,14-07-2026 09:53,28-07-2026 10:02,,28-07-2026 11:53,28-07-2026 11:26,,04-08-2026 09:26,,25-08-2026 11:50,11-08-2026 09:27,,,7
2251032.0,14-07-2026 09:53,28-07-2026 10:02,,28-07-2026 11:53,21-07-2026 10:01,,04-08-2026 09:26,,25-08-2026 11:50,11-08-2026 09:27,,,7
2251033.0,28-07-2026 10:03,28-07-2026 10:02,,28-07-2026 11:53,21-07-2026 10:01,,04-08-2026 09:26,,25-08-2026 11:50,11-08-2026 09:27,,,7
2251034.0,14-07-2026 09:53,28-07-2026 10:02,,28-07-2026 11:53,21-07-2026 10:01,,04-08-2026 09:26,,25-08-2026 11:50,11-08-2026 09:27,,,7
2251035.0,14-07-2026 09:53,28-07-2026 10:02,,28-07-2026 11:53,21-07-2026 10:01,,04-08-2026 09:26,,,11-08-2026 09:27,,,6
2251036.0,14-07-2026 09:53,28-07-2026 10:02,,28-07-2026 11:53,21-07-2026 10:01,,04-08-2026 09:26,,25-08-2026 11:50,11-08-2026 09:27,,,7
2251037.0,14-07-2026 09:53,03-07-2026 11:33,,28-07-2026 11:53,21-07-2026 10:01,,04-08-2026 09:26,,25-08-2026 11:50,11-08-2026 09:27,,,7
2251038.0,28-07-2026 10:03,28-07-2026 10:02,,28-07-2026 11:53,21-07-2026 10:01,,,,25-08-2026 11:50,11-08-2026 09:27,,,6
2251039.0,14-07-2026 09:53,03-07-2026 11:33,,28-07-2026 11:53,21-07-2026 10:01,,04-08-2026 09:26,,25-08-2026 11:50,11-08-2026 09:27,,,7
2251040.0,14-07-2026 09:53,28-07-2026 10:02,,28-07-2026 11:53,21-07-2026 10:01,,04-08-2026 09:26,,25-08-2026 11:50,11-08-2026 09:27,,,7
2251041.0,14-07-2026 09:53,03-07-2026 11:33,,28-07-2026 11:53,28-07-2026 11:26,,04-08-2026 09:26,,25-08-2026 11:50,11-08-2026 09:27,,,7
2251042.0,14-07-2026 09:53,03-07-2026 11:33,,28-07-2026 11:53,21-07-2026 10:01,,04-08-2026 09:26,,25-08-2026 11:50,11-08-2026 09:27,,,7
2251043.0,14-07-2026 09:53,03-07-2026 11:33,,28-07-2026 11:53,21-07-2026 10:01,,04-08-2026 09:26,,,11-08-2026 09:27,,,6
2251044.0,14-07-2026 09:53,03-07-2026 11:33,,28-07-2026 11:53,21-07-2026 10:01,,04-08-2026 09:26,,25-08-2026 11:50,11-08-2026 09:27,,,7
2251045.0,14-07-2026 09:53,03-07-2026 11:33,,28-07-2026 11:53,21-07-2026 10:01,,04-08-2026 09:26,,,11-08-2026 09:27,,,6
2251046.0,14-07-2026 09:53,03-07-2026 11:33,,28-07-2026 11:53,21-07-2026 10:01,,04-08-2026 09:26,,25-08-2026 11:50,11-08-2026 09:27,,,7
2251047.0,14-07-2026 09:53,03-07-2026 11:33,,28-07-2026 11:53,21-07-2026 10:01,,04-08-2026 09:26,,25-08-2026 11:50,11-08-2026 09:27,,,7
2251048.0,28-07-2026 10:03,28-07-2026 10:02,,28-07-2026 11:53,21-07-2026 10:01,,04-08-2026 09:26,,25-08-2026 11:50,11-08-2026 09:27,,,7
2251049.0,14-07-2026 09:53,03-07-2026 11:33,,28-07-2026 11:53,21-07-2026 10:01,,,,,11-08-2026 09:27,,,5
2251050.0,14-07-2026 09:53,28-07-2026 10:02,,28-07-2026 11:53,21-07-2026 10:01,,04-08-2026 09:26,,25-08-2026 11:50,11-08-2026 09:27,,,7
2251051.0,14-07-2026 09:53,03-07-2026 11:33,,28-07-2026 11:53,21-07-2026 10:01,,04-08-2026 09:26,,25-08-2026 11:50,11-08-2026 09:27,,,7
2251052.0,14-07-2026 09:53,03-07-2026 11:33,,28-07-2026 11:53,21-07-2026 10:01,,04-08-2026 09:26,,25-08-2026 11:50,11-08-2026 09:27,,,7
2251053.0,14-07-2026 09:53,28-07-2026 10:02,,28-07-2026 11:53,21-07-2026 10:01,,04-08-2026 09:26,,25-08-2026 11:50,11-08-2026 09:27,,,7
2251059.0,28-07-2026 10:58,01-07-2026 14:12,,28-07-2026 12:32,21-07-2026 11:11,,04-08-2026 12:09,,24-08-2026 10:53,11-08-2026 11:40,,,7
2251063.0,14-07-2026 12:28,01-07-2026 14:12,,28-07-2026 12:32,21-07-2026 11:11,,04-08-2026 12:09,,24-08-2026 10:53,11-08-2026 11:40,,,7
2251068.0,28-07-2026 10:58,01-07-2026 14:12,,28-07-2026 12:32,21-07-2026 11:11,,04-08-2026 12:09,,24-08-2026 10:53,11-08-2026 11:40,,,7
2251071.0,14-07-2026 12:28,01-07-2026 14:12,,28-07-2026 12:32,21-07-2026 11:11,,04-08-2026 12:09,,24-08-2026 10:53,11-08-2026 11:40,,,7
2251074.0,14-07-2026 12:28,01-07-2026 14:12,,28-07-2026 12:32,21-07-2026 11:11,,04-08-2026 12:09,,24-08-2026 10:53,11-08-2026 11:40,,,7
2251079.0,28-07-2026 10:58,01-07-2026 14:12,,28-07-2026 12:32,21-07-2026 11:11,,,,24-08-2026 10:53,11-08-2026 11:40,,,6
2251085.0,14-07-2026 12:28,01-07-2026 14:12,,28-07-2026 12:32,28-07-2026 11:27,,04-08-2026 12:09,,24-08-2026 10:53,11-08-2026 11:40,,,7
2251086.0,14-07-2026 12:28,01-07-2026 14:12,,28-07-2026 12:32,21-07-2026 11:11,,04-08-2026 12:09,,24-08-2026 10:53,11-08-2026 11:40,,,7
2251089.0,28-07-2026 10:58,01-07-2026 14:12,,28-07-2026 12:32,28-07-2026 11:27,,04-08-2026 12:09,,24-08-2026 10:53,11-08-2026 11:40,,,7
2251091.0,14-07-2026 12:28,01-07-2026 14:12,,28-07-2026 12:32,21-07-2026 11:11,,04-08-2026 12:09,,24-08-2026 10:53,11-08-2026 11:40,,,7
2251093.0,14-07-2026 12:28,01-07-2026 14:12,,28-07-2026 12:32,21-07-2026 11:11,,04-08-2026 12:09,,24-08-2026 10:53,11-08-2026 11:40,,,7
2251096.0,14-07-2026 12:28,01-07-2026 14:12,,28-07-2026 12:32,21-07-2026 11:11,,04-08-2026 12:09,,24-08-2026 10:53,11-08-2026 11:40,,,7
2251099.0,14-07-2026 12:28,01-07-2026 14:12,,28-07-2026 12:32,28-07-2026 11:27,,04-08-2026 12:09,,24-08-2026 10:53,11-08-2026 11:40,,,7
2251101.0,14-07-2026 12:28,01-07-2026 14:12,,28-07-2026 12:32,21-07-2026 11:11,,,,24-08-2026 10:53,11-08-2026 11:40,,,6
2251107.0,14-07-2026 12:28,01-07-2026 14:12,,28-07-2026 12:32,21-07-2026 11:11,,04-08-2026 12:09,,24-08-2026 10:53,11-08-2026 11:40,,,7
2251112.0,14-07-2026 12:28,01-07-2026 14:12,,28-07-2026 12:32,21-07-2026 11:11,,04-08-2026 12:09,,24-08-2026 10:53,11-08-2026 11:40,,,7
2251118.0,14-07-2026 12:28,01-07-2026 14:12,,28-07-2026 12:32,28-07-2026 11:27,,04-08-2026 12:09,,24-08-2026 10:53,11-08-2026 11:40,,,7
2251122.0,14-07-2026 12:28,01-07-2026 14:12,,28-07-2026 12:32,21-07-2026 11:11,,04-08-2026 12:09,,,11-08-2026 11:40,,,6
2251127.0,14-07-2026 12:28,28-07-2026 10:58,,28-07-2026 12:32,21-07-2026 11:11,,04-08-2026 12:09,,24-08-2026 10:53,11-08-2026 11:40,,,7
2251128.0,28-07-2026 10:58,01-07-2026 14:12,,28-07-2026 12:32,21-07-2026 11:11,,04-08-2026 12:09,,24-08-2026 10:53,11-08-2026 11:40,,,7
2251135.0,28-07-2026 10:58,01-07-2026 14:12,,28-07-2026 12:32,21-07-2026 11:11,,,,24-08-2026 10:53,11-08-2026 11:40,,,6
2251150.0,14-07-2026 12:28,01-07-2026 14:12,,28-07-2026 12:32,21-07-2026 11:11,,04-08-2026 12:09,,,11-08-2026 11:40,,,6
2251240.0,10-07-2026 09:22,24-07-2026 08:43,,31-07-2026 08:38,24-07-2026 09:22,,07-08-2026 09:38,,21-08-2026 09:21,,,,6
2251245.0,27-07-2026 09:30,03-07-2026 11:12,,27-07-2026 10:47,27-07-2026 10:21,,03-08-2026 09:49,,21-08-2026 09:21,14-08-2026 09:31,,,7
2251248.0,10-07-2026 09:22,24-07-2026 08:43,,31-07-2026 08:38,24-07-2026 09:22,,07-08-2026 09:38,,21-08-2026 09:21,14-08-2026 08:49,,,7
2251252.0,27-07-2026 09:30,13-07-2026 10:13,,27-07-2026 10:47,27-07-2026 10:21,,03-08-2026 09:49,,21-08-2026 09:21,14-08-2026 09:31,,,7
2251256.0,10-07-2026 09:22,03-07-2026 09:42,,31-07-2026 08:38,24-07-2026 09:22,,07-08-2026 09:38,,21-08-2026 09:21,14-08-2026 08:49,,,7
2251263.0,14-07-2026 10:45,13-07-2026 10:13,,27-07-2026 10:47,27-07-2026 10:21,,03-08-2026 09:49,,21-08-2026 09:21,17-08-2026 09:39,,,7
2251264.0,10-07-2026 09:22,03-07-2026 09:42,,31-07-2026 08:38,24-07-2026 09:22,,07-08-2026 09:38,,21-08-2026 09:21,14-08-2026 08:49,,,7
2251268.0,27-07-2026 09:30,13-07-2026 10:13,,27-07-2026 10:47,27-07-2026 10:21,,03-08-2026 09:49,,24-08-2026 11:30,17-08-2026 09:39,,,7
2251272.0,10-07-2026 09:22,03-07-2026 09:42,,31-07-2026 08:38,24-07-2026 09:22,,,,21-08-2026 09:21,14-08-2026 08:49,,,6
2251274.0,14-07-2026 10:45,13-07-2026 10:13,,27-07-2026 10:47,27-07-2026 10:21,,03-08-2026 09:49,,21-08-2026 09:21,14-08-2026 09:31,,,7
2251281.0,14-07-2026 10:45,03-07-2026 11:12,,27-07-2026 10:47,27-07-2026 10:21,,03-08-2026 09:49,,21-08-2026 09:21,14-08-2026 09:31,,,7
2251282.0,14-07-2026 10:45,13-07-2026 10:13,,27-07-2026 10:47,27-07-2026 10:21,,03-08-2026 09:49,,21-08-2026 09:21,14-08-2026 09:31,,,7
2251283.0,14-07-2026 10:45,13-07-2026 10:13,,27-07-2026 10:47,27-07-2026 10:21,,03-08-2026 09:49,,21-08-2026 09:21,14-08-2026 09:31,,,7
2251284.0,14-07-2026 10:45,03-07-2026 11:12,,27-07-2026 10:47,27-07-2026 10:21,,03-08-2026 09:49,,21-08-2026 09:21,14-08-2026 09:31,,,7
2251287.0,24-07-2026 08:48,24-07-2026 08:43,,31-07-2026 08:38,24-07-2026 09:22,,07-08-2026 09:38,,21-08-2026 09:21,14-08-2026 08:49,,,7
2251294.0,10-07-2026 09:22,03-07-2026 09:42,,31-07-2026 08:38,24-07-2026 09:22,,07-08-2026 09:38,,27-08-2026 08:16,14-08-2026 08:49,,,7
2251300.0,24-07-2026 08:48,03-07-2026 09:42,,31-07-2026 08:38,24-07-2026 09:22,,07-08-2026 09:38,,21-08-2026 09:21,14-08-2026 08:49,,,7
2251309.0,10-07-2026 09:22,24-07-2026 08:43,,31-07-2026 08:38,24-07-2026 09:22,,07-08-2026 09:38,,21-08-2026 09:21,14-08-2026 08:49,,,7
2251322.0,10-07-2026 09:22,03-07-2026 09:42,,31-07-2026 08:38,24-07-2026 09:22,,07-08-2026 09:38,,21-08-2026 09:21,14-08-2026 08:49,,,7
2251338.0,10-07-2026 09:22,03-07-2026 09:42,,31-07-2026 08:38,24-07-2026 09:22,,07-08-2026 09:38,,21-08-2026 09:21,14-08-2026 08:49,,,7
2251347.0,10-07-2026 09:22,03-07-2026 09:42,,31-07-2026 08:38,24-07-2026 09:22,,07-08-2026 09:38,,21-08-2026 09:21,14-08-2026 08:49,,,7
2251356.0,10-07-2026 09:22,24-07-2026 08:43,,31-07-2026 08:38,24-07-2026 09:22,,07-08-2026 09:38,,21-08-2026 09:21,14-08-2026 08:49,,,7
2251429.0,10-07-2026 09:22,03-07-2026 09:42,,31-07-2026 08:38,24-07-2026 09:22,,,,21-08-2026 09:21,14-08-2026 08:49,,,6
2251442.0,10-07-2026 09:22,03-07-2026 09:42,,31-07-2026 08:38,24-07-2026 09:22,,07-08-2026 09:38,,21-08-2026 09:21,,,,6
2251452.0,10-07-2026 09:22,03-07-2026 09:42,,31-07-2026 08:38,24-07-2026 09:22,,07-08-2026 09:38,,21-08-2026 09:21,14-08-2026 08:49,,,7
2251472.0,10-07-2026 09:22,03-07-2026 09:42,,31-07-2026 08:38,24-07-2026 09:22,,07-08-2026 09:38,,21-08-2026 09:21,14-08-2026 08:49,,,7
2251476.0,10-07-2026 09:22,03-07-2026 09:42,,31-07-2026 08:38,24-07-2026 09:22,,07-08-2026 09:38,,21-08-2026 09:21,14-08-2026 08:49,,,7
2251491.0,10-07-2026 09:22,24-07-2026 08:43,,31-07-2026 08:38,24-07-2026 09:22,,07-08-2026 09:38,,21-08-2026 09:21,14-08-2026 08:49,,,7
2251498.0,10-07-2026 09:22,24-07-2026 08:43,,31-07-2026 08:38,24-07-2026 09:22,,07-08-2026 09:38,,21-08-2026 09:21,14-08-2026 08:49,,,7
2251507.0,24-07-2026 08:48,24-07-2026 08:43,,31-07-2026 08:38,24-07-2026 09:22,,07-08-2026 09:38,,27-08-2026 08:16,14-08-2026 08:49,,,7
2251514.0,10-07-2026 09:22,24-07-2026 08:43,,31-07-2026 08:38,24-07-2026 09:22,,07-08-2026 09:38,,21-08-2026 09:21,14-08-2026 08:49,,,7
2251519.0,10-07-2026 09:22,03-07-2026 09:42,,31-07-2026 08:38,24-07-2026 09:22,,,,21-08-2026 09:21,14-08-2026 08:49,,,6
2251529.0,10-07-2026 09:22,03-07-2026 09:42,,31-07-2026 08:38,24-07-2026 09:22,,07-08-2026 09:38,,27-08-2026 08:16,14-08-2026 08:49,,,7
2251532.0,10-07-2026 09:22,24-07-2026 08:43,,31-07-2026 08:38,24-07-2026 09:22,,07-08-2026 09:38,,21-08-2026 09:21,14-08-2026 08:49,,,7
2251535.0,10-07-2026 09:22,24-07-2026 08:43,,31-07-2026 08:38,24-07-2026 09:22,,07-08-2026 09:38,,21-08-2026 09:21,14-08-2026 08:49,,,7
2251537.0,24-07-2026 08:48,24-07-2026 08:43,,31-07-2026 08:38,24-07-2026 09:22,,07-08-2026 09:38,,21-08-2026 09:21,,,,6
2251540.0,10-07-2026 09:22,24-07-2026 08:43,,31-07-2026 08:38,24-07-2026 09:22,,07-08-2026 09:38,,21-08-2026 09:21,14-08-2026 08:49,,,7
2251543.0,10-07-2026 09:22,24-07-2026 08:43,,31-07-2026 08:38,24-07-2026 09:22,,07-08-2026 09:38,,27-08-2026 08:16,,,,6
2251544.0,10-07-2026 09:22,03-07-2026 09:42,,31-07-2026 08:38,24-07-2026 09:22,,,,21-08-2026 09:21,14-08-2026 08:49,,,6
2251545.0,10-07-2026 09:22,03-07-2026 09:42,,31-07-2026 08:38,24-07-2026 09:22,,07-08-2026 09:38,,21-08-2026 09:21,,,,6
2251546.0,10-07-2026 09:22,03-07-2026 09:42,,31-07-2026 08:38,24-07-2026 09:22,,07-08-2026 09:38,,21-08-2026 09:21,,,,6
2251547.0,24-07-2026 08:48,24-07-2026 08:43,,31-07-2026 08:38,24-07-2026 09:22,,07-08-2026 09:38,,21-08-2026 09:21,14-08-2026 08:49,,,7
2251548.0,31-07-2026 09:26,31-07-2026 09:04,,31-07-2026 08:38,31-07-2026 10:09,,07-08-2026 09:38,,21-08-2026 09:21,14-08-2026 08:49,,,7
2251549.0,10-07-2026 09:22,03-07-2026 09:42,,31-07-2026 08:38,24-07-2026 09:22,,07-08-2026 09:38,,21-08-2026 09:21,,,,6
2251557.0,10-07-2026 09:22,24-07-2026 08:43,,31-07-2026 08:38,24-07-2026 09:22,,07-08-2026 09:38,,21-08-2026 09:21,14-08-2026 08:49,,,7
2251558.0,10-07-2026 09:22,03-07-2026 09:42,,31-07-2026 08:38,24-07-2026 09:22,,,,27-08-2026 08:16,14-08-2026 08:49,,,6
2251560.0,31-07-2026 09:26,31-07-2026 09:04,,31-07-2026 08:38,31-07-2026 10:09,,07-08-2026 09:38,,21-08-2026 09:21,14-08-2026 08:49,,,7
2251843.0,10-07-2026 09:22,03-07-2026 09:42,,31-07-2026 08:38,24-07-2026 09:22,,07-08-2026 09:38,,21-08-2026 09:21,14-08-2026 08:49,,,7
2251999.0,,22-07-2026 16:18,,,21-07-2026 16:43,,03-08-2026 14:53,,,,,,3
2252000.0,16-07-2026 15:37,22-07-2026 16:18,,27-07-2026 16:02,,,,,24-08-2026 15:18,19-08-2026 14:27,,,5
2252020.0,16-07-2026 15:37,22-07-2026 16:18,,27-07-2026 16:02,21-07-2026 16:43,,03-08-2026 14:53,,,,,,5
2252022.0,17-07-2026 16:55,,,,,,,,20-08-2026 15:06,,,,2
2252024.0,17-07-2026 16:55,01-07-2026 14:15,,27-07-2026 15:50,23-07-2026 15:11,,,,20-08-2026 15:06,18-08-2026 16:06,,,6
2252025.0,16-07-2026 15:37,22-07-2026 16:18,,,,,03-08-2026 14:53,,24-08-2026 15:18,19-08-2026 14:27,,,5
2252026.0,17-07-2026 16:55,01-07-2026 14:15,,27-07-2026 15:50,23-07-2026 15:11,,,,20-08-2026 15:06,18-08-2026 16:06,,,6
2252027.0,16-07-2026 15:37,22-07-2026 16:18,,27-07-2026 16:02,21-07-2026 16:43,,03-08-2026 14:53,,24-08-2026 15:18,19-08-2026 14:27,,,7
2252028.0,17-07-2026 16:55,01-07-2026 14:15,,27-07-2026 15:50,23-07-2026 15:11,,,,20-08-2026 15:06,18-08-2026 16:06,,,6
2252030.0,16-07-2026 15:37,22-07-2026 16:18,,27-07-2026 16:02,21-07-2026 16:43,,03-08-2026 14:53,,24-08-2026 15:18,,,,6
2252033.0,17-07-2026 16:55,01-07-2026 14:15,,27-07-2026 15:50,23-07-2026 15:11,,,,20-08-2026 15:06,18-08-2026 16:06,,,6
2252034.0,16-07-2026 15:37,22-07-2026 16:18,,27-07-2026 16:02,21-07-2026 16:43,,03-08-2026 14:53,,24-08-2026 15:18,19-08-2026 14:27,,,7
2252037.0,17-07-2026 16:55,01-07-2026 14:15,,27-07-2026 15:50,23-07-2026 15:11,,,,20-08-2026 15:06,18-08-2026 16:06,,,6
2252040.0,13-07-2026 15:01,13-07-2026 13:29,,25-07-2026 10:27,21-07-2026 12:28,,03-08-2026 12:07,,,19-08-2026 11:20,,,6
2252041.0,16-07-2026 15:37,22-07-2026 16:18,,27-07-2026 16:02,21-07-2026 16:43,,03-08-2026 14:53,,24-08-2026 15:18,19-08-2026 14:27,,,7
2252043.0,17-07-2026 16:55,01-07-2026 14:15,,27-07-2026 15:50,23-07-2026 15:11,,,,20-08-2026 15:06,18-08-2026 16:06,,,6
2252046.0,,01-07-2026 14:15,,,,,,,,,,,1
2252047.0,13-07-2026 15:01,13-07-2026 13:29,,25-07-2026 10:27,21-07-2026 12:28,,03-08-2026 12:07,,,19-08-2026 11:20,,,6
2252049.0,17-07-2026 16:55,01-07-2026 14:15,,27-07-2026 15:50,23-07-2026 15:11,,,,20-08-2026 15:06,18-08-2026 16:06,,,6
2252054.0,13-07-2026 15:01,13-07-2026 13:29,,25-07-2026 10:27,21-07-2026 12:28,,03-08-2026 12:07,,24-08-2026 10:07,19-08-2026 11:20,,,7
2252070.0,16-07-2026 15:37,22-07-2026 16:18,,27-07-2026 16:02,21-07-2026 16:43,,03-08-2026 14:53,,24-08-2026 15:18,,,,6
2252075.0,04-08-2026 13:22,22-07-2026 16:18,,27-07-2026 16:02,21-07-2026 16:43,,03-08-2026 14:53,,24-08-2026 15:18,19-08-2026 14:27,,,7
2252079.0,16-07-2026 15:37,22-07-2026 16:18,,27-07-2026 16:02,21-07-2026 16:43,,03-08-2026 14:53,,24-08-2026 15:18,19-08-2026 14:27,,,7
2252085.0,16-07-2026 15:37,22-07-2026 16:18,,27-07-2026 16:02,21-07-2026 16:43,,04-08-2026 15:31,,24-08-2026 15:18,19-08-2026 14:27,,,7
2252089.0,16-07-2026 15:37,22-07-2026 16:18,,27-07-2026 16:02,21-07-2026 16:43,,03-08-2026 14:53,,24-08-2026 15:18,19-08-2026 14:27,,,7
2252094.0,17-07-2026 16:13,,,,,,03-08-2026 12:07,,,,,,2
2252096.0,16-07-2026 15:37,22-07-2026 16:18,,27-07-2026 16:02,21-07-2026 16:43,,03-08-2026 14:53,,24-08-2026 15:18,,,,6
2252100.0,13-07-2026 15:01,13-07-2026 13:29,,,21-07-2026 12:28,,,,,,,,3
2252106.0,13-07-2026 15:01,13-07-2026 13:29,,,21-07-2026 12:28,,,,,19-08-2026 11:20,,,4
2252110.0,16-07-2026 15:37,22-07-2026 16:18,,04-08-2026 15:34,21-07-2026 16:43,,03-08-2026 14:53,,,19-08-2026 14:27,,,6
2252113.0,13-07-2026 15:01,13-07-2026 13:29,,25-07-2026 10:27,21-07-2026 12:28,,03-08-2026 12:07,,24-08-2026 10:07,19-08-2026 11:20,,,7
2252116.0,16-07-2026 15:37,22-07-2026 16:18,,27-07-2026 16:02,21-07-2026 16:43,,03-08-2026 14:53,,24-08-2026 15:18,,,,6
2252120.0,13-07-2026 15:01,13-07-2026 13:29,,25-07-2026 10:27,21-07-2026 12:28,,03-08-2026 12:07,,24-08-2026 10:07,19-08-2026 11:20,,,7
2252124.0,17-07-2026 16:55,01-07-2026 14:15,,27-07-2026 15:50,23-07-2026 15:11,,,,20-08-2026 15:06,18-08-2026 16:06,,,6
2252131.0,17-07-2026 16:55,01-07-2026 14:15,,27-07-2026 15:50,23-07-2026 15:11,,,,20-08-2026 15:06,18-08-2026 16:06,,,6
2252142.0,,01-07-2026 14:15,,,23-07-2026 15:11,,,,20-08-2026 15:06,18-08-2026 16:06,,,4
2252148.0,17-07-2026 16:55,01-07-2026 14:15,,27-07-2026 15:50,23-07-2026 15:11,,,,20-08-2026 15:06,,,,5
2252153.0,17-07-2026 16:55,,,,23-07-2026 15:11,,,,20-08-2026 15:06,18-08-2026 16:06,,,4
2252158.0,,,,27-07-2026 15:50,23-07-2026 15:11,,,,20-08-2026 15:06,18-08-2026 16:06,,,4
2252163.0,17-07-2026 16:55,01-07-2026 14:15,,27-07-2026 15:50,23-07-2026 15:11,,,,20-08-2026 15:06,18-08-2026 16:06,,,6
2252164.0,13-07-2026 15:01,13-07-2026 13:29,,25-07-2026 10:27,21-07-2026 12:28,,03-08-2026 12:07,,24-08-2026 10:07,19-08-2026 11:20,,,7
2252167.0,17-07-2026 16:55,,,27-07-2026 15:50,23-07-2026 15:11,,,,20-08-2026 15:06,18-08-2026 16:06,,,5
2252169.0,17-07-2026 16:13,22-07-2026 12:16,,25-07-2026 10:27,22-07-2026 12:20,,03-08-2026 12:07,,,,,,5
2252171.0,13-07-2026 15:01,13-07-2026 13:29,,27-07-2026 13:16,21-07-2026 12:28,,03-08-2026 12:07,,24-08-2026 10:07,19-08-2026 11:20,,,7
2252179.0,16-07-2026 15:37,22-07-2026 16:18,,27-07-2026 16:02,21-07-2026 16:43,,03-08-2026 14:53,,24-08-2026 15:18,19-08-2026 14:27,,,7
2252181.0,17-07-2026 16:55,01-07-2026 14:15,,27-07-2026 15:50,23-07-2026 15:11,,,,20-08-2026 15:06,18-08-2026 16:06,,,6
2252182.0,13-07-2026 15:01,13-07-2026 13:29,,25-07-2026 10:27,21-07-2026 12:28,,03-08-2026 12:07,,24-08-2026 10:07,19-08-2026 11:20,,,7
2252185.0,04-08-2026 13:22,04-08-2026 13:25,,27-07-2026 16:02,21-07-2026 16:43,,04-08-2026 15:31,,24-08-2026 15:18,19-08-2026 14:27,,,7
2252188.0,17-07-2026 16:55,01-07-2026 14:15,,27-07-2026 15:50,23-07-2026 15:11,,,,20-08-2026 15:06,18-08-2026 16:06,,,6
2252190.0,16-07-2026 15:37,22-07-2026 16:18,,27-07-2026 16:02,21-07-2026 16:43,,03-08-2026 14:53,,24-08-2026 15:18,19-08-2026 14:27,,,7
2252193.0,17-07-2026 16:55,,,27-07-2026 15:50,23-07-2026 15:11,,,,20-08-2026 15:06,18-08-2026 16:06,,,5
2252195.0,16-07-2026 15:37,22-07-2026 16:18,,04-08-2026 15:34,21-07-2026 16:43,,03-08-2026 14:53,,24-08-2026 15:18,19-08-2026 14:27,,,7
2252200.0,17-07-2026 16:55,01-07-2026 14:15,,27-07-2026 15:50,23-07-2026 15:11,,,,20-08-2026 15:06,18-08-2026 16:06,,,6
2252202.0,13-07-2026 15:01,13-07-2026 13:29,,25-07-2026 10:27,21-07-2026 12:28,,03-08-2026 12:07,,,19-08-2026 11:20,,,6
2252203.0,23-07-2026 12:36,20-07-2026 12:53,,27-07-2026 11:32,23-07-2026 12:36,,03-08-2026 11:47,,20-08-2026 09:49,19-08-2026 09:12,,,7
2252205.0,16-07-2026 15:37,22-07-2026 16:18,,27-07-2026 16:02,21-07-2026 16:43,,03-08-2026 14:53,,24-08-2026 15:18,19-08-2026 14:27,,,7
2252210.0,17-07-2026 16:55,01-07-2026 14:15,,27-07-2026 15:50,23-07-2026 15:11,,,,,18-08-2026 16:06,,,5
2252211.0,13-07-2026 15:01,13-07-2026 13:29,,25-07-2026 10:27,21-07-2026 12:28,,,,,,,,4
2252214.0,,,,04-08-2026 15:34,21-07-2026 16:43,,,,24-08-2026 15:18,19-08-2026 14:27,,,4
2252215.0,23-07-2026 12:36,23-07-2026 12:36,,27-07-2026 11:32,23-07-2026 12:36,,03-08-2026 11:47,,20-08-2026 09:49,19-08-2026 09:12,,,7
2252217.0,17-07-2026 16:55,01-07-2026 14:15,,,23-07-2026 15:11,,,,20-08-2026 15:06,18-08-2026 16:06,,,5
2252218.0,16-07-2026 15:37,22-07-2026 16:18,,27-07-2026 16:02,04-08-2026 13:23,,03-08-2026 14:53,,24-08-2026 15:18,19-08-2026 14:27,,,7
2252219.0,17-07-2026 16:13,,,,,,03-08-2026 12:07,,24-08-2026 10:07,19-08-2026 11:20,,,4
2252221.0,23-07-2026 12:36,20-07-2026 12:53,,27-07-2026 11:32,23-07-2026 12:36,,03-08-2026 11:47,,31-08-2026 11:12,19-08-2026 09:12,,,7
2252229.0,13-07-2026 15:01,13-07-2026 13:29,,25-07-2026 10:27,21-07-2026 12:28,,03-08-2026 12:07,,24-08-2026 10:07,19-08-2026 11:20,,,7
2252252.0,23-07-2026 12:36,20-07-2026 12:53,,27-07-2026 11:32,23-07-2026 12:36,,03-08-2026 11:47,,20-08-2026 09:49,19-08-2026 09:12,,,7
2252259.0,23-07-2026 12:36,20-07-2026 12:53,,27-07-2026 11:32,23-07-2026 12:36,,03-08-2026 11:47,,20-08-2026 09:49,19-08-2026 09:12,,,7
2252266.0,13-07-2026 15:01,13-07-2026 13:29,,27-07-2026 13:16,21-07-2026 12:28,,03-08-2026 12:07,,24-08-2026 10:07,19-08-2026 11:20,,,7
2252272.0,23-07-2026 12:36,20-07-2026 12:53,,27-07-2026 11:32,23-07-2026 12:36,,03-08-2026 11:47,,20-08-2026 09:49,19-08-2026 09:12,,,7
2252278.0,16-07-2026 15:37,22-07-2026 16:18,,27-07-2026 16:02,21-07-2026 16:43,,03-08-2026 14:53,,24-08-2026 15:18,19-08-2026 14:27,,,7
2252287.0,13-07-2026 15:01,13-07-2026 13:29,,25-07-2026 10:27,21-07-2026 12:28,,03-08-2026 12:07,,24-08-2026 10:07,19-08-2026 11:20,,,7
2252298.0,17-07-2026 16:55,01-07-2026 14:15,,27-07-2026 15:50,23-07-2026 15:11,,,,20-08-2026 15:06,18-08-2026 16:06,,,6
2252313.0,17-07-2026 16:55,,,27-07-2026 15:50,23-07-2026 15:11,,,,20-08-2026 15:06,18-08-2026 16:06,,,5
2252320.0,17-07-2026 16:55,,,27-07-2026 15:50,,,,,,18-08-2026 16:06,,,3
2252334.0,23-07-2026 12:36,20-07-2026 12:53,,27-07-2026 11:32,23-07-2026 12:36,,03-08-2026 11:47,,20-08-2026 09:49,19-08-2026 09:12,,,7
2252344.0,23-07-2026 12:36,20-07-2026 12:53,,27-07-2026 11:32,23-07-2026 12:36,,,,20-08-2026 09:49,19-08-2026 09:12,,,6
2252347.0,17-07-2026 16:55,,,27-07-2026 15:50,23-07-2026 15:11,,,,20-08-2026 15:06,18-08-2026 16:06,,,5
2252352.0,23-07-2026 12:36,20-07-2026 12:53,,27-07-2026 11:32,23-07-2026 12:36,,03-08-2026 11:47,,20-08-2026 09:49,19-08-2026 09:12,,,7
2252357.0,17-07-2026 16:55,01-07-2026 14:15,,27-07-2026 15:50,23-07-2026 15:11,,,,20-08-2026 15:06,,,,5
2252363.0,17-07-2026 16:55,01-07-2026 14:15,,27-07-2026 15:50,23-07-2026 15:11,,,,,,,,4
2252368.0,23-07-2026 12:36,23-07-2026 12:36,,27-07-2026 11:32,23-07-2026 12:36,,03-08-2026 11:47,,20-08-2026 09:49,19-08-2026 09:12,,,7
2252370.0,17-07-2026 16:55,,,27-07-2026 15:50,23-07-2026 15:11,,,,20-08-2026 15:06,18-08-2026 16:06,,,5
2252428.0,23-07-2026 12:36,23-07-2026 12:36,,27-07-2026 11:32,30-07-2026 12:17,,03-08-2026 11:47,,20-08-2026 09:49,19-08-2026 09:12,,,7
2252438.0,23-07-2026 12:36,20-07-2026 12:53,,27-07-2026 11:32,23-07-2026 12:36,,03-08-2026 11:47,,20-08-2026 09:49,19-08-2026 09:12,,,7
2252442.0,16-07-2026 15:37,22-07-2026 16:18,,27-07-2026 16:02,21-07-2026 16:43,,03-08-2026 14:53,,24-08-2026 15:18,19-08-2026 14:27,,,7
2252451.0,16-07-2026 15:37,22-07-2026 16:18,,27-07-2026 16:02,21-07-2026 16:43,,03-08-2026 14:53,,24-08-2026 15:18,19-08-2026 14:27,,,7
2252459.0,16-07-2026 15:37,22-07-2026 16:18,,27-07-2026 16:02,21-07-2026 16:43,,03-08-2026 14:53,,24-08-2026 15:18,19-08-2026 14:27,,,7
2252460.0,,,,,23-07-2026 15:11,,,,,,,,1
2252469.0,16-07-2026 15:37,22-07-2026 16:18,,27-07-2026 16:02,21-07-2026 16:43,,03-08-2026 14:53,,24-08-2026 15:18,19-08-2026 14:27,,,7
2252470.0,17-07-2026 16:55,,,27-07-2026 15:50,,,,,20-08-2026 15:06,18-08-2026 16:06,,,4
2252475.0,16-07-2026 15:37,22-07-2026 16:18,,27-07-2026 16:02,21-07-2026 16:43,,03-08-2026 14:53,,24-08-2026 15:18,19-08-2026 14:27,,,7
2252476.0,17-07-2026 16:55,01-07-2026 14:15,,27-07-2026 15:50,23-07-2026 15:11,,,,20-08-2026 15:06,18-08-2026 16:06,,,6
2252482.0,17-07-2026 16:55,01-07-2026 14:15,,27-07-2026 15:50,23-07-2026 15:11,,,,20-08-2026 15:06,18-08-2026 16:06,,,6
2252487.0,17-07-2026 16:55,,,27-07-2026 15:50,23-07-2026 15:11,,,,20-08-2026 15:06,,,,4
2252494.0,17-07-2026 16:55,,,27-07-2026 15:50,,,,,20-08-2026 15:06,18-08-2026 16:06,,,4
2252500.0,17-07-2026 16:55,01-07-2026 14:15,,27-07-2026 15:50,23-07-2026 15:11,,,,20-08-2026 15:06,18-08-2026 16:06,,,6
2252506.0,17-07-2026 16:55,01-07-2026 14:15,,27-07-2026 15:50,23-07-2026 15:11,,,,20-08-2026 15:06,18-08-2026 16:06,,,6
2252512.0,17-07-2026 16:55,,,27-07-2026 15:50,23-07-2026 15:11,,,,20-08-2026 15:06,18-08-2026 16:06,,,5
2252518.0,17-07-2026 16:55,01-07-2026 14:15,,27-07-2026 15:50,,,,,20-08-2026 15:06,18-08-2026 16:06,,,5
2252522.0,17-07-2026 16:55,01-07-2026 14:15,,27-07-2026 15:50,23-07-2026 15:11,,,,20-08-2026 15:06,18-08-2026 16:06,,,6
2252526.0,17-07-2026 16:55,01-07-2026 14:15,,27-07-2026 15:50,23-07-2026 15:11,,,,20-08-2026 15:06,18-08-2026 16:06,,,6
2252530.0,17-07-2026 16:55,01-07-2026 14:15,,27-07-2026 15:50,23-07-2026 15:11,,,,20-08-2026 15:06,18-08-2026 16:06,,,6
2252532.0,16-07-2026 15:37,22-07-2026 16:18,,27-07-2026 16:02,21-07-2026 16:43,,03-08-2026 14:53,,24-08-2026 15:18,19-08-2026 14:27,,,7
2252536.0,,01-07-2026 14:15,,,23-07-2026 15:11,,,,,,,,2
2252539.0,16-07-2026 15:37,22-07-2026 16:18,,27-07-2026 16:02,21-07-2026 16:43,,03-08-2026 14:53,,,19-08-2026 14:27,,,6
2252543.0,16-07-2026 15:37,22-07-2026 16:18,,27-07-2026 16:02,21-07-2026 16:43,,03-08-2026 14:53,,24-08-2026 15:18,19-08-2026 14:27,,,7
2252556.0,16-07-2026 15:37,22-07-2026 16:18,,27-07-2026 16:02,21-07-2026 16:43,,03-08-2026 14:53,,24-08-2026 15:18,19-08-2026 14:27,,,7
2252559.0,16-07-2026 15:37,22-07-2026 16:18,,27-07-2026 16:02,21-07-2026 16:43,,03-08-2026 14:53,,24-08-2026 15:18,19-08-2026 14:27,,,7
2252560.0,16-07-2026 15:37,04-08-2026 13:25,,27-07-2026 16:02,21-07-2026 16:43,,03-08-2026 14:53,,,19-08-2026 14:27,,,6
2252562.0,16-07-2026 15:37,04-08-2026 13:25,,27-07-2026 16:02,21-07-2026 16:43,,03-08-2026 14:53,,24-08-2026 15:18,19-08-2026 14:27,,,7
2252565.0,16-07-2026 15:37,22-07-2026 16:18,,27-07-2026 16:02,21-07-2026 16:43,,03-08-2026 14:53,,24-08-2026 15:18,19-08-2026 14:27,,,7
2252586.0,17-07-2026 16:55,01-07-2026 14:15,,27-07-2026 15:50,23-07-2026 15:11,,,,20-08-2026 15:06,18-08-2026 16:06,,,6
2252589.0,17-07-2026 16:55,01-07-2026 14:15,,27-07-2026 15:50,23-07-2026 15:11,,,,20-08-2026 15:06,18-08-2026 16:06,,,6
2252591.0,17-07-2026 16:55,01-07-2026 14:15,,27-07-2026 15:50,23-07-2026 15:11,,,,,18-08-2026 16:06,,,5
2252592.0,17-07-2026 16:55,01-07-2026 14:15,,27-07-2026 15:50,23-07-2026 15:11,,,,20-08-2026 15:06,18-08-2026 16:06,,,6
2252593.0,17-07-2026 16:55,01-07-2026 14:15,,27-07-2026 15:50,23-07-2026 15:11,,,,20-08-2026 15:06,18-08-2026 16:06,,,6
2252597.0,17-07-2026 16:55,01-07-2026 14:15,,27-07-2026 15:50,23-07-2026 15:11,,,,20-08-2026 15:06,18-08-2026 16:06,,,6
2252600.0,,,,27-07-2026 15:50,23-07-2026 15:11,,,,,,,,2
2252605.0,17-07-2026 16:55,,,27-07-2026 15:50,23-07-2026 15:11,,,,20-08-2026 15:06,18-08-2026 16:06,,,5
2252606.0,16-07-2026 15:37,22-07-2026 16:18,,27-07-2026 16:02,21-07-2026 16:43,,03-08-2026 14:53,,24-08-2026 15:18,19-08-2026 14:27,,,7
2252609.0,16-07-2026 15:37,04-08-2026 13:25,,27-07-2026 16:02,04-08-2026 13:23,,03-08-2026 14:53,,,,,,5
2252610.0,,,,27-07-2026 15:50,23-07-2026 15:11,,,,20-08-2026 15:06,18-08-2026 16:06,,,4
2252613.0,17-07-2026 16:55,01-07-2026 14:15,,27-07-2026 15:50,23-07-2026 15:11,,,,20-08-2026 15:06,18-08-2026 16:06,,,6
2252614.0,16-07-2026 15:37,22-07-2026 16:18,,27-07-2026 16:02,21-07-2026 16:43,,03-08-2026 14:53,,,19-08-2026 14:27,,,6
2252616.0,17-07-2026 16:55,01-07-2026 14:15,,27-07-2026 15:50,23-07-2026 15:11,,,,20-08-2026 15:06,18-08-2026 16:06,,,6
2252617.0,16-07-2026 15:37,22-07-2026 16:18,,27-07-2026 16:02,21-07-2026 16:43,,,,24-08-2026 15:18,19-08-2026 14:27,,,6
2252620.0,17-07-2026 16:55,01-07-2026 14:15,,27-07-2026 15:50,23-07-2026 15:11,,,,,18-08-2026 16:06,,,5
2252622.0,17-07-2026 16:55,,,27-07-2026 15:50,23-07-2026 15:11,,,,20-08-2026 15:06,18-08-2026 16:06,,,5
2252623.0,17-07-2026 16:55,,,27-07-2026 15:50,23-07-2026 15:11,,,,20-08-2026 15:06,18-08-2026 16:06,,,5
2252625.0,17-07-2026 16:55,01-07-2026 14:15,,,,,,,,,,,2
2252627.0,17-07-2026 16:55,01-07-2026 14:15,,27-07-2026 15:50,,,,,20-08-2026 15:06,18-08-2026 16:06,,,5
2253246.0,23-07-2026 12:25,09-07-2026 13:39,,29-07-2026 12:00,23-07-2026 12:25,,06-08-2026 13:00,,20-08-2026 11:50,19-08-2026 10:02,,,7
2253247.0,23-07-2026 12:25,23-07-2026 12:25,,29-07-2026 12:00,23-07-2026 12:25,,06-08-2026 13:00,,20-08-2026 11:50,19-08-2026 10:02,,,7
2253249.0,23-07-2026 12:25,09-07-2026 13:39,,29-07-2026 12:00,23-07-2026 12:25,,06-08-2026 13:00,,20-08-2026 11:50,19-08-2026 10:02,,,7
2253250.0,23-07-2026 12:25,09-07-2026 13:39,,29-07-2026 12:00,23-07-2026 12:25,,06-08-2026 13:00,,20-08-2026 11:50,19-08-2026 10:02,,,7
2253307.0,23-07-2026 12:25,09-07-2026 13:39,,29-07-2026 12:00,23-07-2026 12:25,,06-08-2026 13:00,,20-08-2026 11:50,19-08-2026 10:02,,,7
2253308.0,23-07-2026 12:25,09-07-2026 13:39,,29-07-2026 12:00,23-07-2026 12:25,,,,20-08-2026 11:50,19-08-2026 10:02,,,6
2253309.0,23-07-2026 12:25,23-07-2026 12:25,,29-07-2026 12:00,23-07-2026 12:25,,06-08-2026 13:00,,20-08-2026 11:50,19-08-2026 10:02,,,7
2253310.0,23-07-2026 12:25,09-07-2026 13:39,,29-07-2026 12:00,23-07-2026 12:25,,06-08-2026 13:00,,20-08-2026 11:50,19-08-2026 10:02,,,7
2253311.0,23-07-2026 12:25,09-07-2026 13:39,,29-07-2026 12:00,23-07-2026 12:25,,06-08-2026 13:00,,20-08-2026 11:50,19-08-2026 10:02,,,7
2253312.0,23-07-2026 12:25,09-07-2026 13:39,,29-07-2026 12:00,23-07-2026 12:25,,06-08-2026 13:00,,20-08-2026 11:50,19-08-2026 10:02,,,7
2253313.0,23-07-2026 12:25,09-07-2026 13:39,,29-07-2026 12:00,23-07-2026 12:25,,06-08-2026 13:00,,31-08-2026 11:12,19-08-2026 10:02,,,7
2253314.0,23-07-2026 12:25,09-07-2026 13:39,,29-07-2026 12:00,23-07-2026 12:25,,06-08-2026 13:00,,20-08-2026 11:50,19-08-2026 10:02,,,7
2253315.0,23-07-2026 12:25,09-07-2026 13:39,,29-07-2026 12:00,23-07-2026 12:25,,06-08-2026 13:00,,20-08-2026 11:50,19-08-2026 10:02,,,7
2253316.0,23-07-2026 12:25,09-07-2026 13:39,,29-07-2026 12:00,23-07-2026 12:25,,,,20-08-2026 11:50,19-08-2026 10:02,,,6
2253317.0,23-07-2026 12:25,09-07-2026 13:39,,29-07-2026 12:00,23-07-2026 12:25,,06-08-2026 13:00,,20-08-2026 11:50,19-08-2026 10:02,,,7
2253318.0,23-07-2026 12:25,09-07-2026 13:39,,29-07-2026 12:00,23-07-2026 12:25,,06-08-2026 13:00,,20-08-2026 11:50,19-08-2026 10:02,,,7
2253319.0,23-07-2026 12:25,09-07-2026 13:39,,29-07-2026 12:00,23-07-2026 12:25,,06-08-2026 13:00,,20-08-2026 11:50,19-08-2026 10:02,,,7
2253320.0,23-07-2026 12:25,09-07-2026 13:39,,29-07-2026 12:00,23-07-2026 12:25,,06-08-2026 13:00,,20-08-2026 11:50,19-08-2026 10:02,,,7
2253321.0,23-07-2026 12:25,09-07-2026 13:39,,29-07-2026 12:00,23-07-2026 12:25,,06-08-2026 13:00,,20-08-2026 11:50,19-08-2026 10:02,,,7
2253322.0,23-07-2026 12:25,09-07-2026 13:39,,29-07-2026 12:00,23-07-2026 12:25,,06-08-2026 13:00,,20-08-2026 11:50,19-08-2026 10:02,,,7
2253323.0,23-07-2026 12:25,09-07-2026 13:39,,29-07-2026 12:00,23-07-2026 12:25,,06-08-2026 13:00,,20-08-2026 11:50,19-08-2026 10:02,,,7
2253324.0,23-07-2026 12:25,09-07-2026 13:39,,29-07-2026 12:00,23-07-2026 12:25,,,,20-08-2026 11:50,19-08-2026 10:02,,,6
2253325.0,23-07-2026 12:25,09-07-2026 13:39,,29-07-2026 12:00,23-07-2026 12:25,,06-08-2026 13:00,,20-08-2026 11:50,19-08-2026 10:02,,,7
2253326.0,23-07-2026 12:25,09-07-2026 13:39,,29-07-2026 12:00,23-07-2026 12:25,,06-08-2026 13:00,,20-08-2026 11:50,19-08-2026 10:02,,,7
2253327.0,23-07-2026 12:25,09-07-2026 13:39,,29-07-2026 12:00,23-07-2026 12:25,,06-08-2026 13:00,,20-08-2026 11:50,19-08-2026 10:02,,,7
2253328.0,23-07-2026 12:25,09-07-2026 13:39,,29-07-2026 12:00,23-07-2026 12:25,,06-08-2026 13:00,,20-08-2026 11:50,19-08-2026 10:02,,,7
2253329.0,23-07-2026 12:25,09-07-2026 13:39,,29-07-2026 12:00,23-07-2026 12:25,,06-08-2026 13:00,,31-08-2026 11:12,19-08-2026 10:02,,,7
2253330.0,23-07-2026 12:25,09-07-2026 13:39,,29-07-2026 12:00,23-07-2026 12:25,,06-08-2026 13:00,,20-08-2026 11:50,19-08-2026 10:02,,,7
2253331.0,23-07-2026 12:25,09-07-2026 13:39,,29-07-2026 12:00,23-07-2026 12:25,,,,20-08-2026 11:50,19-08-2026 10:02,,,6
2253332.0,23-07-2026 12:25,09-07-2026 13:39,,29-07-2026 12:00,23-07-2026 12:25,,06-08-2026 13:00,,20-08-2026 11:50,19-08-2026 10:02,,,7
2253333.0,23-07-2026 12:25,09-07-2026 13:39,,29-07-2026 12:00,23-07-2026 12:25,,06-08-2026 13:00,,20-08-2026 11:50,19-08-2026 10:02,,,7
2253334.0,23-07-2026 12:25,09-07-2026 13:39,,29-07-2026 12:00,23-07-2026 12:25,,06-08-2026 13:00,,20-08-2026 11:50,19-08-2026 10:02,,,7
2253335.0,23-07-2026 12:25,09-07-2026 13:39,,29-07-2026 12:00,23-07-2026 12:25,,06-08-2026 13:00,,20-08-2026 11:50,19-08-2026 10:02,,,7
2253345.0,13-07-2026 15:01,13-07-2026 13:29,,25-07-2026 10:27,21-07-2026 12:28,,03-08-2026 12:07,,24-08-2026 10:07,19-08-2026 11:20,,,7
2253347.0,13-07-2026 15:01,13-07-2026 13:29,,25-07-2026 10:27,21-07-2026 12:28,,03-08-2026 12:07,,24-08-2026 10:07,19-08-2026 11:20,,,7
2253348.0,13-07-2026 15:01,13-07-2026 13:29,,25-07-2026 10:27,21-07-2026 12:28,,03-08-2026 12:07,,24-08-2026 10:07,19-08-2026 11:20,,,7
2253349.0,13-07-2026 15:01,13-07-2026 13:29,,,21-07-2026 12:28,,,,,,,,3
2253350.0,13-07-2026 15:01,13-07-2026 13:29,,27-07-2026 13:16,21-07-2026 12:28,,03-08-2026 12:07,,24-08-2026 10:07,19-08-2026 11:20,,,7
2253353.0,17-07-2026 16:13,22-07-2026 12:16,,25-07-2026 10:27,21-07-2026 12:28,,03-08-2026 12:07,,24-08-2026 10:07,19-08-2026 11:20,,,7
2253354.0,13-07-2026 15:01,13-07-2026 13:29,,27-07-2026 13:16,22-07-2026 12:20,,03-08-2026 12:07,,24-08-2026 10:07,19-08-2026 11:20,,,7
2253355.0,13-07-2026 15:01,13-07-2026 13:29,,25-07-2026 10:27,21-07-2026 12:28,,03-08-2026 12:07,,24-08-2026 10:07,19-08-2026 11:20,,,7
2253362.0,13-07-2026 15:01,13-07-2026 13:29,,25-07-2026 10:27,21-07-2026 12:28,,03-08-2026 12:07,,24-08-2026 10:07,,,,6
2253364.0,17-07-2026 16:13,22-07-2026 12:16,,25-07-2026 10:27,21-07-2026 12:28,,03-08-2026 12:07,,24-08-2026 10:07,19-08-2026 11:20,,,7
2253366.0,13-07-2026 15:01,13-07-2026 13:29,,27-07-2026 13:16,21-07-2026 12:28,,03-08-2026 12:07,,24-08-2026 10:07,19-08-2026 11:20,,,7
2253442.0,13-07-2026 15:01,13-07-2026 13:29,,27-07-2026 13:16,21-07-2026 12:28,,03-08-2026 12:07,,24-08-2026 10:07,19-08-2026 11:20,,,7
2253450.0,17-07-2026 16:13,,,25-07-2026 10:27,,,,,,,,,2
2253454.0,17-07-2026 16:13,22-07-2026 12:16,,25-07-2026 10:27,21-07-2026 12:28,,03-08-2026 12:07,,24-08-2026 10:07,,,,6
2253457.0,13-07-2026 15:01,13-07-2026 13:29,,25-07-2026 10:27,21-07-2026 12:28,,03-08-2026 12:07,,24-08-2026 10:07,19-08-2026 11:20,,,7
2253466.0,13-07-2026 15:01,13-07-2026 13:29,,25-07-2026 10:27,21-07-2026 12:28,,03-08-2026 12:07,,24-08-2026 10:07,,,,6
2253469.0,13-07-2026 15:01,13-07-2026 13:29,,27-07-2026 13:16,21-07-2026 12:28,,,,,19-08-2026 11:20,,,5
2253476.0,13-07-2026 15:01,13-07-2026 13:29,,25-07-2026 10:27,21-07-2026 12:28,,03-08-2026 12:07,,24-08-2026 10:07,19-08-2026 11:20,,,7
2253480.0,13-07-2026 15:01,13-07-2026 13:29,,25-07-2026 10:27,21-07-2026 12:28,,03-08-2026 12:07,,,,,,5
2253483.0,17-07-2026 16:13,27-07-2026 12:17,,25-07-2026 10:27,21-07-2026 12:28,,03-08-2026 12:07,,24-08-2026 10:07,19-08-2026 11:20,,,7
2253486.0,13-07-2026 15:01,13-07-2026 13:29,,25-07-2026 10:27,21-07-2026 12:28,,03-08-2026 12:07,,24-08-2026 10:07,19-08-2026 11:20,,,7
2253488.0,13-07-2026 15:01,13-07-2026 13:29,,25-07-2026 10:27,21-07-2026 12:28,,03-08-2026 12:07,,24-08-2026 10:07,19-08-2026 11:20,,,7
2253491.0,13-07-2026 15:01,13-07-2026 13:29,,27-07-2026 13:16,21-07-2026 12:28,,03-08-2026 12:07,,24-08-2026 10:07,19-08-2026 11:20,,,7
2253544.0,13-07-2026 15:01,13-07-2026 13:29,,25-07-2026 10:27,21-07-2026 12:28,,,,24-08-2026 10:07,19-08-2026 11:20,,,6
2253545.0,13-07-2026 15:01,13-07-2026 13:29,,27-07-2026 13:16,21-07-2026 12:28,,03-08-2026 12:07,,24-08-2026 10:07,19-08-2026 11:20,,,7
2253546.0,13-07-2026 15:01,13-07-2026 13:29,,25-07-2026 10:27,21-07-2026 12:28,,,,24-08-2026 10:07,19-08-2026 11:20,,,6
2253547.0,17-07-2026 16:13,22-07-2026 12:16,,,21-07-2026 12:28,,03-08-2026 12:07,,,19-08-2026 11:20,,,5
2253548.0,13-07-2026 15:01,13-07-2026 13:29,,25-07-2026 10:27,21-07-2026 12:28,,,,,19-08-2026 11:20,,,5
2253824.0,29-07-2026 09:59,,,30-07-2026 14:18,29-07-2026 10:02,,05-08-2026 10:37,,31-08-2026 15:00,13-08-2026 10:37,,,6
2253825.0,21-07-2026 13:37,03-07-2026 11:35,,29-07-2026 11:12,31-07-2026 13:48,,17-08-2026 10:37,,31-08-2026 12:06,17-08-2026 10:38,,,7
2253827.0,21-07-2026 13:37,03-07-2026 11:35,,29-07-2026 11:12,31-07-2026 13:48,,17-08-2026 10:37,,31-08-2026 12:06,17-08-2026 10:38,,,7
2253829.0,21-07-2026 13:40,21-07-2026 13:39,,30-07-2026 14:12,30-07-2026 15:38,,13-08-2026 10:39,,31-08-2026 14:53,13-08-2026 10:38,,,7
2253830.0,29-07-2026 09:59,,,30-07-2026 14:18,29-07-2026 10:02,,05-08-2026 10:37,,31-08-2026 15:00,13-08-2026 10:37,,,6
2253832.0,21-07-2026 13:37,29-07-2026 10:19,,30-07-2026 14:15,31-07-2026 13:48,,17-08-2026 10:37,,31-08-2026 12:06,17-08-2026 10:38,,,7
2253833.0,29-07-2026 10:06,21-07-2026 13:39,,30-07-2026 14:12,30-07-2026 15:38,,13-08-2026 10:39,,31-08-2026 14:53,13-08-2026 10:38,,,7
2253834.0,21-07-2026 13:40,21-07-2026 13:39,,30-07-2026 14:12,30-07-2026 15:38,,13-08-2026 10:39,,31-08-2026 14:53,13-08-2026 10:38,,,7
2253835.0,21-07-2026 13:37,03-07-2026 11:35,,29-07-2026 11:12,31-07-2026 13:48,,17-08-2026 10:37,,31-08-2026 12:06,17-08-2026 10:38,,,7
2253836.0,21-07-2026 13:40,21-07-2026 13:39,,30-07-2026 14:12,30-07-2026 15:38,,13-08-2026 10:39,,31-08-2026 14:53,13-08-2026 10:38,,,7
2253837.0,16-07-2026 13:07,02-07-2026 10:18,,31-07-2026 13:46,23-07-2026 11:13,,31-08-2026 15:23,,20-08-2026 11:06,31-08-2026 15:18,,,7
2253838.0,29-07-2026 10:06,21-07-2026 13:39,,30-07-2026 14:12,30-07-2026 15:38,,13-08-2026 10:39,,31-08-2026 14:53,13-08-2026 10:38,,,7
2253839.0,16-07-2026 13:07,02-07-2026 10:18,,31-07-2026 13:46,23-07-2026 11:13,,31-08-2026 15:23,,20-08-2026 11:06,31-08-2026 15:18,,,7
2253840.0,16-07-2026 13:07,02-07-2026 10:18,,31-07-2026 13:46,23-07-2026 11:13,,31-08-2026 15:23,,20-08-2026 11:06,31-08-2026 15:18,,,7
2253841.0,21-07-2026 13:40,21-07-2026 13:39,,30-07-2026 14:12,30-07-2026 15:38,,13-08-2026 10:39,,31-08-2026 14:53,31-08-2026 14:52,,,7
2253842.0,16-07-2026 13:07,16-07-2026 13:06,,31-07-2026 13:46,23-07-2026 11:13,,31-08-2026 15:23,,20-08-2026 11:06,31-08-2026 15:18,,,7
2253843.0,21-07-2026 13:40,21-07-2026 13:39,,30-07-2026 14:12,30-07-2026 15:38,,13-08-2026 10:39,,31-08-2026 14:53,13-08-2026 10:38,,,7
2253844.0,21-07-2026 13:40,21-07-2026 13:39,,30-07-2026 14:12,30-07-2026 15:38,,13-08-2026 10:39,,31-08-2026 14:53,13-08-2026 10:38,,,7
2253846.0,16-07-2026 13:07,02-07-2026 10:18,,31-07-2026 13:46,23-07-2026 11:13,,31-08-2026 15:23,,20-08-2026 11:06,31-08-2026 15:18,,,7
2253847.0,21-07-2026 13:40,21-07-2026 13:39,,30-07-2026 14:12,30-07-2026 15:38,,13-08-2026 10:39,,31-08-2026 14:53,13-08-2026 10:38,,,7
2253849.0,16-07-2026 13:07,02-07-2026 10:18,,31-07-2026 13:46,23-07-2026 11:13,,31-08-2026 15:23,,20-08-2026 11:06,31-08-2026 15:18,,,7
2253850.0,21-07-2026 13:37,03-07-2026 11:35,,29-07-2026 11:12,31-07-2026 13:48,,17-08-2026 10:37,,31-08-2026 12:06,17-08-2026 10:38,,,7
2253851.0,21-07-2026 13:40,21-07-2026 13:39,,30-07-2026 14:12,30-07-2026 15:38,,13-08-2026 10:39,,31-08-2026 14:53,13-08-2026 10:38,,,7
2253852.0,21-07-2026 13:37,29-07-2026 10:19,,30-07-2026 14:15,31-07-2026 13:48,,17-08-2026 10:37,,31-08-2026 12:06,17-08-2026 10:38,,,7
2253853.0,21-07-2026 13:40,21-07-2026 13:39,,30-07-2026 14:12,30-07-2026 15:38,,13-08-2026 10:39,,31-08-2026 14:53,13-08-2026 10:38,,,7
2253856.0,21-07-2026 13:37,03-07-2026 11:35,,29-07-2026 11:12,31-07-2026 13:48,,17-08-2026 10:37,,31-08-2026 12:06,17-08-2026 10:38,,,7
2253857.0,21-07-2026 13:40,21-07-2026 13:39,,30-07-2026 14:12,30-07-2026 15:38,,13-08-2026 10:39,,31-08-2026 14:53,31-08-2026 14:52,,,7
2253858.0,16-07-2026 13:07,02-07-2026 10:18,,31-07-2026 13:46,23-07-2026 11:13,,31-08-2026 15:23,,20-08-2026 11:06,31-08-2026 15:18,,,7
2253859.0,21-07-2026 13:40,21-07-2026 13:39,,30-07-2026 14:12,30-07-2026 15:38,,13-08-2026 10:39,,31-08-2026 14:53,13-08-2026 10:38,,,7
2253861.0,16-07-2026 13:07,02-07-2026 10:18,,31-07-2026 13:46,23-07-2026 11:13,,31-08-2026 15:23,,20-08-2026 11:06,31-08-2026 15:18,,,7
2253862.0,21-07-2026 13:37,03-07-2026 11:35,,29-07-2026 11:12,31-07-2026 13:48,,17-08-2026 10:37,,31-08-2026 12:06,17-08-2026 10:38,,,7
2253863.0,16-07-2026 13:07,02-07-2026 10:18,,31-07-2026 13:46,23-07-2026 11:13,,31-08-2026 15:23,,20-08-2026 11:06,31-08-2026 15:18,,,7
2253864.0,21-07-2026 13:40,21-07-2026 13:39,,30-07-2026 14:12,30-07-2026 15:38,,13-08-2026 10:39,,31-08-2026 14:53,13-08-2026 10:38,,,7
2253865.0,21-07-2026 13:37,03-07-2026 11:35,,29-07-2026 11:12,31-07-2026 13:48,,17-08-2026 10:37,,31-08-2026 12:06,17-08-2026 10:38,,,7
2253867.0,16-07-2026 13:07,02-07-2026 10:18,,31-07-2026 13:46,23-07-2026 11:13,,31-08-2026 15:23,,31-08-2026 15:24,31-08-2026 15:18,,,7
2253868.0,21-07-2026 13:40,21-07-2026 13:39,,30-07-2026 14:12,30-07-2026 15:38,,13-08-2026 10:39,,31-08-2026 14:53,13-08-2026 10:38,,,7
2253869.0,21-07-2026 13:37,03-07-2026 11:35,,29-07-2026 11:12,31-07-2026 13:48,,17-08-2026 10:37,,31-08-2026 12:06,17-08-2026 10:38,,,7
2253870.0,16-07-2026 13:07,02-07-2026 10:18,,31-07-2026 13:46,23-07-2026 11:13,,31-08-2026 15:23,,20-08-2026 11:06,31-08-2026 15:18,,,7
2253871.0,21-07-2026 13:40,21-07-2026 13:39,,30-07-2026 14:12,30-07-2026 15:38,,13-08-2026 10:39,,31-08-2026 14:53,13-08-2026 10:38,,,7
2253872.0,21-07-2026 13:37,03-07-2026 11:35,,29-07-2026 11:12,31-07-2026 13:48,,17-08-2026 10:37,,31-08-2026 12:06,17-08-2026 10:38,,,7
2253873.0,21-07-2026 13:40,21-07-2026 13:39,,30-07-2026 14:12,30-07-2026 15:38,,13-08-2026 10:39,,31-08-2026 14:53,13-08-2026 10:38,,,7
2253874.0,21-07-2026 13:37,03-07-2026 11:35,,29-07-2026 11:12,31-07-2026 13:48,,17-08-2026 10:37,,31-08-2026 12:06,17-08-2026 10:38,,,7
2253875.0,16-07-2026 13:07,02-07-2026 10:18,,31-07-2026 13:46,23-07-2026 11:13,,31-08-2026 15:23,,20-08-2026 11:06,31-08-2026 15:18,,,7
2253876.0,29-07-2026 10:06,21-07-2026 13:39,,30-07-2026 14:12,30-07-2026 15:38,,13-08-2026 10:39,,31-08-2026 14:53,31-08-2026 14:52,,,7
2253877.0,16-07-2026 13:07,02-07-2026 10:18,,31-07-2026 13:46,23-07-2026 11:13,,31-08-2026 15:23,,20-08-2026 11:06,31-08-2026 15:18,,,7
2253878.0,21-07-2026 13:37,03-07-2026 11:35,,30-07-2026 14:15,31-07-2026 13:48,,17-08-2026 10:37,,31-08-2026 12:06,17-08-2026 10:38,,,7
2253879.0,21-07-2026 13:40,21-07-2026 13:39,,30-07-2026 14:12,30-07-2026 15:38,,13-08-2026 10:39,,31-08-2026 14:53,13-08-2026 10:38,,,7
2253881.0,21-07-2026 13:37,03-07-2026 11:35,,29-07-2026 11:12,31-07-2026 13:48,,17-08-2026 10:37,,31-08-2026 12:06,17-08-2026 10:38,,,7
2253882.0,21-07-2026 13:40,21-07-2026 13:39,,30-07-2026 14:12,30-07-2026 15:38,,13-08-2026 10:39,,31-08-2026 14:53,13-08-2026 10:38,,,7
2253883.0,16-07-2026 13:07,02-07-2026 10:18,,31-07-2026 13:46,29-07-2026 10:10,,31-08-2026 15:23,,20-08-2026 11:06,31-08-2026 15:18,,,7
2253884.0,21-07-2026 13:37,03-07-2026 11:35,,29-07-2026 11:12,31-07-2026 13:48,,17-08-2026 10:37,,31-08-2026 12:06,17-08-2026 10:38,,,7
2253885.0,21-07-2026 13:40,21-07-2026 13:39,,30-07-2026 14:12,30-07-2026 15:38,,13-08-2026 10:39,,31-08-2026 14:53,13-08-2026 10:38,,,7
2253888.0,21-07-2026 13:40,21-07-2026 13:39,,30-07-2026 14:12,30-07-2026 15:38,,13-08-2026 10:39,,31-08-2026 14:53,13-08-2026 10:38,,,7
2253889.0,21-07-2026 13:37,29-07-2026 10:19,,29-07-2026 11:12,31-07-2026 13:48,,17-08-2026 10:37,,31-08-2026 12:06,17-08-2026 10:38,,,7
2253892.0,21-07-2026 13:40,21-07-2026 13:39,,30-07-2026 14:12,30-07-2026 15:38,,13-08-2026 10:39,,31-08-2026 14:53,13-08-2026 10:38,,,7
2253895.0,21-07-2026 13:40,21-07-2026 13:39,,30-07-2026 14:12,30-07-2026 15:38,,13-08-2026 10:39,,31-08-2026 14:53,13-08-2026 10:38,,,7
2253898.0,16-07-2026 13:07,02-07-2026 10:18,,31-07-2026 13:46,23-07-2026 11:13,,31-08-2026 15:23,,20-08-2026 11:06,31-08-2026 15:18,,,7
2253901.0,21-07-2026 13:37,29-07-2026 10:19,,29-07-2026 11:12,31-07-2026 13:48,,17-08-2026 10:37,,31-08-2026 12:06,17-08-2026 10:38,,,7
2253902.0,21-07-2026 13:40,21-07-2026 13:39,,30-07-2026 14:12,30-07-2026 15:38,,13-08-2026 10:39,,31-08-2026 14:53,13-08-2026 10:38,,,7
2253906.0,21-07-2026 13:37,29-07-2026 10:19,,29-07-2026 11:12,31-07-2026 13:48,,17-08-2026 10:37,,31-08-2026 12:06,17-08-2026 10:38,,,7
2253907.0,16-07-2026 13:07,02-07-2026 10:18,,31-07-2026 13:46,23-07-2026 11:13,,31-08-2026 15:23,,20-08-2026 11:06,31-08-2026 15:18,,,7
2253909.0,21-07-2026 13:40,21-07-2026 13:39,,30-07-2026 14:12,30-07-2026 15:38,,13-08-2026 10:39,,31-08-2026 14:53,13-08-2026 10:38,,,7
2253913.0,21-07-2026 13:37,29-07-2026 10:19,,29-07-2026 11:12,31-07-2026 13:48,,17-08-2026 10:37,,31-08-2026 12:06,17-08-2026 10:38,,,7
2253914.0,16-07-2026 13:07,02-07-2026 10:18,,31-07-2026 13:46,29-07-2026 10:10,,31-08-2026 15:23,,20-08-2026 11:06,31-08-2026 15:18,,,7
2253917.0,21-07-2026 13:37,29-07-2026 10:19,,30-07-2026 14:15,31-07-2026 13:48,,17-08-2026 10:37,,31-08-2026 12:06,17-08-2026 10:38,,,7
2253918.0,16-07-2026 13:07,02-07-2026 10:18,,31-07-2026 13:46,23-07-2026 11:13,,31-08-2026 15:23,,20-08-2026 11:06,31-08-2026 15:18,,,7
2253921.0,29-07-2026 10:06,21-07-2026 13:39,,30-07-2026 14:12,30-07-2026 15:38,,13-08-2026 10:39,,31-08-2026 14:53,13-08-2026 10:38,,,7
2253923.0,16-07-2026 13:07,02-07-2026 10:18,,31-07-2026 13:46,29-07-2026 10:10,,31-08-2026 15:23,,20-08-2026 11:06,31-08-2026 15:18,,,7
2253929.0,16-07-2026 13:07,02-07-2026 10:18,,31-07-2026 13:46,29-07-2026 10:10,,31-08-2026 15:23,,20-08-2026 11:06,31-08-2026 15:18,,,7
2253995.0,21-07-2026 13:40,21-07-2026 13:39,,30-07-2026 14:12,30-07-2026 15:38,,13-08-2026 10:39,,31-08-2026 14:53,31-08-2026 14:52,,,7
2253998.0,21-07-2026 13:40,21-07-2026 13:39,,30-07-2026 14:12,30-07-2026 15:38,,13-08-2026 10:39,,31-08-2026 14:53,13-08-2026 10:38,,,7
2254001.0,21-07-2026 13:40,21-07-2026 13:39,,30-07-2026 14:12,30-07-2026 15:38,,13-08-2026 10:39,,31-08-2026 14:53,13-08-2026 10:38,,,7
2254002.0,21-07-2026 13:40,21-07-2026 13:39,,30-07-2026 14:12,30-07-2026 15:38,,13-08-2026 10:39,,31-08-2026 14:53,13-08-2026 10:38,,,7
2254006.0,21-07-2026 13:40,21-07-2026 13:39,,30-07-2026 14:12,30-07-2026 15:38,,13-08-2026 10:39,,31-08-2026 14:53,13-08-2026 10:38,,,7
2254016.0,21-07-2026 13:40,21-07-2026 13:39,,30-07-2026 14:12,30-07-2026 15:38,,13-08-2026 10:39,,31-08-2026 14:53,13-08-2026 10:38,,,7
2254017.0,21-07-2026 13:37,03-07-2026 11:35,,29-07-2026 11:12,31-07-2026 13:48,,17-08-2026 10:37,,31-08-2026 12:06,17-08-2026 10:38,,,7
2254020.0,21-07-2026 13:40,21-07-2026 13:39,,30-07-2026 14:12,30-07-2026 15:38,,13-08-2026 10:39,,31-08-2026 14:53,13-08-2026 10:38,,,7
2254022.0,21-07-2026 13:37,03-07-2026 11:35,,29-07-2026 11:12,31-07-2026 13:48,,17-08-2026 10:37,,31-08-2026 12:06,17-08-2026 10:38,,,7
2254025.0,21-07-2026 13:37,03-07-2026 11:35,,29-07-2026 11:12,31-07-2026 13:48,,17-08-2026 10:37,,31-08-2026 12:06,17-08-2026 10:38,,,7
2254028.0,21-07-2026 13:37,03-07-2026 11:35,,29-07-2026 11:12,31-07-2026 13:48,,17-08-2026 10:37,,31-08-2026 12:06,17-08-2026 10:38,,,7
2254033.0,21-07-2026 13:37,03-07-2026 11:35,,29-07-2026 11:12,31-07-2026 13:48,,17-08-2026 10:37,,31-08-2026 12:06,17-08-2026 10:38,,,7
2254034.0,21-07-2026 13:40,21-07-2026 13:39,,30-07-2026 14:12,30-07-2026 15:38,,13-08-2026 10:39,,31-08-2026 14:53,13-08-2026 10:38,,,7
2254038.0,21-07-2026 13:37,03-07-2026 11:35,,30-07-2026 14:15,31-07-2026 13:48,,17-08-2026 10:37,,31-08-2026 12:06,17-08-2026 10:38,,,7
2254040.0,21-07-2026 13:40,21-07-2026 13:39,,30-07-2026 14:12,30-07-2026 15:38,,13-08-2026 10:39,,31-08-2026 14:53,13-08-2026 10:38,,,7
2254042.0,21-07-2026 13:37,03-07-2026 11:35,,29-07-2026 11:12,31-07-2026 13:48,,17-08-2026 10:37,,31-08-2026 12:06,17-08-2026 10:38,,,7
2254045.0,21-07-2026 13:40,21-07-2026 13:39,,30-07-2026 14:12,30-07-2026 15:38,,13-08-2026 10:39,,31-08-2026 14:53,13-08-2026 10:38,,,7
2254046.0,21-07-2026 13:37,03-07-2026 11:35,,29-07-2026 11:12,31-07-2026 13:48,,17-08-2026 10:37,,31-08-2026 12:06,17-08-2026 10:38,,,7
2254048.0,21-07-2026 13:40,21-07-2026 13:39,,30-07-2026 14:12,30-07-2026 15:38,,13-08-2026 10:39,,31-08-2026 14:53,13-08-2026 10:38,,,7
2254051.0,21-07-2026 13:40,21-07-2026 13:39,,30-07-2026 14:12,30-07-2026 15:38,,13-08-2026 10:39,,31-08-2026 14:53,31-08-2026 14:52,,,7
2254052.0,21-07-2026 13:37,03-07-2026 11:35,,29-07-2026 11:12,31-07-2026 13:48,,17-08-2026 10:37,,31-08-2026 12:06,17-08-2026 10:38,,,7
2254054.0,21-07-2026 13:40,21-07-2026 13:39,,30-07-2026 14:12,30-07-2026 15:38,,13-08-2026 10:39,,31-08-2026 14:53,31-08-2026 14:52,,,7
2254055.0,21-07-2026 13:37,03-07-2026 11:35,,29-07-2026 11:12,31-07-2026 13:48,,17-08-2026 10:37,,31-08-2026 12:06,17-08-2026 10:38,,,7
2254057.0,21-07-2026 13:40,21-07-2026 13:39,,30-07-2026 14:12,30-07-2026 15:38,,13-08-2026 10:39,,31-08-2026 14:53,13-08-2026 10:38,,,7
2254058.0,21-07-2026 13:37,03-07-2026 11:35,,29-07-2026 11:12,31-07-2026 13:48,,17-08-2026 10:37,,31-08-2026 12:06,17-08-2026 10:38,,,7
2254060.0,21-07-2026 13:40,21-07-2026 13:39,,30-07-2026 14:12,30-07-2026 15:38,,13-08-2026 10:39,,31-08-2026 14:53,13-08-2026 10:38,,,7
2254061.0,21-07-2026 13:37,03-07-2026 11:35,,29-07-2026 11:12,31-07-2026 13:48,,17-08-2026 10:37,,31-08-2026 12:06,17-08-2026 10:38,,,7
2254063.0,21-07-2026 13:40,21-07-2026 13:39,,30-07-2026 14:12,30-07-2026 15:38,,13-08-2026 10:39,,31-08-2026 14:53,31-08-2026 14:52,,,7
2254064.0,21-07-2026 13:37,03-07-2026 11:35,,29-07-2026 11:12,31-07-2026 13:48,,17-08-2026 10:37,,31-08-2026 12:06,17-08-2026 10:38,,,7
2254066.0,21-07-2026 13:37,29-07-2026 10:19,,29-07-2026 11:12,31-07-2026 13:48,,17-08-2026 10:37,,31-08-2026 12:06,17-08-2026 10:38,,,7
2254108.0,21-07-2026 13:40,21-07-2026 13:39,,30-07-2026 14:12,30-07-2026 15:38,,13-08-2026 10:39,,31-08-2026 14:53,13-08-2026 10:38,,,7
2254113.0,21-07-2026 13:40,21-07-2026 13:39,,30-07-2026 14:12,30-07-2026 15:38,,13-08-2026 10:39,,31-08-2026 14:53,31-08-2026 14:52,,,7
2254117.0,21-07-2026 13:40,21-07-2026 13:39,,30-07-2026 14:12,30-07-2026 15:38,,13-08-2026 10:39,,31-08-2026 14:53,13-08-2026 10:38,,,7
2254121.0,21-07-2026 13:40,21-07-2026 13:39,,30-07-2026 14:12,30-07-2026 15:38,,13-08-2026 10:39,,31-08-2026 14:53,13-08-2026 10:38,,,7
2254130.0,29-07-2026 09:59,,,30-07-2026 14:18,29-07-2026 10:02,,05-08-2026 10:37,,31-08-2026 15:00,13-08-2026 10:37,,,6
2254134.0,16-07-2026 13:07,02-07-2026 10:18,,31-07-2026 13:46,29-07-2026 10:10,,31-08-2026 15:23,,20-08-2026 11:06,31-08-2026 15:18,,,7
2254135.0,29-07-2026 09:59,,,30-07-2026 14:18,29-07-2026 10:02,,05-08-2026 10:37,,31-08-2026 15:00,13-08-2026 10:37,,,6
2254138.0,16-07-2026 13:07,02-07-2026 10:18,,31-07-2026 13:46,23-07-2026 11:13,,31-08-2026 15:23,,20-08-2026 11:06,31-08-2026 15:18,,,7
2254140.0,29-07-2026 09:59,,,30-07-2026 14:18,29-07-2026 10:02,,05-08-2026 10:37,,31-08-2026 15:00,13-08-2026 10:37,,,6
2254143.0,16-07-2026 13:07,16-07-2026 13:06,,31-07-2026 13:46,29-07-2026 10:10,,31-08-2026 15:23,,20-08-2026 11:06,31-08-2026 15:18,,,7
2254145.0,29-07-2026 09:59,,,30-07-2026 14:18,29-07-2026 10:02,,31-08-2026 14:58,,31-08-2026 15:00,31-08-2026 14:59,,,6
2254148.0,16-07-2026 13:07,02-07-2026 10:18,,31-07-2026 13:46,23-07-2026 11:13,,31-08-2026 15:23,,20-08-2026 11:06,31-08-2026 15:18,,,7
2254153.0,29-07-2026 09:59,,,30-07-2026 14:18,29-07-2026 10:02,,05-08-2026 10:37,,31-08-2026 15:00,13-08-2026 10:37,,,6
2254154.0,16-07-2026 13:07,02-07-2026 10:18,,31-07-2026 13:46,23-07-2026 11:13,,31-08-2026 15:23,,31-08-2026 15:24,31-08-2026 15:18,,,7
2254164.0,16-07-2026 13:07,02-07-2026 10:18,,31-07-2026 13:46,23-07-2026 11:13,,31-08-2026 15:23,,20-08-2026 11:06,31-08-2026 15:18,,,7
2254168.0,16-07-2026 13:07,02-07-2026 10:18,,31-07-2026 13:46,29-07-2026 10:10,,31-08-2026 15:23,,31-08-2026 15:24,31-08-2026 15:18,,,7
2254171.0,16-07-2026 13:07,02-07-2026 10:18,,31-07-2026 13:46,23-07-2026 11:13,,31-08-2026 15:23,,20-08-2026 11:06,31-08-2026 15:18,,,7
2254175.0,16-07-2026 13:07,02-07-2026 10:18,,31-07-2026 13:46,23-07-2026 11:13,,31-08-2026 15:23,,31-08-2026 15:24,31-08-2026 15:18,,,7
2254177.0,16-07-2026 13:07,02-07-2026 10:18,,31-07-2026 13:46,29-07-2026 10:10,,31-08-2026 15:23,,20-08-2026 11:06,31-08-2026 15:18,,,7
2254183.0,16-07-2026 13:07,02-07-2026 10:18,,31-07-2026 13:46,23-07-2026 11:13,,31-08-2026 15:23,,20-08-2026 11:06,31-08-2026 15:18,,,7
2254186.0,16-07-2026 13:07,02-07-2026 10:18,,31-07-2026 13:46,23-07-2026 11:13,,31-08-2026 15:23,,31-08-2026 15:24,31-08-2026 15:18,,,7
2254199.0,16-07-2026 13:07,02-07-2026 10:18,,31-07-2026 13:46,23-07-2026 11:13,,31-08-2026 15:23,,20-08-2026 11:06,31-08-2026 15:18,,,7
2254205.0,16-07-2026 13:07,02-07-2026 10:18,,31-07-2026 13:46,23-07-2026 11:13,,31-08-2026 15:23,,20-08-2026 11:06,31-08-2026 15:18,,,7
2254213.0,16-07-2026 13:07,02-07-2026 10:18,,31-07-2026 13:46,23-07-2026 11:13,,31-08-2026 15:23,,20-08-2026 11:06,31-08-2026 15:18,,,7
2254217.0,16-07-2026 13:07,02-07-2026 10:18,,31-07-2026 13:46,23-07-2026 11:13,,31-08-2026 15:23,,20-08-2026 11:06,31-08-2026 15:18,,,7
2254232.0,29-07-2026 09:59,,,30-07-2026 14:18,29-07-2026 10:02,,05-08-2026 10:37,,31-08-2026 15:00,13-08-2026 10:37,,,6
2254233.0,29-07-2026 09:59,31-07-2026 13:31,,30-07-2026 14:18,29-07-2026 10:02,,05-08-2026 10:37,,31-08-2026 15:00,13-08-2026 10:37,,,7
2254234.0,29-07-2026 09:59,,,30-07-2026 14:18,29-07-2026 10:02,,05-08-2026 10:37,,31-08-2026 15:00,31-08-2026 14:59,,,6
2254235.0,29-07-2026 09:59,,,30-07-2026 14:18,29-07-2026 10:02,,05-08-2026 10:37,,31-08-2026 15:00,13-08-2026 10:37,,,6
2254236.0,29-07-2026 09:59,,,30-07-2026 14:18,29-07-2026 10:02,,05-08-2026 10:37,,31-08-2026 15:00,13-08-2026 10:37,,,6
2254237.0,29-07-2026 09:59,,,30-07-2026 14:18,29-07-2026 10:02,,05-08-2026 10:37,,31-08-2026 15:00,13-08-2026 10:37,,,6
2254238.0,29-07-2026 09:59,,,30-07-2026 14:18,29-07-2026 10:02,,05-08-2026 10:37,,31-08-2026 15:00,13-08-2026 10:37,,,6
2254239.0,29-07-2026 09:59,31-07-2026 13:31,,30-07-2026 14:18,29-07-2026 10:02,,05-08-2026 10:37,,31-08-2026 15:00,13-08-2026 10:37,,,7
2254240.0,29-07-2026 09:59,,,30-07-2026 14:18,29-07-2026 10:02,,05-08-2026 10:37,,31-08-2026 15:00,13-08-2026 10:37,,,6
2254241.0,29-07-2026 09:59,,,30-07-2026 14:18,29-07-2026 10:02,,05-08-2026 10:37,,31-08-2026 15:00,13-08-2026 10:37,,,6
2254242.0,29-07-2026 09:59,,,30-07-2026 14:18,29-07-2026 10:02,,05-08-2026 10:37,,31-08-2026 15:00,13-08-2026 10:37,,,6
2254243.0,29-07-2026 09:59,03-07-2026 12:02,,30-07-2026 14:18,29-07-2026 10:02,,05-08-2026 10:37,,31-08-2026 15:00,31-08-2026 14:59,,,7
2254244.0,29-07-2026 09:59,,,30-07-2026 14:18,29-07-2026 10:02,,05-08-2026 10:37,,31-08-2026 15:00,13-08-2026 10:37,,,6
2254245.0,29-07-2026 09:59,03-07-2026 12:02,,30-07-2026 14:18,29-07-2026 10:02,,31-08-2026 14:58,,31-08-2026 15:00,13-08-2026 10:37,,,7
2254246.0,29-07-2026 09:59,,,30-07-2026 14:18,29-07-2026 10:02,,05-08-2026 10:37,,31-08-2026 15:00,13-08-2026 10:37,,,6
2254247.0,29-07-2026 09:59,,,30-07-2026 14:18,29-07-2026 10:02,,05-08-2026 10:37,,31-08-2026 15:00,13-08-2026 10:37,,,6
2254248.0,29-07-2026 09:59,,,30-07-2026 14:18,29-07-2026 10:02,,31-08-2026 14:58,,31-08-2026 15:00,13-08-2026 10:37,,,6
2254249.0,29-07-2026 09:59,,,30-07-2026 14:18,29-07-2026 10:02,,05-08-2026 10:37,,31-08-2026 15:00,13-08-2026 10:37,,,6
2254250.0,29-07-2026 09:59,,,30-07-2026 14:18,29-07-2026 10:02,,05-08-2026 10:37,,31-08-2026 15:00,13-08-2026 10:37,,,6
2254251.0,29-07-2026 09:59,,,30-07-2026 14:18,29-07-2026 10:02,,05-08-2026 10:37,,31-08-2026 15:00,13-08-2026 10:37,,,6
2254252.0,29-07-2026 09:59,,,30-07-2026 14:18,29-07-2026 10:02,,31-08-2026 14:58,,31-08-2026 15:00,31-08-2026 14:59,,,6
2254253.0,29-07-2026 09:59,,,30-07-2026 14:18,29-07-2026 10:02,,05-08-2026 10:37,,31-08-2026 15:00,13-08-2026 10:37,,,6
2254254.0,29-07-2026 09:59,,,30-07-2026 14:18,29-07-2026 10:02,,31-08-2026 14:58,,31-08-2026 15:00,13-08-2026 10:37,,,6
2254255.0,29-07-2026 09:59,,,30-07-2026 14:18,29-07-2026 10:02,,05-08-2026 10:37,,31-08-2026 15:00,13-08-2026 10:37,,,6
2254256.0,29-07-2026 09:59,,,30-07-2026 14:18,29-07-2026 10:02,,05-08-2026 10:37,,31-08-2026 15:00,13-08-2026 10:37,,,6
2254257.0,29-07-2026 09:59,,,30-07-2026 14:18,29-07-2026 10:02,,05-08-2026 10:37,,31-08-2026 15:00,13-08-2026 10:37,,,6
2254258.0,29-07-2026 09:59,,,30-07-2026 14:18,29-07-2026 10:02,,05-08-2026 10:37,,31-08-2026 15:00,13-08-2026 10:37,,,6
2254259.0,29-07-2026 09:59,31-07-2026 13:31,,30-07-2026 14:18,29-07-2026 10:02,,05-08-2026 10:37,,31-08-2026 15:00,13-08-2026 10:37,,,7
2254260.0,29-07-2026 09:59,,,30-07-2026 14:18,29-07-2026 10:02,,05-08-2026 10:37,,31-08-2026 15:00,13-08-2026 10:37,,,6
2254261.0,29-07-2026 09:59,,,30-07-2026 14:18,29-07-2026 10:02,,05-08-2026 10:37,,31-08-2026 15:00,13-08-2026 10:37,,,6
2254262.0,29-07-2026 09:59,,,30-07-2026 14:18,29-07-2026 10:02,,05-08-2026 10:37,,31-08-2026 15:00,13-08-2026 10:37,,,6
2254263.0,29-07-2026 09:59,,,30-07-2026 14:18,29-07-2026 10:02,,05-08-2026 10:37,,31-08-2026 15:00,13-08-2026 10:37,,,6
2254264.0,29-07-2026 09:59,,,30-07-2026 14:18,29-07-2026 10:02,,05-08-2026 10:37,,31-08-2026 15:00,13-08-2026 10:37,,,6
2254265.0,29-07-2026 09:59,,,30-07-2026 14:18,29-07-2026 10:02,,05-08-2026 10:37,,31-08-2026 15:00,13-08-2026 10:37,,,6
2254266.0,29-07-2026 09:59,,,30-07-2026 14:18,29-07-2026 10:02,,05-08-2026 10:37,,31-08-2026 15:00,13-08-2026 10:37,,,6
2254267.0,29-07-2026 09:59,,,30-07-2026 14:18,29-07-2026 10:02,,05-08-2026 10:37,,31-08-2026 15:00,13-08-2026 10:37,,,6
2254268.0,29-07-2026 09:59,03-07-2026 12:02,,30-07-2026 14:18,29-07-2026 10:02,,05-08-2026 10:37,,31-08-2026 15:00,31-08-2026 14:59,,,7
2254269.0,29-07-2026 09:59,,,30-07-2026 14:18,29-07-2026 10:02,,05-08-2026 10:37,,31-08-2026 15:00,13-08-2026 10:37,,,6
2254270.0,29-07-2026 09:59,,,30-07-2026 14:18,29-07-2026 10:02,,05-08-2026 10:37,,31-08-2026 15:00,13-08-2026 10:37,,,6
2254271.0,29-07-2026 09:59,,,30-07-2026 14:18,29-07-2026 10:02,,05-08-2026 10:37,,31-08-2026 15:00,13-08-2026 10:37,,,6
2254272.0,29-07-2026 09:59,03-07-2026 12:02,,30-07-2026 14:18,29-07-2026 10:02,,05-08-2026 10:37,,31-08-2026 15:00,13-08-2026 10:37,,,7
2254273.0,29-07-2026 09:59,,,30-07-2026 14:18,29-07-2026 10:02,,05-08-2026 10:37,,31-08-2026 15:00,13-08-2026 10:37,,,6
2254274.0,29-07-2026 09:59,,,30-07-2026 14:18,29-07-2026 10:02,,05-08-2026 10:37,,31-08-2026 15:00,13-08-2026 10:37,,,6
2254275.0,29-07-2026 09:59,,,30-07-2026 14:18,29-07-2026 10:02,,31-08-2026 14:58,,31-08-2026 15:00,31-08-2026 14:59,,,6
2254276.0,29-07-2026 09:59,,,30-07-2026 14:18,29-07-2026 10:02,,31-08-2026 14:58,,31-08-2026 15:00,13-08-2026 10:37,,,6
2254277.0,29-07-2026 09:59,,,30-07-2026 14:18,29-07-2026 10:02,,05-08-2026 10:37,,31-08-2026 15:00,13-08-2026 10:37,,,6
2254278.0,29-07-2026 09:59,,,30-07-2026 14:18,29-07-2026 10:02,,05-08-2026 10:37,,31-08-2026 15:00,31-08-2026 14:59,,,6
2254279.0,29-07-2026 09:59,31-07-2026 13:31,,30-07-2026 14:18,29-07-2026 10:02,,05-08-2026 10:37,,31-08-2026 15:00,13-08-2026 10:37,,,7
2254280.0,29-07-2026 09:59,,,30-07-2026 14:18,29-07-2026 10:02,,05-08-2026 10:37,,31-08-2026 15:00,13-08-2026 10:37,,,6
2254281.0,29-07-2026 09:59,,,30-07-2026 14:18,29-07-2026 10:02,,05-08-2026 10:37,,31-08-2026 15:00,13-08-2026 10:37,,,6
2254282.0,29-07-2026 09:59,,,30-07-2026 14:18,29-07-2026 10:02,,05-08-2026 10:37,,31-08-2026 15:00,13-08-2026 10:37,,,6
2254283.0,29-07-2026 09:59,,,30-07-2026 14:18,29-07-2026 10:02,,05-08-2026 10:37,,31-08-2026 15:00,13-08-2026 10:37,,,6
2254284.0,29-07-2026 09:59,,,30-07-2026 14:18,29-07-2026 10:02,,31-08-2026 14:58,,31-08-2026 15:00,31-08-2026 14:59,,,6
2254285.0,29-07-2026 09:59,,,30-07-2026 14:18,29-07-2026 10:02,,05-08-2026 10:37,,31-08-2026 15:00,13-08-2026 10:37,,,6
2254732.0,24-07-2026 12:55,09-07-2026 13:46,,27-07-2026 12:46,29-07-2026 09:30,,06-08-2026 11:52,,20-08-2026 11:33,20-08-2026 11:30,,,7
2254733.0,15-07-2026 13:13,09-07-2026 13:46,,27-07-2026 12:46,23-07-2026 12:06,,06-08-2026 11:52,,20-08-2026 11:33,,,,6
2254734.0,24-07-2026 12:55,24-07-2026 12:32,,27-07-2026 12:46,29-07-2026 09:30,,06-08-2026 11:52,,20-08-2026 11:33,20-08-2026 11:30,,,7
2254735.0,15-07-2026 13:13,09-07-2026 13:46,,27-07-2026 12:46,23-07-2026 12:06,,06-08-2026 11:52,,20-08-2026 11:33,20-08-2026 11:30,,,7
2254736.0,15-07-2026 13:13,09-07-2026 13:46,,27-07-2026 12:46,23-07-2026 12:06,,06-08-2026 11:52,,20-08-2026 11:33,20-08-2026 11:30,,,7
2254738.0,13-07-2026 14:36,,,,22-07-2026 15:47,,03-08-2026 15:57,,24-08-2026 14:27,18-08-2026 16:14,,,5
2254740.0,13-07-2026 14:36,,,27-07-2026 16:42,22-07-2026 15:47,,03-08-2026 15:57,,24-08-2026 14:27,18-08-2026 16:14,,,6
2254741.0,15-07-2026 13:13,09-07-2026 13:46,,27-07-2026 12:46,23-07-2026 12:06,,06-08-2026 11:52,,20-08-2026 11:33,20-08-2026 11:30,,,7
2254742.0,15-07-2026 13:13,09-07-2026 13:46,,27-07-2026 12:46,23-07-2026 12:06,,06-08-2026 11:52,,20-08-2026 11:33,20-08-2026 11:30,,,7
2254744.0,,,,,22-07-2026 15:47,,03-08-2026 15:57,,24-08-2026 14:27,18-08-2026 16:14,,,4
2254745.0,15-07-2026 13:13,09-07-2026 13:46,,27-07-2026 12:46,23-07-2026 12:06,,,,20-08-2026 11:33,20-08-2026 11:30,,,6
2254747.0,15-07-2026 13:13,09-07-2026 13:46,,27-07-2026 12:46,23-07-2026 12:06,,06-08-2026 11:52,,20-08-2026 11:33,20-08-2026 11:30,,,7
2254748.0,13-07-2026 14:36,,,,22-07-2026 15:47,,03-08-2026 15:57,,24-08-2026 14:27,18-08-2026 16:14,,,5
2254749.0,15-07-2026 13:13,09-07-2026 13:46,,27-07-2026 12:46,23-07-2026 12:06,,06-08-2026 11:52,,20-08-2026 11:33,20-08-2026 11:30,,,7
2254750.0,15-07-2026 13:13,09-07-2026 13:46,,27-07-2026 12:46,23-07-2026 12:06,,06-08-2026 11:52,,20-08-2026 11:33,20-08-2026 11:30,,,7
2254752.0,,,,27-07-2026 16:42,22-07-2026 15:47,,03-08-2026 15:57,,24-08-2026 14:27,18-08-2026 16:14,,,5
2254753.0,15-07-2026 13:13,09-07-2026 13:46,,27-07-2026 12:46,23-07-2026 12:06,,06-08-2026 11:52,,20-08-2026 11:33,20-08-2026 11:30,,,7
2254754.0,15-07-2026 13:13,09-07-2026 13:46,,27-07-2026 12:46,23-07-2026 12:06,,06-08-2026 11:52,,20-08-2026 11:33,,,,6
2254755.0,24-07-2026 12:55,24-07-2026 12:32,,27-07-2026 12:46,23-07-2026 12:06,,,,20-08-2026 11:33,20-08-2026 11:30,,,6
2254756.0,13-07-2026 14:36,,,27-07-2026 16:42,22-07-2026 15:47,,03-08-2026 15:57,,24-08-2026 14:27,18-08-2026 16:14,,,6
2254758.0,15-07-2026 13:13,24-07-2026 12:32,,27-07-2026 12:46,23-07-2026 12:06,,06-08-2026 11:52,,20-08-2026 11:33,20-08-2026 11:30,,,7
2254759.0,15-07-2026 13:13,09-07-2026 13:46,,27-07-2026 12:46,23-07-2026 12:06,,06-08-2026 11:52,,20-08-2026 11:33,20-08-2026 11:30,,,7
2254761.0,15-07-2026 13:13,09-07-2026 13:46,,27-07-2026 12:46,23-07-2026 12:06,,06-08-2026 11:52,,20-08-2026 11:33,20-08-2026 11:30,,,7
2254763.0,15-07-2026 13:13,09-07-2026 13:46,,27-07-2026 12:46,23-07-2026 12:06,,06-08-2026 11:52,,20-08-2026 11:33,20-08-2026 11:30,,,7
2254764.0,13-07-2026 14:36,,,27-07-2026 16:42,22-07-2026 15:47,,03-08-2026 15:57,,24-08-2026 14:27,18-08-2026 16:14,,,6
2254765.0,15-07-2026 13:13,09-07-2026 13:46,,27-07-2026 12:46,23-07-2026 12:06,,,,20-08-2026 11:33,20-08-2026 11:30,,,6
2254766.0,15-07-2026 13:13,09-07-2026 13:46,,27-07-2026 12:46,23-07-2026 12:06,,06-08-2026 11:52,,20-08-2026 11:33,20-08-2026 11:30,,,7
2254768.0,15-07-2026 13:13,09-07-2026 13:46,,27-07-2026 12:46,23-07-2026 12:06,,06-08-2026 11:52,,20-08-2026 11:33,20-08-2026 11:30,,,7
2254771.0,15-07-2026 13:13,09-07-2026 13:46,,27-07-2026 12:46,23-07-2026 12:06,,06-08-2026 11:52,,31-08-2026 10:35,20-08-2026 11:30,,,7
2254772.0,15-07-2026 13:13,09-07-2026 13:46,,27-07-2026 12:46,29-07-2026 09:30,,06-08-2026 11:52,,20-08-2026 11:33,20-08-2026 11:30,,,7
2254773.0,15-07-2026 13:13,09-07-2026 13:46,,27-07-2026 12:46,23-07-2026 12:06,,06-08-2026 11:52,,31-08-2026 10:35,20-08-2026 11:30,,,7
2254774.0,15-07-2026 13:13,09-07-2026 13:46,,27-07-2026 12:46,23-07-2026 12:06,,06-08-2026 11:52,,20-08-2026 11:33,20-08-2026 11:30,,,7
2254775.0,15-07-2026 13:13,09-07-2026 13:46,,27-07-2026 12:46,23-07-2026 12:06,,06-08-2026 11:52,,31-08-2026 10:35,,,,6
2254776.0,15-07-2026 13:13,09-07-2026 13:46,,27-07-2026 12:46,23-07-2026 12:06,,06-08-2026 11:52,,20-08-2026 11:33,20-08-2026 11:30,,,7
2254777.0,24-07-2026 12:55,09-07-2026 13:46,,27-07-2026 12:46,29-07-2026 09:30,,06-08-2026 11:52,,20-08-2026 11:33,20-08-2026 11:30,,,7
2254778.0,15-07-2026 13:13,09-07-2026 13:46,,27-07-2026 12:46,23-07-2026 12:06,,06-08-2026 11:52,,20-08-2026 11:33,20-08-2026 11:30,,,7
2254779.0,15-07-2026 13:13,09-07-2026 13:46,,27-07-2026 12:46,23-07-2026 12:06,,,,20-08-2026 11:33,20-08-2026 11:30,,,6
2254780.0,15-07-2026 13:13,09-07-2026 13:46,,27-07-2026 12:46,23-07-2026 12:06,,06-08-2026 11:52,,20-08-2026 11:33,20-08-2026 11:30,,,7
2254781.0,15-07-2026 13:13,09-07-2026 13:46,,27-07-2026 12:46,23-07-2026 12:06,,06-08-2026 11:52,,20-08-2026 11:33,20-08-2026 11:30,,,7
2254782.0,15-07-2026 13:13,09-07-2026 13:46,,27-07-2026 12:46,23-07-2026 12:06,,06-08-2026 11:52,,20-08-2026 11:33,20-08-2026 11:30,,,7
2254783.0,15-07-2026 13:13,09-07-2026 13:46,,27-07-2026 12:46,23-07-2026 12:06,,06-08-2026 11:52,,20-08-2026 11:33,20-08-2026 11:30,,,7
2254785.0,13-07-2026 14:36,,,27-07-2026 16:42,22-07-2026 15:47,,03-08-2026 15:57,,24-08-2026 14:27,18-08-2026 16:14,,,6
2254786.0,15-07-2026 13:13,09-07-2026 13:46,,27-07-2026 12:46,23-07-2026 12:06,,06-08-2026 11:52,,20-08-2026 11:33,20-08-2026 11:30,,,7
2254787.0,15-07-2026 13:13,24-07-2026 12:32,,27-07-2026 12:46,23-07-2026 12:06,,06-08-2026 11:52,,20-08-2026 11:33,20-08-2026 11:30,,,7
2254788.0,24-07-2026 12:55,09-07-2026 13:46,,27-07-2026 12:46,23-07-2026 12:06,,06-08-2026 11:52,,20-08-2026 11:33,20-08-2026 11:30,,,7
2254789.0,13-07-2026 14:36,,,27-07-2026 16:42,22-07-2026 15:47,,03-08-2026 15:57,,,18-08-2026 16:14,,,5
2254790.0,15-07-2026 13:13,09-07-2026 13:46,,27-07-2026 12:46,23-07-2026 12:06,,,,20-08-2026 11:33,20-08-2026 11:30,,,6
2254791.0,15-07-2026 13:13,09-07-2026 13:46,,27-07-2026 12:46,23-07-2026 12:06,,06-08-2026 11:52,,20-08-2026 11:33,20-08-2026 11:30,,,7
2254792.0,15-07-2026 13:13,09-07-2026 13:46,,27-07-2026 12:46,23-07-2026 12:06,,06-08-2026 11:52,,20-08-2026 11:33,20-08-2026 11:30,,,7
2254793.0,15-07-2026 13:13,24-07-2026 12:32,,27-07-2026 12:46,23-07-2026 12:06,,,,20-08-2026 11:33,20-08-2026 11:30,,,6
2254794.0,15-07-2026 13:13,09-07-2026 13:46,,27-07-2026 12:46,23-07-2026 12:06,,06-08-2026 11:52,,20-08-2026 11:33,20-08-2026 11:30,,,7
2254795.0,13-07-2026 14:36,,,27-07-2026 16:42,22-07-2026 15:47,,,,24-08-2026 14:27,18-08-2026 16:14,,,5
2254796.0,15-07-2026 13:13,09-07-2026 13:46,,27-07-2026 12:46,23-07-2026 12:06,,06-08-2026 11:52,,20-08-2026 11:33,20-08-2026 11:30,,,7
2254799.0,15-07-2026 13:13,09-07-2026 13:46,,27-07-2026 12:46,23-07-2026 12:06,,06-08-2026 11:52,,20-08-2026 11:33,20-08-2026 11:30,,,7
2254800.0,15-07-2026 13:13,09-07-2026 13:46,,27-07-2026 12:46,23-07-2026 12:06,,06-08-2026 11:52,,20-08-2026 11:33,20-08-2026 11:30,,,7
2254801.0,15-07-2026 13:13,09-07-2026 13:46,,27-07-2026 12:46,23-07-2026 12:06,,06-08-2026 11:52,,20-08-2026 11:33,,,,6
2254802.0,15-07-2026 13:13,09-07-2026 13:46,,27-07-2026 12:46,23-07-2026 12:06,,06-08-2026 11:52,,20-08-2026 11:33,20-08-2026 11:30,,,7
2254803.0,13-07-2026 14:36,,,27-07-2026 16:42,22-07-2026 15:47,,,,24-08-2026 14:27,18-08-2026 16:14,,,5
2254804.0,15-07-2026 13:13,09-07-2026 13:46,,27-07-2026 12:46,23-07-2026 12:06,,06-08-2026 11:52,,20-08-2026 11:33,20-08-2026 11:30,,,7
2254806.0,15-07-2026 13:13,09-07-2026 13:46,,27-07-2026 12:46,23-07-2026 12:06,,,,20-08-2026 11:33,,,,5
2254807.0,13-07-2026 14:36,,,27-07-2026 16:42,22-07-2026 15:47,,03-08-2026 15:57,,24-08-2026 14:27,18-08-2026 16:14,,,6
2254808.0,15-07-2026 13:13,09-07-2026 13:46,,27-07-2026 12:46,23-07-2026 12:06,,06-08-2026 11:52,,20-08-2026 11:33,20-08-2026 11:30,,,7
2254810.0,16-07-2026 16:01,,,30-07-2026 15:42,23-07-2026 17:28,,04-08-2026 14:50,,20-08-2026 16:46,20-08-2026 16:45,,,6
2254812.0,16-07-2026 16:01,,,30-07-2026 15:42,23-07-2026 17:28,,04-08-2026 14:50,,20-08-2026 16:46,20-08-2026 16:45,,,6
2254813.0,24-07-2026 12:55,09-07-2026 13:46,,27-07-2026 12:46,23-07-2026 12:06,,06-08-2026 11:52,,20-08-2026 11:33,20-08-2026 11:30,,,7
2254931.0,16-07-2026 16:01,,,30-07-2026 15:42,23-07-2026 17:28,,04-08-2026 14:50,,20-08-2026 16:46,20-08-2026 16:45,,,6
2254934.0,,,,30-07-2026 15:42,23-07-2026 17:28,,04-08-2026 14:50,,20-08-2026 16:46,20-08-2026 16:45,,,5
2254938.0,16-07-2026 16:01,,,30-07-2026 15:42,23-07-2026 17:28,,04-08-2026 14:50,,20-08-2026 16:46,20-08-2026 16:45,,,6
2254944.0,16-07-2026 16:01,,,30-07-2026 15:42,23-07-2026 17:28,,04-08-2026 14:50,,20-08-2026 16:46,20-08-2026 16:45,,,6
2254945.0,,,,,,,04-08-2026 14:50,,20-08-2026 16:46,20-08-2026 16:45,,,3
2254951.0,16-07-2026 16:01,,,30-07-2026 15:42,23-07-2026 17:28,,04-08-2026 14:50,,20-08-2026 16:46,20-08-2026 16:45,,,6
2254954.0,16-07-2026 16:01,,,30-07-2026 15:42,23-07-2026 17:28,,04-08-2026 14:50,,20-08-2026 16:46,20-08-2026 16:45,,,6
2254958.0,16-07-2026 16:01,,,30-07-2026 15:42,23-07-2026 17:28,,04-08-2026 14:50,,20-08-2026 16:46,20-08-2026 16:45,,,6
2254964.0,16-07-2026 16:01,,,30-07-2026 15:42,23-07-2026 17:28,,04-08-2026 14:50,,20-08-2026 16:46,20-08-2026 16:45,,,6
2254974.0,23-07-2026 12:25,23-07-2026 12:25,,29-07-2026 12:00,23-07-2026 12:25,,06-08-2026 13:00,,20-08-2026 11:50,19-08-2026 10:02,,,7
2254975.0,16-07-2026 16:01,,,30-07-2026 15:42,23-07-2026 17:28,,04-08-2026 14:50,,20-08-2026 16:46,20-08-2026 16:45,,,6
2254979.0,23-07-2026 12:25,09-07-2026 13:39,,29-07-2026 12:00,23-07-2026 12:25,,,,20-08-2026 11:50,19-08-2026 10:02,,,6
2254980.0,16-07-2026 16:01,,,30-07-2026 15:42,23-07-2026 17:28,,04-08-2026 14:50,,20-08-2026 16:46,20-08-2026 16:45,,,6
2254983.0,16-07-2026 16:01,,,30-07-2026 15:42,23-07-2026 17:28,,04-08-2026 14:50,,20-08-2026 16:46,20-08-2026 16:45,,,6
2254984.0,23-07-2026 12:25,09-07-2026 13:39,,29-07-2026 12:00,23-07-2026 12:25,,06-08-2026 13:00,,20-08-2026 11:50,19-08-2026 10:02,,,7
2254987.0,16-07-2026 16:01,,,30-07-2026 15:42,23-07-2026 17:28,,04-08-2026 14:50,,20-08-2026 16:46,20-08-2026 16:45,,,6
2254988.0,23-07-2026 12:25,09-07-2026 13:39,,29-07-2026 12:00,23-07-2026 12:25,,06-08-2026 13:00,,20-08-2026 11:50,19-08-2026 10:02,,,7
2255003.0,16-07-2026 16:01,,,30-07-2026 15:42,23-07-2026 17:28,,04-08-2026 14:50,,20-08-2026 16:46,20-08-2026 16:45,,,6
2255006.0,,,,30-07-2026 15:42,23-07-2026 17:28,,04-08-2026 14:50,,20-08-2026 16:46,20-08-2026 16:45,,,5
2255007.0,23-07-2026 12:25,09-07-2026 13:39,,29-07-2026 12:00,23-07-2026 12:25,,06-08-2026 13:00,,20-08-2026 11:50,19-08-2026 10:02,,,7
2255008.0,23-07-2026 12:25,09-07-2026 13:39,,29-07-2026 12:00,23-07-2026 12:25,,06-08-2026 13:00,,20-08-2026 11:50,19-08-2026 10:02,,,7
2255012.0,23-07-2026 12:25,23-07-2026 12:25,,29-07-2026 12:00,23-07-2026 12:25,,06-08-2026 13:00,,20-08-2026 11:50,19-08-2026 10:02,,,7
2255014.0,23-07-2026 12:25,09-07-2026 13:39,,29-07-2026 12:00,23-07-2026 12:25,,06-08-2026 13:00,,20-08-2026 11:50,19-08-2026 10:02,,,7
2255017.0,23-07-2026 12:25,09-07-2026 13:39,,29-07-2026 12:00,23-07-2026 12:25,,06-08-2026 13:00,,20-08-2026 11:50,19-08-2026 10:02,,,7
2255020.0,16-07-2026 16:01,,,30-07-2026 15:42,23-07-2026 17:28,,04-08-2026 14:50,,20-08-2026 16:46,20-08-2026 16:45,,,6
2255021.0,23-07-2026 12:25,23-07-2026 12:25,,29-07-2026 12:00,29-07-2026 11:00,,06-08-2026 13:00,,20-08-2026 11:50,19-08-2026 10:02,,,7
2255025.0,16-07-2026 16:01,,,30-07-2026 15:42,23-07-2026 17:28,,04-08-2026 14:50,,,31-08-2026 14:30,,,5
2255029.0,23-07-2026 12:25,09-07-2026 13:39,,29-07-2026 12:00,23-07-2026 12:25,,06-08-2026 13:00,,20-08-2026 11:50,19-08-2026 10:02,,,7
2255034.0,16-07-2026 16:01,,,31-08-2026 14:09,,,31-08-2026 14:19,,20-08-2026 16:46,20-08-2026 16:45,,,5
2255035.0,23-07-2026 12:25,09-07-2026 13:39,,29-07-2026 12:00,23-07-2026 12:25,,06-08-2026 13:00,,20-08-2026 11:50,19-08-2026 10:02,,,7
2255038.0,16-07-2026 16:01,,,30-07-2026 15:42,23-07-2026 17:28,,31-08-2026 14:19,,,31-08-2026 14:30,,,5
2255041.0,23-07-2026 12:25,09-07-2026 13:39,,29-07-2026 12:00,23-07-2026 12:25,,06-08-2026 13:00,,20-08-2026 11:50,19-08-2026 10:02,,,7
2255042.0,16-07-2026 16:01,,,30-07-2026 15:42,23-07-2026 17:28,,04-08-2026 14:50,,20-08-2026 16:46,20-08-2026 16:45,,,6
2255055.0,16-07-2026 16:01,,,30-07-2026 15:42,23-07-2026 17:28,,04-08-2026 14:50,,20-08-2026 16:46,20-08-2026 16:45,,,6
2255090.0,16-07-2026 16:01,,,30-07-2026 15:42,23-07-2026 17:28,,04-08-2026 14:50,,,31-08-2026 14:30,,,5
2255093.0,16-07-2026 16:01,,,30-07-2026 15:42,23-07-2026 17:28,,04-08-2026 14:50,,20-08-2026 16:46,20-08-2026 16:45,,,6
2255249.0,16-07-2026 16:01,,,30-07-2026 15:42,23-07-2026 17:28,,04-08-2026 14:50,,20-08-2026 16:46,20-08-2026 16:45,,,6
2255251.0,16-07-2026 16:01,,,30-07-2026 15:42,23-07-2026 17:28,,04-08-2026 14:50,,20-08-2026 16:46,20-08-2026 16:45,,,6
2255253.0,16-07-2026 16:01,,,30-07-2026 15:42,23-07-2026 17:28,,04-08-2026 14:50,,20-08-2026 16:46,20-08-2026 16:45,,,6
2255256.0,16-07-2026 16:01,,,30-07-2026 15:42,23-07-2026 17:28,,04-08-2026 14:50,,20-08-2026 16:46,31-08-2026 14:30,,,6
2255258.0,16-07-2026 16:01,,,30-07-2026 15:42,23-07-2026 17:28,,04-08-2026 14:50,,20-08-2026 16:46,20-08-2026 16:45,,,6
2255261.0,16-07-2026 16:01,,,31-08-2026 14:09,,,04-08-2026 14:50,,20-08-2026 16:46,20-08-2026 16:45,,,5
2255264.0,,,,30-07-2026 15:42,23-07-2026 17:28,,04-08-2026 14:50,,,31-08-2026 14:30,,,4
2255422.0,13-07-2026 14:36,,,27-07-2026 16:42,22-07-2026 15:47,,03-08-2026 15:57,,24-08-2026 14:27,18-08-2026 16:14,,,6
2255423.0,13-07-2026 14:36,,,27-07-2026 16:42,22-07-2026 15:47,,03-08-2026 15:57,,24-08-2026 14:27,18-08-2026 16:14,,,6
2255424.0,13-07-2026 14:36,,,27-07-2026 16:42,22-07-2026 15:47,,03-08-2026 15:57,,24-08-2026 14:27,18-08-2026 16:14,,,6
2255425.0,13-07-2026 14:36,,,27-07-2026 16:42,22-07-2026 15:47,,03-08-2026 15:57,,24-08-2026 14:27,18-08-2026 16:14,,,6
2255466.0,13-07-2026 14:36,,,27-07-2026 16:42,22-07-2026 15:47,,03-08-2026 15:57,,24-08-2026 14:27,18-08-2026 16:14,,,6
2255469.0,,,,,,,,,,18-08-2026 16:14,,,1
2255470.0,15-07-2026 13:13,09-07-2026 13:46,,27-07-2026 12:46,23-07-2026 12:06,,06-08-2026 11:52,,20-08-2026 11:33,20-08-2026 11:30,,,7
2255473.0,15-07-2026 13:13,24-07-2026 12:32,,27-07-2026 12:46,29-07-2026 09:30,,06-08-2026 11:52,,20-08-2026 11:33,20-08-2026 11:30,,,7
2255474.0,13-07-2026 14:36,,,27-07-2026 16:42,22-07-2026 15:47,,03-08-2026 15:57,,24-08-2026 14:27,18-08-2026 16:14,,,6
2255478.0,13-07-2026 14:36,,,27-07-2026 16:42,22-07-2026 15:47,,03-08-2026 15:57,,24-08-2026 14:27,18-08-2026 16:14,,,6
2255482.0,24-07-2026 12:55,09-07-2026 13:46,,27-07-2026 12:46,23-07-2026 12:06,,06-08-2026 11:52,,20-08-2026 11:33,20-08-2026 11:30,,,7
2255487.0,13-07-2026 14:36,,,27-07-2026 16:42,22-07-2026 15:47,,03-08-2026 15:57,,24-08-2026 14:27,18-08-2026 16:14,,,6
2255488.0,15-07-2026 13:13,09-07-2026 13:46,,27-07-2026 12:46,23-07-2026 12:06,,06-08-2026 11:52,,20-08-2026 11:33,20-08-2026 11:30,,,7
2255490.0,13-07-2026 14:36,,,27-07-2026 16:42,22-07-2026 15:47,,03-08-2026 15:57,,24-08-2026 14:27,18-08-2026 16:14,,,6
2255491.0,15-07-2026 13:13,09-07-2026 13:46,,27-07-2026 12:46,23-07-2026 12:06,,06-08-2026 11:52,,31-08-2026 10:35,20-08-2026 11:30,,,7
2255494.0,13-07-2026 14:36,,,27-07-2026 16:42,22-07-2026 15:47,,03-08-2026 15:57,,24-08-2026 14:27,18-08-2026 16:14,,,6
2255496.0,13-07-2026 14:36,,,27-07-2026 16:42,22-07-2026 15:47,,03-08-2026 15:57,,24-08-2026 14:27,18-08-2026 16:14,,,6
2255521.0,15-07-2026 13:13,24-07-2026 12:32,,27-07-2026 12:46,23-07-2026 12:06,,06-08-2026 11:52,,20-08-2026 11:33,20-08-2026 11:30,,,7
2255524.0,15-07-2026 13:13,09-07-2026 13:46,,27-07-2026 12:46,23-07-2026 12:06,,06-08-2026 11:52,,20-08-2026 11:33,20-08-2026 11:30,,,7
2255528.0,13-07-2026 14:36,,,27-07-2026 16:42,22-07-2026 15:47,,03-08-2026 15:57,,24-08-2026 14:27,18-08-2026 16:14,,,6
2255532.0,15-07-2026 13:13,09-07-2026 13:46,,27-07-2026 12:46,23-07-2026 12:06,,06-08-2026 11:52,,20-08-2026 11:33,20-08-2026 11:30,,,7
2255533.0,13-07-2026 14:36,,,27-07-2026 16:42,22-07-2026 15:47,,03-08-2026 15:57,,24-08-2026 14:27,18-08-2026 16:14,,,6
2255537.0,13-07-2026 14:36,,,27-07-2026 16:42,22-07-2026 15:47,,03-08-2026 15:57,,24-08-2026 14:27,18-08-2026 16:14,,,6
2255538.0,15-07-2026 13:13,09-07-2026 13:46,,27-07-2026 12:46,23-07-2026 12:06,,06-08-2026 11:52,,20-08-2026 11:33,20-08-2026 11:30,,,7
2255540.0,,,,27-07-2026 16:42,22-07-2026 15:47,,03-08-2026 15:57,,24-08-2026 14:27,18-08-2026 16:14,,,5
2255543.0,15-07-2026 13:13,09-07-2026 13:46,,27-07-2026 12:46,23-07-2026 12:06,,06-08-2026 11:52,,20-08-2026 11:33,20-08-2026 11:30,,,7
2255545.0,13-07-2026 14:36,,,27-07-2026 16:42,22-07-2026 15:47,,03-08-2026 15:57,,24-08-2026 14:27,18-08-2026 16:14,,,6
2255549.0,13-07-2026 14:36,,,27-07-2026 16:42,22-07-2026 15:47,,03-08-2026 15:57,,24-08-2026 14:27,18-08-2026 16:14,,,6
2255554.0,13-07-2026 14:36,,,27-07-2026 16:42,22-07-2026 15:47,,03-08-2026 15:57,,24-08-2026 14:27,18-08-2026 16:14,,,6
2255559.0,13-07-2026 14:36,,,27-07-2026 16:42,22-07-2026 15:47,,03-08-2026 15:57,,24-08-2026 14:27,18-08-2026 16:14,,,6
2255561.0,16-07-2026 16:01,,,30-07-2026 15:42,23-07-2026 17:28,,04-08-2026 14:50,,20-08-2026 16:46,20-08-2026 16:45,,,6
2255562.0,,,,,,,03-08-2026 15:57,,,,,,1
2255565.0,16-07-2026 16:01,,,30-07-2026 15:42,23-07-2026 17:28,,04-08-2026 14:50,,20-08-2026 16:46,20-08-2026 16:45,,,6
2255568.0,16-07-2026 16:01,,,30-07-2026 15:42,23-07-2026 17:28,,04-08-2026 14:50,,20-08-2026 16:46,20-08-2026 16:45,,,6
2255571.0,13-07-2026 14:36,,,27-07-2026 16:42,22-07-2026 15:47,,,,24-08-2026 14:27,18-08-2026 16:14,,,5
2255574.0,16-07-2026 16:01,,,30-07-2026 15:42,23-07-2026 17:28,,04-08-2026 14:50,,20-08-2026 16:46,20-08-2026 16:45,,,6
2255577.0,,,,27-07-2026 16:42,,,03-08-2026 15:57,,24-08-2026 14:27,18-08-2026 16:14,,,4
2255581.0,13-07-2026 14:36,,,27-07-2026 16:42,22-07-2026 15:47,,03-08-2026 15:57,,,18-08-2026 16:14,,,5
2255590.0,,,,27-07-2026 16:42,22-07-2026 15:47,,03-08-2026 15:57,,,18-08-2026 16:14,,,4
2255594.0,13-07-2026 14:36,,,27-07-2026 16:42,22-07-2026 15:47,,03-08-2026 15:57,,24-08-2026 14:27,18-08-2026 16:14,,,6
2255602.0,13-07-2026 14:36,,,27-07-2026 16:42,22-07-2026 15:47,,03-08-2026 15:57,,24-08-2026 14:27,18-08-2026 16:14,,,6
2255605.0,13-07-2026 14:36,,,27-07-2026 16:42,22-07-2026 15:47,,03-08-2026 15:57,,24-08-2026 14:27,18-08-2026 16:14,,,6
2255609.0,13-07-2026 14:36,,,27-07-2026 16:42,22-07-2026 15:47,,03-08-2026 15:57,,24-08-2026 14:27,18-08-2026 16:14,,,6
2255614.0,13-07-2026 14:36,,,27-07-2026 16:42,22-07-2026 15:47,,03-08-2026 15:57,,24-08-2026 14:27,18-08-2026 16:14,,,6
2255619.0,13-07-2026 14:36,,,27-07-2026 16:42,22-07-2026 15:47,,03-08-2026 15:57,,24-08-2026 14:27,18-08-2026 16:14,,,6
2255623.0,13-07-2026 14:36,,,27-07-2026 16:42,22-07-2026 15:47,,03-08-2026 15:57,,24-08-2026 14:27,,,,5
2255627.0,13-07-2026 14:36,,,27-07-2026 16:42,22-07-2026 15:47,,03-08-2026 15:57,,24-08-2026 14:27,18-08-2026 16:14,,,6
2255638.0,13-07-2026 14:36,,,27-07-2026 16:42,22-07-2026 15:47,,03-08-2026 15:57,,24-08-2026 14:27,18-08-2026 16:14,,,6
2255706.0,13-07-2026 14:36,,,,,,,,24-08-2026 14:27,,,,2
2255710.0,13-07-2026 14:36,,,,,,,,,,,,1
2255712.0,13-07-2026 14:36,,,,,,,,24-08-2026 14:27,,,,2
2255715.0,13-07-2026 14:36,,,27-07-2026 16:42,22-07-2026 15:47,,03-08-2026 15:57,,24-08-2026 14:27,18-08-2026 16:14,,,6
2255716.0,,,,,,,,,24-08-2026 14:27,18-08-2026 16:14,,,2
2255724.0,13-07-2026 14:36,,,27-07-2026 16:42,22-07-2026 15:47,,03-08-2026 15:57,,24-08-2026 14:27,18-08-2026 16:14,,,6
2255725.0,13-07-2026 14:36,,,27-07-2026 16:42,22-07-2026 15:47,,03-08-2026 15:57,,24-08-2026 14:27,18-08-2026 16:14,,,6
2255738.0,23-07-2026 12:25,09-07-2026 13:39,,29-07-2026 12:00,23-07-2026 12:25,,06-08-2026 13:00,,20-08-2026 11:50,19-08-2026 10:02,,,7
2255741.0,23-07-2026 12:25,09-07-2026 13:39,,29-07-2026 12:00,23-07-2026 12:25,,06-08-2026 13:00,,20-08-2026 11:50,19-08-2026 10:02,,,7
2255744.0,23-07-2026 12:25,09-07-2026 13:39,,29-07-2026 12:00,23-07-2026 12:25,,06-08-2026 13:00,,20-08-2026 11:50,19-08-2026 10:02,,,7
2255745.0,23-07-2026 12:25,09-07-2026 13:39,,29-07-2026 12:00,23-07-2026 12:25,,06-08-2026 13:00,,20-08-2026 11:50,19-08-2026 10:02,,,7
2255762.0,13-07-2026 14:36,,,27-07-2026 16:42,22-07-2026 15:47,,03-08-2026 15:57,,24-08-2026 14:27,18-08-2026 16:14,,,6
2255784.0,23-07-2026 12:25,09-07-2026 13:39,,29-07-2026 12:00,23-07-2026 12:25,,06-08-2026 13:00,,20-08-2026 11:50,19-08-2026 10:02,,,7
2255790.0,23-07-2026 12:25,09-07-2026 13:39,,29-07-2026 12:00,23-07-2026 12:25,,06-08-2026 13:00,,31-08-2026 11:12,19-08-2026 10:02,,,7
2255792.0,23-07-2026 12:25,09-07-2026 13:39,,29-07-2026 12:00,23-07-2026 12:25,,06-08-2026 13:00,,31-08-2026 11:12,19-08-2026 10:02,,,7
2255793.0,13-07-2026 14:36,,,27-07-2026 16:42,22-07-2026 15:47,,03-08-2026 15:57,,24-08-2026 14:27,18-08-2026 16:14,,,6
2255797.0,23-07-2026 12:25,09-07-2026 13:39,,29-07-2026 12:00,23-07-2026 12:25,,06-08-2026 13:00,,20-08-2026 11:50,19-08-2026 10:02,,,7
2255799.0,13-07-2026 14:36,,,27-07-2026 16:42,22-07-2026 15:47,,03-08-2026 15:57,,24-08-2026 14:27,18-08-2026 16:14,,,6
2255801.0,23-07-2026 12:25,09-07-2026 13:39,,29-07-2026 12:00,23-07-2026 12:25,,06-08-2026 13:00,,20-08-2026 11:50,19-08-2026 10:02,,,7
2255802.0,13-07-2026 14:36,,,27-07-2026 16:42,22-07-2026 15:47,,03-08-2026 15:57,,24-08-2026 14:27,18-08-2026 16:14,,,6
2255803.0,16-07-2026 16:01,,,30-07-2026 15:42,23-07-2026 17:28,,04-08-2026 14:50,,20-08-2026 16:46,20-08-2026 16:45,,,6
2255804.0,13-07-2026 14:36,,,,22-07-2026 15:47,,03-08-2026 15:57,,,,,,3
2255805.0,23-07-2026 12:25,09-07-2026 13:39,,29-07-2026 12:00,23-07-2026 12:25,,06-08-2026 13:00,,20-08-2026 11:50,19-08-2026 10:02,,,7
2255806.0,13-07-2026 14:36,,,27-07-2026 16:42,,,03-08-2026 15:57,,,18-08-2026 16:14,,,4
2255807.0,16-07-2026 16:01,,,30-07-2026 15:42,23-07-2026 17:28,,04-08-2026 14:50,,20-08-2026 16:46,20-08-2026 16:45,,,6
2255808.0,23-07-2026 12:25,09-07-2026 13:39,,29-07-2026 12:00,23-07-2026 12:25,,06-08-2026 13:00,,20-08-2026 11:50,19-08-2026 10:02,,,7
2255809.0,16-07-2026 16:01,,,30-07-2026 15:42,23-07-2026 17:28,,31-08-2026 14:19,,,20-08-2026 16:45,,,5
2255810.0,23-07-2026 12:25,09-07-2026 13:39,,29-07-2026 12:00,23-07-2026 12:25,,,,20-08-2026 11:50,19-08-2026 10:02,,,6
2255811.0,23-07-2026 12:25,23-07-2026 12:25,,29-07-2026 12:00,29-07-2026 11:00,,06-08-2026 13:00,,20-08-2026 11:50,19-08-2026 10:02,,,7
2255822.0,23-07-2026 12:25,23-07-2026 12:25,,29-07-2026 12:00,23-07-2026 12:25,,06-08-2026 13:00,,20-08-2026 11:50,19-08-2026 10:02,,,7
2255824.0,23-07-2026 12:25,09-07-2026 13:39,,29-07-2026 12:00,23-07-2026 12:25,,06-08-2026 13:00,,20-08-2026 11:50,19-08-2026 10:02,,,7
2255826.0,16-07-2026 16:01,,,30-07-2026 15:42,23-07-2026 17:28,,04-08-2026 14:50,,20-08-2026 16:46,20-08-2026 16:45,,,6
2255829.0,16-07-2026 16:01,,,30-07-2026 15:42,23-07-2026 17:28,,04-08-2026 14:50,,20-08-2026 16:46,20-08-2026 16:45,,,6
2255830.0,16-07-2026 16:01,,,30-07-2026 15:42,23-07-2026 17:28,,04-08-2026 14:50,,20-08-2026 16:46,20-08-2026 16:45,,,6
2255835.0,,,,30-07-2026 15:42,23-07-2026 17:28,,04-08-2026 14:50,,20-08-2026 16:46,20-08-2026 16:45,,,5
2255836.0,16-07-2026 16:01,,,30-07-2026 15:42,23-07-2026 17:28,,04-08-2026 14:50,,20-08-2026 16:46,31-08-2026 14:30,,,6
2255837.0,16-07-2026 16:01,,,30-07-2026 15:42,23-07-2026 17:28,,04-08-2026 14:50,,20-08-2026 16:46,20-08-2026 16:45,,,6
2255838.0,16-07-2026 16:01,,,30-07-2026 15:42,23-07-2026 17:28,,04-08-2026 14:50,,20-08-2026 16:46,20-08-2026 16:45,,,6
2255839.0,16-07-2026 16:01,,,30-07-2026 15:42,23-07-2026 17:28,,04-08-2026 14:50,,20-08-2026 16:46,20-08-2026 16:45,,,6
2255842.0,13-07-2026 14:36,,,27-07-2026 16:42,22-07-2026 15:47,,03-08-2026 15:57,,24-08-2026 14:27,18-08-2026 16:14,,,6
2255846.0,23-07-2026 12:36,20-07-2026 12:53,,27-07-2026 11:32,23-07-2026 12:36,,03-08-2026 11:47,,20-08-2026 09:49,19-08-2026 09:12,,,7
2255847.0,23-07-2026 12:36,20-07-2026 12:53,,27-07-2026 11:32,23-07-2026 12:36,,03-08-2026 11:47,,20-08-2026 09:49,19-08-2026 09:12,,,7
2255853.0,23-07-2026 12:36,23-07-2026 12:36,,27-07-2026 11:32,23-07-2026 12:36,,03-08-2026 11:47,,20-08-2026 09:49,19-08-2026 09:12,,,7
2255856.0,23-07-2026 12:36,20-07-2026 12:53,,27-07-2026 11:32,23-07-2026 12:36,,03-08-2026 11:47,,20-08-2026 09:49,19-08-2026 09:12,,,7
2255858.0,23-07-2026 12:36,23-07-2026 12:36,,27-07-2026 11:32,23-07-2026 12:36,,03-08-2026 11:47,,20-08-2026 09:49,19-08-2026 09:12,,,7
2255862.0,16-07-2026 16:01,,,30-07-2026 15:42,23-07-2026 17:28,,04-08-2026 14:50,,20-08-2026 16:46,20-08-2026 16:45,,,6
2255864.0,23-07-2026 12:36,20-07-2026 12:53,,27-07-2026 11:32,23-07-2026 12:36,,03-08-2026 11:47,,20-08-2026 09:49,19-08-2026 09:12,,,7
2255865.0,23-07-2026 12:36,20-07-2026 12:53,,27-07-2026 11:32,23-07-2026 12:36,,03-08-2026 11:47,,20-08-2026 09:49,19-08-2026 09:12,,,7
2255867.0,23-07-2026 12:36,20-07-2026 12:53,,27-07-2026 11:32,30-07-2026 12:17,,03-08-2026 11:47,,31-08-2026 11:12,19-08-2026 09:12,,,7
2255869.0,16-07-2026 16:01,,,30-07-2026 15:42,23-07-2026 17:28,,04-08-2026 14:50,,20-08-2026 16:46,20-08-2026 16:45,,,6
2255870.0,23-07-2026 12:36,23-07-2026 12:36,,27-07-2026 11:32,23-07-2026 12:36,,03-08-2026 11:47,,31-08-2026 11:12,19-08-2026 09:12,,,7
2255872.0,23-07-2026 12:36,20-07-2026 12:53,,27-07-2026 11:32,23-07-2026 12:36,,03-08-2026 11:47,,20-08-2026 09:49,19-08-2026 09:12,,,7
2255873.0,16-07-2026 16:01,,,30-07-2026 15:42,23-07-2026 17:28,,31-08-2026 14:19,,20-08-2026 16:46,31-08-2026 14:30,,,6
2255875.0,23-07-2026 12:36,20-07-2026 12:53,,27-07-2026 11:32,23-07-2026 12:36,,03-08-2026 11:47,,20-08-2026 09:49,19-08-2026 09:12,,,7
2255878.0,23-07-2026 12:36,20-07-2026 12:53,,27-07-2026 11:32,23-07-2026 12:36,,03-08-2026 11:47,,20-08-2026 09:49,19-08-2026 09:12,,,7
2255879.0,16-07-2026 16:01,,,31-08-2026 14:09,,,04-08-2026 14:50,,20-08-2026 16:46,20-08-2026 16:45,,,5
2255882.0,23-07-2026 12:36,20-07-2026 12:53,,27-07-2026 11:32,23-07-2026 12:36,,03-08-2026 11:47,,20-08-2026 09:49,19-08-2026 09:12,,,7
2255884.0,23-07-2026 12:36,20-07-2026 12:53,,27-07-2026 11:32,23-07-2026 12:36,,03-08-2026 11:47,,20-08-2026 09:49,19-08-2026 09:12,,,7
2255888.0,16-07-2026 16:01,,,30-07-2026 15:42,23-07-2026 17:28,,04-08-2026 14:50,,20-08-2026 16:46,20-08-2026 16:45,,,6
2255889.0,23-07-2026 12:36,23-07-2026 12:36,,27-07-2026 11:32,30-07-2026 12:17,,03-08-2026 11:47,,20-08-2026 09:49,19-08-2026 09:12,,,7
2255891.0,23-07-2026 12:36,20-07-2026 12:53,,27-07-2026 11:32,23-07-2026 12:36,,03-08-2026 11:47,,20-08-2026 09:49,19-08-2026 09:12,,,7
2255894.0,23-07-2026 12:36,20-07-2026 12:53,,27-07-2026 11:32,23-07-2026 12:36,,03-08-2026 11:47,,20-08-2026 09:49,19-08-2026 09:12,,,7
2255898.0,16-07-2026 16:01,,,30-07-2026 15:42,23-07-2026 17:28,,04-08-2026 14:50,,20-08-2026 16:46,20-08-2026 16:45,,,6
2255901.0,23-07-2026 12:36,20-07-2026 12:53,,27-07-2026 11:32,23-07-2026 12:36,,03-08-2026 11:47,,20-08-2026 09:49,19-08-2026 09:12,,,7
2255904.0,23-07-2026 12:36,20-07-2026 12:53,,27-07-2026 11:32,23-07-2026 12:36,,03-08-2026 11:47,,31-08-2026 11:12,19-08-2026 09:12,,,7
2255911.0,23-07-2026 12:36,23-07-2026 12:36,,27-07-2026 11:32,23-07-2026 12:36,,03-08-2026 11:47,,20-08-2026 09:49,19-08-2026 09:12,,,7
2255913.0,23-07-2026 12:36,23-07-2026 12:36,,27-07-2026 11:32,23-07-2026 12:36,,03-08-2026 11:47,,20-08-2026 09:49,19-08-2026 09:12,,,7
2255914.0,23-07-2026 12:36,23-07-2026 12:36,,27-07-2026 11:32,23-07-2026 12:36,,03-08-2026 11:47,,20-08-2026 09:49,19-08-2026 09:12,,,7
2255925.0,23-07-2026 12:36,20-07-2026 12:53,,27-07-2026 11:32,23-07-2026 12:36,,03-08-2026 11:47,,20-08-2026 09:49,19-08-2026 09:12,,,7
2255931.0,23-07-2026 12:36,23-07-2026 12:36,,27-07-2026 11:32,23-07-2026 12:36,,03-08-2026 11:47,,20-08-2026 09:49,19-08-2026 09:12,,,7
2255933.0,23-07-2026 12:36,23-07-2026 12:36,,27-07-2026 11:32,23-07-2026 12:36,,03-08-2026 11:47,,20-08-2026 09:49,19-08-2026 09:12,,,7
2255934.0,23-07-2026 12:36,20-07-2026 12:53,,27-07-2026 11:32,23-07-2026 12:36,,03-08-2026 11:47,,20-08-2026 09:49,19-08-2026 09:12,,,7
2255939.0,23-07-2026 12:36,20-07-2026 12:53,,27-07-2026 11:32,23-07-2026 12:36,,03-08-2026 11:47,,20-08-2026 09:49,19-08-2026 09:12,,,7
2255945.0,23-07-2026 12:36,20-07-2026 12:53,,27-07-2026 11:32,23-07-2026 12:36,,03-08-2026 11:47,,20-08-2026 09:49,19-08-2026 09:12,,,7
2255952.0,23-07-2026 12:36,23-07-2026 12:36,,27-07-2026 11:32,23-07-2026 12:36,,03-08-2026 11:47,,20-08-2026 09:49,19-08-2026 09:12,,,7
2255956.0,23-07-2026 12:36,23-07-2026 12:36,,27-07-2026 11:32,23-07-2026 12:36,,,,20-08-2026 09:49,19-08-2026 09:12,,,6
2255962.0,23-07-2026 12:36,20-07-2026 12:53,,27-07-2026 11:32,23-07-2026 12:36,,,,20-08-2026 09:49,19-08-2026 09:12,,,6
2255965.0,23-07-2026 12:36,20-07-2026 12:53,,27-07-2026 11:32,30-07-2026 12:17,,03-08-2026 11:47,,20-08-2026 09:49,19-08-2026 09:12,,,7
2255966.0,23-07-2026 12:36,23-07-2026 12:36,,27-07-2026 11:32,23-07-2026 12:36,,03-08-2026 11:47,,20-08-2026 09:49,19-08-2026 09:12,,,7
2255973.0,23-07-2026 12:36,20-07-2026 12:53,,27-07-2026 11:32,23-07-2026 12:36,,03-08-2026 11:47,,20-08-2026 09:49,19-08-2026 09:12,,,7
2255980.0,23-07-2026 12:36,23-07-2026 12:36,,27-07-2026 11:32,23-07-2026 12:36,,03-08-2026 11:47,,20-08-2026 09:49,19-08-2026 09:12,,,7
2255985.0,23-07-2026 12:36,23-07-2026 12:36,,27-07-2026 11:32,23-07-2026 12:36,,,,20-08-2026 09:49,19-08-2026 09:12,,,6
2256737.0,21-07-2026 13:37,29-07-2026 10:19,,30-07-2026 14:15,31-07-2026 13:48,,17-08-2026 10:37,,31-08-2026 12:06,17-08-2026 10:38,,,7
2256738.0,21-07-2026 13:37,03-07-2026 11:35,,29-07-2026 11:12,31-07-2026 13:48,,17-08-2026 10:37,,31-08-2026 12:06,17-08-2026 10:38,,,7
2256740.0,21-07-2026 13:37,29-07-2026 10:19,,29-07-2026 11:12,31-07-2026 13:48,,17-08-2026 10:37,,31-08-2026 12:06,17-08-2026 10:38,,,7
2256742.0,21-07-2026 13:37,03-07-2026 11:35,,29-07-2026 11:12,31-07-2026 13:48,,17-08-2026 10:37,,31-08-2026 12:06,17-08-2026 10:38,,,7
2256744.0,16-07-2026 16:01,,,,,,,,20-08-2026 16:46,20-08-2026 16:45,,,3
2256745.0,,,,31-08-2026 14:09,,,04-08-2026 14:50,,20-08-2026 16:46,20-08-2026 16:45,,,4
2256746.0,16-07-2026 16:01,,,30-07-2026 15:42,23-07-2026 17:28,,04-08-2026 14:50,,20-08-2026 16:46,20-08-2026 16:45,,,6
2256748.0,16-07-2026 16:01,,,30-07-2026 15:42,23-07-2026 17:28,,04-08-2026 14:50,,20-08-2026 16:46,20-08-2026 16:45,,,6
2256775.0,16-07-2026 16:01,,,30-07-2026 15:42,23-07-2026 17:28,,04-08-2026 14:50,,20-08-2026 16:46,20-08-2026 16:45,,,6
2256778.0,16-07-2026 16:01,,,30-07-2026 15:42,23-07-2026 17:28,,04-08-2026 14:50,,20-08-2026 16:46,20-08-2026 16:45,,,6
2256780.0,16-07-2026 16:01,,,30-07-2026 15:42,23-07-2026 17:28,,04-08-2026 14:50,,20-08-2026 16:46,20-08-2026 16:45,,,6
2256824.0,16-07-2026 16:01,,,30-07-2026 15:42,23-07-2026 17:28,,04-08-2026 14:50,,20-08-2026 16:46,20-08-2026 16:45,,,6
2256831.0,16-07-2026 16:01,,,30-07-2026 15:42,23-07-2026 17:28,,04-08-2026 14:50,,20-08-2026 16:46,20-08-2026 16:45,,,6
2256834.0,16-07-2026 16:01,,,30-07-2026 15:42,23-07-2026 17:28,,04-08-2026 14:50,,20-08-2026 16:46,20-08-2026 16:45,,,6
2256839.0,,,,31-08-2026 14:09,,,04-08-2026 14:50,,,31-08-2026 14:30,,,3
2259076.0,23-07-2026 12:36,23-07-2026 12:36,,27-07-2026 11:32,23-07-2026 12:36,,03-08-2026 11:47,,20-08-2026 09:49,19-08-2026 09:12,,,7
2261470.0,22-07-2026 17:21,20-07-2026 16:35,,,24-07-2026 17:12,,18-08-2026 14:13,,24-08-2026 15:25,19-08-2026 15:19,,,6
2261473.0,23-07-2026 15:48,15-07-2026 18:11,,31-07-2026 15:46,27-07-2026 15:05,,08-08-2026 13:36,,18-08-2026 15:45,08-08-2026 14:10,,,7
2261476.0,23-07-2026 15:48,15-07-2026 18:11,,31-07-2026 15:46,27-07-2026 15:05,,08-08-2026 13:36,,18-08-2026 15:45,08-08-2026 14:10,,,7
2261480.0,23-07-2026 15:48,15-07-2026 18:11,,31-07-2026 15:46,27-07-2026 15:05,,08-08-2026 13:36,,18-08-2026 15:45,08-08-2026 14:10,,,7
2261483.0,24-07-2026 17:40,24-07-2026 17:32,,,24-07-2026 17:12,,18-08-2026 14:13,,24-08-2026 15:25,19-08-2026 15:19,,,6
2261485.0,23-07-2026 15:48,15-07-2026 18:11,,31-07-2026 15:46,27-07-2026 15:05,,08-08-2026 13:36,,18-08-2026 15:45,08-08-2026 14:10,,,7
2261489.0,22-07-2026 17:21,20-07-2026 16:35,,,24-07-2026 17:12,,18-08-2026 14:13,,24-08-2026 15:25,19-08-2026 15:19,,,6
2261492.0,27-07-2026 16:55,15-07-2026 18:11,,31-07-2026 15:46,27-07-2026 15:05,,08-08-2026 13:36,,18-08-2026 15:45,08-08-2026 14:10,,,7
2261496.0,22-07-2026 17:21,20-07-2026 16:35,,,24-07-2026 17:12,,18-08-2026 14:13,,24-08-2026 15:25,19-08-2026 15:19,,,6
2261497.0,23-07-2026 15:48,15-07-2026 18:11,,31-07-2026 15:46,27-07-2026 15:05,,08-08-2026 13:36,,18-08-2026 15:45,08-08-2026 14:10,,,7
2261499.0,23-07-2026 15:48,15-07-2026 18:11,,31-07-2026 15:46,27-07-2026 15:05,,08-08-2026 13:36,,18-08-2026 15:45,08-08-2026 14:10,,,7
2261501.0,22-07-2026 17:21,20-07-2026 16:35,,,24-07-2026 17:12,,18-08-2026 14:13,,24-08-2026 15:25,19-08-2026 15:19,,,6
2261507.0,22-07-2026 17:21,20-07-2026 16:35,,,24-07-2026 17:12,,18-08-2026 14:13,,,19-08-2026 15:19,,,5
2261508.0,23-07-2026 15:48,15-07-2026 18:11,,31-07-2026 15:46,27-07-2026 15:05,,08-08-2026 13:36,,18-08-2026 15:45,08-08-2026 14:10,,,7
2261511.0,23-07-2026 15:48,15-07-2026 18:11,,31-07-2026 15:46,27-07-2026 15:05,,,,18-08-2026 15:45,,,,5
2261514.0,23-07-2026 15:48,15-07-2026 18:11,,31-07-2026 15:46,27-07-2026 15:05,,,,18-08-2026 15:45,,,,5
2261515.0,22-07-2026 17:21,20-07-2026 16:35,,,24-07-2026 17:12,,18-08-2026 14:13,,24-08-2026 15:25,19-08-2026 15:19,,,6
2261520.0,23-07-2026 15:48,15-07-2026 18:11,,31-07-2026 15:46,27-07-2026 15:05,,08-08-2026 13:36,,18-08-2026 15:45,08-08-2026 14:10,,,7
2261521.0,24-07-2026 17:40,24-07-2026 17:32,,,24-07-2026 17:12,,18-08-2026 14:13,,24-08-2026 15:25,19-08-2026 15:19,,,6
2261524.0,22-07-2026 17:21,24-07-2026 17:32,,,24-07-2026 17:12,,18-08-2026 14:13,,24-08-2026 15:25,19-08-2026 15:19,,,6
2261529.0,24-07-2026 17:40,20-07-2026 16:35,,,24-07-2026 17:12,,18-08-2026 14:13,,24-08-2026 15:25,19-08-2026 15:19,,,6
2261647.0,30-07-2026 16:53,13-07-2026 16:46,,,,,,,21-08-2026 14:26,,,,3
2261662.0,30-07-2026 16:53,13-07-2026 16:46,,31-07-2026 17:23,31-07-2026 17:02,,10-08-2026 16:40,,,20-08-2026 15:08,,,6
2261666.0,,13-07-2026 16:46,,,,,10-08-2026 16:40,,21-08-2026 14:26,20-08-2026 15:08,,,4
2261668.0,30-07-2026 16:53,13-07-2026 16:46,,31-07-2026 17:23,31-07-2026 17:02,,10-08-2026 16:40,,21-08-2026 14:26,20-08-2026 15:08,,,7
2261678.0,22-07-2026 17:21,20-07-2026 16:35,,,24-07-2026 17:12,,18-08-2026 14:13,,24-08-2026 15:25,19-08-2026 15:19,,,6
2261682.0,24-07-2026 17:40,20-07-2026 16:35,,,24-07-2026 17:12,,18-08-2026 14:13,,24-08-2026 15:25,19-08-2026 15:19,,,6
2261686.0,22-07-2026 17:21,20-07-2026 16:35,,,24-07-2026 17:12,,18-08-2026 14:13,,24-08-2026 15:25,19-08-2026 15:19,,,6
2261694.0,22-07-2026 17:21,20-07-2026 16:35,,,24-07-2026 17:12,,18-08-2026 14:13,,24-08-2026 15:25,19-08-2026 15:19,,,6
2261702.0,22-07-2026 17:21,20-07-2026 16:35,,,24-07-2026 17:12,,18-08-2026 14:13,,24-08-2026 15:25,19-08-2026 15:19,,,6
2261704.0,30-07-2026 16:53,13-07-2026 16:46,,31-07-2026 17:23,31-07-2026 17:02,,10-08-2026 16:40,,21-08-2026 14:26,20-08-2026 15:08,,,7
2261708.0,22-07-2026 17:21,20-07-2026 16:35,,,24-07-2026 17:12,,,,24-08-2026 15:25,,,,4
2261713.0,30-07-2026 16:53,13-07-2026 16:46,,31-07-2026 17:23,31-07-2026 17:02,,10-08-2026 16:40,,21-08-2026 14:26,20-08-2026 15:08,,,7
2261714.0,22-07-2026 17:21,20-07-2026 16:35,,,24-07-2026 17:12,,18-08-2026 14:13,,24-08-2026 15:25,19-08-2026 15:19,,,6
2261729.0,22-07-2026 17:21,20-07-2026 16:35,,,24-07-2026 17:12,,18-08-2026 14:13,,24-08-2026 15:25,19-08-2026 15:19,,,6
2261732.0,22-07-2026 17:21,20-07-2026 16:35,,,24-07-2026 17:12,,18-08-2026 14:13,,24-08-2026 15:25,19-08-2026 15:19,,,6
2261735.0,22-07-2026 17:21,20-07-2026 16:35,,,24-07-2026 17:12,,18-08-2026 14:13,,24-08-2026 15:25,19-08-2026 15:19,,,6
2261739.0,22-07-2026 17:21,20-07-2026 16:35,,,24-07-2026 17:12,,18-08-2026 14:13,,24-08-2026 15:25,19-08-2026 15:19,,,6
2261743.0,22-07-2026 17:21,20-07-2026 16:35,,,24-07-2026 17:12,,18-08-2026 14:13,,24-08-2026 15:25,19-08-2026 15:19,,,6
2261748.0,30-07-2026 16:53,13-07-2026 16:46,,31-07-2026 17:23,31-07-2026 17:02,,10-08-2026 16:40,,21-08-2026 14:26,20-08-2026 15:08,,,7
2261754.0,30-07-2026 16:53,13-07-2026 16:46,,31-07-2026 17:23,31-07-2026 17:02,,10-08-2026 16:40,,21-08-2026 14:26,20-08-2026 15:08,,,7
2261758.0,30-07-2026 16:53,13-07-2026 16:46,,,,,,,21-08-2026 14:26,20-08-2026 15:08,,,4
2261762.0,30-07-2026 16:53,13-07-2026 16:46,,31-07-2026 17:23,31-07-2026 17:02,,10-08-2026 16:40,,21-08-2026 14:26,20-08-2026 15:08,,,7
2261764.0,22-07-2026 17:21,20-07-2026 16:35,,,24-07-2026 17:12,,18-08-2026 14:13,,24-08-2026 15:25,19-08-2026 15:19,,,6
2261767.0,30-07-2026 16:53,13-07-2026 16:46,,31-07-2026 17:23,31-07-2026 17:02,,10-08-2026 16:40,,21-08-2026 14:26,20-08-2026 15:08,,,7
2261769.0,30-07-2026 16:53,13-07-2026 16:46,,31-07-2026 17:23,31-07-2026 17:02,,10-08-2026 16:40,,21-08-2026 14:26,20-08-2026 15:08,,,7
2261777.0,30-07-2026 16:53,13-07-2026 16:46,,31-07-2026 17:23,31-07-2026 17:02,,,,21-08-2026 14:26,20-08-2026 15:08,,,6
2261782.0,30-07-2026 16:53,13-07-2026 16:46,,31-07-2026 17:23,31-07-2026 17:02,,10-08-2026 16:40,,21-08-2026 14:26,20-08-2026 15:08,,,7
2261788.0,30-07-2026 16:53,13-07-2026 16:46,,31-07-2026 17:23,31-07-2026 17:02,,10-08-2026 16:40,,21-08-2026 14:26,20-08-2026 15:08,,,7
2261794.0,30-07-2026 16:53,13-07-2026 16:46,,31-07-2026 17:23,31-07-2026 17:02,,10-08-2026 16:40,,21-08-2026 14:26,20-08-2026 15:08,,,7
2261797.0,30-07-2026 16:53,13-07-2026 16:46,,31-07-2026 17:23,31-07-2026 17:02,,10-08-2026 16:40,,21-08-2026 14:26,20-08-2026 15:08,,,7
2261800.0,30-07-2026 16:53,13-07-2026 16:46,,31-07-2026 17:23,31-07-2026 17:02,,10-08-2026 16:40,,21-08-2026 14:26,20-08-2026 15:08,,,7
2261806.0,30-07-2026 16:53,13-07-2026 16:46,,31-07-2026 17:23,31-07-2026 17:02,,10-08-2026 16:40,,21-08-2026 14:26,20-08-2026 15:08,,,7
2261810.0,30-07-2026 16:53,,,,,,10-08-2026 16:40,,21-08-2026 14:26,20-08-2026 15:08,,,4
2261814.0,30-07-2026 16:53,13-07-2026 16:46,,31-07-2026 17:23,31-07-2026 17:02,,10-08-2026 16:40,,21-08-2026 14:26,20-08-2026 15:08,,,7
2261818.0,30-07-2026 16:53,13-07-2026 16:46,,31-07-2026 17:23,31-07-2026 17:02,,10-08-2026 16:40,,21-08-2026 14:26,20-08-2026 15:08,,,7
2261821.0,30-07-2026 16:53,13-07-2026 16:46,,31-07-2026 17:23,31-07-2026 17:02,,10-08-2026 16:40,,21-08-2026 14:26,20-08-2026 15:08,,,7
2261829.0,30-07-2026 16:53,13-07-2026 16:46,,31-07-2026 17:23,31-07-2026 17:02,,,,21-08-2026 14:26,20-08-2026 15:08,,,6
2261832.0,30-07-2026 16:53,13-07-2026 16:46,,31-07-2026 17:23,31-07-2026 17:02,,10-08-2026 16:40,,21-08-2026 14:26,20-08-2026 15:08,,,7
2261835.0,30-07-2026 16:53,13-07-2026 16:46,,31-07-2026 17:23,31-07-2026 17:02,,10-08-2026 16:40,,21-08-2026 14:26,20-08-2026 15:08,,,7
2261865.0,30-07-2026 16:53,13-07-2026 16:46,,31-07-2026 17:23,31-07-2026 17:02,,10-08-2026 16:40,,21-08-2026 14:26,20-08-2026 15:08,,,7
2261870.0,30-07-2026 16:53,13-07-2026 16:46,,31-07-2026 17:23,31-07-2026 17:02,,10-08-2026 16:40,,21-08-2026 14:26,20-08-2026 15:08,,,7
2261874.0,30-07-2026 16:53,13-07-2026 16:46,,31-07-2026 17:23,31-07-2026 17:02,,10-08-2026 16:40,,21-08-2026 14:26,20-08-2026 15:08,,,7
2261878.0,30-07-2026 16:53,13-07-2026 16:46,,31-07-2026 17:23,31-07-2026 17:02,,10-08-2026 16:40,,21-08-2026 14:26,20-08-2026 15:08,,,7
2261882.0,30-07-2026 16:53,13-07-2026 16:46,,31-07-2026 17:23,31-07-2026 17:02,,10-08-2026 16:40,,21-08-2026 14:26,20-08-2026 15:08,,,7
2261890.0,30-07-2026 16:53,13-07-2026 16:46,,31-07-2026 17:23,31-07-2026 17:02,,10-08-2026 16:40,,21-08-2026 14:26,20-08-2026 15:08,,,7
2261991.0,24-07-2026 15:47,23-07-2026 16:39,,29-07-2026 16:30,27-07-2026 14:28,,20-08-2026 14:16,,25-08-2026 16:38,31-08-2026 14:59,,,7
2262005.0,24-07-2026 15:47,23-07-2026 16:39,,29-07-2026 16:30,27-07-2026 14:28,,20-08-2026 14:16,,25-08-2026 16:38,31-08-2026 14:59,,,7
2262020.0,24-07-2026 15:47,23-07-2026 16:39,,29-07-2026 16:30,27-07-2026 14:28,,20-08-2026 14:16,,25-08-2026 16:38,31-08-2026 14:59,,,7
2262031.0,24-07-2026 15:47,23-07-2026 16:39,,29-07-2026 16:30,29-07-2026 16:40,,20-08-2026 14:16,,25-08-2026 16:38,31-08-2026 14:59,,,7
2262040.0,24-07-2026 15:47,23-07-2026 16:39,,29-07-2026 16:30,27-07-2026 14:28,,20-08-2026 14:16,,25-08-2026 16:38,31-08-2026 14:59,,,7
2262075.0,24-07-2026 15:47,23-07-2026 16:39,,29-07-2026 16:30,27-07-2026 14:28,,20-08-2026 14:16,,25-08-2026 16:38,31-08-2026 14:59,,,7
2262085.0,24-07-2026 15:47,23-07-2026 16:39,,29-07-2026 16:30,27-07-2026 14:28,,20-08-2026 14:16,,25-08-2026 16:38,31-08-2026 14:59,,,7
2262091.0,24-07-2026 15:47,23-07-2026 16:39,,29-07-2026 16:30,27-07-2026 14:28,,20-08-2026 14:16,,,,,,5
2262097.0,29-07-2026 16:36,23-07-2026 16:39,,29-07-2026 16:30,27-07-2026 14:28,,20-08-2026 14:16,,25-08-2026 16:38,31-08-2026 14:59,,,7
2262105.0,24-07-2026 15:47,23-07-2026 16:39,,29-07-2026 16:30,27-07-2026 14:28,,20-08-2026 14:16,,25-08-2026 16:38,31-08-2026 14:59,,,7
2262126.0,,23-07-2026 16:39,,29-07-2026 16:30,27-07-2026 14:28,,20-08-2026 14:16,,25-08-2026 16:38,31-08-2026 14:59,,,6
2262341.0,23-07-2026 15:48,15-07-2026 18:11,,31-07-2026 15:46,27-07-2026 15:05,,08-08-2026 13:36,,18-08-2026 15:45,08-08-2026 14:10,,,7
2262344.0,23-07-2026 15:48,15-07-2026 18:11,,31-07-2026 15:46,27-07-2026 15:05,,08-08-2026 13:36,,18-08-2026 15:45,08-08-2026 14:10,,,7
2262348.0,23-07-2026 15:48,15-07-2026 18:11,,31-07-2026 15:46,27-07-2026 15:05,,08-08-2026 13:36,,18-08-2026 15:45,08-08-2026 14:10,,,7
2262349.0,23-07-2026 15:48,15-07-2026 18:11,,31-07-2026 15:46,27-07-2026 15:05,,08-08-2026 13:36,,18-08-2026 15:45,08-08-2026 14:10,,,7
2262353.0,23-07-2026 15:48,15-07-2026 18:11,,31-07-2026 15:46,27-07-2026 15:05,,08-08-2026 13:36,,18-08-2026 15:45,08-08-2026 14:10,,,7
2262355.0,23-07-2026 15:48,15-07-2026 18:11,,31-07-2026 15:46,27-07-2026 15:05,,08-08-2026 13:36,,18-08-2026 15:45,08-08-2026 14:10,,,7
2262358.0,23-07-2026 15:48,15-07-2026 18:11,,31-07-2026 15:46,27-07-2026 15:05,,08-08-2026 13:36,,18-08-2026 15:45,08-08-2026 14:10,,,7
2262360.0,23-07-2026 15:48,15-07-2026 18:11,,31-07-2026 15:46,,,08-08-2026 13:36,,18-08-2026 15:45,08-08-2026 14:10,,,6
2262363.0,23-07-2026 15:48,15-07-2026 18:11,,31-07-2026 15:46,27-07-2026 15:05,,08-08-2026 13:36,,18-08-2026 15:45,08-08-2026 14:10,,,7
2262365.0,23-07-2026 15:48,15-07-2026 18:11,,31-07-2026 15:46,27-07-2026 15:05,,08-08-2026 13:36,,18-08-2026 15:45,08-08-2026 14:10,,,7
2262368.0,23-07-2026 15:48,15-07-2026 18:11,,31-07-2026 15:46,27-07-2026 15:05,,08-08-2026 13:36,,18-08-2026 15:45,08-08-2026 14:10,,,7
2262372.0,23-07-2026 15:48,15-07-2026 18:11,,31-07-2026 15:46,27-07-2026 15:05,,,,18-08-2026 15:45,,,,5
2262373.0,23-07-2026 15:48,15-07-2026 18:11,,31-07-2026 15:46,27-07-2026 15:05,,08-08-2026 13:36,,18-08-2026 15:45,08-08-2026 14:10,,,7
2262378.0,23-07-2026 15:48,15-07-2026 18:11,,31-07-2026 15:46,27-07-2026 15:05,,08-08-2026 13:36,,18-08-2026 15:45,08-08-2026 14:10,,,7
2262381.0,27-07-2026 16:55,15-07-2026 18:11,,,27-07-2026 15:05,,08-08-2026 13:36,,,08-08-2026 14:10,,,5
2262386.0,23-07-2026 15:48,15-07-2026 18:11,,31-07-2026 15:46,27-07-2026 15:05,,08-08-2026 13:36,,18-08-2026 15:45,08-08-2026 14:10,,,7
2262387.0,23-07-2026 15:48,15-07-2026 18:11,,31-07-2026 15:46,27-07-2026 15:05,,08-08-2026 13:36,,18-08-2026 15:45,08-08-2026 14:10,,,7
2262390.0,23-07-2026 15:48,15-07-2026 18:11,,31-07-2026 15:46,27-07-2026 15:05,,08-08-2026 13:36,,,08-08-2026 14:10,,,6
2262391.0,23-07-2026 15:48,15-07-2026 18:11,,31-07-2026 15:46,27-07-2026 15:05,,08-08-2026 13:36,,18-08-2026 15:45,08-08-2026 14:10,,,7
2262396.0,23-07-2026 15:48,15-07-2026 18:11,,31-07-2026 15:46,27-07-2026 15:05,,,,18-08-2026 15:45,,,,5
2262770.0,30-07-2026 16:53,13-07-2026 16:46,,31-07-2026 17:23,31-07-2026 17:02,,10-08-2026 16:40,,21-08-2026 14:26,20-08-2026 15:08,,,7
2262774.0,30-07-2026 16:53,13-07-2026 16:46,,31-07-2026 17:23,31-07-2026 17:02,,10-08-2026 16:40,,21-08-2026 14:26,20-08-2026 15:08,,,7
2262778.0,30-07-2026 16:53,13-07-2026 16:46,,31-07-2026 17:23,31-07-2026 17:02,,10-08-2026 16:40,,21-08-2026 14:26,20-08-2026 15:08,,,7
2262795.0,30-07-2026 16:53,13-07-2026 16:46,,31-07-2026 17:23,31-07-2026 17:02,,10-08-2026 16:40,,21-08-2026 14:26,20-08-2026 15:08,,,7
2262800.0,30-07-2026 16:53,13-07-2026 16:46,,31-07-2026 17:23,31-07-2026 17:02,,10-08-2026 16:40,,21-08-2026 14:26,,,,6
2262803.0,30-07-2026 16:53,13-07-2026 16:46,,31-07-2026 17:23,31-07-2026 17:02,,10-08-2026 16:40,,21-08-2026 14:26,20-08-2026 15:08,,,7
2262807.0,30-07-2026 16:53,13-07-2026 16:46,,31-07-2026 17:23,31-07-2026 17:02,,10-08-2026 16:40,,21-08-2026 14:26,20-08-2026 15:08,,,7
2262819.0,22-07-2026 17:21,20-07-2026 16:35,,,24-07-2026 17:12,,18-08-2026 14:13,,24-08-2026 15:25,19-08-2026 15:19,,,6
2262822.0,22-07-2026 17:21,20-07-2026 16:35,,,24-07-2026 17:12,,18-08-2026 14:13,,24-08-2026 15:25,19-08-2026 15:19,,,6
2262830.0,22-07-2026 17:21,20-07-2026 16:35,,,24-07-2026 17:12,,18-08-2026 14:13,,24-08-2026 15:25,19-08-2026 15:19,,,6
2262834.0,22-07-2026 17:21,20-07-2026 16:35,,,24-07-2026 17:12,,18-08-2026 14:13,,24-08-2026 15:25,19-08-2026 15:19,,,6
2262835.0,22-07-2026 17:21,20-07-2026 16:35,,,24-07-2026 17:12,,18-08-2026 14:13,,24-08-2026 15:25,19-08-2026 15:19,,,6
2262841.0,13-07-2026 17:44,01-07-2026 16:12,,29-07-2026 14:31,20-07-2026 14:55,,10-08-2026 16:52,,24-08-2026 17:32,21-08-2026 17:08,,,7
2262844.0,13-07-2026 17:44,01-07-2026 16:12,,29-07-2026 14:31,20-07-2026 14:55,,10-08-2026 16:52,,24-08-2026 17:32,21-08-2026 17:08,,,7
2262846.0,13-07-2026 17:44,01-07-2026 16:12,,29-07-2026 14:31,20-07-2026 14:55,,10-08-2026 16:52,,24-08-2026 17:32,21-08-2026 17:08,,,7
2262847.0,30-07-2026 16:53,13-07-2026 16:46,,,,,10-08-2026 16:40,,21-08-2026 14:26,20-08-2026 15:08,,,5
2262850.0,13-07-2026 17:44,01-07-2026 16:12,,29-07-2026 14:31,,,10-08-2026 16:52,,24-08-2026 17:32,21-08-2026 17:08,,,6
2262853.0,13-07-2026 17:44,01-07-2026 16:12,,29-07-2026 14:31,20-07-2026 14:55,,10-08-2026 16:52,,24-08-2026 17:32,21-08-2026 17:08,,,7
2262864.0,13-07-2026 17:44,01-07-2026 16:12,,29-07-2026 14:31,20-07-2026 14:55,,10-08-2026 16:52,,24-08-2026 17:32,21-08-2026 17:08,,,7
2262867.0,13-07-2026 17:44,01-07-2026 16:12,,29-07-2026 14:31,20-07-2026 14:55,,10-08-2026 16:52,,24-08-2026 17:32,21-08-2026 17:08,,,7
2262868.0,22-07-2026 17:21,20-07-2026 16:35,,,24-07-2026 17:12,,,,24-08-2026 15:25,19-08-2026 15:19,,,5
2262870.0,22-07-2026 17:21,20-07-2026 16:35,,,24-07-2026 17:12,,18-08-2026 14:13,,24-08-2026 15:25,19-08-2026 15:19,,,6
2262871.0,22-07-2026 17:21,20-07-2026 16:35,,,24-07-2026 17:12,,18-08-2026 14:13,,24-08-2026 15:25,19-08-2026 15:19,,,6
2262874.0,22-07-2026 17:21,20-07-2026 16:35,,,24-07-2026 17:12,,18-08-2026 14:13,,24-08-2026 15:25,19-08-2026 15:19,,,6
2262884.0,13-07-2026 17:44,01-07-2026 16:12,,,20-07-2026 14:55,,10-08-2026 16:52,,24-08-2026 17:32,21-08-2026 17:08,,,6
2262888.0,13-07-2026 17:44,01-07-2026 16:12,,,20-07-2026 14:55,,10-08-2026 16:52,,,21-08-2026 17:08,,,5
2262901.0,13-07-2026 17:44,01-07-2026 16:12,,29-07-2026 14:31,20-07-2026 14:55,,10-08-2026 16:52,,24-08-2026 17:32,21-08-2026 17:08,,,7
2262903.0,13-07-2026 17:44,01-07-2026 16:12,,29-07-2026 14:31,20-07-2026 14:55,,10-08-2026 16:52,,24-08-2026 17:32,21-08-2026 17:08,,,7
2262909.0,13-07-2026 17:44,01-07-2026 16:12,,29-07-2026 14:31,20-07-2026 14:55,,10-08-2026 16:52,,24-08-2026 17:32,21-08-2026 17:08,,,7
2262913.0,13-07-2026 17:44,01-07-2026 16:12,,29-07-2026 14:31,20-07-2026 14:55,,10-08-2026 16:52,,24-08-2026 17:32,21-08-2026 17:08,,,7
2262927.0,13-07-2026 17:44,01-07-2026 16:12,,29-07-2026 14:31,,,,,24-08-2026 17:32,21-08-2026 17:08,,,5
2262932.0,13-07-2026 17:44,01-07-2026 16:12,,29-07-2026 14:31,20-07-2026 14:55,,10-08-2026 16:52,,24-08-2026 17:32,21-08-2026 17:08,,,7
2262934.0,13-07-2026 17:44,01-07-2026 16:12,,,20-07-2026 14:55,,10-08-2026 16:52,,24-08-2026 17:32,21-08-2026 17:08,,,6
2262938.0,13-07-2026 17:44,01-07-2026 16:12,,29-07-2026 14:31,20-07-2026 14:55,,10-08-2026 16:52,,24-08-2026 17:32,21-08-2026 17:08,,,7
2262940.0,13-07-2026 17:44,01-07-2026 16:12,,29-07-2026 14:31,20-07-2026 14:55,,10-08-2026 16:52,,24-08-2026 17:32,21-08-2026 17:08,,,7
2262948.0,13-07-2026 17:44,01-07-2026 16:12,,,20-07-2026 14:55,,10-08-2026 16:52,,24-08-2026 17:32,21-08-2026 17:08,,,6
2262956.0,13-07-2026 17:44,01-07-2026 16:12,,29-07-2026 14:31,20-07-2026 14:55,,10-08-2026 16:52,,24-08-2026 17:32,21-08-2026 17:08,,,7
2262974.0,13-07-2026 17:44,01-07-2026 16:12,,29-07-2026 14:31,20-07-2026 14:55,,10-08-2026 16:52,,24-08-2026 17:32,21-08-2026 17:08,,,7
2262982.0,13-07-2026 17:44,01-07-2026 16:12,,29-07-2026 14:31,20-07-2026 14:55,,10-08-2026 16:52,,24-08-2026 17:32,21-08-2026 17:08,,,7
2262989.0,13-07-2026 17:44,01-07-2026 16:12,,29-07-2026 14:31,20-07-2026 14:55,,10-08-2026 16:52,,24-08-2026 17:32,21-08-2026 17:08,,,7
2263000.0,13-07-2026 17:44,01-07-2026 16:12,,29-07-2026 14:31,20-07-2026 14:55,,10-08-2026 16:52,,24-08-2026 17:32,21-08-2026 17:08,,,7
2263011.0,13-07-2026 17:44,01-07-2026 16:12,,29-07-2026 14:31,20-07-2026 14:55,,10-08-2026 16:52,,24-08-2026 17:32,21-08-2026 17:08,,,7
2263024.0,13-07-2026 17:44,01-07-2026 16:12,,29-07-2026 14:31,20-07-2026 14:55,,10-08-2026 16:52,,24-08-2026 17:32,21-08-2026 17:08,,,7
2263036.0,13-07-2026 17:44,01-07-2026 16:12,,29-07-2026 14:31,20-07-2026 14:55,,10-08-2026 16:52,,24-08-2026 17:32,21-08-2026 17:08,,,7
2263041.0,24-07-2026 15:47,23-07-2026 16:39,,29-07-2026 16:30,27-07-2026 14:28,,20-08-2026 14:16,,25-08-2026 16:38,31-08-2026 14:59,,,7
2263046.0,13-07-2026 17:44,01-07-2026 16:12,,29-07-2026 14:31,20-07-2026 14:55,,,,24-08-2026 17:32,21-08-2026 17:08,,,6
2263058.0,13-07-2026 17:44,01-07-2026 16:12,,29-07-2026 14:31,20-07-2026 14:55,,,,24-08-2026 17:32,21-08-2026 17:08,,,6
2263072.0,13-07-2026 17:44,01-07-2026 16:12,,,,,,,24-08-2026 17:32,21-08-2026 17:08,,,4
2263078.0,24-07-2026 15:47,29-07-2026 16:34,,29-07-2026 16:30,29-07-2026 16:40,,20-08-2026 14:16,,25-08-2026 16:38,31-08-2026 14:59,,,7
2263082.0,,01-07-2026 16:12,,29-07-2026 14:31,20-07-2026 14:55,,10-08-2026 16:52,,24-08-2026 17:32,21-08-2026 17:08,,,6
2263089.0,13-07-2026 17:44,01-07-2026 16:12,,29-07-2026 14:31,20-07-2026 14:55,,10-08-2026 16:52,,24-08-2026 17:32,21-08-2026 17:08,,,7
2263137.0,13-07-2026 17:44,01-07-2026 16:12,,,20-07-2026 14:55,,10-08-2026 16:52,,24-08-2026 17:32,21-08-2026 17:08,,,6
2263162.0,13-07-2026 17:44,01-07-2026 16:12,,29-07-2026 14:31,,,10-08-2026 16:52,,24-08-2026 17:32,21-08-2026 17:08,,,6
2263196.0,13-07-2026 17:44,01-07-2026 16:12,,29-07-2026 14:31,20-07-2026 14:55,,10-08-2026 16:52,,24-08-2026 17:32,21-08-2026 17:08,,,7
2263208.0,13-07-2026 17:44,01-07-2026 16:12,,29-07-2026 14:31,20-07-2026 14:55,,10-08-2026 16:52,,24-08-2026 17:32,21-08-2026 17:08,,,7
2263222.0,30-07-2026 16:53,13-07-2026 16:46,,,,,,,21-08-2026 14:26,20-08-2026 15:08,,,4
2263229.0,13-07-2026 17:44,01-07-2026 16:12,,29-07-2026 14:31,20-07-2026 14:55,,10-08-2026 16:52,,24-08-2026 17:32,21-08-2026 17:08,,,7
2263238.0,30-07-2026 16:53,13-07-2026 16:46,,31-07-2026 17:23,31-07-2026 17:02,,10-08-2026 16:40,,21-08-2026 14:26,20-08-2026 15:08,,,7
2263244.0,30-07-2026 16:53,13-07-2026 16:46,,31-07-2026 17:23,31-07-2026 17:02,,,,21-08-2026 14:26,20-08-2026 15:08,,,6
2263253.0,30-07-2026 16:53,13-07-2026 16:46,,31-07-2026 17:23,31-07-2026 17:02,,10-08-2026 16:40,,21-08-2026 14:26,20-08-2026 15:08,,,7
2263263.0,30-07-2026 16:53,13-07-2026 16:46,,31-07-2026 17:23,31-07-2026 17:02,,10-08-2026 16:40,,21-08-2026 14:26,20-08-2026 15:08,,,7
2263308.0,30-07-2026 16:53,13-07-2026 16:46,,31-07-2026 17:23,31-07-2026 17:02,,10-08-2026 16:40,,21-08-2026 14:26,20-08-2026 15:08,,,7
2263449.0,13-07-2026 17:44,01-07-2026 16:12,,29-07-2026 14:31,20-07-2026 14:55,,10-08-2026 16:52,,24-08-2026 17:32,21-08-2026 17:08,,,7
2263453.0,13-07-2026 17:44,01-07-2026 16:12,,29-07-2026 14:31,20-07-2026 14:55,,10-08-2026 16:52,,24-08-2026 17:32,21-08-2026 17:08,,,7
2263456.0,13-07-2026 17:44,01-07-2026 16:12,,29-07-2026 14:31,20-07-2026 14:55,,10-08-2026 16:52,,24-08-2026 17:32,21-08-2026 17:08,,,7
2263462.0,13-07-2026 17:44,01-07-2026 16:12,,,,,10-08-2026 16:52,,24-08-2026 17:32,21-08-2026 17:08,,,5
2263473.0,13-07-2026 17:44,01-07-2026 16:12,,29-07-2026 14:31,20-07-2026 14:55,,10-08-2026 16:52,,24-08-2026 17:32,21-08-2026 17:08,,,7
2263594.0,13-07-2026 17:44,01-07-2026 16:12,,29-07-2026 14:31,20-07-2026 14:55,,10-08-2026 16:52,,,21-08-2026 17:08,,,6
2263614.0,30-07-2026 16:53,13-07-2026 16:46,,31-07-2026 17:23,31-07-2026 17:02,,,,21-08-2026 14:26,20-08-2026 15:08,,,6
2263619.0,30-07-2026 16:53,13-07-2026 16:46,,31-07-2026 17:23,31-07-2026 17:02,,10-08-2026 16:40,,21-08-2026 14:26,20-08-2026 15:08,,,7
2263622.0,13-07-2026 17:44,01-07-2026 16:12,,29-07-2026 14:31,20-07-2026 14:55,,10-08-2026 16:52,,24-08-2026 17:32,21-08-2026 17:08,,,7
2263626.0,30-07-2026 16:53,,,,,,10-08-2026 16:40,,21-08-2026 14:26,20-08-2026 15:08,,,4
2263630.0,,01-07-2026 16:12,,29-07-2026 14:31,20-07-2026 14:55,,10-08-2026 16:52,,24-08-2026 17:32,21-08-2026 17:08,,,6
2263639.0,13-07-2026 17:44,01-07-2026 16:12,,29-07-2026 14:31,20-07-2026 14:55,,10-08-2026 16:52,,24-08-2026 17:32,21-08-2026 17:08,,,7
2263640.0,30-07-2026 16:53,13-07-2026 16:46,,31-07-2026 17:23,31-07-2026 17:02,,10-08-2026 16:40,,21-08-2026 14:26,20-08-2026 15:08,,,7
2263647.0,13-07-2026 17:44,01-07-2026 16:12,,29-07-2026 14:31,20-07-2026 14:55,,10-08-2026 16:52,,24-08-2026 17:32,21-08-2026 17:08,,,7
2263649.0,,13-07-2026 16:46,,,,,,,21-08-2026 14:26,20-08-2026 15:08,,,3
2263655.0,13-07-2026 17:44,01-07-2026 16:12,,29-07-2026 14:31,20-07-2026 14:55,,10-08-2026 16:52,,24-08-2026 17:32,21-08-2026 17:08,,,7
2263661.0,30-07-2026 16:53,13-07-2026 16:46,,31-07-2026 17:23,31-07-2026 17:02,,10-08-2026 16:40,,21-08-2026 14:26,20-08-2026 15:08,,,7
2263664.0,13-07-2026 17:44,01-07-2026 16:12,,,20-07-2026 14:55,,10-08-2026 16:52,,,,,,4
2263668.0,30-07-2026 16:53,13-07-2026 16:46,,31-07-2026 17:23,31-07-2026 17:02,,10-08-2026 16:40,,21-08-2026 14:26,20-08-2026 15:08,,,7
2263671.0,13-07-2026 17:44,01-07-2026 16:12,,,20-07-2026 14:55,,10-08-2026 16:52,,24-08-2026 17:32,21-08-2026 17:08,,,6
2263675.0,13-07-2026 17:44,01-07-2026 16:12,,29-07-2026 14:31,20-07-2026 14:55,,10-08-2026 16:52,,24-08-2026 17:32,21-08-2026 17:08,,,7
2263680.0,13-07-2026 17:44,01-07-2026 16:12,,29-07-2026 14:31,20-07-2026 14:55,,,,24-08-2026 17:32,21-08-2026 17:08,,,6
2263681.0,30-07-2026 16:53,13-07-2026 16:46,,31-07-2026 17:23,31-07-2026 17:02,,10-08-2026 16:40,,21-08-2026 14:26,20-08-2026 15:08,,,7
2263684.0,13-07-2026 17:44,01-07-2026 16:12,,29-07-2026 14:31,20-07-2026 14:55,,,,24-08-2026 17:32,21-08-2026 17:08,,,6
2263687.0,30-07-2026 16:53,13-07-2026 16:46,,31-07-2026 17:23,31-07-2026 17:02,,10-08-2026 16:40,,21-08-2026 14:26,20-08-2026 15:08,,,7
2263692.0,13-07-2026 17:44,01-07-2026 16:12,,,,,10-08-2026 16:52,,,21-08-2026 17:08,,,4
2263696.0,30-07-2026 16:53,13-07-2026 16:46,,31-07-2026 17:23,31-07-2026 17:02,,,,,20-08-2026 15:08,,,5
2263699.0,13-07-2026 17:44,01-07-2026 16:12,,29-07-2026 14:31,20-07-2026 14:55,,10-08-2026 16:52,,24-08-2026 17:32,21-08-2026 17:08,,,7
2263701.0,30-07-2026 16:53,13-07-2026 16:46,,31-07-2026 17:23,31-07-2026 17:02,,10-08-2026 16:40,,,20-08-2026 15:08,,,6
2263704.0,13-07-2026 17:44,01-07-2026 16:12,,29-07-2026 14:31,20-07-2026 14:55,,10-08-2026 16:52,,24-08-2026 17:32,21-08-2026 17:08,,,7
2263706.0,30-07-2026 16:53,13-07-2026 16:46,,31-07-2026 17:23,31-07-2026 17:02,,10-08-2026 16:40,,21-08-2026 14:26,20-08-2026 15:08,,,7
2263707.0,13-07-2026 17:44,01-07-2026 16:12,,29-07-2026 14:31,20-07-2026 14:55,,10-08-2026 16:52,,24-08-2026 17:32,21-08-2026 17:08,,,7
2263711.0,30-07-2026 16:53,13-07-2026 16:46,,31-07-2026 17:23,31-07-2026 17:02,,,,21-08-2026 14:26,20-08-2026 15:08,,,6
2263718.0,30-07-2026 16:53,13-07-2026 16:46,,,,,10-08-2026 16:40,,21-08-2026 14:26,20-08-2026 15:08,,,5
2263723.0,30-07-2026 16:53,13-07-2026 16:46,,31-07-2026 17:23,31-07-2026 17:02,,10-08-2026 16:40,,21-08-2026 14:26,20-08-2026 15:08,,,7
2263729.0,30-07-2026 16:53,13-07-2026 16:46,,31-07-2026 17:23,31-07-2026 17:02,,10-08-2026 16:40,,21-08-2026 14:26,20-08-2026 15:08,,,7
2263731.0,22-07-2026 17:21,20-07-2026 16:35,,18-08-2026 14:41,24-07-2026 17:12,,,,24-08-2026 15:25,19-08-2026 15:19,,,6
2263735.0,30-07-2026 16:53,13-07-2026 16:46,,31-07-2026 17:23,31-07-2026 17:02,,10-08-2026 16:40,,21-08-2026 14:26,20-08-2026 15:08,,,7
2263736.0,22-07-2026 17:21,20-07-2026 16:35,,18-08-2026 14:41,24-07-2026 17:12,,18-08-2026 14:13,,24-08-2026 15:25,19-08-2026 15:19,,,7
2263740.0,22-07-2026 17:21,20-07-2026 16:35,,18-08-2026 14:41,24-07-2026 17:12,,18-08-2026 14:13,,24-08-2026 15:25,19-08-2026 15:19,,,7
2263743.0,22-07-2026 17:21,20-07-2026 16:35,,18-08-2026 14:41,24-07-2026 17:12,,18-08-2026 14:13,,24-08-2026 15:25,19-08-2026 15:19,,,7
2263745.0,22-07-2026 17:21,20-07-2026 16:35,,18-08-2026 14:41,24-07-2026 17:12,,18-08-2026 14:13,,24-08-2026 15:25,19-08-2026 15:19,,,7
2263749.0,22-07-2026 17:21,20-07-2026 16:35,,18-08-2026 14:41,24-07-2026 17:12,,18-08-2026 14:13,,24-08-2026 15:25,19-08-2026 15:19,,,7
2263751.0,,13-07-2026 16:46,,31-07-2026 17:23,31-07-2026 17:02,,10-08-2026 16:40,,21-08-2026 14:26,20-08-2026 15:08,,,6
2263753.0,22-07-2026 17:21,20-07-2026 16:35,,18-08-2026 14:41,24-07-2026 17:12,,18-08-2026 14:13,,24-08-2026 15:25,19-08-2026 15:19,,,7
2263756.0,30-07-2026 16:53,13-07-2026 16:46,,31-07-2026 17:23,31-07-2026 17:02,,10-08-2026 16:40,,21-08-2026 14:26,20-08-2026 15:08,,,7
2263757.0,22-07-2026 17:21,20-07-2026 16:35,,18-08-2026 14:41,24-07-2026 17:12,,18-08-2026 14:13,,24-08-2026 15:25,19-08-2026 15:19,,,7
2263759.0,22-07-2026 17:21,20-07-2026 16:35,,18-08-2026 14:41,24-07-2026 17:12,,18-08-2026 14:13,,24-08-2026 15:25,19-08-2026 15:19,,,7
2263760.0,30-07-2026 16:53,13-07-2026 16:46,,,,,10-08-2026 16:40,,,20-08-2026 15:08,,,4
2263763.0,30-07-2026 16:53,13-07-2026 16:46,,31-07-2026 17:23,31-07-2026 17:02,,10-08-2026 16:40,,21-08-2026 14:26,20-08-2026 15:08,,,7
2263764.0,22-07-2026 17:21,20-07-2026 16:35,,18-08-2026 14:41,30-07-2026 15:38,,18-08-2026 14:13,,24-08-2026 15:25,19-08-2026 15:19,,,7
2263766.0,22-07-2026 17:21,24-07-2026 17:32,,18-08-2026 14:41,24-07-2026 17:12,,18-08-2026 14:13,,24-08-2026 15:25,19-08-2026 15:19,,,7
2263767.0,30-07-2026 16:53,13-07-2026 16:46,,31-07-2026 17:23,31-07-2026 17:02,,10-08-2026 16:40,,,20-08-2026 15:08,,,6
2263771.0,22-07-2026 17:21,24-07-2026 17:32,,18-08-2026 14:41,24-07-2026 17:12,,18-08-2026 14:13,,24-08-2026 15:25,19-08-2026 15:19,,,7
2263772.0,30-07-2026 16:53,13-07-2026 16:46,,31-07-2026 17:23,31-07-2026 17:02,,10-08-2026 16:40,,21-08-2026 14:26,20-08-2026 15:08,,,7
2263776.0,,20-07-2026 16:35,,18-08-2026 14:41,24-07-2026 17:12,,18-08-2026 14:13,,,19-08-2026 15:19,,,5
2263782.0,22-07-2026 17:21,20-07-2026 16:35,,18-08-2026 14:41,24-07-2026 17:12,,18-08-2026 14:13,,24-08-2026 15:25,19-08-2026 15:19,,,7
2263787.0,22-07-2026 17:21,20-07-2026 16:35,,18-08-2026 14:41,24-07-2026 17:12,,18-08-2026 14:13,,24-08-2026 15:25,19-08-2026 15:19,,,7
2263862.0,13-07-2026 17:44,01-07-2026 16:12,,29-07-2026 14:31,20-07-2026 14:55,,10-08-2026 16:52,,24-08-2026 17:32,21-08-2026 17:08,,,7
2263874.0,13-07-2026 17:44,,,29-07-2026 14:31,20-07-2026 14:55,,10-08-2026 16:52,,24-08-2026 17:32,21-08-2026 17:08,,,6
2263881.0,22-07-2026 17:21,20-07-2026 16:35,,18-08-2026 14:41,24-07-2026 17:12,,18-08-2026 14:13,,24-08-2026 15:25,19-08-2026 15:19,,,7
2263885.0,13-07-2026 17:44,01-07-2026 16:12,,29-07-2026 14:31,20-07-2026 14:55,,,,24-08-2026 17:32,21-08-2026 17:08,,,6
2263887.0,22-07-2026 17:21,24-07-2026 17:32,,18-08-2026 14:41,24-07-2026 17:12,,18-08-2026 14:13,,,19-08-2026 15:19,,,6
2263890.0,13-07-2026 17:44,01-07-2026 16:12,,29-07-2026 14:31,20-07-2026 14:55,,10-08-2026 16:52,,24-08-2026 17:32,21-08-2026 17:08,,,7
2263894.0,22-07-2026 17:21,20-07-2026 16:35,,18-08-2026 14:41,24-07-2026 17:12,,18-08-2026 14:13,,24-08-2026 15:25,19-08-2026 15:19,,,7
2263899.0,13-07-2026 17:44,01-07-2026 16:12,,29-07-2026 14:31,20-07-2026 14:55,,10-08-2026 16:52,,24-08-2026 17:32,21-08-2026 17:08,,,7
2263905.0,13-07-2026 17:44,01-07-2026 16:12,,29-07-2026 14:31,20-07-2026 14:55,,10-08-2026 16:52,,24-08-2026 17:32,21-08-2026 17:08,,,7
2263909.0,22-07-2026 17:21,20-07-2026 16:35,,18-08-2026 14:41,24-07-2026 17:12,,18-08-2026 14:13,,24-08-2026 15:25,19-08-2026 15:19,,,7
2263912.0,13-07-2026 17:44,01-07-2026 16:12,,29-07-2026 14:31,20-07-2026 14:55,,10-08-2026 16:52,,24-08-2026 17:32,21-08-2026 17:08,,,7
2263914.0,22-07-2026 17:21,20-07-2026 16:35,,18-08-2026 14:41,30-07-2026 15:38,,18-08-2026 14:13,,24-08-2026 15:25,19-08-2026 15:19,,,7
2263920.0,13-07-2026 17:44,01-07-2026 16:12,,,20-07-2026 14:55,,10-08-2026 16:52,,24-08-2026 17:32,,,,5
2263921.0,22-07-2026 17:21,20-07-2026 16:35,,18-08-2026 14:41,24-07-2026 17:12,,18-08-2026 14:13,,24-08-2026 15:25,19-08-2026 15:19,,,7
2263927.0,13-07-2026 17:44,01-07-2026 16:12,,29-07-2026 14:31,20-07-2026 14:55,,10-08-2026 16:52,,24-08-2026 17:32,21-08-2026 17:08,,,7
2263928.0,22-07-2026 17:21,20-07-2026 16:35,,18-08-2026 14:41,24-07-2026 17:12,,18-08-2026 14:13,,24-08-2026 15:25,19-08-2026 15:19,,,7
2263930.0,29-07-2026 16:36,23-07-2026 16:39,,29-07-2026 16:30,27-07-2026 14:28,,20-08-2026 14:16,,25-08-2026 16:38,31-08-2026 14:59,,,7
2263935.0,13-07-2026 17:44,01-07-2026 16:12,,29-07-2026 14:31,20-07-2026 14:55,,10-08-2026 16:52,,24-08-2026 17:32,21-08-2026 17:08,,,7
2263937.0,22-07-2026 17:21,20-07-2026 16:35,,18-08-2026 14:41,24-07-2026 17:12,,18-08-2026 14:13,,24-08-2026 15:25,19-08-2026 15:19,,,7
2263944.0,24-07-2026 15:47,23-07-2026 16:39,,29-07-2026 16:30,27-07-2026 14:28,,20-08-2026 14:16,,25-08-2026 16:38,31-08-2026 14:59,,,7
2263946.0,22-07-2026 17:21,20-07-2026 16:35,,18-08-2026 14:41,24-07-2026 17:12,,18-08-2026 14:13,,24-08-2026 15:25,19-08-2026 15:19,,,7
2263989.0,24-07-2026 15:47,23-07-2026 16:39,,29-07-2026 16:30,27-07-2026 14:28,,20-08-2026 14:16,,25-08-2026 16:38,31-08-2026 14:59,,,7
2264021.0,24-07-2026 15:47,23-07-2026 16:39,,29-07-2026 16:30,27-07-2026 14:28,,20-08-2026 14:16,,25-08-2026 16:38,31-08-2026 14:59,,,7
2264034.0,24-07-2026 15:47,23-07-2026 16:39,,29-07-2026 16:30,27-07-2026 14:28,,20-08-2026 14:16,,25-08-2026 16:38,31-08-2026 14:59,,,7
2264047.0,24-07-2026 15:47,23-07-2026 16:39,,29-07-2026 16:30,27-07-2026 14:28,,20-08-2026 14:16,,25-08-2026 16:38,31-08-2026 14:59,,,7
2264053.0,24-07-2026 15:47,23-07-2026 16:39,,29-07-2026 16:30,29-07-2026 16:40,,20-08-2026 14:16,,25-08-2026 16:38,31-08-2026 14:59,,,7
2264073.0,24-07-2026 15:47,23-07-2026 16:39,,29-07-2026 16:30,27-07-2026 14:28,,20-08-2026 14:16,,25-08-2026 16:38,31-08-2026 14:59,,,7
2264211.0,22-07-2026 17:21,20-07-2026 16:35,,18-08-2026 14:41,24-07-2026 17:12,,18-08-2026 14:13,,24-08-2026 15:25,19-08-2026 15:19,,,7
2264222.0,22-07-2026 17:21,20-07-2026 16:35,,18-08-2026 14:41,24-07-2026 17:12,,18-08-2026 14:13,,24-08-2026 15:25,19-08-2026 15:19,,,7
2264232.0,22-07-2026 17:21,20-07-2026 16:35,,18-08-2026 14:41,24-07-2026 17:12,,18-08-2026 14:13,,24-08-2026 15:25,19-08-2026 15:19,,,7
2264235.0,22-07-2026 17:21,20-07-2026 16:35,,18-08-2026 14:41,24-07-2026 17:12,,18-08-2026 14:13,,24-08-2026 15:25,19-08-2026 15:19,,,7
2264241.0,22-07-2026 17:21,20-07-2026 16:35,,18-08-2026 14:41,24-07-2026 17:12,,18-08-2026 14:13,,24-08-2026 15:25,19-08-2026 15:19,,,7
2264269.0,25-07-2026 13:40,14-07-2026 15:26,,29-07-2026 17:45,25-07-2026 13:49,,20-08-2026 15:39,,25-08-2026 16:02,24-08-2026 17:30,,,7
2264271.0,25-07-2026 13:40,14-07-2026 15:26,,29-07-2026 17:45,25-07-2026 13:49,,20-08-2026 15:39,,25-08-2026 16:02,24-08-2026 17:30,,,7
2264275.0,,14-07-2026 15:26,,29-07-2026 17:45,,,20-08-2026 15:39,,25-08-2026 16:02,24-08-2026 17:30,,,5
2264277.0,,14-07-2026 15:26,,29-07-2026 17:45,,,20-08-2026 15:39,,25-08-2026 16:02,24-08-2026 17:30,,,5
2264292.0,25-07-2026 13:40,,,29-07-2026 17:45,25-07-2026 13:49,,20-08-2026 15:39,,25-08-2026 16:02,24-08-2026 17:30,,,6
2264295.0,,14-07-2026 15:26,,29-07-2026 17:45,,,20-08-2026 15:39,,25-08-2026 16:02,24-08-2026 17:30,,,5
2264297.0,25-07-2026 13:40,14-07-2026 15:26,,29-07-2026 17:45,25-07-2026 13:49,,20-08-2026 15:39,,25-08-2026 16:02,24-08-2026 17:30,,,7
2264300.0,25-07-2026 13:40,14-07-2026 15:26,,29-07-2026 17:45,25-07-2026 13:49,,20-08-2026 15:39,,25-08-2026 16:02,24-08-2026 17:30,,,7
2264303.0,25-07-2026 13:40,14-07-2026 15:26,,29-07-2026 17:45,25-07-2026 13:49,,20-08-2026 15:39,,25-08-2026 16:02,24-08-2026 17:30,,,7
2264316.0,25-07-2026 13:40,14-07-2026 15:26,,29-07-2026 17:45,25-07-2026 13:49,,20-08-2026 15:39,,,24-08-2026 17:30,,,6
2264319.0,25-07-2026 13:40,,,29-07-2026 17:45,25-07-2026 13:49,,20-08-2026 15:39,,25-08-2026 16:02,24-08-2026 17:30,,,6
2264325.0,,14-07-2026 15:26,,29-07-2026 17:45,,,20-08-2026 15:39,,25-08-2026 16:02,24-08-2026 17:30,,,5
2264327.0,25-07-2026 13:40,14-07-2026 15:26,,29-07-2026 17:45,25-07-2026 13:49,,20-08-2026 15:39,,25-08-2026 16:02,24-08-2026 17:30,,,7
2264333.0,,14-07-2026 15:26,,29-07-2026 17:45,25-07-2026 13:49,,20-08-2026 15:39,,25-08-2026 16:02,24-08-2026 17:30,,,6
2264337.0,25-07-2026 13:40,14-07-2026 15:26,,29-07-2026 17:45,25-07-2026 13:49,,20-08-2026 15:39,,25-08-2026 16:02,24-08-2026 17:30,,,7
2264343.0,25-07-2026 13:40,14-07-2026 15:26,,29-07-2026 17:45,25-07-2026 13:49,,20-08-2026 15:39,,25-08-2026 16:02,24-08-2026 17:30,,,7
2264348.0,25-07-2026 13:40,14-07-2026 15:26,,29-07-2026 17:45,25-07-2026 13:49,,20-08-2026 15:39,,25-08-2026 16:02,24-08-2026 17:30,,,7
2264352.0,,14-07-2026 15:26,,29-07-2026 17:45,,,20-08-2026 15:39,,25-08-2026 16:02,24-08-2026 17:30,,,5
2264357.0,25-07-2026 13:40,14-07-2026 15:26,,29-07-2026 17:45,25-07-2026 13:49,,20-08-2026 15:39,,25-08-2026 16:02,24-08-2026 17:30,,,7
2264455.0,24-07-2026 15:47,23-07-2026 16:39,,29-07-2026 16:30,27-07-2026 14:28,,20-08-2026 14:16,,,31-08-2026 14:59,,,6
2264460.0,24-07-2026 15:47,23-07-2026 16:39,,,27-07-2026 14:28,,20-08-2026 14:16,,25-08-2026 16:38,31-08-2026 14:59,,,6
2264469.0,24-07-2026 15:47,23-07-2026 16:39,,29-07-2026 16:30,27-07-2026 14:28,,20-08-2026 14:16,,25-08-2026 16:38,31-08-2026 14:59,,,7
2264475.0,24-07-2026 15:47,23-07-2026 16:39,,29-07-2026 16:30,29-07-2026 16:40,,20-08-2026 14:16,,25-08-2026 16:38,31-08-2026 14:59,,,7
2264482.0,24-07-2026 15:47,29-07-2026 16:34,,29-07-2026 16:30,27-07-2026 14:28,,20-08-2026 14:16,,25-08-2026 16:38,31-08-2026 14:59,,,7
2264490.0,24-07-2026 15:47,23-07-2026 16:39,,,27-07-2026 14:28,,20-08-2026 14:16,,,31-08-2026 14:59,,,5
2264498.0,29-07-2026 16:36,23-07-2026 16:39,,29-07-2026 16:30,27-07-2026 14:28,,20-08-2026 14:16,,25-08-2026 16:38,31-08-2026 14:59,,,7
2264519.0,24-07-2026 15:47,23-07-2026 16:39,,29-07-2026 16:30,27-07-2026 14:28,,20-08-2026 14:16,,25-08-2026 16:38,31-08-2026 14:59,,,7
2264520.0,24-07-2026 15:47,23-07-2026 16:39,,29-07-2026 16:30,27-07-2026 14:28,,20-08-2026 14:16,,25-08-2026 16:38,31-08-2026 14:59,,,7
2264523.0,24-07-2026 15:47,23-07-2026 16:39,,29-07-2026 16:30,27-07-2026 14:28,,20-08-2026 14:16,,25-08-2026 16:38,31-08-2026 14:59,,,7
2264524.0,24-07-2026 15:47,23-07-2026 16:39,,29-07-2026 16:30,27-07-2026 14:28,,20-08-2026 14:16,,25-08-2026 16:38,31-08-2026 14:59,,,7
2264528.0,24-07-2026 15:47,23-07-2026 16:39,,29-07-2026 16:30,27-07-2026 14:28,,20-08-2026 14:16,,,31-08-2026 14:59,,,6
2264529.0,24-07-2026 15:47,23-07-2026 16:39,,29-07-2026 16:30,27-07-2026 14:28,,20-08-2026 14:16,,25-08-2026 16:38,31-08-2026 14:59,,,7
2264532.0,24-07-2026 15:47,23-07-2026 16:39,,29-07-2026 16:30,27-07-2026 14:28,,20-08-2026 14:16,,25-08-2026 16:38,31-08-2026 14:59,,,7
2264533.0,24-07-2026 15:47,23-07-2026 16:39,,29-07-2026 16:30,29-07-2026 16:40,,20-08-2026 14:16,,25-08-2026 16:38,31-08-2026 14:59,,,7
2264540.0,24-07-2026 15:47,23-07-2026 16:39,,29-07-2026 16:30,27-07-2026 14:28,,20-08-2026 14:16,,,31-08-2026 14:59,,,6
2264542.0,24-07-2026 15:47,29-07-2026 16:34,,29-07-2026 16:30,27-07-2026 14:28,,20-08-2026 14:16,,25-08-2026 16:38,31-08-2026 14:59,,,7
2264545.0,24-07-2026 15:47,23-07-2026 16:39,,29-07-2026 16:30,27-07-2026 14:28,,20-08-2026 14:16,,25-08-2026 16:38,31-08-2026 14:59,,,7
2264549.0,24-07-2026 15:47,23-07-2026 16:39,,29-07-2026 16:30,27-07-2026 14:28,,20-08-2026 14:16,,,31-08-2026 14:59,,,6
2264550.0,24-07-2026 15:47,23-07-2026 16:39,,29-07-2026 16:30,27-07-2026 14:28,,20-08-2026 14:16,,25-08-2026 16:38,31-08-2026 14:59,,,7
2264553.0,29-07-2026 16:36,23-07-2026 16:39,,29-07-2026 16:30,27-07-2026 14:28,,20-08-2026 14:16,,25-08-2026 16:38,31-08-2026 14:59,,,7
2264554.0,24-07-2026 15:47,23-07-2026 16:39,,29-07-2026 16:30,27-07-2026 14:28,,20-08-2026 14:16,,,,,,5
2264557.0,24-07-2026 15:47,23-07-2026 16:39,,29-07-2026 16:30,27-07-2026 14:28,,20-08-2026 14:16,,25-08-2026 16:38,31-08-2026 14:59,,,7
2264558.0,24-07-2026 15:47,23-07-2026 16:39,,29-07-2026 16:30,27-07-2026 14:28,,20-08-2026 14:16,,25-08-2026 16:38,31-08-2026 14:59,,,7
2264561.0,24-07-2026 15:47,23-07-2026 16:39,,29-07-2026 16:30,27-07-2026 14:28,,20-08-2026 14:16,,,31-08-2026 14:59,,,6
2264562.0,24-07-2026 15:47,23-07-2026 16:39,,29-07-2026 16:30,27-07-2026 14:28,,20-08-2026 14:16,,25-08-2026 16:38,31-08-2026 14:59,,,7
2264564.0,24-07-2026 15:47,23-07-2026 16:39,,29-07-2026 16:30,27-07-2026 14:28,,20-08-2026 14:16,,25-08-2026 16:38,31-08-2026 14:59,,,7
2264569.0,24-07-2026 15:47,23-07-2026 16:39,,29-07-2026 16:30,27-07-2026 14:28,,20-08-2026 14:16,,,31-08-2026 14:59,,,6
2264570.0,24-07-2026 15:47,23-07-2026 16:39,,29-07-2026 16:30,27-07-2026 14:28,,20-08-2026 14:16,,25-08-2026 16:38,31-08-2026 14:59,,,7
2264571.0,24-07-2026 15:47,23-07-2026 16:39,,29-07-2026 16:30,27-07-2026 14:28,,20-08-2026 14:16,,25-08-2026 16:38,31-08-2026 14:59,,,7
2264572.0,24-07-2026 15:47,23-07-2026 16:39,,29-07-2026 16:30,27-07-2026 14:28,,20-08-2026 14:16,,25-08-2026 16:38,31-08-2026 14:59,,,7
2264574.0,24-07-2026 15:47,23-07-2026 16:39,,29-07-2026 16:30,27-07-2026 14:28,,20-08-2026 14:16,,25-08-2026 16:38,31-08-2026 14:59,,,7
2264576.0,24-07-2026 15:47,23-07-2026 16:39,,29-07-2026 16:30,27-07-2026 14:28,,20-08-2026 14:16,,25-08-2026 16:38,31-08-2026 14:59,,,7
2264578.0,24-07-2026 15:47,23-07-2026 16:39,,29-07-2026 16:30,27-07-2026 14:28,,20-08-2026 14:16,,,,,,5
2264580.0,24-07-2026 15:47,23-07-2026 16:39,,29-07-2026 16:30,27-07-2026 14:28,,20-08-2026 14:16,,25-08-2026 16:38,31-08-2026 14:59,,,7
2264581.0,24-07-2026 15:47,23-07-2026 16:39,,29-07-2026 16:30,29-07-2026 16:40,,20-08-2026 14:16,,25-08-2026 16:38,31-08-2026 14:59,,,7
2264582.0,24-07-2026 15:47,23-07-2026 16:39,,29-07-2026 16:30,27-07-2026 14:28,,20-08-2026 14:16,,25-08-2026 16:38,31-08-2026 14:59,,,7
2264584.0,24-07-2026 15:47,23-07-2026 16:39,,29-07-2026 16:30,27-07-2026 14:28,,20-08-2026 14:16,,25-08-2026 16:38,31-08-2026 14:59,,,7
2264586.0,24-07-2026 15:47,23-07-2026 16:39,,29-07-2026 16:30,27-07-2026 14:28,,20-08-2026 14:16,,,31-08-2026 14:59,,,6
2264587.0,24-07-2026 15:47,23-07-2026 16:39,,29-07-2026 16:30,27-07-2026 14:28,,20-08-2026 14:16,,25-08-2026 16:38,31-08-2026 14:59,,,7
2264589.0,24-07-2026 15:47,23-07-2026 16:39,,29-07-2026 16:30,27-07-2026 14:28,,20-08-2026 14:16,,25-08-2026 16:38,31-08-2026 14:59,,,7
2264593.0,24-07-2026 15:47,23-07-2026 16:39,,29-07-2026 16:30,27-07-2026 14:28,,20-08-2026 14:16,,25-08-2026 16:38,31-08-2026 14:59,,,7
2264595.0,24-07-2026 15:47,23-07-2026 16:39,,29-07-2026 16:30,27-07-2026 14:28,,20-08-2026 14:16,,25-08-2026 16:38,31-08-2026 14:59,,,7
2264597.0,24-07-2026 15:47,23-07-2026 16:39,,29-07-2026 16:30,27-07-2026 14:28,,20-08-2026 14:16,,25-08-2026 16:38,31-08-2026 14:59,,,7
2264599.0,24-07-2026 15:47,23-07-2026 16:39,,29-07-2026 16:30,27-07-2026 14:28,,20-08-2026 14:16,,25-08-2026 16:38,31-08-2026 14:59,,,7
2264601.0,24-07-2026 15:47,23-07-2026 16:39,,29-07-2026 16:30,27-07-2026 14:28,,20-08-2026 14:16,,25-08-2026 16:38,,,,6
2264622.0,25-07-2026 13:40,14-07-2026 15:26,,29-07-2026 17:45,25-07-2026 13:49,,20-08-2026 15:39,,25-08-2026 16:02,24-08-2026 17:30,,,7
2264623.0,25-07-2026 13:40,14-07-2026 15:26,,29-07-2026 17:45,25-07-2026 13:49,,20-08-2026 15:39,,25-08-2026 16:02,24-08-2026 17:30,,,7
2264624.0,25-07-2026 13:40,14-07-2026 15:26,,29-07-2026 17:45,25-07-2026 13:49,,20-08-2026 15:39,,25-08-2026 16:02,24-08-2026 17:30,,,7
2264625.0,25-07-2026 13:40,14-07-2026 15:26,,29-07-2026 17:45,,,20-08-2026 15:39,,25-08-2026 16:02,24-08-2026 17:30,,,6
2264626.0,25-07-2026 13:40,14-07-2026 15:26,,29-07-2026 17:45,25-07-2026 13:49,,,,,24-08-2026 17:30,,,5
2264627.0,25-07-2026 13:40,14-07-2026 15:26,,29-07-2026 17:45,25-07-2026 13:49,,,,25-08-2026 16:02,24-08-2026 17:30,,,6
2264628.0,,14-07-2026 15:26,,29-07-2026 17:45,25-07-2026 13:49,,20-08-2026 15:39,,25-08-2026 16:02,24-08-2026 17:30,,,6
2264629.0,25-07-2026 13:40,14-07-2026 15:26,,29-07-2026 17:45,,,20-08-2026 15:39,,25-08-2026 16:02,24-08-2026 17:30,,,6
2264631.0,25-07-2026 13:40,14-07-2026 15:26,,29-07-2026 17:45,25-07-2026 13:49,,20-08-2026 15:39,,25-08-2026 16:02,24-08-2026 17:30,,,7
2264633.0,25-07-2026 13:40,14-07-2026 15:26,,29-07-2026 17:45,25-07-2026 13:49,,20-08-2026 15:39,,25-08-2026 16:02,24-08-2026 17:30,,,7
2264635.0,25-07-2026 13:40,14-07-2026 15:26,,29-07-2026 17:45,25-07-2026 13:49,,20-08-2026 15:39,,25-08-2026 16:02,24-08-2026 17:30,,,7
2264636.0,25-07-2026 13:40,14-07-2026 15:26,,29-07-2026 17:45,25-07-2026 13:49,,20-08-2026 15:39,,25-08-2026 16:02,24-08-2026 17:30,,,7
2264639.0,25-07-2026 13:40,14-07-2026 15:26,,29-07-2026 17:45,25-07-2026 13:49,,20-08-2026 15:39,,25-08-2026 16:02,24-08-2026 17:30,,,7
2264645.0,25-07-2026 13:40,14-07-2026 15:26,,29-07-2026 17:45,25-07-2026 13:49,,20-08-2026 15:39,,25-08-2026 16:02,24-08-2026 17:30,,,7
2264646.0,25-07-2026 13:40,14-07-2026 15:26,,29-07-2026 17:45,25-07-2026 13:49,,20-08-2026 15:39,,25-08-2026 16:02,24-08-2026 17:30,,,7
2264647.0,25-07-2026 13:40,14-07-2026 15:26,,29-07-2026 17:45,25-07-2026 13:49,,20-08-2026 15:39,,,24-08-2026 17:30,,,6
2264648.0,22-07-2026 17:21,20-07-2026 16:35,,18-08-2026 14:41,24-07-2026 17:12,,18-08-2026 14:13,,24-08-2026 15:25,19-08-2026 15:19,,,7
2264649.0,22-07-2026 17:21,20-07-2026 16:35,,18-08-2026 14:41,24-07-2026 17:12,,18-08-2026 14:13,,24-08-2026 15:25,19-08-2026 15:19,,,7
2264650.0,,14-07-2026 15:26,,29-07-2026 17:45,,,20-08-2026 15:39,,,24-08-2026 17:30,,,4
2264651.0,25-07-2026 13:40,14-07-2026 15:26,,29-07-2026 17:45,25-07-2026 13:49,,20-08-2026 15:39,,25-08-2026 16:02,24-08-2026 17:30,,,7
2264653.0,25-07-2026 13:40,14-07-2026 15:26,,29-07-2026 17:45,,,20-08-2026 15:39,,25-08-2026 16:02,24-08-2026 17:30,,,6
2264655.0,25-07-2026 13:40,14-07-2026 15:26,,29-07-2026 17:45,25-07-2026 13:49,,20-08-2026 15:39,,25-08-2026 16:02,24-08-2026 17:30,,,7
2264658.0,25-07-2026 13:40,14-07-2026 15:26,,29-07-2026 17:45,25-07-2026 13:49,,20-08-2026 15:39,,25-08-2026 16:02,24-08-2026 17:30,,,7
2264659.0,25-07-2026 13:40,14-07-2026 15:26,,29-07-2026 17:45,25-07-2026 13:49,,20-08-2026 15:39,,25-08-2026 16:02,24-08-2026 17:30,,,7
2264661.0,16-07-2026 17:38,,,25-07-2026 12:28,25-07-2026 12:17,,03-08-2026 13:56,,31-08-2026 16:33,17-08-2026 15:26,,,6
2264662.0,16-07-2026 17:38,,,25-07-2026 12:28,25-07-2026 12:17,,03-08-2026 13:56,,31-08-2026 16:33,,,,5
2264663.0,25-07-2026 13:40,14-07-2026 15:26,,29-07-2026 17:45,25-07-2026 13:49,,,,25-08-2026 16:02,24-08-2026 17:30,,,6
2264664.0,16-07-2026 17:38,,,25-07-2026 12:28,25-07-2026 12:17,,03-08-2026 13:56,,,17-08-2026 15:26,,,5
2264665.0,25-07-2026 13:40,,,,25-07-2026 13:49,,,,25-08-2026 16:02,24-08-2026 17:30,,,4
2264666.0,16-07-2026 17:38,,,25-07-2026 12:28,25-07-2026 12:17,,03-08-2026 13:56,,31-08-2026 16:33,17-08-2026 15:26,,,6
2264667.0,25-07-2026 13:40,14-07-2026 15:26,,29-07-2026 17:45,25-07-2026 13:49,,20-08-2026 15:39,,25-08-2026 16:02,24-08-2026 17:30,,,7
2264668.0,16-07-2026 17:38,,,25-07-2026 12:28,25-07-2026 12:17,,03-08-2026 13:56,,31-08-2026 16:33,17-08-2026 15:26,,,6
2264669.0,16-07-2026 17:38,,,,,,03-08-2026 13:56,,31-08-2026 16:33,17-08-2026 15:26,,,4
2264671.0,16-07-2026 17:38,,,25-07-2026 12:28,25-07-2026 12:17,,03-08-2026 13:56,,31-08-2026 16:33,17-08-2026 15:26,,,6
2264673.0,16-07-2026 17:38,,,25-07-2026 12:28,25-07-2026 12:17,,03-08-2026 13:56,,31-08-2026 16:33,17-08-2026 15:26,,,6
2264675.0,16-07-2026 17:38,,,25-07-2026 12:28,25-07-2026 12:17,,03-08-2026 13:56,,31-08-2026 16:33,17-08-2026 15:26,,,6
2264676.0,25-07-2026 13:40,14-07-2026 15:26,,29-07-2026 17:45,25-07-2026 13:49,,20-08-2026 15:39,,25-08-2026 16:02,24-08-2026 17:30,,,7
2264678.0,16-07-2026 17:38,,,25-07-2026 12:28,25-07-2026 12:17,,03-08-2026 13:56,,31-08-2026 16:33,17-08-2026 15:26,,,6
2264680.0,25-07-2026 13:40,14-07-2026 15:26,,29-07-2026 17:45,25-07-2026 13:49,,20-08-2026 15:39,,25-08-2026 16:02,24-08-2026 17:30,,,7
2264682.0,16-07-2026 17:38,,,25-07-2026 12:28,25-07-2026 12:17,,03-08-2026 13:56,,31-08-2026 16:33,17-08-2026 15:26,,,6
2264710.0,25-07-2026 13:40,14-07-2026 15:26,,29-07-2026 17:45,25-07-2026 13:49,,20-08-2026 15:39,,25-08-2026 16:02,24-08-2026 17:30,,,7
2264713.0,25-07-2026 13:40,14-07-2026 15:26,,29-07-2026 17:45,25-07-2026 13:49,,20-08-2026 15:39,,25-08-2026 16:02,24-08-2026 17:30,,,7
2264714.0,16-07-2026 17:38,,,25-07-2026 12:28,25-07-2026 12:17,,03-08-2026 13:56,,31-08-2026 16:33,17-08-2026 15:26,,,6
2264715.0,,,,,27-07-2026 16:34,,,,31-08-2026 16:33,17-08-2026 15:26,,,3
2264716.0,25-07-2026 13:40,14-07-2026 15:26,,29-07-2026 17:45,25-07-2026 13:49,,20-08-2026 15:39,,25-08-2026 16:02,24-08-2026 17:30,,,7
2264717.0,16-07-2026 17:38,,,25-07-2026 12:28,25-07-2026 12:17,,03-08-2026 13:56,,,17-08-2026 15:26,,,5
2264718.0,25-07-2026 13:40,14-07-2026 15:26,,29-07-2026 17:45,25-07-2026 13:49,,20-08-2026 15:39,,25-08-2026 16:02,24-08-2026 17:30,,,7
2264720.0,16-07-2026 17:38,,,,,,03-08-2026 13:56,,31-08-2026 16:33,17-08-2026 15:26,,,4
2264722.0,25-07-2026 13:40,14-07-2026 15:26,,29-07-2026 17:45,25-07-2026 13:49,,20-08-2026 15:39,,,24-08-2026 17:30,,,6
2264724.0,16-07-2026 17:38,,,25-07-2026 12:28,25-07-2026 12:17,,03-08-2026 13:56,,31-08-2026 16:33,17-08-2026 15:26,,,6
2264729.0,16-07-2026 17:38,,,25-07-2026 12:28,25-07-2026 12:17,,03-08-2026 13:56,,,17-08-2026 15:26,,,5
2264734.0,,,,25-07-2026 12:28,25-07-2026 12:17,,03-08-2026 13:56,,31-08-2026 16:33,17-08-2026 15:26,,,5
2264736.0,,14-07-2026 15:26,,29-07-2026 17:45,25-07-2026 13:49,,20-08-2026 15:39,,,24-08-2026 17:30,,,5
2264739.0,16-07-2026 17:38,,,25-07-2026 12:28,25-07-2026 12:17,,03-08-2026 13:56,,31-08-2026 16:33,17-08-2026 15:26,,,6
2264740.0,25-07-2026 13:40,14-07-2026 15:26,,29-07-2026 17:45,,,20-08-2026 15:39,,,24-08-2026 17:30,,,5
2264745.0,16-07-2026 17:38,,,25-07-2026 12:28,25-07-2026 12:17,,03-08-2026 13:56,,31-08-2026 16:33,17-08-2026 15:26,,,6
2264746.0,25-07-2026 13:40,14-07-2026 15:26,,29-07-2026 17:45,25-07-2026 13:49,,20-08-2026 15:39,,25-08-2026 16:02,24-08-2026 17:30,,,7
2264753.0,,,,25-07-2026 12:28,25-07-2026 12:17,,03-08-2026 13:56,,31-08-2026 16:33,17-08-2026 15:26,,,5
2264754.0,25-07-2026 13:40,14-07-2026 15:26,,29-07-2026 17:45,25-07-2026 13:49,,20-08-2026 15:39,,25-08-2026 16:02,24-08-2026 17:30,,,7
2264759.0,16-07-2026 17:38,,,25-07-2026 12:28,25-07-2026 12:17,,03-08-2026 13:56,,31-08-2026 16:33,17-08-2026 15:26,,,6
2264760.0,25-07-2026 13:40,14-07-2026 15:26,,,25-07-2026 13:49,,20-08-2026 15:39,,25-08-2026 16:02,24-08-2026 17:30,,,6
2264764.0,16-07-2026 17:38,,,25-07-2026 12:28,25-07-2026 12:17,,03-08-2026 13:56,,31-08-2026 16:33,,,,5
2264765.0,25-07-2026 13:40,14-07-2026 15:26,,29-07-2026 17:45,25-07-2026 13:49,,20-08-2026 15:39,,25-08-2026 16:02,24-08-2026 17:30,,,7
2264771.0,25-07-2026 13:40,14-07-2026 15:26,,29-07-2026 17:45,25-07-2026 13:49,,20-08-2026 15:39,,25-08-2026 16:02,24-08-2026 17:30,,,7
2264773.0,,14-07-2026 15:26,,29-07-2026 17:45,25-07-2026 13:49,,20-08-2026 15:39,,25-08-2026 16:02,24-08-2026 17:30,,,6
2264814.0,25-07-2026 13:40,14-07-2026 15:26,,29-07-2026 17:45,25-07-2026 13:49,,20-08-2026 15:39,,25-08-2026 16:02,24-08-2026 17:30,,,7
2265069.0,23-07-2026 15:48,15-07-2026 18:11,,31-07-2026 15:46,27-07-2026 15:05,,08-08-2026 13:36,,18-08-2026 15:45,08-08-2026 14:10,,,7
2265075.0,27-07-2026 16:55,15-07-2026 18:11,,31-07-2026 15:46,27-07-2026 15:05,,08-08-2026 13:36,,18-08-2026 15:45,08-08-2026 14:10,,,7
2265084.0,23-07-2026 15:48,15-07-2026 18:11,,31-07-2026 15:46,27-07-2026 15:05,,08-08-2026 13:36,,18-08-2026 15:45,08-08-2026 14:10,,,7
2265089.0,23-07-2026 15:48,15-07-2026 18:11,,31-07-2026 15:46,27-07-2026 15:05,,08-08-2026 13:36,,18-08-2026 15:45,08-08-2026 14:10,,,7
2265096.0,23-07-2026 15:48,15-07-2026 18:11,,31-07-2026 15:46,27-07-2026 15:05,,08-08-2026 13:36,,18-08-2026 15:45,08-08-2026 14:10,,,7
2265100.0,23-07-2026 15:48,15-07-2026 18:11,,31-07-2026 15:46,27-07-2026 15:05,,08-08-2026 13:36,,18-08-2026 15:45,08-08-2026 14:10,,,7
2265105.0,23-07-2026 15:48,15-07-2026 18:11,,31-07-2026 15:46,27-07-2026 15:05,,08-08-2026 13:36,,18-08-2026 15:45,08-08-2026 14:10,,,7
2266397.0,27-07-2026 16:55,15-07-2026 18:11,,31-07-2026 15:46,27-07-2026 15:05,,,,18-08-2026 15:45,,,,5
2266399.0,23-07-2026 15:48,15-07-2026 18:11,,31-07-2026 15:46,,,08-08-2026 13:36,,18-08-2026 15:45,08-08-2026 14:10,,,6
2266401.0,23-07-2026 15:48,15-07-2026 18:11,,31-07-2026 15:46,27-07-2026 15:05,,08-08-2026 13:36,,18-08-2026 15:45,08-08-2026 14:10,,,7
2266402.0,23-07-2026 15:48,15-07-2026 18:11,,31-07-2026 15:46,27-07-2026 15:05,,08-08-2026 13:36,,18-08-2026 15:45,08-08-2026 14:10,,,7
2266403.0,23-07-2026 15:48,15-07-2026 18:11,,31-07-2026 15:46,27-07-2026 15:05,,08-08-2026 13:36,,18-08-2026 15:45,08-08-2026 14:10,,,7
2266404.0,23-07-2026 15:48,15-07-2026 18:11,,31-07-2026 15:46,27-07-2026 15:05,,08-08-2026 13:36,,18-08-2026 15:45,08-08-2026 14:10,,,7
2266405.0,23-07-2026 15:48,15-07-2026 18:11,,31-07-2026 15:46,27-07-2026 15:05,,08-08-2026 13:36,,18-08-2026 15:45,08-08-2026 14:10,,,7
2266407.0,23-07-2026 15:48,15-07-2026 18:11,,,27-07-2026 15:05,,08-08-2026 13:36,,18-08-2026 15:45,08-08-2026 14:10,,,6
2266409.0,23-07-2026 15:48,15-07-2026 18:11,,31-07-2026 15:46,27-07-2026 15:05,,08-08-2026 13:36,,18-08-2026 15:45,08-08-2026 14:10,,,7
2266411.0,23-07-2026 15:48,15-07-2026 18:11,,31-07-2026 15:46,27-07-2026 15:05,,08-08-2026 13:36,,18-08-2026 15:45,08-08-2026 14:10,,,7
2269615.0,25-07-2026 13:40,,,29-07-2026 17:45,25-07-2026 13:49,,,,25-08-2026 16:02,24-08-2026 17:30,,,5
2269616.0,25-07-2026 13:40,14-07-2026 15:26,,29-07-2026 17:45,25-07-2026 13:49,,20-08-2026 15:39,,25-08-2026 16:02,24-08-2026 17:30,,,7
2269617.0,25-07-2026 13:40,14-07-2026 15:26,,29-07-2026 17:45,25-07-2026 13:49,,20-08-2026 15:39,,25-08-2026 16:02,24-08-2026 17:30,,,7
2269618.0,25-07-2026 13:40,14-07-2026 15:26,,29-07-2026 17:45,25-07-2026 13:49,,20-08-2026 15:39,,25-08-2026 16:02,24-08-2026 17:30,,,7
2269697.0,16-07-2026 17:38,,,25-07-2026 12:28,25-07-2026 12:17,,03-08-2026 13:56,,31-08-2026 16:33,17-08-2026 15:26,,,6
2269698.0,16-07-2026 17:38,,,25-07-2026 12:28,25-07-2026 12:17,,03-08-2026 13:56,,31-08-2026 16:33,17-08-2026 15:26,,,6
2269703.0,16-07-2026 17:38,,,25-07-2026 12:28,25-07-2026 12:17,,03-08-2026 13:56,,31-08-2026 16:33,17-08-2026 15:26,,,6
2269707.0,16-07-2026 17:38,,,25-07-2026 12:28,25-07-2026 12:17,,03-08-2026 13:56,,31-08-2026 16:33,,,,5
2269710.0,16-07-2026 17:38,,,25-07-2026 12:28,25-07-2026 12:17,,03-08-2026 13:56,,31-08-2026 16:33,17-08-2026 15:26,,,6
2269714.0,16-07-2026 17:38,,,25-07-2026 12:28,25-07-2026 12:17,,03-08-2026 13:56,,31-08-2026 16:33,,,,5
2269718.0,16-07-2026 17:38,,,25-07-2026 12:28,25-07-2026 12:17,,03-08-2026 13:56,,,17-08-2026 15:26,,,5
2269725.0,16-07-2026 17:38,,,25-07-2026 12:28,25-07-2026 12:17,,03-08-2026 13:56,,31-08-2026 16:33,17-08-2026 15:26,,,6
2269731.0,16-07-2026 17:38,,,25-07-2026 12:28,25-07-2026 12:17,,03-08-2026 13:56,,31-08-2026 16:33,17-08-2026 15:26,,,6
2269739.0,16-07-2026 17:38,,,25-07-2026 12:28,25-07-2026 12:17,,03-08-2026 13:56,,31-08-2026 16:33,17-08-2026 15:26,,,6
2269872.0,16-07-2026 17:38,,,25-07-2026 12:28,25-07-2026 12:17,,03-08-2026 13:56,,31-08-2026 16:33,17-08-2026 15:26,,,6
2269876.0,16-07-2026 17:38,,,25-07-2026 12:28,25-07-2026 12:17,,03-08-2026 13:56,,,17-08-2026 15:26,,,5
2269878.0,16-07-2026 17:38,,,25-07-2026 12:28,25-07-2026 12:17,,03-08-2026 13:56,,31-08-2026 16:33,17-08-2026 15:26,,,6
2269882.0,16-07-2026 17:38,,,25-07-2026 12:28,25-07-2026 12:17,,03-08-2026 13:56,,31-08-2026 16:33,17-08-2026 15:26,,,6
2269884.0,16-07-2026 17:38,,,25-07-2026 12:28,25-07-2026 12:17,,03-08-2026 13:56,,31-08-2026 16:33,17-08-2026 15:26,,,6
2269885.0,16-07-2026 17:38,,,25-07-2026 12:28,25-07-2026 12:17,,03-08-2026 13:56,,31-08-2026 16:33,17-08-2026 15:26,,,6
2269887.0,16-07-2026 17:38,,,25-07-2026 12:28,25-07-2026 12:17,,03-08-2026 13:56,,31-08-2026 16:33,17-08-2026 15:26,,,6
2269888.0,16-07-2026 17:38,,,25-07-2026 12:28,25-07-2026 12:17,,03-08-2026 13:56,,31-08-2026 16:33,17-08-2026 15:26,,,6
2269892.0,16-07-2026 17:38,,,25-07-2026 12:28,25-07-2026 12:17,,03-08-2026 13:56,,31-08-2026 16:33,17-08-2026 15:26,,,6
2270338.0,16-07-2026 17:38,,,25-07-2026 12:28,25-07-2026 12:17,,03-08-2026 13:56,,31-08-2026 16:33,17-08-2026 15:26,,,6
2270341.0,16-07-2026 17:38,,,25-07-2026 12:28,25-07-2026 12:17,,03-08-2026 13:56,,31-08-2026 16:33,17-08-2026 15:26,,,6
2271027.0,16-07-2026 17:38,,,25-07-2026 12:28,25-07-2026 12:17,,03-08-2026 13:56,,31-08-2026 16:33,17-08-2026 15:26,,,6
2271029.0,16-07-2026 17:38,,,,,,03-08-2026 13:56,,31-08-2026 16:33,17-08-2026 15:26,,,4
2271031.0,16-07-2026 17:38,,,25-07-2026 12:28,25-07-2026 12:17,,03-08-2026 13:56,,31-08-2026 16:33,17-08-2026 15:26,,,6
2271033.0,16-07-2026 17:38,,,25-07-2026 12:28,25-07-2026 12:17,,03-08-2026 13:56,,31-08-2026 16:33,17-08-2026 15:26,,,6
2273910.0,25-07-2026 13:40,,,29-07-2026 17:45,25-07-2026 13:49,,20-08-2026 15:39,,25-08-2026 16:02,24-08-2026 17:30,,,6
2273911.0,16-07-2026 17:38,,,25-07-2026 12:28,25-07-2026 12:17,,03-08-2026 13:56,,31-08-2026 16:33,17-08-2026 15:26,,,6
2273912.0,16-07-2026 17:38,,,25-07-2026 12:28,25-07-2026 12:17,,03-08-2026 13:56,,31-08-2026 16:33,17-08-2026 15:26,,,6
2273913.0,16-07-2026 17:38,,,25-07-2026 12:28,25-07-2026 12:17,,03-08-2026 13:56,,31-08-2026 16:33,17-08-2026 15:26,,,6
2273914.0,16-07-2026 17:38,,,25-07-2026 12:28,25-07-2026 12:17,,03-08-2026 13:56,,31-08-2026 16:33,17-08-2026 15:26,,,6
2273915.0,16-07-2026 17:38,,,,,,03-08-2026 13:56,,31-08-2026 16:33,,,,3
2273916.0,16-07-2026 17:38,,,25-07-2026 12:28,25-07-2026 12:17,,03-08-2026 13:56,,31-08-2026 16:33,17-08-2026 15:26,,,6
2273917.0,16-07-2026 17:38,,,25-07-2026 12:28,25-07-2026 12:17,,03-08-2026 13:56,,31-08-2026 16:33,17-08-2026 15:26,,,6
2273919.0,16-07-2026 17:38,,,25-07-2026 12:28,25-07-2026 12:17,,03-08-2026 13:56,,,17-08-2026 15:26,,,5
2273920.0,16-07-2026 17:38,,,25-07-2026 12:28,25-07-2026 12:17,,03-08-2026 13:56,,31-08-2026 16:33,17-08-2026 15:26,,,6
2273922.0,16-07-2026 17:38,,,25-07-2026 12:28,25-07-2026 12:17,,03-08-2026 13:56,,,17-08-2026 15:26,,,5
2273923.0,16-07-2026 17:38,,,25-07-2026 12:28,25-07-2026 12:17,,03-08-2026 13:56,,31-08-2026 16:33,17-08-2026 15:26,,,6
2273924.0,16-07-2026 17:38,,,,25-07-2026 12:17,,03-08-2026 13:56,,31-08-2026 16:33,17-08-2026 15:26,,,5
2274975.0,16-07-2026 17:38,,,25-07-2026 12:28,25-07-2026 12:17,,03-08-2026 13:56,,31-08-2026 16:33,17-08-2026 15:26,,,6
2275035.0,16-07-2026 17:38,,,25-07-2026 12:28,25-07-2026 12:17,,03-08-2026 13:56,,,17-08-2026 15:26,,,5
2275041.0,,,,25-07-2026 12:28,25-07-2026 12:17,,03-08-2026 13:56,,31-08-2026 16:33,17-08-2026 15:26,,,5
2276847.0,17-07-2026 11:37,17-07-2026 11:36,,28-07-2026 13:17,28-07-2026 13:18,,04-08-2026 12:50,,18-08-2026 13:10,18-08-2026 11:24,,,7
2276850.0,23-07-2026 15:48,15-07-2026 18:11,,31-07-2026 15:46,27-07-2026 15:05,,08-08-2026 13:36,,,08-08-2026 14:10,,,6
2276901.0,23-07-2026 15:48,15-07-2026 18:11,,31-07-2026 15:46,27-07-2026 15:05,,,,18-08-2026 15:45,,,,5
2276903.0,23-07-2026 15:48,15-07-2026 18:11,,31-07-2026 15:46,27-07-2026 15:05,,08-08-2026 13:36,,18-08-2026 15:45,08-08-2026 14:10,,,7
2276906.0,23-07-2026 15:48,15-07-2026 18:11,,31-07-2026 15:46,27-07-2026 15:05,,08-08-2026 13:36,,18-08-2026 15:45,08-08-2026 14:10,,,7
2276916.0,23-07-2026 15:48,15-07-2026 18:11,,31-07-2026 15:46,27-07-2026 15:05,,08-08-2026 13:36,,18-08-2026 15:45,08-08-2026 14:10,,,7
2276917.0,23-07-2026 15:48,15-07-2026 18:11,,31-07-2026 15:46,27-07-2026 15:05,,08-08-2026 13:36,,18-08-2026 15:45,08-08-2026 14:10,,,7
2276918.0,23-07-2026 15:48,15-07-2026 18:11,,31-07-2026 15:46,27-07-2026 15:05,,08-08-2026 13:36,,18-08-2026 15:45,08-08-2026 14:10,,,7
2276926.0,23-07-2026 15:48,15-07-2026 18:11,,31-07-2026 15:46,27-07-2026 15:05,,08-08-2026 13:36,,18-08-2026 15:45,08-08-2026 14:10,,,7
2276928.0,23-07-2026 15:48,15-07-2026 18:11,,31-07-2026 15:46,27-07-2026 15:05,,08-08-2026 13:36,,18-08-2026 15:45,08-08-2026 14:10,,,7
2276929.0,23-07-2026 15:48,15-07-2026 18:11,,31-07-2026 15:46,27-07-2026 15:05,,08-08-2026 13:36,,18-08-2026 15:45,08-08-2026 14:10,,,7
2276931.0,23-07-2026 15:48,27-07-2026 16:56,,31-07-2026 15:46,27-07-2026 15:05,,08-08-2026 13:36,,18-08-2026 15:45,08-08-2026 14:10,,,7
2276933.0,,15-07-2026 18:11,,,,,,,,,,,1
2276934.0,27-07-2026 16:55,15-07-2026 18:11,,31-07-2026 15:46,27-07-2026 15:05,,08-08-2026 13:36,,18-08-2026 15:45,08-08-2026 14:10,,,7
2276935.0,23-07-2026 15:48,15-07-2026 18:11,,31-07-2026 15:46,27-07-2026 15:05,,08-08-2026 13:36,,,08-08-2026 14:10,,,6
2277394.0,17-07-2026 11:43,13-07-2026 13:46,,27-07-2026 14:02,20-07-2026 13:12,,04-08-2026 13:15,,17-08-2026 10:38,14-08-2026 10:37,,,7
2277395.0,17-07-2026 11:29,13-07-2026 13:44,,28-07-2026 11:08,28-07-2026 11:07,,04-08-2026 13:13,,18-08-2026 13:08,18-08-2026 11:25,,,7
2277399.0,17-07-2026 11:29,13-07-2026 13:44,,28-07-2026 11:08,28-07-2026 11:07,,04-08-2026 13:13,,18-08-2026 13:08,18-08-2026 11:25,,,7
2277400.0,17-07-2026 11:43,13-07-2026 13:46,,27-07-2026 14:02,20-07-2026 13:12,,04-08-2026 13:15,,17-08-2026 10:38,24-08-2026 10:31,,,7
2277403.0,17-07-2026 11:29,13-07-2026 13:44,,28-07-2026 11:08,28-07-2026 11:07,,04-08-2026 13:13,,18-08-2026 13:08,18-08-2026 11:25,,,7
2277404.0,15-07-2026 10:38,24-07-2026 10:30,,25-07-2026 12:21,20-07-2026 15:07,,18-08-2026 09:28,,,,,,5
2277405.0,17-07-2026 11:43,13-07-2026 13:46,,31-07-2026 11:29,20-07-2026 13:12,,04-08-2026 13:15,,17-08-2026 10:38,14-08-2026 10:37,,,7
2277407.0,17-07-2026 11:29,13-07-2026 13:44,,28-07-2026 11:08,28-07-2026 11:07,,04-08-2026 13:13,,18-08-2026 13:08,18-08-2026 11:25,,,7
2277408.0,15-07-2026 12:12,09-07-2026 13:06,,25-07-2026 12:11,20-07-2026 14:56,,18-08-2026 11:11,,25-08-2026 09:46,18-08-2026 11:43,,,7
2277411.0,17-07-2026 13:39,10-07-2026 13:42,,25-07-2026 12:21,20-07-2026 15:07,,18-08-2026 09:28,,25-08-2026 11:04,25-08-2026 11:03,,,7
2277413.0,17-07-2026 11:29,13-07-2026 13:44,,28-07-2026 11:08,28-07-2026 11:07,,04-08-2026 13:13,,18-08-2026 13:08,18-08-2026 11:25,,,7
2277414.0,17-07-2026 11:43,13-07-2026 13:46,,27-07-2026 14:02,20-07-2026 13:12,,04-08-2026 13:15,,17-08-2026 10:38,14-08-2026 10:37,,,7
2277417.0,15-07-2026 10:38,10-07-2026 13:42,,25-07-2026 12:21,20-07-2026 15:07,,18-08-2026 09:28,,25-08-2026 11:04,25-08-2026 11:03,,,7
2277419.0,17-07-2026 11:43,13-07-2026 13:46,,27-07-2026 14:02,20-07-2026 13:12,,04-08-2026 13:15,,17-08-2026 10:38,14-08-2026 10:37,,,7
2277420.0,17-07-2026 11:29,13-07-2026 13:44,,28-07-2026 11:08,28-07-2026 11:07,,04-08-2026 13:13,,18-08-2026 13:08,18-08-2026 11:25,,,7
2277421.0,15-07-2026 10:38,10-07-2026 13:42,,25-07-2026 12:21,20-07-2026 15:07,,18-08-2026 09:28,,25-08-2026 11:04,25-08-2026 11:03,,,7
2277422.0,17-07-2026 11:29,13-07-2026 13:44,,28-07-2026 11:08,28-07-2026 11:07,,04-08-2026 13:13,,18-08-2026 13:08,18-08-2026 11:25,,,7
2277423.0,17-07-2026 11:43,13-07-2026 13:46,,27-07-2026 14:02,20-07-2026 13:12,,04-08-2026 13:15,,17-08-2026 10:38,14-08-2026 10:37,,,7
2277424.0,17-07-2026 11:29,13-07-2026 13:44,,28-07-2026 11:08,28-07-2026 11:07,,04-08-2026 13:13,,18-08-2026 13:08,18-08-2026 11:25,,,7
2277425.0,15-07-2026 10:38,10-07-2026 13:42,,25-07-2026 12:21,20-07-2026 15:07,,18-08-2026 09:28,,25-08-2026 11:04,25-08-2026 11:03,,,7
2277426.0,15-07-2026 12:12,17-07-2026 12:47,,25-07-2026 12:11,25-07-2026 11:30,,18-08-2026 11:11,,25-08-2026 09:46,18-08-2026 11:43,,,7
2277427.0,17-07-2026 11:43,13-07-2026 13:46,,27-07-2026 14:02,20-07-2026 13:12,,04-08-2026 13:15,,31-08-2026 12:51,14-08-2026 10:37,,,7
2277431.0,17-07-2026 11:29,13-07-2026 13:44,,28-07-2026 11:08,28-07-2026 11:07,,04-08-2026 13:13,,18-08-2026 13:08,18-08-2026 11:25,,,7
2277432.0,15-07-2026 10:38,24-07-2026 10:30,,25-07-2026 12:21,20-07-2026 15:07,,18-08-2026 09:28,,25-08-2026 11:04,25-08-2026 11:03,,,7
2277433.0,17-07-2026 11:43,13-07-2026 13:46,,27-07-2026 14:02,20-07-2026 13:12,,04-08-2026 13:15,,17-08-2026 10:38,14-08-2026 10:37,,,7
2277434.0,17-07-2026 13:14,09-07-2026 13:06,,,25-07-2026 11:30,,18-08-2026 11:11,,25-08-2026 09:46,18-08-2026 11:43,,,6
2277435.0,17-07-2026 11:29,13-07-2026 13:44,,28-07-2026 11:08,28-07-2026 11:07,,04-08-2026 13:13,,18-08-2026 13:08,18-08-2026 11:25,,,7
2277436.0,17-07-2026 11:43,13-07-2026 13:46,,27-07-2026 14:02,20-07-2026 13:12,,04-08-2026 13:15,,17-08-2026 10:38,14-08-2026 10:37,,,7
2277437.0,15-07-2026 12:12,09-07-2026 13:06,,25-07-2026 12:11,25-07-2026 11:30,,18-08-2026 11:11,,25-08-2026 09:46,18-08-2026 11:43,,,7
2277438.0,15-07-2026 10:38,10-07-2026 13:42,,25-07-2026 12:21,20-07-2026 15:07,,18-08-2026 09:28,,25-08-2026 11:04,25-08-2026 11:03,,,7
2277439.0,15-07-2026 10:38,24-07-2026 10:30,,25-07-2026 12:21,20-07-2026 15:07,,18-08-2026 09:28,,,,,,5
2277440.0,17-07-2026 11:43,13-07-2026 13:46,,27-07-2026 14:02,20-07-2026 13:12,,04-08-2026 13:15,,17-08-2026 10:38,14-08-2026 10:37,,,7
2277442.0,15-07-2026 10:38,24-07-2026 10:30,,25-07-2026 12:21,20-07-2026 15:07,,18-08-2026 09:28,,25-08-2026 11:04,25-08-2026 11:03,,,7
2277445.0,15-07-2026 10:38,10-07-2026 13:42,,25-07-2026 12:21,20-07-2026 15:07,,18-08-2026 09:28,,25-08-2026 11:04,25-08-2026 11:03,,,7
2277446.0,31-07-2026 11:28,13-07-2026 13:46,,27-07-2026 14:02,20-07-2026 13:12,,04-08-2026 13:15,,25-08-2026 09:03,14-08-2026 10:37,,,7
2277447.0,15-07-2026 12:12,09-07-2026 13:06,,25-07-2026 12:11,20-07-2026 14:56,,18-08-2026 11:11,,25-08-2026 09:46,18-08-2026 11:43,,,7
2277448.0,17-07-2026 11:29,13-07-2026 13:44,,28-07-2026 11:08,28-07-2026 11:07,,04-08-2026 13:13,,18-08-2026 13:08,18-08-2026 11:25,,,7
2277449.0,15-07-2026 12:12,09-07-2026 13:06,,25-07-2026 12:11,25-07-2026 11:30,,18-08-2026 11:11,,25-08-2026 09:46,18-08-2026 11:43,,,7
2277450.0,17-07-2026 11:29,13-07-2026 13:44,,28-07-2026 11:08,28-07-2026 11:07,,04-08-2026 13:13,,18-08-2026 13:08,18-08-2026 11:25,,,7
2277451.0,17-07-2026 11:43,13-07-2026 13:46,,31-07-2026 11:29,20-07-2026 13:12,,04-08-2026 13:15,,17-08-2026 10:38,14-08-2026 10:37,,,7
2277452.0,17-07-2026 13:39,24-07-2026 10:30,,25-07-2026 12:21,25-07-2026 11:30,,18-08-2026 09:28,,25-08-2026 11:04,25-08-2026 11:03,,,7
2277453.0,17-07-2026 11:29,13-07-2026 13:44,,28-07-2026 11:08,28-07-2026 11:07,,04-08-2026 13:13,,18-08-2026 13:08,18-08-2026 11:25,,,7
2277522.0,15-07-2026 12:12,09-07-2026 13:06,,25-07-2026 12:11,25-07-2026 11:30,,18-08-2026 11:11,,,18-08-2026 11:43,,,6
2277523.0,17-07-2026 11:29,13-07-2026 13:44,,28-07-2026 11:08,28-07-2026 11:07,,04-08-2026 13:13,,18-08-2026 13:08,18-08-2026 11:25,,,7
2277524.0,17-07-2026 11:43,13-07-2026 13:46,,31-07-2026 11:29,20-07-2026 13:12,,04-08-2026 13:15,,17-08-2026 10:38,14-08-2026 10:37,,,7
2277528.0,15-07-2026 12:12,09-07-2026 13:06,,25-07-2026 12:11,20-07-2026 14:56,,18-08-2026 11:11,,25-08-2026 09:46,18-08-2026 11:43,,,7
2277529.0,17-07-2026 11:29,13-07-2026 13:44,,28-07-2026 11:08,28-07-2026 11:07,,04-08-2026 13:13,,18-08-2026 13:08,18-08-2026 11:25,,,7
2277530.0,31-07-2026 11:28,13-07-2026 13:46,,27-07-2026 14:02,31-07-2026 11:29,,04-08-2026 13:15,,17-08-2026 10:38,24-08-2026 10:31,,,7
2277532.0,15-07-2026 12:12,09-07-2026 13:06,,25-07-2026 12:11,20-07-2026 14:56,,18-08-2026 11:11,,25-08-2026 09:46,18-08-2026 11:43,,,7
2277533.0,15-07-2026 12:12,09-07-2026 13:06,,25-07-2026 12:11,20-07-2026 14:56,,18-08-2026 11:11,,25-08-2026 09:46,18-08-2026 11:43,,,7
2277534.0,17-07-2026 11:43,13-07-2026 13:46,,27-07-2026 14:02,20-07-2026 13:12,,04-08-2026 13:15,,31-08-2026 12:51,24-08-2026 10:31,,,7
2277536.0,15-07-2026 12:12,09-07-2026 13:06,,25-07-2026 12:11,20-07-2026 14:56,,18-08-2026 11:11,,25-08-2026 09:46,18-08-2026 11:43,,,7
2277537.0,17-07-2026 11:43,13-07-2026 13:46,,27-07-2026 14:02,20-07-2026 13:12,,04-08-2026 13:15,,17-08-2026 10:38,14-08-2026 10:37,,,7
2277540.0,17-07-2026 11:43,13-07-2026 13:46,,27-07-2026 14:02,20-07-2026 13:12,,04-08-2026 13:15,,17-08-2026 10:38,24-08-2026 10:31,,,7
2277542.0,17-07-2026 11:43,13-07-2026 13:46,,27-07-2026 14:02,20-07-2026 13:12,,04-08-2026 13:15,,17-08-2026 10:38,14-08-2026 10:37,,,7
2277543.0,15-07-2026 12:12,09-07-2026 13:06,,25-07-2026 12:11,20-07-2026 14:56,,18-08-2026 11:11,,,18-08-2026 11:43,,,6
2277545.0,15-07-2026 12:12,09-07-2026 13:06,,25-07-2026 12:11,20-07-2026 14:56,,18-08-2026 11:11,,25-08-2026 09:46,18-08-2026 11:43,,,7
2277546.0,17-07-2026 11:43,13-07-2026 13:46,,27-07-2026 14:02,20-07-2026 13:12,,04-08-2026 13:15,,17-08-2026 10:38,14-08-2026 10:37,,,7
2277547.0,17-07-2026 11:43,13-07-2026 13:46,,27-07-2026 14:02,20-07-2026 13:12,,04-08-2026 13:15,,17-08-2026 10:38,14-08-2026 10:37,,,7
2277548.0,15-07-2026 12:12,09-07-2026 13:06,,25-07-2026 12:11,20-07-2026 14:56,,18-08-2026 11:11,,25-08-2026 09:46,18-08-2026 11:43,,,7
2277550.0,15-07-2026 12:12,09-07-2026 13:06,,25-07-2026 12:11,20-07-2026 14:56,,18-08-2026 11:11,,25-08-2026 09:46,18-08-2026 11:43,,,7
2277552.0,15-07-2026 12:12,09-07-2026 13:06,,25-07-2026 12:11,20-07-2026 14:56,,18-08-2026 11:11,,25-08-2026 09:46,18-08-2026 11:43,,,7
2277553.0,17-07-2026 11:43,13-07-2026 13:46,,27-07-2026 14:02,20-07-2026 13:12,,04-08-2026 13:15,,17-08-2026 10:38,14-08-2026 10:37,,,7
2277554.0,15-07-2026 12:12,09-07-2026 13:06,,25-07-2026 12:11,20-07-2026 14:56,,18-08-2026 11:11,,25-08-2026 09:46,18-08-2026 11:43,,,7
2277555.0,15-07-2026 12:12,09-07-2026 13:06,,25-07-2026 12:11,20-07-2026 14:56,,18-08-2026 11:11,,25-08-2026 09:46,18-08-2026 11:43,,,7
2277556.0,15-07-2026 12:12,09-07-2026 13:06,,25-07-2026 12:11,25-07-2026 11:30,,18-08-2026 11:11,,25-08-2026 09:46,18-08-2026 11:43,,,7
2277557.0,24-07-2026 11:13,09-07-2026 13:06,,,25-07-2026 11:30,,18-08-2026 11:11,,,18-08-2026 11:43,,,5
2277558.0,17-07-2026 11:43,13-07-2026 13:46,,27-07-2026 14:02,31-07-2026 11:29,,04-08-2026 13:15,,17-08-2026 10:38,14-08-2026 10:37,,,7
2277559.0,15-07-2026 12:12,09-07-2026 13:06,,25-07-2026 12:11,20-07-2026 14:56,,18-08-2026 11:11,,25-08-2026 09:46,18-08-2026 11:43,,,7
2277560.0,17-07-2026 11:43,13-07-2026 13:46,,27-07-2026 14:02,31-07-2026 11:29,,04-08-2026 13:15,,17-08-2026 10:38,14-08-2026 10:37,,,7
2277561.0,15-07-2026 12:12,09-07-2026 13:06,,25-07-2026 12:11,20-07-2026 14:56,,18-08-2026 11:11,,25-08-2026 09:46,18-08-2026 11:43,,,7
2277563.0,17-07-2026 11:43,13-07-2026 13:46,,31-07-2026 11:29,20-07-2026 13:12,,04-08-2026 13:15,,31-08-2026 12:51,14-08-2026 10:37,,,7
2277564.0,15-07-2026 12:12,09-07-2026 13:06,,25-07-2026 12:11,25-07-2026 11:30,,,,,,,,4
2277566.0,17-07-2026 11:43,13-07-2026 13:46,,27-07-2026 14:02,20-07-2026 13:12,,04-08-2026 13:15,,17-08-2026 10:38,14-08-2026 10:37,,,7
2277570.0,15-07-2026 12:12,24-07-2026 11:09,,25-07-2026 12:11,20-07-2026 14:56,,18-08-2026 11:11,,,18-08-2026 11:43,,,6
2277572.0,15-07-2026 12:12,24-07-2026 11:09,,25-07-2026 12:11,25-07-2026 11:30,,18-08-2026 11:11,,25-08-2026 09:46,18-08-2026 11:43,,,7
2277574.0,15-07-2026 12:12,09-07-2026 13:06,,25-07-2026 12:11,20-07-2026 14:56,,18-08-2026 11:11,,25-08-2026 09:46,18-08-2026 11:43,,,7
2277576.0,17-07-2026 13:14,09-07-2026 13:06,,25-07-2026 12:11,25-07-2026 11:30,,18-08-2026 11:11,,25-08-2026 09:46,18-08-2026 11:43,,,7
2277578.0,15-07-2026 12:12,09-07-2026 13:06,,25-07-2026 12:11,25-07-2026 11:30,,18-08-2026 11:11,,25-08-2026 09:46,18-08-2026 11:43,,,7
2277580.0,24-07-2026 11:13,17-07-2026 12:47,,25-07-2026 12:11,20-07-2026 14:56,,18-08-2026 11:11,,,18-08-2026 11:43,,,6
2277583.0,17-07-2026 13:14,09-07-2026 13:06,,25-07-2026 12:11,20-07-2026 14:56,,18-08-2026 11:11,,25-08-2026 09:46,18-08-2026 11:43,,,7
2277679.0,15-07-2026 12:12,09-07-2026 13:06,,25-07-2026 12:11,20-07-2026 14:56,,18-08-2026 11:11,,25-08-2026 09:46,18-08-2026 11:43,,,7
2277680.0,24-07-2026 11:13,24-07-2026 11:09,,25-07-2026 12:11,25-07-2026 11:30,,18-08-2026 11:11,,25-08-2026 09:46,18-08-2026 11:43,,,7
2277683.0,15-07-2026 12:12,09-07-2026 13:06,,25-07-2026 12:11,25-07-2026 11:30,,18-08-2026 11:11,,25-08-2026 09:46,18-08-2026 11:43,,,7
2277691.0,15-07-2026 12:12,09-07-2026 13:06,,25-07-2026 12:11,25-07-2026 11:30,,,,,,,,4
2277692.0,24-07-2026 11:13,09-07-2026 13:06,,25-07-2026 12:11,20-07-2026 14:56,,18-08-2026 11:11,,,18-08-2026 11:43,,,6
2277695.0,24-07-2026 11:17,17-07-2026 12:54,,25-07-2026 12:14,20-07-2026 15:01,,18-08-2026 11:13,,25-08-2026 09:48,18-08-2026 11:42,,,7
2277711.0,15-07-2026 12:35,09-07-2026 13:34,,25-07-2026 12:14,20-07-2026 15:01,,18-08-2026 11:13,,25-08-2026 09:48,18-08-2026 11:42,,,7
2277713.0,15-07-2026 12:35,09-07-2026 13:34,,25-07-2026 12:14,20-07-2026 15:01,,18-08-2026 11:13,,,18-08-2026 11:42,,,6
2277715.0,17-07-2026 13:19,09-07-2026 13:34,,25-07-2026 12:14,25-07-2026 11:30,,18-08-2026 11:13,,25-08-2026 09:48,18-08-2026 11:42,,,7
2277716.0,15-07-2026 12:35,09-07-2026 13:34,,25-07-2026 12:14,20-07-2026 15:01,,18-08-2026 11:13,,25-08-2026 09:48,18-08-2026 11:42,,,7
2277717.0,15-07-2026 12:35,09-07-2026 13:34,,25-07-2026 12:14,25-07-2026 11:30,,18-08-2026 11:13,,25-08-2026 09:48,18-08-2026 11:42,,,7
2277718.0,24-07-2026 11:17,09-07-2026 13:34,,25-07-2026 12:14,25-07-2026 11:30,,18-08-2026 11:13,,25-08-2026 09:48,18-08-2026 11:42,,,7
2277719.0,15-07-2026 12:35,09-07-2026 13:34,,25-07-2026 12:14,20-07-2026 15:01,,18-08-2026 11:13,,25-08-2026 09:48,18-08-2026 11:42,,,7
2277720.0,15-07-2026 12:35,09-07-2026 13:34,,25-07-2026 12:14,20-07-2026 15:01,,18-08-2026 11:13,,25-08-2026 09:48,18-08-2026 11:42,,,7
2277727.0,15-07-2026 12:35,09-07-2026 13:34,,25-07-2026 12:14,20-07-2026 15:01,,18-08-2026 11:13,,25-08-2026 09:48,18-08-2026 11:42,,,7
2277742.0,24-07-2026 11:17,24-07-2026 11:14,,25-07-2026 12:14,25-07-2026 11:30,,18-08-2026 11:13,,,18-08-2026 11:42,,,6
2277748.0,24-07-2026 11:17,24-07-2026 11:14,,25-07-2026 12:14,25-07-2026 11:30,,18-08-2026 11:13,,25-08-2026 09:48,18-08-2026 11:42,,,7
2277751.0,24-07-2026 11:17,24-07-2026 11:14,,25-07-2026 12:14,20-07-2026 15:01,,18-08-2026 11:13,,25-08-2026 09:48,18-08-2026 11:42,,,7
2277753.0,24-07-2026 11:17,24-07-2026 11:14,,25-07-2026 12:14,25-07-2026 11:30,,18-08-2026 11:13,,25-08-2026 09:48,18-08-2026 11:42,,,7
2277763.0,15-07-2026 12:35,24-07-2026 11:14,,25-07-2026 12:14,25-07-2026 11:30,,18-08-2026 11:13,,,18-08-2026 11:42,,,6
2277793.0,15-07-2026 12:35,09-07-2026 13:34,,25-07-2026 12:14,20-07-2026 15:01,,18-08-2026 11:13,,25-08-2026 09:48,18-08-2026 11:42,,,7
2277795.0,15-07-2026 12:35,09-07-2026 13:34,,25-07-2026 12:14,20-07-2026 15:01,,18-08-2026 11:13,,25-08-2026 09:48,18-08-2026 11:42,,,7
2277796.0,15-07-2026 12:35,24-07-2026 11:14,,25-07-2026 12:14,25-07-2026 11:30,,18-08-2026 11:13,,25-08-2026 09:48,18-08-2026 11:42,,,7
2277797.0,15-07-2026 12:35,09-07-2026 13:34,,25-07-2026 12:14,20-07-2026 15:01,,18-08-2026 11:13,,25-08-2026 09:48,18-08-2026 11:42,,,7
2277798.0,15-07-2026 12:35,09-07-2026 13:34,,25-07-2026 12:14,20-07-2026 15:01,,18-08-2026 11:13,,25-08-2026 09:48,18-08-2026 11:42,,,7
2277799.0,15-07-2026 12:35,09-07-2026 13:34,,,20-07-2026 15:01,,18-08-2026 11:13,,25-08-2026 09:48,18-08-2026 11:42,,,6
2277801.0,24-07-2026 11:17,24-07-2026 11:14,,25-07-2026 12:14,20-07-2026 15:01,,,,25-08-2026 09:48,18-08-2026 11:42,,,6
2277802.0,15-07-2026 12:35,09-07-2026 13:34,,,20-07-2026 15:01,,18-08-2026 11:13,,25-08-2026 09:48,18-08-2026 11:42,,,6
2277804.0,24-07-2026 11:17,17-07-2026 12:54,,25-07-2026 12:14,20-07-2026 15:01,,18-08-2026 11:13,,,18-08-2026 11:42,,,6
2277806.0,15-07-2026 12:35,09-07-2026 13:34,,25-07-2026 12:14,20-07-2026 15:01,,18-08-2026 11:13,,,18-08-2026 11:42,,,6
2277807.0,15-07-2026 12:35,09-07-2026 13:34,,25-07-2026 12:14,20-07-2026 15:01,,18-08-2026 11:13,,25-08-2026 09:48,18-08-2026 11:42,,,7
2277809.0,17-07-2026 13:19,09-07-2026 13:34,,25-07-2026 12:14,20-07-2026 15:01,,18-08-2026 11:13,,25-08-2026 09:48,18-08-2026 11:42,,,7
2277810.0,15-07-2026 12:35,09-07-2026 13:34,,25-07-2026 12:14,20-07-2026 15:01,,,,25-08-2026 09:48,25-08-2026 09:39,,,6
2277811.0,24-07-2026 11:17,24-07-2026 11:14,,25-07-2026 12:14,25-07-2026 11:30,,18-08-2026 11:13,,,18-08-2026 11:42,,,6
2277816.0,24-07-2026 11:17,24-07-2026 11:14,,25-07-2026 12:14,20-07-2026 15:01,,18-08-2026 11:13,,25-08-2026 09:48,18-08-2026 11:42,,,7
2277817.0,15-07-2026 12:35,09-07-2026 13:34,,25-07-2026 12:14,20-07-2026 15:01,,18-08-2026 11:13,,25-08-2026 09:48,18-08-2026 11:42,,,7
2277818.0,15-07-2026 12:35,09-07-2026 13:34,,25-07-2026 12:14,20-07-2026 15:01,,18-08-2026 11:13,,25-08-2026 09:48,18-08-2026 11:42,,,7
2277820.0,15-07-2026 12:35,09-07-2026 13:34,,25-07-2026 12:14,20-07-2026 15:01,,18-08-2026 11:13,,,18-08-2026 11:42,,,6
2277821.0,15-07-2026 12:35,09-07-2026 13:34,,25-07-2026 12:14,20-07-2026 15:01,,18-08-2026 11:13,,25-08-2026 09:48,18-08-2026 11:42,,,7
2277823.0,24-07-2026 11:17,24-07-2026 11:14,,25-07-2026 12:14,20-07-2026 15:01,,18-08-2026 11:13,,,18-08-2026 11:42,,,6
2277825.0,15-07-2026 12:35,09-07-2026 13:34,,25-07-2026 12:14,20-07-2026 15:01,,18-08-2026 11:13,,25-08-2026 09:48,18-08-2026 11:42,,,7
2277831.0,17-07-2026 11:29,13-07-2026 13:44,,28-07-2026 11:08,28-07-2026 11:07,,04-08-2026 13:13,,18-08-2026 13:08,18-08-2026 11:25,,,7
2277833.0,17-07-2026 11:29,13-07-2026 13:44,,28-07-2026 11:08,28-07-2026 11:07,,04-08-2026 13:13,,18-08-2026 13:08,18-08-2026 11:25,,,7
2277835.0,17-07-2026 11:29,13-07-2026 13:44,,28-07-2026 11:08,28-07-2026 11:07,,04-08-2026 13:13,,31-08-2026 12:57,18-08-2026 11:25,,,7
2277839.0,17-07-2026 11:29,13-07-2026 13:44,,28-07-2026 11:08,28-07-2026 11:07,,04-08-2026 13:13,,18-08-2026 13:08,18-08-2026 11:25,,,7
2277842.0,17-07-2026 11:29,13-07-2026 13:44,,28-07-2026 11:08,28-07-2026 11:07,,04-08-2026 13:13,,18-08-2026 13:08,18-08-2026 11:25,,,7
2277843.0,17-07-2026 11:29,13-07-2026 13:44,,28-07-2026 11:08,28-07-2026 11:07,,04-08-2026 13:13,,18-08-2026 13:08,18-08-2026 11:25,,,7
2277844.0,17-07-2026 11:29,13-07-2026 13:44,,28-07-2026 11:08,28-07-2026 11:07,,04-08-2026 13:13,,18-08-2026 13:08,18-08-2026 11:25,,,7
2277845.0,17-07-2026 11:29,13-07-2026 13:44,,28-07-2026 11:08,28-07-2026 11:07,,04-08-2026 13:13,,18-08-2026 13:08,18-08-2026 11:25,,,7
2277939.0,17-07-2026 11:41,17-07-2026 11:41,,27-07-2026 14:04,20-07-2026 13:10,,04-08-2026 13:14,,17-08-2026 10:52,14-08-2026 10:40,,,7
2277940.0,17-07-2026 11:41,17-07-2026 11:41,,27-07-2026 14:04,31-07-2026 11:27,,04-08-2026 13:14,,17-08-2026 10:52,14-08-2026 10:40,,,7
2277941.0,17-07-2026 11:41,17-07-2026 11:41,,27-07-2026 14:04,20-07-2026 13:10,,04-08-2026 13:14,,25-08-2026 08:45,14-08-2026 10:40,,,7
2277959.0,17-07-2026 11:41,17-07-2026 11:41,,27-07-2026 14:04,20-07-2026 13:10,,04-08-2026 13:14,,17-08-2026 10:52,14-08-2026 10:40,,,7
2277960.0,17-07-2026 11:41,17-07-2026 11:41,,27-07-2026 14:04,31-07-2026 11:27,,04-08-2026 13:14,,17-08-2026 10:52,14-08-2026 10:40,,,7
2277961.0,17-07-2026 11:41,17-07-2026 11:41,,27-07-2026 14:04,20-07-2026 13:10,,04-08-2026 13:14,,17-08-2026 10:52,14-08-2026 10:40,,,7
2277962.0,17-07-2026 11:41,17-07-2026 11:41,,27-07-2026 14:04,20-07-2026 13:10,,04-08-2026 13:14,,17-08-2026 10:52,14-08-2026 10:40,,,7
2277964.0,17-07-2026 11:41,17-07-2026 11:41,,27-07-2026 14:04,20-07-2026 13:10,,04-08-2026 13:14,,25-08-2026 08:45,14-08-2026 10:40,,,7
2277965.0,17-07-2026 11:41,17-07-2026 11:41,,27-07-2026 14:04,20-07-2026 13:10,,04-08-2026 13:14,,17-08-2026 10:52,14-08-2026 10:40,,,7
2278000.0,17-07-2026 11:41,17-07-2026 11:41,,27-07-2026 14:04,20-07-2026 13:10,,04-08-2026 13:14,,17-08-2026 10:52,14-08-2026 10:40,,,7
2278005.0,17-07-2026 11:41,31-07-2026 11:26,,27-07-2026 14:04,20-07-2026 13:10,,04-08-2026 13:14,,17-08-2026 10:52,14-08-2026 10:40,,,7
2278010.0,17-07-2026 11:41,17-07-2026 11:41,,27-07-2026 14:04,20-07-2026 13:10,,04-08-2026 13:14,,17-08-2026 10:52,14-08-2026 10:40,,,7
2278014.0,31-07-2026 11:26,17-07-2026 11:41,,27-07-2026 14:04,20-07-2026 13:10,,04-08-2026 13:14,,17-08-2026 10:52,14-08-2026 10:40,,,7
2278017.0,17-07-2026 11:41,17-07-2026 11:41,,27-07-2026 14:04,20-07-2026 13:10,,04-08-2026 13:14,,17-08-2026 10:52,24-08-2026 10:30,,,7
2278021.0,17-07-2026 11:41,17-07-2026 11:41,,27-07-2026 14:04,20-07-2026 13:10,,04-08-2026 13:14,,17-08-2026 10:52,24-08-2026 10:30,,,7
2278047.0,17-07-2026 11:41,17-07-2026 11:41,,27-07-2026 14:04,20-07-2026 13:10,,04-08-2026 13:14,,17-08-2026 10:52,14-08-2026 10:40,,,7
2278050.0,23-07-2026 14:57,22-07-2026 17:08,,30-07-2026 14:31,24-07-2026 17:22,,17-08-2026 13:50,,21-08-2026 14:55,17-08-2026 15:46,,,7
2278054.0,17-07-2026 11:41,17-07-2026 11:41,,27-07-2026 14:04,20-07-2026 13:10,,04-08-2026 13:14,,17-08-2026 10:52,14-08-2026 10:40,,,7
2278055.0,23-07-2026 14:57,22-07-2026 17:08,,30-07-2026 14:31,24-07-2026 17:22,,17-08-2026 13:50,,21-08-2026 14:55,17-08-2026 15:46,,,7
2278058.0,17-07-2026 11:41,17-07-2026 11:41,,27-07-2026 14:04,20-07-2026 13:10,,04-08-2026 13:14,,25-08-2026 08:45,14-08-2026 10:40,,,7
2278059.0,23-07-2026 14:57,22-07-2026 17:08,,30-07-2026 14:31,24-07-2026 17:22,,17-08-2026 13:50,,21-08-2026 14:55,17-08-2026 15:46,,,7
2278061.0,23-07-2026 14:57,22-07-2026 17:08,,30-07-2026 14:31,24-07-2026 17:22,,17-08-2026 13:50,,21-08-2026 14:55,17-08-2026 15:46,,,7
2278063.0,17-07-2026 11:41,17-07-2026 11:41,,27-07-2026 14:04,31-07-2026 11:27,,04-08-2026 13:14,,17-08-2026 10:52,14-08-2026 10:40,,,7
2278064.0,23-07-2026 14:57,22-07-2026 17:08,,30-07-2026 14:31,24-07-2026 17:22,,,,21-08-2026 14:55,,,,5
2278065.0,17-07-2026 11:41,17-07-2026 11:41,,27-07-2026 14:04,20-07-2026 13:10,,04-08-2026 13:14,,17-08-2026 10:52,14-08-2026 10:40,,,7
2278066.0,23-07-2026 14:57,22-07-2026 17:08,,30-07-2026 14:31,24-07-2026 17:22,,17-08-2026 13:50,,21-08-2026 14:55,17-08-2026 15:46,,,7
2278067.0,27-07-2026 17:17,22-07-2026 17:08,,30-07-2026 14:31,24-07-2026 17:22,,17-08-2026 13:50,,,17-08-2026 15:46,,,6
2278068.0,17-07-2026 11:41,31-07-2026 11:26,,27-07-2026 14:04,20-07-2026 13:10,,04-08-2026 13:14,,17-08-2026 10:52,14-08-2026 10:40,,,7
2278069.0,23-07-2026 14:57,22-07-2026 17:08,,,24-07-2026 17:22,,17-08-2026 13:50,,21-08-2026 14:55,17-08-2026 15:46,,,6
2278070.0,23-07-2026 14:57,22-07-2026 17:08,,,24-07-2026 17:22,,17-08-2026 13:50,,21-08-2026 14:55,17-08-2026 15:46,,,6
2278072.0,23-07-2026 14:57,22-07-2026 17:08,,30-07-2026 14:31,24-07-2026 17:22,,17-08-2026 13:50,,21-08-2026 14:55,17-08-2026 15:46,,,7
2278074.0,17-07-2026 11:41,17-07-2026 11:41,,27-07-2026 14:04,31-07-2026 11:27,,04-08-2026 13:14,,25-08-2026 08:45,24-08-2026 10:30,,,7
2278075.0,23-07-2026 14:57,22-07-2026 17:08,,30-07-2026 14:31,24-07-2026 17:22,,17-08-2026 13:50,,21-08-2026 14:55,17-08-2026 15:46,,,7
2278076.0,17-07-2026 11:41,17-07-2026 11:41,,27-07-2026 14:04,20-07-2026 13:10,,04-08-2026 13:14,,17-08-2026 10:52,14-08-2026 10:40,,,7
2278077.0,23-07-2026 14:57,22-07-2026 17:08,,30-07-2026 14:31,24-07-2026 17:22,,17-08-2026 13:50,,21-08-2026 14:55,17-08-2026 15:46,,,7
2278080.0,23-07-2026 14:57,22-07-2026 17:08,,30-07-2026 14:31,24-07-2026 17:22,,17-08-2026 13:50,,21-08-2026 14:55,17-08-2026 15:46,,,7
2278081.0,17-07-2026 11:41,17-07-2026 11:41,,27-07-2026 14:04,20-07-2026 13:10,,04-08-2026 13:14,,17-08-2026 10:52,14-08-2026 10:40,,,7
2278082.0,23-07-2026 14:57,22-07-2026 17:08,,,24-07-2026 17:22,,17-08-2026 13:50,,21-08-2026 14:55,17-08-2026 15:46,,,6
2278084.0,17-07-2026 11:41,31-07-2026 11:26,,27-07-2026 14:04,20-07-2026 13:10,,04-08-2026 13:14,,17-08-2026 10:52,14-08-2026 10:40,,,7
2278085.0,23-07-2026 14:57,27-07-2026 17:14,,30-07-2026 14:31,24-07-2026 17:22,,,,21-08-2026 14:55,,,,5
2278087.0,17-07-2026 11:41,17-07-2026 11:41,,27-07-2026 14:04,20-07-2026 13:10,,04-08-2026 13:14,,17-08-2026 10:52,14-08-2026 10:40,,,7
2278089.0,27-07-2026 17:17,,,30-07-2026 14:31,24-07-2026 17:22,,17-08-2026 13:50,,21-08-2026 14:55,17-08-2026 15:46,,,6
2278090.0,17-07-2026 11:41,17-07-2026 11:41,,27-07-2026 14:04,31-07-2026 11:27,,04-08-2026 13:14,,17-08-2026 10:52,14-08-2026 10:40,,,7
2278091.0,23-07-2026 14:57,22-07-2026 17:08,,30-07-2026 14:31,24-07-2026 17:22,,17-08-2026 13:50,,21-08-2026 14:55,17-08-2026 15:46,,,7
2278092.0,17-07-2026 11:41,17-07-2026 11:41,,27-07-2026 14:04,20-07-2026 13:10,,04-08-2026 13:14,,17-08-2026 10:52,14-08-2026 10:40,,,7
2278094.0,23-07-2026 14:57,22-07-2026 17:08,,30-07-2026 14:31,24-07-2026 17:22,,17-08-2026 13:50,,21-08-2026 14:55,17-08-2026 15:46,,,7
2278096.0,23-07-2026 14:57,22-07-2026 17:08,,30-07-2026 14:31,24-07-2026 17:22,,17-08-2026 13:50,,,17-08-2026 15:46,,,6
2278097.0,17-07-2026 11:41,17-07-2026 11:41,,31-07-2026 11:27,20-07-2026 13:10,,04-08-2026 13:14,,17-08-2026 10:52,14-08-2026 10:40,,,7
2278098.0,23-07-2026 14:57,22-07-2026 17:08,,30-07-2026 14:31,24-07-2026 17:22,,17-08-2026 13:50,,21-08-2026 14:55,17-08-2026 15:46,,,7
2278100.0,23-07-2026 14:57,22-07-2026 17:08,,30-07-2026 14:31,24-07-2026 17:22,,17-08-2026 13:50,,21-08-2026 14:55,17-08-2026 15:46,,,7
2278199.0,25-08-2026 12:11,25-08-2026 12:10,,28-07-2026 11:23,25-08-2026 12:12,,25-08-2026 12:15,,25-08-2026 12:19,25-08-2026 12:17,,,7
2278201.0,20-07-2026 13:28,10-07-2026 13:16,,28-07-2026 11:23,24-07-2026 12:07,,17-08-2026 09:09,,21-08-2026 11:45,21-08-2026 11:10,,,7
2278203.0,20-07-2026 13:28,10-07-2026 13:16,,28-07-2026 11:23,24-07-2026 12:07,,,,21-08-2026 11:45,21-08-2026 11:10,,,6
2278210.0,20-07-2026 13:28,10-07-2026 13:16,,28-07-2026 11:23,24-07-2026 12:07,,17-08-2026 09:09,,21-08-2026 11:45,21-08-2026 11:10,,,7
2278216.0,20-07-2026 13:28,10-07-2026 13:16,,28-07-2026 11:23,24-07-2026 12:07,,17-08-2026 09:09,,21-08-2026 11:45,21-08-2026 11:10,,,7
2278253.0,20-07-2026 13:28,10-07-2026 13:16,,28-07-2026 11:23,24-07-2026 12:07,,25-08-2026 12:15,,21-08-2026 11:45,21-08-2026 11:10,,,7
2278267.0,20-07-2026 13:28,10-07-2026 13:16,,28-07-2026 11:23,24-07-2026 12:07,,17-08-2026 09:09,,21-08-2026 11:45,21-08-2026 11:10,,,7
2278285.0,,,,28-07-2026 11:23,24-07-2026 12:07,,17-08-2026 09:09,,21-08-2026 11:45,21-08-2026 11:10,,,5
2278289.0,20-07-2026 13:28,10-07-2026 13:16,,28-07-2026 11:23,25-08-2026 12:12,,17-08-2026 09:09,,21-08-2026 11:45,21-08-2026 11:10,,,7
2278296.0,20-07-2026 13:28,10-07-2026 13:16,,28-07-2026 11:23,25-08-2026 12:12,,17-08-2026 09:09,,21-08-2026 11:45,21-08-2026 11:10,,,7
2278324.0,20-07-2026 13:28,10-07-2026 13:16,,28-07-2026 11:23,24-07-2026 12:07,,17-08-2026 09:09,,21-08-2026 11:45,21-08-2026 11:10,,,7
2278330.0,20-07-2026 13:28,10-07-2026 13:16,,28-07-2026 11:23,,,17-08-2026 09:09,,21-08-2026 11:45,21-08-2026 11:10,,,6
2278335.0,20-07-2026 13:28,10-07-2026 13:16,,28-07-2026 11:23,24-07-2026 12:07,,17-08-2026 09:09,,21-08-2026 11:45,21-08-2026 11:10,,,7
2278341.0,20-07-2026 13:28,10-07-2026 13:16,,28-07-2026 11:23,24-07-2026 12:07,,17-08-2026 09:09,,21-08-2026 11:45,21-08-2026 11:10,,,7
2278346.0,25-08-2026 12:11,10-07-2026 13:16,,25-08-2026 12:16,24-07-2026 12:07,,17-08-2026 09:09,,21-08-2026 11:45,21-08-2026 11:10,,,7
2278349.0,25-08-2026 12:11,10-07-2026 13:16,,28-07-2026 11:23,25-08-2026 12:12,,17-08-2026 09:09,,21-08-2026 11:45,21-08-2026 11:10,,,7
2278354.0,20-07-2026 13:28,10-07-2026 13:16,,28-07-2026 11:23,24-07-2026 12:07,,17-08-2026 09:09,,21-08-2026 11:45,21-08-2026 11:10,,,7
2278366.0,15-07-2026 10:38,10-07-2026 13:42,,25-07-2026 12:21,25-07-2026 11:30,,18-08-2026 09:28,,25-08-2026 11:04,25-08-2026 11:03,,,7
2278373.0,17-07-2026 13:39,10-07-2026 13:42,,25-07-2026 12:21,20-07-2026 15:07,,18-08-2026 09:28,,25-08-2026 11:04,25-08-2026 11:03,,,7
2278431.0,20-07-2026 13:44,10-07-2026 13:25,,25-08-2026 10:42,24-07-2026 12:17,,17-08-2026 09:47,,21-08-2026 12:52,21-08-2026 09:38,,,7
2278436.0,20-07-2026 13:44,10-07-2026 13:25,,08-08-2026 12:08,08-08-2026 12:08,,25-08-2026 10:51,,21-08-2026 12:52,21-08-2026 09:38,,,7
2278440.0,20-07-2026 13:44,25-08-2026 10:26,,28-07-2026 09:51,24-07-2026 12:17,,17-08-2026 09:47,,21-08-2026 12:52,21-08-2026 09:38,,,7
2278443.0,20-07-2026 13:44,10-07-2026 13:25,,28-07-2026 09:51,24-07-2026 12:17,,17-08-2026 09:47,,21-08-2026 12:52,21-08-2026 09:38,,,7
2278449.0,20-07-2026 13:44,10-07-2026 13:25,,28-07-2026 09:51,,,17-08-2026 09:47,,21-08-2026 12:52,21-08-2026 09:38,,,6
2278450.0,25-08-2026 10:40,10-07-2026 13:25,,28-07-2026 09:51,24-07-2026 12:17,,17-08-2026 09:47,,21-08-2026 12:52,21-08-2026 09:38,,,7
2278454.0,,10-07-2026 13:25,,28-07-2026 09:51,,,,,,,,,2
2278457.0,25-08-2026 10:40,10-07-2026 13:25,,25-08-2026 10:42,24-07-2026 12:17,,17-08-2026 09:47,,21-08-2026 12:52,21-08-2026 09:38,,,7
2278459.0,20-07-2026 13:44,10-07-2026 13:25,,28-07-2026 09:51,25-08-2026 10:41,,17-08-2026 09:47,,21-08-2026 12:52,21-08-2026 09:38,,,7
2278461.0,20-07-2026 13:44,10-07-2026 13:25,,28-07-2026 09:51,24-07-2026 12:17,,17-08-2026 09:47,,21-08-2026 12:52,21-08-2026 09:38,,,7
2278463.0,20-07-2026 13:44,10-07-2026 13:25,,28-07-2026 09:51,24-07-2026 12:17,,25-08-2026 10:51,,21-08-2026 12:52,21-08-2026 09:38,,,7
2278468.0,20-07-2026 13:44,10-07-2026 13:25,,28-07-2026 09:51,24-07-2026 12:17,,17-08-2026 09:47,,21-08-2026 12:52,21-08-2026 09:38,,,7
2278474.0,20-07-2026 13:44,10-07-2026 13:25,,28-07-2026 09:51,24-07-2026 12:17,,17-08-2026 09:47,,25-08-2026 10:52,25-08-2026 10:52,,,7
2278476.0,20-07-2026 13:44,10-07-2026 13:25,,28-07-2026 09:51,24-07-2026 12:17,,17-08-2026 09:47,,21-08-2026 12:52,21-08-2026 09:38,,,7
2278610.0,20-07-2026 13:49,20-07-2026 14:00,,31-07-2026 09:59,24-07-2026 12:33,,20-07-2026 10:28,,25-08-2026 09:38,21-08-2026 10:35,,,7
2278614.0,,20-07-2026 14:00,,31-07-2026 09:59,,,20-07-2026 10:28,,25-08-2026 09:38,21-08-2026 10:35,,,5
2278615.0,20-07-2026 13:49,20-07-2026 14:00,,,,,20-07-2026 10:28,,,,,,3
2278616.0,20-07-2026 13:49,20-07-2026 14:00,,31-07-2026 09:59,24-07-2026 12:33,,20-07-2026 10:28,,25-08-2026 09:38,21-08-2026 10:35,,,7
2278617.0,20-07-2026 13:49,20-07-2026 14:00,,31-07-2026 09:59,24-07-2026 12:33,,20-07-2026 10:28,,25-08-2026 09:38,21-08-2026 10:35,,,7
2278618.0,20-07-2026 13:49,20-07-2026 14:00,,31-07-2026 09:59,24-07-2026 12:33,,20-07-2026 10:28,,25-08-2026 09:38,21-08-2026 10:35,,,7
2278619.0,,20-07-2026 14:00,,,,,20-07-2026 10:28,,,21-08-2026 10:35,,,3
2278620.0,08-08-2026 12:11,20-07-2026 14:00,,31-07-2026 09:59,24-07-2026 12:33,,20-07-2026 10:28,,25-08-2026 09:38,21-08-2026 10:35,,,7
2278622.0,20-07-2026 13:49,20-07-2026 14:00,,31-07-2026 09:59,,,20-07-2026 10:28,,25-08-2026 09:38,21-08-2026 10:35,,,6
2278623.0,,20-07-2026 14:00,,31-07-2026 09:59,24-07-2026 12:33,,20-07-2026 10:28,,25-08-2026 09:38,21-08-2026 10:35,,,6
2278624.0,,20-07-2026 14:00,,31-07-2026 09:59,,,20-07-2026 10:28,,,21-08-2026 10:35,,,4
2278625.0,20-07-2026 13:49,20-07-2026 14:00,,31-07-2026 09:59,24-07-2026 12:33,,20-07-2026 10:28,,25-08-2026 09:38,21-08-2026 10:35,,,7
2278626.0,,,,31-07-2026 09:59,24-07-2026 12:33,,17-08-2026 13:06,,25-08-2026 09:38,21-08-2026 10:35,,,5
2278627.0,20-07-2026 13:49,20-07-2026 14:00,,31-07-2026 09:59,24-07-2026 12:33,,20-07-2026 10:28,,25-08-2026 09:38,,,,6
2278628.0,20-07-2026 13:49,20-07-2026 14:00,,31-07-2026 09:59,24-07-2026 12:33,,20-07-2026 10:28,,25-08-2026 09:38,21-08-2026 10:35,,,7
2278629.0,20-07-2026 13:49,20-07-2026 14:00,,31-07-2026 09:59,24-07-2026 12:33,,20-07-2026 10:28,,25-08-2026 09:38,21-08-2026 10:35,,,7
2278630.0,20-07-2026 13:49,20-07-2026 14:00,,31-07-2026 09:59,24-07-2026 12:33,,20-07-2026 10:28,,25-08-2026 09:38,21-08-2026 10:35,,,7
2278631.0,20-07-2026 13:49,20-07-2026 14:00,,31-07-2026 09:59,24-07-2026 12:33,,20-07-2026 10:28,,25-08-2026 09:38,21-08-2026 10:35,,,7
2278632.0,20-07-2026 13:49,20-07-2026 14:00,,31-07-2026 09:59,24-07-2026 12:33,,20-07-2026 10:28,,25-08-2026 09:38,21-08-2026 10:35,,,7
2278646.0,20-07-2026 13:49,20-07-2026 14:00,,31-07-2026 09:59,24-07-2026 12:33,,20-07-2026 10:28,,25-08-2026 09:38,21-08-2026 10:35,,,7
2278647.0,20-07-2026 13:49,20-07-2026 14:00,,31-07-2026 09:59,24-07-2026 12:33,,20-07-2026 10:28,,25-08-2026 09:38,21-08-2026 10:35,,,7
2278648.0,20-07-2026 13:49,20-07-2026 14:00,,31-07-2026 09:59,24-07-2026 12:33,,20-07-2026 10:28,,25-08-2026 09:38,,,,6
2278649.0,20-07-2026 13:49,20-07-2026 14:00,,31-07-2026 09:59,24-07-2026 12:33,,20-07-2026 10:28,,25-08-2026 09:38,21-08-2026 10:35,,,7
2278650.0,20-07-2026 13:49,20-07-2026 14:00,,31-07-2026 09:59,24-07-2026 12:33,,20-07-2026 10:28,,25-08-2026 09:38,,,,6
2278677.0,20-07-2026 13:44,,,,,,17-08-2026 09:47,,,,,,2
2278681.0,20-07-2026 13:44,10-07-2026 13:25,,25-08-2026 10:42,24-07-2026 12:17,,17-08-2026 09:47,,21-08-2026 12:52,21-08-2026 09:38,,,7
2278684.0,20-07-2026 13:44,10-07-2026 13:25,,28-07-2026 09:51,24-07-2026 12:17,,17-08-2026 09:47,,21-08-2026 12:52,21-08-2026 09:38,,,7
2278687.0,20-07-2026 13:44,10-07-2026 13:25,,28-07-2026 09:51,24-07-2026 12:17,,17-08-2026 09:47,,21-08-2026 12:52,21-08-2026 09:38,,,7
2278767.0,23-07-2026 14:57,22-07-2026 17:08,,,24-07-2026 17:22,,17-08-2026 13:50,,,17-08-2026 15:46,,,5
2278768.0,23-07-2026 14:57,22-07-2026 17:08,,30-07-2026 14:31,24-07-2026 17:22,,17-08-2026 13:50,,21-08-2026 14:55,17-08-2026 15:46,,,7
2278769.0,23-07-2026 14:57,22-07-2026 17:08,,,24-07-2026 17:22,,17-08-2026 13:50,,21-08-2026 14:55,17-08-2026 15:46,,,6
2278771.0,23-07-2026 14:57,22-07-2026 17:08,,30-07-2026 14:31,24-07-2026 17:22,,17-08-2026 13:50,,21-08-2026 14:55,17-08-2026 15:46,,,7
2278772.0,23-07-2026 14:57,22-07-2026 17:08,,30-07-2026 14:31,24-07-2026 17:22,,17-08-2026 13:50,,21-08-2026 14:55,17-08-2026 15:46,,,7
2278774.0,23-07-2026 14:57,22-07-2026 17:08,,30-07-2026 14:31,24-07-2026 17:22,,17-08-2026 13:50,,21-08-2026 14:55,17-08-2026 15:46,,,7
2278775.0,23-07-2026 14:57,22-07-2026 17:08,,30-07-2026 14:31,24-07-2026 17:22,,17-08-2026 13:50,,21-08-2026 14:55,17-08-2026 15:46,,,7
2278776.0,23-07-2026 14:57,22-07-2026 17:08,,30-07-2026 14:31,24-07-2026 17:22,,17-08-2026 13:50,,21-08-2026 14:55,17-08-2026 15:46,,,7
2278777.0,23-07-2026 14:57,22-07-2026 17:08,,30-07-2026 14:31,24-07-2026 17:22,,17-08-2026 13:50,,21-08-2026 14:55,17-08-2026 15:46,,,7
2278778.0,23-07-2026 14:57,22-07-2026 17:08,,30-07-2026 14:31,24-07-2026 17:22,,17-08-2026 13:50,,21-08-2026 14:55,17-08-2026 15:46,,,7
2278779.0,23-07-2026 14:57,27-07-2026 17:14,,30-07-2026 14:31,24-07-2026 17:22,,17-08-2026 13:50,,21-08-2026 14:55,17-08-2026 15:46,,,7
2278780.0,23-07-2026 14:57,22-07-2026 17:08,,30-07-2026 14:31,24-07-2026 17:22,,17-08-2026 13:50,,21-08-2026 14:55,17-08-2026 15:46,,,7
2278781.0,23-07-2026 14:57,27-07-2026 17:14,,,24-07-2026 17:22,,17-08-2026 13:50,,21-08-2026 14:55,17-08-2026 15:46,,,6
2278782.0,23-07-2026 14:57,22-07-2026 17:08,,30-07-2026 14:31,24-07-2026 17:22,,17-08-2026 13:50,,,17-08-2026 15:46,,,6
2278783.0,23-07-2026 14:57,22-07-2026 17:08,,30-07-2026 14:31,24-07-2026 17:22,,17-08-2026 13:50,,21-08-2026 14:55,17-08-2026 15:46,,,7
2278784.0,23-07-2026 14:57,22-07-2026 17:08,,30-07-2026 14:31,24-07-2026 17:22,,17-08-2026 13:50,,21-08-2026 14:55,17-08-2026 15:46,,,7
2278785.0,23-07-2026 14:57,22-07-2026 17:08,,30-07-2026 14:31,24-07-2026 17:22,,17-08-2026 13:50,,21-08-2026 14:55,17-08-2026 15:46,,,7
2278786.0,23-07-2026 14:57,22-07-2026 17:08,,30-07-2026 14:31,24-07-2026 17:22,,17-08-2026 13:50,,21-08-2026 14:55,17-08-2026 15:46,,,7
2278788.0,23-07-2026 14:57,22-07-2026 17:08,,30-07-2026 14:31,24-07-2026 17:22,,17-08-2026 13:50,,21-08-2026 14:55,17-08-2026 15:46,,,7
2278789.0,23-07-2026 14:57,22-07-2026 17:08,,30-07-2026 14:31,24-07-2026 17:22,,17-08-2026 13:50,,21-08-2026 14:55,17-08-2026 15:46,,,7
2278792.0,23-07-2026 14:57,22-07-2026 17:08,,30-07-2026 14:31,24-07-2026 17:22,,17-08-2026 13:50,,21-08-2026 14:55,17-08-2026 15:46,,,7
2278795.0,23-07-2026 14:57,22-07-2026 17:08,,30-07-2026 14:31,24-07-2026 17:22,,17-08-2026 13:50,,21-08-2026 14:55,17-08-2026 15:46,,,7
2278797.0,23-07-2026 14:57,22-07-2026 17:08,,30-07-2026 14:31,24-07-2026 17:22,,17-08-2026 13:50,,21-08-2026 14:55,17-08-2026 15:46,,,7
2278798.0,20-07-2026 13:49,20-07-2026 14:00,,31-07-2026 09:59,24-07-2026 12:33,,20-07-2026 10:28,,25-08-2026 09:38,21-08-2026 10:35,,,7
2278800.0,23-07-2026 14:57,22-07-2026 17:08,,30-07-2026 14:31,24-07-2026 17:22,,17-08-2026 13:50,,21-08-2026 14:55,17-08-2026 15:46,,,7
2278802.0,20-07-2026 13:49,20-07-2026 14:00,,31-07-2026 09:59,,,20-07-2026 10:28,,25-08-2026 09:38,21-08-2026 10:35,,,6
2278803.0,23-07-2026 14:57,22-07-2026 17:08,,30-07-2026 14:31,24-07-2026 17:22,,17-08-2026 13:50,,21-08-2026 14:55,17-08-2026 15:46,,,7
2278806.0,20-07-2026 13:49,20-07-2026 14:00,,31-07-2026 09:59,24-07-2026 12:33,,20-07-2026 10:28,,25-08-2026 09:38,21-08-2026 10:35,,,7
2278808.0,20-07-2026 13:49,20-07-2026 14:00,,31-07-2026 09:59,24-07-2026 12:33,,20-07-2026 10:28,,25-08-2026 09:38,21-08-2026 10:35,,,7
2278812.0,20-07-2026 13:49,20-07-2026 14:00,,31-07-2026 09:59,24-07-2026 12:33,,20-07-2026 10:28,,25-08-2026 09:38,21-08-2026 10:35,,,7
2278814.0,20-07-2026 13:49,20-07-2026 14:00,,31-07-2026 09:59,24-07-2026 12:33,,20-07-2026 10:28,,25-08-2026 09:38,21-08-2026 10:35,,,7
2278816.0,20-07-2026 13:49,20-07-2026 14:00,,,24-07-2026 12:33,,20-07-2026 10:28,,25-08-2026 09:38,21-08-2026 10:35,,,6
2278829.0,20-07-2026 13:49,20-07-2026 14:00,,31-07-2026 09:59,24-07-2026 12:33,,20-07-2026 10:28,,25-08-2026 09:38,21-08-2026 10:35,,,7
2278831.0,20-07-2026 13:49,20-07-2026 14:00,,31-07-2026 09:59,24-07-2026 12:33,,20-07-2026 10:28,,25-08-2026 09:38,21-08-2026 10:35,,,7
2278832.0,20-07-2026 13:49,20-07-2026 14:00,,31-07-2026 09:59,24-07-2026 12:33,,20-07-2026 10:28,,25-08-2026 09:38,21-08-2026 10:35,,,7
2278833.0,20-07-2026 13:49,20-07-2026 14:00,,31-07-2026 09:59,24-07-2026 12:33,,20-07-2026 10:28,,,,,,5
2278834.0,20-07-2026 13:49,20-07-2026 14:00,,31-07-2026 09:59,24-07-2026 12:33,,20-07-2026 10:28,,25-08-2026 09:38,21-08-2026 10:35,,,7
2278835.0,,20-07-2026 14:00,,31-07-2026 09:59,24-07-2026 12:33,,20-07-2026 10:28,,25-08-2026 09:38,,,,5
2278836.0,20-07-2026 13:49,,,31-07-2026 09:59,24-07-2026 12:33,,17-08-2026 13:06,,,21-08-2026 10:35,,,5
2278838.0,20-07-2026 13:49,20-07-2026 14:00,,31-07-2026 09:59,,,20-07-2026 10:28,,25-08-2026 09:38,21-08-2026 10:35,,,6
2278839.0,20-07-2026 13:49,20-07-2026 14:00,,31-07-2026 09:59,24-07-2026 12:33,,20-07-2026 10:28,,25-08-2026 09:38,21-08-2026 10:35,,,7
2278849.0,15-07-2026 10:46,24-07-2026 09:31,,25-07-2026 12:29,20-07-2026 15:11,,18-08-2026 09:28,,,,,,5
2278852.0,15-07-2026 10:46,10-07-2026 13:54,,25-07-2026 12:29,20-07-2026 15:11,,18-08-2026 09:28,,25-08-2026 11:01,25-08-2026 11:00,,,7
2278854.0,15-07-2026 10:46,10-07-2026 13:54,,25-07-2026 12:29,20-07-2026 15:11,,18-08-2026 09:28,,25-08-2026 11:01,25-08-2026 11:00,,,7
2278862.0,24-07-2026 10:30,24-07-2026 09:31,,25-07-2026 12:29,20-07-2026 15:11,,18-08-2026 09:28,,25-08-2026 11:01,25-08-2026 11:00,,,7
2278868.0,15-07-2026 10:46,24-07-2026 09:31,,25-07-2026 12:29,20-07-2026 15:11,,18-08-2026 09:28,,25-08-2026 11:01,25-08-2026 11:00,,,7
2278875.0,17-07-2026 13:43,24-07-2026 09:31,,25-07-2026 12:29,20-07-2026 15:11,,18-08-2026 09:28,,25-08-2026 11:01,25-08-2026 11:00,,,7
2278878.0,15-07-2026 10:46,24-07-2026 09:31,,25-07-2026 12:29,20-07-2026 15:11,,18-08-2026 09:28,,25-08-2026 11:01,25-08-2026 11:00,,,7
2279106.0,20-07-2026 15:41,20-07-2026 15:35,,25-07-2026 13:32,20-07-2026 15:17,,04-08-2026 13:38,,25-08-2026 15:22,25-08-2026 14:53,,,7
2279111.0,24-07-2026 14:18,20-07-2026 15:35,,25-07-2026 13:32,25-07-2026 13:12,,04-08-2026 13:38,,25-08-2026 15:22,25-08-2026 14:53,,,7
2279129.0,20-07-2026 15:41,20-07-2026 15:35,,25-07-2026 13:32,20-07-2026 15:17,,04-08-2026 13:38,,25-08-2026 15:22,25-08-2026 14:53,,,7
2279142.0,24-07-2026 14:18,24-07-2026 13:17,,25-07-2026 13:32,20-07-2026 15:17,,04-08-2026 13:38,,25-08-2026 15:22,25-08-2026 14:53,,,7
2279148.0,20-07-2026 15:41,20-07-2026 15:35,,25-07-2026 13:32,20-07-2026 15:17,,04-08-2026 13:38,,25-08-2026 15:22,25-08-2026 14:53,,,7
2279154.0,20-07-2026 15:41,20-07-2026 15:35,,25-07-2026 13:32,25-07-2026 13:12,,04-08-2026 13:38,,25-08-2026 15:22,25-08-2026 14:53,,,7
2279156.0,20-07-2026 15:41,20-07-2026 15:35,,25-07-2026 13:32,20-07-2026 15:17,,04-08-2026 13:38,,,,,,5
2279164.0,20-07-2026 15:41,20-07-2026 15:35,,25-07-2026 13:32,20-07-2026 15:17,,04-08-2026 13:38,,25-08-2026 15:22,25-08-2026 14:53,,,7
2279168.0,20-07-2026 15:41,20-07-2026 15:35,,25-07-2026 13:32,20-07-2026 15:17,,,,25-08-2026 15:22,25-08-2026 14:53,,,6
2279173.0,20-07-2026 15:41,20-07-2026 15:35,,25-07-2026 13:32,20-07-2026 15:17,,04-08-2026 13:38,,25-08-2026 15:22,25-08-2026 14:53,,,7
2279201.0,20-07-2026 15:41,20-07-2026 15:35,,25-07-2026 13:32,20-07-2026 15:17,,04-08-2026 13:38,,25-08-2026 15:22,25-08-2026 14:53,,,7
2279202.0,20-07-2026 15:41,24-07-2026 13:17,,25-07-2026 13:32,25-07-2026 13:12,,,,25-08-2026 15:22,25-08-2026 14:53,,,6
2279208.0,20-07-2026 15:41,20-07-2026 15:35,,,20-07-2026 15:17,,04-08-2026 13:38,,25-08-2026 15:22,25-08-2026 14:53,,,6
2279213.0,,25-08-2026 15:46,,,,,,,25-08-2026 15:22,25-08-2026 14:53,,,3
2279215.0,,25-08-2026 15:46,,,,,,,25-08-2026 15:22,25-08-2026 14:53,,,3
2279217.0,16-07-2026 13:07,02-07-2026 10:18,,31-07-2026 13:46,29-07-2026 10:10,,31-08-2026 15:23,,20-08-2026 11:06,31-08-2026 15:18,,,7
2279218.0,15-07-2026 10:46,10-07-2026 13:54,,25-07-2026 12:29,25-07-2026 11:27,,18-08-2026 09:28,,25-08-2026 11:01,25-08-2026 11:00,,,7
2279219.0,20-07-2026 15:41,20-07-2026 15:35,,25-07-2026 13:32,20-07-2026 15:17,,04-08-2026 13:38,,25-08-2026 15:22,25-08-2026 14:53,,,7
2279220.0,16-07-2026 13:07,02-07-2026 10:18,,31-07-2026 13:46,23-07-2026 11:13,,31-08-2026 15:23,,20-08-2026 11:06,31-08-2026 15:18,,,7
2279221.0,15-07-2026 10:46,10-07-2026 13:54,,25-07-2026 12:29,20-07-2026 15:11,,18-08-2026 09:28,,25-08-2026 11:01,25-08-2026 11:00,,,7
2279223.0,16-07-2026 13:07,02-07-2026 10:18,,31-07-2026 13:46,23-07-2026 11:13,,31-08-2026 15:23,,31-08-2026 15:24,31-08-2026 15:18,,,7
2279224.0,20-07-2026 15:41,20-07-2026 15:35,,25-07-2026 13:32,20-07-2026 15:17,,04-08-2026 13:38,,25-08-2026 15:22,25-08-2026 14:53,,,7
2279225.0,15-07-2026 10:46,24-07-2026 09:31,,25-07-2026 12:29,20-07-2026 15:11,,18-08-2026 09:28,,25-08-2026 11:01,25-08-2026 11:00,,,7
2279226.0,16-07-2026 13:07,02-07-2026 10:18,,31-07-2026 13:46,23-07-2026 11:13,,31-08-2026 15:23,,31-08-2026 15:24,31-08-2026 15:18,,,7
2279228.0,20-07-2026 15:41,20-07-2026 15:35,,25-07-2026 13:32,20-07-2026 15:17,,04-08-2026 13:38,,25-08-2026 15:22,25-08-2026 14:53,,,7
2279229.0,16-07-2026 13:07,02-07-2026 10:18,,31-07-2026 13:46,23-07-2026 11:13,,31-08-2026 15:23,,20-08-2026 11:06,31-08-2026 15:18,,,7
2279230.0,15-07-2026 10:46,10-07-2026 13:54,,25-07-2026 12:29,20-07-2026 15:11,,18-08-2026 09:28,,25-08-2026 11:01,25-08-2026 11:00,,,7
2279232.0,16-07-2026 13:07,02-07-2026 10:18,,31-07-2026 13:46,23-07-2026 11:13,,31-08-2026 15:23,,20-08-2026 11:06,31-08-2026 15:18,,,7
2279233.0,15-07-2026 10:46,24-07-2026 09:31,,25-07-2026 12:29,20-07-2026 15:11,,18-08-2026 09:28,,25-08-2026 11:01,25-08-2026 11:00,,,7
2279234.0,20-07-2026 15:41,20-07-2026 15:35,,25-07-2026 13:32,20-07-2026 15:17,,04-08-2026 13:38,,,25-08-2026 14:53,,,6
2279237.0,15-07-2026 10:46,10-07-2026 13:54,,25-07-2026 12:29,20-07-2026 15:11,,18-08-2026 09:28,,25-08-2026 11:01,25-08-2026 11:00,,,7
2279238.0,16-07-2026 13:07,02-07-2026 10:18,,31-07-2026 13:46,23-07-2026 11:13,,31-08-2026 15:23,,20-08-2026 11:06,31-08-2026 15:18,,,7
2279239.0,20-07-2026 15:41,20-07-2026 15:35,,25-07-2026 13:32,20-07-2026 15:17,,04-08-2026 13:38,,25-08-2026 15:22,25-08-2026 14:53,,,7
2279240.0,15-07-2026 10:46,24-07-2026 09:31,,25-07-2026 12:29,20-07-2026 15:11,,18-08-2026 09:28,,25-08-2026 11:01,25-08-2026 11:00,,,7
2279242.0,16-07-2026 13:07,02-07-2026 10:18,,31-07-2026 13:46,23-07-2026 11:13,,31-08-2026 15:23,,20-08-2026 11:06,31-08-2026 15:18,,,7
2279244.0,15-07-2026 10:46,24-07-2026 09:31,,25-07-2026 12:29,20-07-2026 15:11,,18-08-2026 09:28,,25-08-2026 11:01,25-08-2026 11:00,,,7
2279246.0,16-07-2026 13:07,02-07-2026 10:18,,31-07-2026 13:46,23-07-2026 11:13,,31-08-2026 15:23,,20-08-2026 11:06,31-08-2026 15:18,,,7
2279248.0,15-07-2026 10:46,10-07-2026 13:54,,25-07-2026 12:29,20-07-2026 15:11,,18-08-2026 09:28,,25-08-2026 11:01,25-08-2026 11:00,,,7
2279250.0,16-07-2026 13:07,02-07-2026 10:18,,31-07-2026 13:46,23-07-2026 11:13,,31-08-2026 15:23,,20-08-2026 11:06,31-08-2026 15:18,,,7
2279251.0,15-07-2026 10:46,24-07-2026 09:31,,25-07-2026 12:29,20-07-2026 15:11,,18-08-2026 09:28,,25-08-2026 11:01,25-08-2026 11:00,,,7
2279254.0,16-07-2026 13:07,02-07-2026 10:18,,31-07-2026 13:46,23-07-2026 11:13,,31-08-2026 15:23,,20-08-2026 11:06,31-08-2026 15:18,,,7
2279255.0,15-07-2026 10:46,10-07-2026 13:54,,25-07-2026 12:29,20-07-2026 15:11,,18-08-2026 09:28,,25-08-2026 11:01,25-08-2026 11:00,,,7
2279257.0,16-07-2026 13:07,02-07-2026 10:18,,31-07-2026 13:46,23-07-2026 11:13,,31-08-2026 15:23,,20-08-2026 11:06,31-08-2026 15:18,,,7
2279258.0,15-07-2026 10:46,24-07-2026 09:31,,25-07-2026 12:29,20-07-2026 15:11,,18-08-2026 09:28,,25-08-2026 11:01,25-08-2026 11:00,,,7
2279261.0,16-07-2026 13:07,02-07-2026 10:18,,31-07-2026 13:46,29-07-2026 10:10,,31-08-2026 15:23,,20-08-2026 11:06,31-08-2026 15:18,,,7
2279263.0,16-07-2026 13:07,02-07-2026 10:18,,31-07-2026 13:46,23-07-2026 11:13,,31-08-2026 15:23,,20-08-2026 11:06,31-08-2026 15:18,,,7
2279265.0,20-07-2026 15:41,20-07-2026 15:35,,25-07-2026 13:32,20-07-2026 15:17,,04-08-2026 13:38,,25-08-2026 15:22,25-08-2026 14:53,,,7
2279276.0,20-07-2026 15:41,20-07-2026 15:35,,25-07-2026 13:32,25-07-2026 13:12,,04-08-2026 13:38,,25-08-2026 15:22,25-08-2026 14:53,,,7
2279278.0,20-07-2026 15:41,20-07-2026 15:35,,25-07-2026 13:32,20-07-2026 15:17,,04-08-2026 13:38,,25-08-2026 15:22,,,,6
2279283.0,20-07-2026 15:41,20-07-2026 15:35,,,,,,,25-08-2026 15:22,25-08-2026 14:53,,,4
2279292.0,20-07-2026 15:41,20-07-2026 15:35,,25-07-2026 13:32,25-07-2026 13:12,,04-08-2026 13:38,,,,,,5
2279294.0,20-07-2026 15:41,20-07-2026 15:35,,25-07-2026 13:32,20-07-2026 15:17,,04-08-2026 13:38,,25-08-2026 15:22,25-08-2026 14:53,,,7
2279296.0,20-07-2026 15:41,20-07-2026 15:35,,25-07-2026 13:32,20-07-2026 15:17,,04-08-2026 13:38,,25-08-2026 15:22,25-08-2026 14:53,,,7
2279298.0,20-07-2026 15:41,20-07-2026 15:35,,25-07-2026 13:32,20-07-2026 15:17,,04-08-2026 13:38,,25-08-2026 15:22,25-08-2026 14:53,,,7
2279302.0,20-07-2026 15:41,20-07-2026 15:35,,25-07-2026 13:32,20-07-2026 15:17,,04-08-2026 13:38,,25-08-2026 15:22,25-08-2026 14:53,,,7
2279304.0,20-07-2026 15:41,20-07-2026 15:35,,25-07-2026 13:32,20-07-2026 15:17,,04-08-2026 13:38,,25-08-2026 15:22,25-08-2026 14:53,,,7
2279306.0,20-07-2026 15:41,20-07-2026 15:35,,,,,04-08-2026 13:38,,25-08-2026 15:22,25-08-2026 14:53,,,5
2279310.0,20-07-2026 15:41,24-07-2026 13:17,,25-07-2026 13:32,25-07-2026 13:12,,,,25-08-2026 15:22,25-08-2026 14:53,,,6
2279314.0,20-07-2026 15:41,20-07-2026 15:35,,25-07-2026 13:32,20-07-2026 15:17,,04-08-2026 13:38,,25-08-2026 15:22,25-08-2026 14:53,,,7
2279315.0,20-07-2026 15:41,20-07-2026 15:35,,25-07-2026 13:32,20-07-2026 15:17,,04-08-2026 13:38,,25-08-2026 15:22,25-08-2026 14:53,,,7
2279317.0,24-07-2026 14:18,20-07-2026 15:35,,25-07-2026 13:32,25-07-2026 13:12,,,,25-08-2026 15:22,25-08-2026 14:53,,,6
2279318.0,20-07-2026 15:41,20-07-2026 15:35,,25-07-2026 13:32,20-07-2026 15:17,,04-08-2026 13:38,,25-08-2026 15:22,25-08-2026 14:53,,,7
2279321.0,20-07-2026 15:41,20-07-2026 15:35,,25-07-2026 13:32,20-07-2026 15:17,,04-08-2026 13:38,,25-08-2026 15:22,25-08-2026 14:53,,,7
2279324.0,,25-08-2026 15:46,,,,,,,25-08-2026 15:22,25-08-2026 14:53,,,3
2279325.0,20-07-2026 15:41,20-07-2026 15:35,,25-07-2026 13:32,20-07-2026 15:17,,04-08-2026 13:38,,,25-08-2026 14:53,,,6
2279355.0,24-07-2026 10:30,24-07-2026 09:31,,25-07-2026 12:29,25-07-2026 11:27,,18-08-2026 09:28,,,,,,5
2279358.0,15-07-2026 10:46,10-07-2026 13:54,,25-07-2026 12:29,20-07-2026 15:11,,18-08-2026 09:28,,25-08-2026 11:01,25-08-2026 11:00,,,7
2279360.0,15-07-2026 10:46,10-07-2026 13:54,,25-07-2026 12:29,25-07-2026 11:27,,18-08-2026 09:28,,25-08-2026 11:01,25-08-2026 11:00,,,7
2279362.0,15-07-2026 10:46,24-07-2026 09:31,,25-07-2026 12:29,20-07-2026 15:11,,18-08-2026 09:28,,25-08-2026 11:01,25-08-2026 11:00,,,7
2279364.0,15-07-2026 10:46,10-07-2026 13:54,,25-07-2026 12:29,25-07-2026 11:27,,18-08-2026 09:28,,25-08-2026 11:01,25-08-2026 11:00,,,7
2279365.0,15-07-2026 10:46,10-07-2026 13:54,,25-07-2026 12:29,20-07-2026 15:11,,18-08-2026 09:28,,25-08-2026 11:01,25-08-2026 11:00,,,7
2279367.0,15-07-2026 10:46,24-07-2026 09:31,,25-07-2026 12:29,20-07-2026 15:11,,18-08-2026 09:28,,25-08-2026 11:01,25-08-2026 11:00,,,7
2279370.0,15-07-2026 10:46,10-07-2026 13:54,,25-07-2026 12:29,20-07-2026 15:11,,18-08-2026 09:28,,25-08-2026 11:01,25-08-2026 11:00,,,7
2279373.0,24-07-2026 10:30,24-07-2026 09:31,,25-07-2026 12:29,20-07-2026 15:11,,18-08-2026 09:28,,25-08-2026 11:01,25-08-2026 11:00,,,7
2279375.0,24-07-2026 10:30,10-07-2026 13:54,,25-07-2026 12:29,25-07-2026 11:27,,18-08-2026 09:28,,,,,,5
2279480.0,17-07-2026 11:29,13-07-2026 13:44,,28-07-2026 11:08,28-07-2026 11:07,,04-08-2026 13:13,,31-08-2026 12:57,18-08-2026 11:25,,,7
2279481.0,17-07-2026 11:29,13-07-2026 13:44,,28-07-2026 11:08,28-07-2026 11:07,,04-08-2026 13:13,,18-08-2026 13:08,18-08-2026 11:25,,,7
2279482.0,17-07-2026 11:29,13-07-2026 13:44,,28-07-2026 11:08,28-07-2026 11:07,,04-08-2026 13:13,,18-08-2026 13:08,18-08-2026 11:25,,,7
2279483.0,17-07-2026 11:29,13-07-2026 13:44,,28-07-2026 11:08,28-07-2026 11:07,,04-08-2026 13:13,,18-08-2026 13:08,18-08-2026 11:25,,,7
2279484.0,17-07-2026 11:29,13-07-2026 13:44,,28-07-2026 11:08,28-07-2026 11:07,,04-08-2026 13:13,,18-08-2026 13:08,18-08-2026 11:25,,,7
2279485.0,17-07-2026 11:29,13-07-2026 13:44,,31-07-2026 15:07,28-07-2026 11:07,,04-08-2026 13:13,,31-08-2026 12:57,18-08-2026 11:25,,,7
2279486.0,17-07-2026 11:29,13-07-2026 13:44,,28-07-2026 11:08,28-07-2026 11:07,,04-08-2026 13:13,,18-08-2026 13:08,18-08-2026 11:25,,,7
2279487.0,17-07-2026 11:37,17-07-2026 11:36,,28-07-2026 13:17,28-07-2026 13:18,,04-08-2026 12:50,,18-08-2026 13:10,18-08-2026 11:24,,,7
2279488.0,16-07-2026 13:07,02-07-2026 10:18,,31-07-2026 13:46,23-07-2026 11:13,,31-08-2026 15:23,,20-08-2026 11:06,31-08-2026 15:18,,,7
2279489.0,16-07-2026 13:07,02-07-2026 10:18,,31-07-2026 13:46,23-07-2026 11:13,,31-08-2026 15:23,,20-08-2026 11:06,31-08-2026 15:18,,,7
2279541.0,16-07-2026 13:07,16-07-2026 13:06,,31-07-2026 13:46,23-07-2026 11:13,,31-08-2026 15:23,,20-08-2026 11:06,31-08-2026 15:18,,,7
2279556.0,16-07-2026 13:07,16-07-2026 13:06,,31-07-2026 13:46,23-07-2026 11:13,,31-08-2026 15:23,,20-08-2026 11:06,31-08-2026 15:18,,,7
2279557.0,16-07-2026 13:07,16-07-2026 13:06,,31-07-2026 13:46,23-07-2026 11:13,,31-08-2026 15:23,,31-08-2026 15:24,31-08-2026 15:18,,,7
2279618.0,20-07-2026 15:41,20-07-2026 15:35,,25-07-2026 13:32,20-07-2026 15:17,,04-08-2026 13:38,,25-08-2026 15:22,25-08-2026 14:53,,,7
2279619.0,20-07-2026 15:41,20-07-2026 15:35,,25-07-2026 13:32,20-07-2026 15:17,,04-08-2026 13:38,,25-08-2026 15:22,25-08-2026 14:53,,,7
2279620.0,20-07-2026 15:41,20-07-2026 15:35,,25-07-2026 13:32,20-07-2026 15:17,,04-08-2026 13:38,,25-08-2026 15:22,25-08-2026 14:53,,,7
2280043.0,17-07-2026 11:37,17-07-2026 11:36,,28-07-2026 13:17,28-07-2026 13:18,,04-08-2026 12:50,,18-08-2026 13:10,18-08-2026 11:24,,,7
2280045.0,17-07-2026 11:37,17-07-2026 11:36,,28-07-2026 13:17,28-07-2026 13:18,,04-08-2026 12:50,,18-08-2026 13:10,18-08-2026 11:24,,,7
2280046.0,17-07-2026 11:37,17-07-2026 11:36,,28-07-2026 13:17,28-07-2026 13:18,,04-08-2026 12:50,,18-08-2026 13:10,18-08-2026 11:24,,,7
2280048.0,17-07-2026 11:37,17-07-2026 11:36,,28-07-2026 13:17,28-07-2026 13:18,,04-08-2026 12:50,,18-08-2026 13:10,18-08-2026 11:24,,,7
2280050.0,17-07-2026 11:37,31-07-2026 15:10,,28-07-2026 13:17,28-07-2026 13:18,,04-08-2026 12:50,,18-08-2026 13:10,18-08-2026 11:24,,,7
2280053.0,17-07-2026 11:37,17-07-2026 11:36,,28-07-2026 13:17,28-07-2026 13:18,,04-08-2026 12:50,,18-08-2026 13:10,18-08-2026 11:24,,,7
2280055.0,31-07-2026 15:10,17-07-2026 11:36,,28-07-2026 13:17,28-07-2026 13:18,,04-08-2026 12:50,,18-08-2026 13:10,18-08-2026 11:24,,,7
2280059.0,17-07-2026 11:37,31-07-2026 15:10,,28-07-2026 13:17,28-07-2026 13:18,,04-08-2026 12:50,,18-08-2026 13:10,18-08-2026 11:24,,,7
2280105.0,24-07-2026 12:30,24-07-2026 10:30,,25-07-2026 12:21,25-07-2026 11:30,,18-08-2026 09:28,,,,,,5
2280112.0,15-07-2026 10:38,10-07-2026 13:42,,25-07-2026 12:21,20-07-2026 15:07,,18-08-2026 09:28,,25-08-2026 11:04,25-08-2026 11:03,,,7
2280116.0,15-07-2026 10:38,24-07-2026 10:30,,25-07-2026 12:21,20-07-2026 15:07,,18-08-2026 09:28,,25-08-2026 11:04,25-08-2026 11:03,,,7
2280119.0,15-07-2026 10:38,10-07-2026 13:42,,25-07-2026 12:21,20-07-2026 15:07,,18-08-2026 09:28,,25-08-2026 11:04,25-08-2026 11:03,,,7
2280121.0,15-07-2026 10:38,10-07-2026 13:42,,25-07-2026 12:21,20-07-2026 15:07,,18-08-2026 09:28,,25-08-2026 11:04,25-08-2026 11:03,,,7
2280125.0,15-07-2026 10:38,10-07-2026 13:42,,25-07-2026 12:21,25-07-2026 11:30,,18-08-2026 09:28,,25-08-2026 11:04,25-08-2026 11:03,,,7
2280131.0,15-07-2026 10:38,10-07-2026 13:42,,25-07-2026 12:21,20-07-2026 15:07,,18-08-2026 09:28,,25-08-2026 11:04,25-08-2026 11:03,,,7
2280206.0,23-07-2026 14:57,22-07-2026 17:08,,30-07-2026 14:31,24-07-2026 17:22,,17-08-2026 13:50,,21-08-2026 14:55,17-08-2026 15:46,,,7
2280208.0,23-07-2026 14:57,22-07-2026 17:08,,30-07-2026 14:31,,,17-08-2026 13:50,,21-08-2026 14:55,17-08-2026 15:46,,,6
2280210.0,23-07-2026 14:57,22-07-2026 17:08,,30-07-2026 14:31,24-07-2026 17:22,,17-08-2026 13:50,,21-08-2026 14:55,17-08-2026 15:46,,,7
2280212.0,23-07-2026 14:57,22-07-2026 17:08,,30-07-2026 14:31,24-07-2026 17:22,,17-08-2026 13:50,,21-08-2026 14:55,17-08-2026 15:46,,,7
2280213.0,23-07-2026 14:57,22-07-2026 17:08,,,24-07-2026 17:22,,17-08-2026 13:50,,21-08-2026 14:55,17-08-2026 15:46,,,6
2280221.0,23-07-2026 14:57,22-07-2026 17:08,,30-07-2026 14:31,24-07-2026 17:22,,17-08-2026 13:50,,21-08-2026 14:55,17-08-2026 15:46,,,7
2280223.0,23-07-2026 14:57,22-07-2026 17:08,,30-07-2026 14:31,24-07-2026 17:22,,17-08-2026 13:50,,21-08-2026 14:55,17-08-2026 15:46,,,7
2280225.0,23-07-2026 14:57,22-07-2026 17:08,,30-07-2026 14:31,24-07-2026 17:22,,17-08-2026 13:50,,21-08-2026 14:55,17-08-2026 15:46,,,7
2280226.0,23-07-2026 14:57,22-07-2026 17:08,,30-07-2026 14:31,24-07-2026 17:22,,,,21-08-2026 14:55,,,,5
2280227.0,23-07-2026 14:57,22-07-2026 17:08,,30-07-2026 14:31,24-07-2026 17:22,,17-08-2026 13:50,,21-08-2026 14:55,17-08-2026 15:46,,,7
2280228.0,27-07-2026 17:17,22-07-2026 17:08,,,24-07-2026 17:22,,17-08-2026 13:50,,21-08-2026 14:55,17-08-2026 15:46,,,6
2280229.0,23-07-2026 14:57,22-07-2026 17:08,,30-07-2026 14:31,24-07-2026 17:22,,17-08-2026 13:50,,21-08-2026 14:55,17-08-2026 15:46,,,7
2280233.0,15-07-2026 14:32,20-07-2026 16:09,,25-07-2026 14:41,20-07-2026 16:07,,04-08-2026 14:18,,25-08-2026 16:22,20-08-2026 14:56,,,7
2280235.0,15-07-2026 14:32,20-07-2026 16:09,,25-07-2026 14:41,20-07-2026 16:07,,,,,20-08-2026 14:56,,,5
2280236.0,15-07-2026 14:32,20-07-2026 16:09,,25-07-2026 14:41,20-07-2026 16:07,,04-08-2026 14:18,,25-08-2026 16:22,20-08-2026 14:56,,,7
2280237.0,15-07-2026 14:32,20-07-2026 16:09,,25-07-2026 14:41,20-07-2026 16:07,,04-08-2026 14:18,,25-08-2026 16:22,20-08-2026 14:56,,,7
2280239.0,15-07-2026 14:32,20-07-2026 16:09,,25-07-2026 14:41,20-07-2026 16:07,,04-08-2026 14:18,,25-08-2026 16:22,20-08-2026 14:56,,,7
2280322.0,23-07-2026 14:57,22-07-2026 17:08,,30-07-2026 14:31,24-07-2026 17:22,,17-08-2026 13:50,,21-08-2026 14:55,17-08-2026 15:46,,,7
2280323.0,23-07-2026 14:57,22-07-2026 17:08,,30-07-2026 14:31,24-07-2026 17:22,,17-08-2026 13:50,,21-08-2026 14:55,17-08-2026 15:46,,,7
2280327.0,23-07-2026 14:57,22-07-2026 17:08,,,24-07-2026 17:22,,17-08-2026 13:50,,21-08-2026 14:55,17-08-2026 15:46,,,6
2280328.0,23-07-2026 14:57,22-07-2026 17:08,,30-07-2026 14:31,24-07-2026 17:22,,17-08-2026 13:50,,21-08-2026 14:55,17-08-2026 15:46,,,7
2280329.0,23-07-2026 14:57,22-07-2026 17:08,,30-07-2026 14:31,24-07-2026 17:22,,17-08-2026 13:50,,21-08-2026 14:55,17-08-2026 15:46,,,7
2280335.0,17-07-2026 11:41,17-07-2026 11:41,,27-07-2026 14:04,20-07-2026 13:10,,04-08-2026 13:14,,25-08-2026 08:45,14-08-2026 10:40,,,7
2280337.0,17-07-2026 11:41,17-07-2026 11:41,,27-07-2026 14:04,20-07-2026 13:10,,04-08-2026 13:14,,25-08-2026 08:45,14-08-2026 10:40,,,7
2280394.0,15-07-2026 14:32,20-07-2026 16:09,,25-07-2026 14:41,20-07-2026 16:07,,04-08-2026 14:18,,25-08-2026 16:22,20-08-2026 14:56,,,7
2280407.0,15-07-2026 10:38,10-07-2026 13:42,,25-07-2026 12:21,20-07-2026 15:07,,18-08-2026 09:28,,25-08-2026 11:04,25-08-2026 11:03,,,7
2280408.0,15-07-2026 10:38,10-07-2026 13:42,,25-07-2026 12:21,20-07-2026 15:07,,18-08-2026 09:28,,25-08-2026 11:04,25-08-2026 11:03,,,7
2280409.0,17-07-2026 13:39,24-07-2026 10:30,,25-07-2026 12:21,20-07-2026 15:07,,18-08-2026 09:28,,25-08-2026 11:04,25-08-2026 11:03,,,7
2280411.0,15-07-2026 10:38,10-07-2026 13:42,,25-07-2026 12:21,20-07-2026 15:07,,18-08-2026 09:28,,25-08-2026 11:04,25-08-2026 11:03,,,7
2280412.0,15-07-2026 10:38,10-07-2026 13:42,,25-07-2026 12:21,20-07-2026 15:07,,18-08-2026 09:28,,25-08-2026 11:04,25-08-2026 11:03,,,7
2280413.0,15-07-2026 10:38,10-07-2026 13:42,,25-07-2026 12:21,20-07-2026 15:07,,18-08-2026 09:28,,25-08-2026 11:04,25-08-2026 11:03,,,7
2280414.0,24-07-2026 12:30,24-07-2026 10:30,,25-07-2026 12:21,25-07-2026 11:30,,18-08-2026 09:28,,,,,,5
2280415.0,24-07-2026 12:30,24-07-2026 10:30,,25-07-2026 12:21,25-07-2026 11:30,,18-08-2026 09:28,,,,,,5
2280416.0,17-07-2026 13:39,10-07-2026 13:42,,25-07-2026 12:21,20-07-2026 15:07,,18-08-2026 09:28,,25-08-2026 11:04,25-08-2026 11:03,,,7
2280417.0,15-07-2026 10:38,10-07-2026 13:42,,25-07-2026 12:21,20-07-2026 15:07,,18-08-2026 09:28,,25-08-2026 11:04,25-08-2026 11:03,,,7
2280418.0,24-07-2026 12:30,24-07-2026 10:30,,25-07-2026 12:21,20-07-2026 15:07,,18-08-2026 09:28,,25-08-2026 11:04,,,,6
2280419.0,15-07-2026 10:46,10-07-2026 13:54,,25-07-2026 12:29,20-07-2026 15:11,,18-08-2026 09:28,,25-08-2026 11:01,25-08-2026 11:00,,,7
2280420.0,17-07-2026 14:20,20-07-2026 16:09,,25-07-2026 14:41,20-07-2026 16:07,,04-08-2026 14:18,,25-08-2026 16:22,20-08-2026 14:56,,,7
2280421.0,15-07-2026 14:32,20-07-2026 16:09,,25-07-2026 14:41,20-07-2026 16:07,,04-08-2026 14:18,,25-08-2026 16:22,20-08-2026 14:56,,,7
2280422.0,17-07-2026 14:20,20-07-2026 16:09,,25-07-2026 14:41,20-07-2026 16:07,,04-08-2026 14:18,,25-08-2026 16:22,20-08-2026 14:56,,,7
2280423.0,15-07-2026 14:32,20-07-2026 16:09,,25-07-2026 14:41,20-07-2026 16:07,,04-08-2026 14:18,,,20-08-2026 14:56,,,6
2280424.0,15-07-2026 14:32,20-07-2026 16:09,,25-07-2026 14:41,20-07-2026 16:07,,04-08-2026 14:18,,25-08-2026 16:22,20-08-2026 14:56,,,7
2280425.0,15-07-2026 14:32,20-07-2026 16:09,,25-07-2026 14:41,20-07-2026 16:07,,04-08-2026 14:18,,25-08-2026 16:22,20-08-2026 14:56,,,7
2280426.0,15-07-2026 14:32,20-07-2026 16:09,,25-07-2026 14:41,20-07-2026 16:07,,04-08-2026 14:18,,,20-08-2026 14:56,,,6
2280427.0,15-07-2026 14:32,20-07-2026 16:09,,25-07-2026 14:41,20-07-2026 16:07,,04-08-2026 14:18,,25-08-2026 16:22,,,,6
2280428.0,15-07-2026 14:32,20-07-2026 16:09,,25-07-2026 14:41,20-07-2026 16:07,,04-08-2026 14:18,,25-08-2026 16:22,20-08-2026 14:56,,,7
2280429.0,17-07-2026 14:20,20-07-2026 16:09,,25-07-2026 14:41,20-07-2026 16:07,,,,25-08-2026 16:22,20-08-2026 14:56,,,6
2280461.0,21-07-2026 13:37,03-07-2026 11:35,,29-07-2026 11:12,31-07-2026 13:48,,17-08-2026 10:37,,31-08-2026 12:06,17-08-2026 10:38,,,7
2280463.0,21-07-2026 13:37,03-07-2026 11:35,,29-07-2026 11:12,31-07-2026 13:48,,17-08-2026 10:37,,31-08-2026 12:06,17-08-2026 10:38,,,7
2280471.0,21-07-2026 13:37,03-07-2026 11:35,,29-07-2026 11:12,31-07-2026 13:48,,17-08-2026 10:37,,31-08-2026 12:06,17-08-2026 10:38,,,7
2280473.0,21-07-2026 13:37,29-07-2026 10:19,,29-07-2026 11:12,31-07-2026 13:48,,17-08-2026 10:37,,31-08-2026 12:06,17-08-2026 10:38,,,7
2280476.0,21-07-2026 13:37,03-07-2026 11:35,,29-07-2026 11:12,31-07-2026 13:48,,17-08-2026 10:37,,31-08-2026 12:06,17-08-2026 10:38,,,7
2280481.0,21-07-2026 13:37,03-07-2026 11:35,,29-07-2026 11:12,31-07-2026 13:48,,17-08-2026 10:37,,31-08-2026 12:06,17-08-2026 10:38,,,7
2280492.0,21-07-2026 13:37,03-07-2026 11:35,,29-07-2026 11:12,31-07-2026 13:48,,17-08-2026 10:37,,31-08-2026 12:06,17-08-2026 10:38,,,7
2280495.0,21-07-2026 13:37,29-07-2026 10:19,,29-07-2026 11:12,31-07-2026 13:48,,17-08-2026 10:37,,31-08-2026 12:06,17-08-2026 10:38,,,7
2280523.0,20-07-2026 13:28,10-07-2026 13:16,,28-07-2026 11:23,24-07-2026 12:07,,17-08-2026 09:09,,21-08-2026 11:45,21-08-2026 11:10,,,7
2280524.0,20-07-2026 13:44,10-07-2026 13:25,,28-07-2026 09:51,25-08-2026 10:41,,17-08-2026 09:47,,21-08-2026 12:52,21-08-2026 09:38,,,7
2280526.0,20-07-2026 13:28,10-07-2026 13:16,,28-07-2026 11:23,,,17-08-2026 09:09,,21-08-2026 11:45,21-08-2026 11:10,,,6
2280527.0,20-07-2026 13:28,10-07-2026 13:16,,28-07-2026 11:23,24-07-2026 12:07,,17-08-2026 09:09,,21-08-2026 11:45,21-08-2026 11:10,,,7
2280528.0,20-07-2026 13:28,10-07-2026 13:16,,28-07-2026 11:23,24-07-2026 12:07,,17-08-2026 09:09,,21-08-2026 11:45,21-08-2026 11:10,,,7
2280540.0,15-07-2026 14:32,20-07-2026 16:09,,25-07-2026 14:41,20-07-2026 16:07,,04-08-2026 14:18,,25-08-2026 16:22,20-08-2026 14:56,,,7
2280555.0,15-07-2026 14:32,20-07-2026 16:09,,25-07-2026 14:41,20-07-2026 16:07,,04-08-2026 14:18,,25-08-2026 16:22,20-08-2026 14:56,,,7
2280557.0,15-07-2026 14:32,20-07-2026 16:09,,25-07-2026 14:41,20-07-2026 16:07,,04-08-2026 14:18,,25-08-2026 16:22,20-08-2026 14:56,,,7
2280561.0,15-07-2026 14:32,20-07-2026 16:09,,25-07-2026 14:41,20-07-2026 16:07,,04-08-2026 14:18,,,,,,5
2280563.0,15-07-2026 14:32,20-07-2026 16:09,,25-07-2026 14:41,20-07-2026 16:07,,04-08-2026 14:18,,25-08-2026 16:22,20-08-2026 14:56,,,7
2280565.0,15-07-2026 14:32,20-07-2026 16:09,,25-07-2026 14:41,20-07-2026 16:07,,04-08-2026 14:18,,25-08-2026 16:22,20-08-2026 14:56,,,7
2280567.0,15-07-2026 14:32,20-07-2026 16:09,,25-07-2026 14:41,20-07-2026 16:07,,04-08-2026 14:18,,25-08-2026 16:22,20-08-2026 14:56,,,7
2280568.0,15-07-2026 14:32,20-07-2026 16:09,,25-07-2026 14:41,20-07-2026 16:07,,04-08-2026 14:18,,25-08-2026 16:22,20-08-2026 14:56,,,7
2280569.0,15-07-2026 14:32,20-07-2026 16:09,,25-07-2026 14:41,20-07-2026 16:07,,,,25-08-2026 16:22,20-08-2026 14:56,,,6
2280571.0,17-07-2026 14:20,24-07-2026 13:30,,25-07-2026 14:41,25-07-2026 01:30,,04-08-2026 14:18,,25-08-2026 16:22,20-08-2026 14:56,,,7
2280574.0,15-07-2026 14:32,20-07-2026 16:09,,25-07-2026 14:41,20-07-2026 16:07,,04-08-2026 14:18,,25-08-2026 16:22,20-08-2026 14:56,,,7
2280578.0,15-07-2026 14:32,20-07-2026 16:09,,25-07-2026 14:41,20-07-2026 16:07,,04-08-2026 14:18,,25-08-2026 16:22,20-08-2026 14:56,,,7
2280579.0,15-07-2026 14:32,20-07-2026 16:09,,25-07-2026 14:41,20-07-2026 16:07,,04-08-2026 14:18,,25-08-2026 16:22,20-08-2026 14:56,,,7
2280582.0,17-07-2026 14:20,20-07-2026 16:09,,25-07-2026 14:41,20-07-2026 16:07,,04-08-2026 14:18,,25-08-2026 16:22,20-08-2026 14:56,,,7
2280584.0,15-07-2026 14:32,20-07-2026 16:09,,25-07-2026 14:41,20-07-2026 16:07,,04-08-2026 14:18,,25-08-2026 16:22,20-08-2026 14:56,,,7
2280956.0,15-07-2026 14:32,20-07-2026 16:09,,25-07-2026 14:41,20-07-2026 16:07,,04-08-2026 14:18,,25-08-2026 16:22,20-08-2026 14:56,,,7
2280958.0,15-07-2026 14:32,20-07-2026 16:09,,25-07-2026 14:41,20-07-2026 16:07,,04-08-2026 14:18,,25-08-2026 16:22,20-08-2026 14:56,,,7
2280961.0,24-07-2026 14:00,17-07-2026 14:10,,25-07-2026 14:41,25-07-2026 01:30,,04-08-2026 14:18,,25-08-2026 16:22,20-08-2026 14:56,,,7
2280964.0,15-07-2026 14:32,20-07-2026 16:09,,25-07-2026 14:41,20-07-2026 16:07,,04-08-2026 14:18,,25-08-2026 16:22,20-08-2026 14:56,,,7
2280968.0,15-07-2026 14:32,20-07-2026 16:09,,25-07-2026 14:41,20-07-2026 16:07,,,,25-08-2026 16:22,20-08-2026 14:56,,,6
2280970.0,15-07-2026 14:32,20-07-2026 16:09,,25-07-2026 14:41,20-07-2026 16:07,,04-08-2026 14:18,,25-08-2026 16:22,20-08-2026 14:56,,,7
2280972.0,15-07-2026 14:32,20-07-2026 16:09,,25-07-2026 14:41,20-07-2026 16:07,,04-08-2026 14:18,,25-08-2026 16:22,20-08-2026 14:56,,,7
2280975.0,24-07-2026 14:00,20-07-2026 16:09,,25-07-2026 14:41,20-07-2026 16:07,,04-08-2026 14:18,,25-08-2026 16:22,20-08-2026 14:56,,,7
2280977.0,15-07-2026 14:32,24-07-2026 13:30,,25-07-2026 14:41,25-07-2026 01:30,,04-08-2026 14:18,,25-08-2026 16:22,20-08-2026 14:56,,,7
2280979.0,15-07-2026 14:32,20-07-2026 16:09,,25-07-2026 14:41,20-07-2026 16:07,,04-08-2026 14:18,,25-08-2026 16:22,20-08-2026 14:56,,,7
2280980.0,15-07-2026 14:32,20-07-2026 16:09,,25-07-2026 14:41,20-07-2026 16:07,,04-08-2026 14:18,,25-08-2026 16:22,,,,6
2280982.0,17-07-2026 14:20,20-07-2026 16:09,,25-07-2026 14:41,20-07-2026 16:07,,04-08-2026 14:18,,25-08-2026 16:22,20-08-2026 14:56,,,7
2280985.0,15-07-2026 14:32,20-07-2026 16:09,,25-07-2026 14:41,20-07-2026 16:07,,04-08-2026 14:18,,25-08-2026 16:22,20-08-2026 14:56,,,7
2280988.0,15-07-2026 14:32,20-07-2026 16:09,,25-07-2026 14:41,20-07-2026 16:07,,,,25-08-2026 16:22,20-08-2026 14:56,,,6
2280989.0,15-07-2026 14:32,20-07-2026 16:09,,25-07-2026 14:41,20-07-2026 16:07,,,,,20-08-2026 14:56,,,5
2281019.0,15-07-2026 14:32,20-07-2026 16:09,,25-07-2026 14:41,20-07-2026 16:07,,04-08-2026 14:18,,25-08-2026 16:22,,,,6
2281021.0,15-07-2026 14:32,20-07-2026 16:09,,25-07-2026 14:41,20-07-2026 16:07,,04-08-2026 14:18,,25-08-2026 16:22,20-08-2026 14:56,,,7
2281055.0,15-07-2026 14:32,20-07-2026 16:09,,25-07-2026 14:41,20-07-2026 16:07,,04-08-2026 14:18,,25-08-2026 16:22,20-08-2026 14:56,,,7
2281057.0,15-07-2026 14:32,20-07-2026 16:09,,25-07-2026 14:41,20-07-2026 16:07,,04-08-2026 14:18,,25-08-2026 16:22,20-08-2026 14:56,,,7
2281059.0,15-07-2026 14:32,20-07-2026 16:09,,25-07-2026 14:41,20-07-2026 16:07,,04-08-2026 14:18,,25-08-2026 16:22,20-08-2026 14:56,,,7
2281060.0,17-07-2026 14:20,20-07-2026 16:09,,25-07-2026 14:41,20-07-2026 16:07,,04-08-2026 14:18,,25-08-2026 16:22,20-08-2026 14:56,,,7
2281062.0,15-07-2026 14:32,20-07-2026 16:09,,25-07-2026 14:41,20-07-2026 16:07,,04-08-2026 14:18,,25-08-2026 16:22,20-08-2026 14:56,,,7
2281063.0,17-07-2026 14:20,20-07-2026 16:09,,25-07-2026 14:41,20-07-2026 16:07,,04-08-2026 14:18,,25-08-2026 16:22,20-08-2026 14:56,,,7
2282779.0,27-07-2026 10:29,12-07-2026 00:53,,29-07-2026 10:01,28-07-2026 13:55,,05-08-2026 10:23,,18-08-2026 14:06,07-08-2026 13:25,,,7
2282780.0,29-07-2026 16:26,12-07-2026 00:53,,29-07-2026 10:01,31-08-2026 10:39,,05-08-2026 10:23,,18-08-2026 14:06,07-08-2026 13:25,,,7
2282782.0,27-07-2026 10:29,12-07-2026 00:53,,29-07-2026 10:01,28-07-2026 13:55,,31-08-2026 11:07,,18-08-2026 14:06,,,,6
2282783.0,27-07-2026 10:29,28-07-2026 22:20,,29-07-2026 10:01,28-07-2026 13:55,,05-08-2026 10:23,,18-08-2026 14:06,07-08-2026 13:25,,,7
2282784.0,27-07-2026 10:29,12-07-2026 00:53,,29-07-2026 10:01,31-08-2026 10:39,,05-08-2026 10:23,,18-08-2026 14:06,07-08-2026 13:25,,,7
2282786.0,27-07-2026 10:29,28-07-2026 22:20,,29-07-2026 10:01,28-07-2026 13:55,,05-08-2026 10:23,,18-08-2026 14:06,07-08-2026 13:25,,,7
2282788.0,27-07-2026 10:29,12-07-2026 00:53,,29-07-2026 10:01,31-08-2026 10:39,,31-08-2026 11:07,,18-08-2026 14:06,07-08-2026 13:25,,,7
2282791.0,27-07-2026 10:29,12-07-2026 00:53,,29-07-2026 10:01,28-07-2026 13:55,,05-08-2026 10:23,,18-08-2026 14:06,07-08-2026 13:25,,,7
2282798.0,28-07-2026 12:04,28-07-2026 22:20,,29-07-2026 10:01,28-07-2026 13:55,,05-08-2026 10:23,,18-08-2026 14:06,07-08-2026 13:25,,,7
2282802.0,28-07-2026 12:04,28-07-2026 22:20,,29-07-2026 10:01,28-07-2026 13:55,,05-08-2026 10:23,,18-08-2026 14:06,07-08-2026 13:25,,,7
2282808.0,28-07-2026 12:04,28-07-2026 22:20,,29-07-2026 10:01,28-07-2026 13:55,,05-08-2026 10:23,,18-08-2026 14:06,07-08-2026 13:25,,,7
2282812.0,27-07-2026 10:29,12-07-2026 00:53,,29-07-2026 10:01,28-07-2026 13:55,,05-08-2026 10:23,,,07-08-2026 13:25,,,6
2282816.0,27-07-2026 10:29,12-07-2026 00:53,,29-07-2026 10:01,28-07-2026 13:55,,05-08-2026 10:23,,18-08-2026 14:06,07-08-2026 13:25,,,7
2282818.0,27-07-2026 10:29,12-07-2026 00:53,,29-07-2026 10:01,28-07-2026 13:55,,31-08-2026 11:07,,,07-08-2026 13:25,,,6
2282819.0,27-07-2026 10:29,12-07-2026 00:53,,29-07-2026 10:01,28-07-2026 13:55,,05-08-2026 10:23,,18-08-2026 14:06,07-08-2026 13:25,,,7
2283746.0,17-07-2026 11:37,17-07-2026 11:36,,28-07-2026 13:17,28-07-2026 13:18,,04-08-2026 12:50,,18-08-2026 13:10,18-08-2026 11:24,,,7
2283748.0,31-07-2026 15:10,17-07-2026 11:36,,28-07-2026 13:17,28-07-2026 13:18,,04-08-2026 12:50,,18-08-2026 13:10,18-08-2026 11:24,,,7
2283750.0,31-07-2026 15:10,17-07-2026 11:36,,28-07-2026 13:17,28-07-2026 13:18,,04-08-2026 12:50,,18-08-2026 13:10,18-08-2026 11:24,,,7
2283752.0,17-07-2026 11:37,17-07-2026 11:36,,28-07-2026 13:17,28-07-2026 13:18,,04-08-2026 12:50,,31-08-2026 12:50,18-08-2026 11:24,,,7
2283753.0,17-07-2026 11:37,17-07-2026 11:36,,28-07-2026 13:17,28-07-2026 13:18,,04-08-2026 12:50,,18-08-2026 13:10,18-08-2026 11:24,,,7
2283755.0,17-07-2026 11:37,17-07-2026 11:36,,28-07-2026 13:17,28-07-2026 13:18,,04-08-2026 12:50,,18-08-2026 13:10,18-08-2026 11:24,,,7
2283772.0,17-07-2026 11:37,17-07-2026 11:36,,28-07-2026 13:17,28-07-2026 13:18,,21-08-2026 10:37,,18-08-2026 13:10,18-08-2026 11:24,,,7
2283775.0,17-07-2026 11:37,17-07-2026 11:36,,28-07-2026 13:17,28-07-2026 13:18,,04-08-2026 12:50,,18-08-2026 13:10,18-08-2026 11:24,,,7
2283779.0,,10-07-2026 13:16,,28-07-2026 11:23,,,,,,,,,2
2283780.0,20-07-2026 13:28,10-07-2026 13:16,,28-07-2026 11:23,25-08-2026 12:12,,17-08-2026 09:09,,25-08-2026 12:19,25-08-2026 12:17,,,7
2283959.0,17-07-2026 11:37,17-07-2026 11:36,,28-07-2026 13:17,28-07-2026 13:18,,21-08-2026 10:37,,18-08-2026 13:10,18-08-2026 11:24,,,7
2283974.0,17-07-2026 11:37,17-07-2026 11:36,,28-07-2026 13:17,28-07-2026 13:18,,04-08-2026 12:50,,31-08-2026 12:50,18-08-2026 11:24,,,7
2283975.0,17-07-2026 11:37,17-07-2026 11:36,,28-07-2026 13:17,28-07-2026 13:18,,04-08-2026 12:50,,31-08-2026 12:50,18-08-2026 11:24,,,7
2283976.0,17-07-2026 11:37,17-07-2026 11:36,,28-07-2026 13:17,28-07-2026 13:18,,04-08-2026 12:50,,18-08-2026 13:10,18-08-2026 11:24,,,7
2283977.0,17-07-2026 11:37,17-07-2026 11:36,,28-07-2026 13:17,28-07-2026 13:18,,04-08-2026 12:50,,18-08-2026 13:10,18-08-2026 11:24,,,7
2283978.0,17-07-2026 11:37,17-07-2026 11:36,,28-07-2026 13:17,28-07-2026 13:18,,04-08-2026 12:50,,18-08-2026 13:10,18-08-2026 11:24,,,7
2283979.0,17-07-2026 11:37,17-07-2026 11:36,,28-07-2026 13:17,28-07-2026 13:18,,04-08-2026 12:50,,18-08-2026 13:10,18-08-2026 11:24,,,7
2283980.0,17-07-2026 11:37,17-07-2026 11:36,,28-07-2026 13:17,28-07-2026 13:18,,04-08-2026 12:50,,18-08-2026 13:10,18-08-2026 11:24,,,7
2283981.0,17-07-2026 11:37,17-07-2026 11:36,,28-07-2026 13:17,28-07-2026 13:18,,04-08-2026 12:50,,18-08-2026 13:10,18-08-2026 11:24,,,7
2284450.0,17-07-2026 11:37,17-07-2026 11:36,,28-07-2026 13:17,28-07-2026 13:18,,04-08-2026 12:50,,18-08-2026 13:10,18-08-2026 11:24,,,7
2284453.0,17-07-2026 11:37,17-07-2026 11:36,,28-07-2026 13:17,28-07-2026 13:18,,04-08-2026 12:50,,18-08-2026 13:10,18-08-2026 11:24,,,7
2284454.0,17-07-2026 11:37,17-07-2026 11:36,,28-07-2026 13:17,28-07-2026 13:18,,04-08-2026 12:50,,31-08-2026 12:50,18-08-2026 11:24,,,7
2284455.0,17-07-2026 11:37,17-07-2026 11:36,,28-07-2026 13:17,28-07-2026 13:18,,04-08-2026 12:50,,31-08-2026 12:50,18-08-2026 11:24,,,7
2284457.0,31-07-2026 15:10,17-07-2026 11:36,,28-07-2026 13:17,28-07-2026 13:18,,04-08-2026 12:50,,18-08-2026 13:10,18-08-2026 11:24,,,7
2284458.0,15-07-2026 13:13,24-07-2026 12:32,,27-07-2026 12:46,23-07-2026 12:06,,06-08-2026 11:52,,20-08-2026 11:33,20-08-2026 11:30,,,7
2284459.0,15-07-2026 13:13,24-07-2026 12:32,,27-07-2026 12:46,23-07-2026 12:06,,06-08-2026 11:52,,20-08-2026 11:33,20-08-2026 11:30,,,7
2284460.0,15-07-2026 13:13,24-07-2026 12:32,,27-07-2026 12:46,23-07-2026 12:06,,06-08-2026 11:52,,20-08-2026 11:33,20-08-2026 11:30,,,7
2284461.0,24-07-2026 12:55,24-07-2026 12:32,,27-07-2026 12:46,23-07-2026 12:06,,06-08-2026 11:52,,20-08-2026 11:33,20-08-2026 11:30,,,7
2284462.0,15-07-2026 13:13,24-07-2026 12:32,,27-07-2026 12:46,23-07-2026 12:06,,06-08-2026 11:52,,20-08-2026 11:33,20-08-2026 11:30,,,7
2284465.0,15-07-2026 13:13,24-07-2026 12:32,,27-07-2026 12:46,23-07-2026 12:06,,06-08-2026 11:52,,20-08-2026 11:33,20-08-2026 11:30,,,7
2284470.0,17-07-2026 11:43,31-07-2026 11:28,,27-07-2026 14:02,20-07-2026 13:12,,04-08-2026 13:15,,17-08-2026 10:38,14-08-2026 10:37,,,7
2284475.0,23-07-2026 12:25,23-07-2026 12:25,,29-07-2026 12:00,23-07-2026 12:25,,,,20-08-2026 11:50,19-08-2026 10:02,,,6
2284489.0,23-07-2026 12:25,23-07-2026 12:25,,29-07-2026 12:00,23-07-2026 12:25,,06-08-2026 13:00,,20-08-2026 11:50,19-08-2026 10:02,,,7
2284490.0,23-07-2026 12:25,23-07-2026 12:25,,29-07-2026 12:00,23-07-2026 12:25,,06-08-2026 13:00,,20-08-2026 11:50,19-08-2026 10:02,,,7
2284492.0,23-07-2026 12:25,23-07-2026 12:25,,29-07-2026 12:00,23-07-2026 12:25,,,,20-08-2026 11:50,19-08-2026 10:02,,,6
2284493.0,23-07-2026 12:25,23-07-2026 12:25,,29-07-2026 12:00,23-07-2026 12:25,,,,20-08-2026 11:50,19-08-2026 10:02,,,6
2284494.0,23-07-2026 12:25,23-07-2026 12:25,,29-07-2026 12:00,23-07-2026 12:25,,,,20-08-2026 11:50,19-08-2026 10:02,,,6
2284495.0,23-07-2026 12:25,23-07-2026 12:25,,29-07-2026 12:00,23-07-2026 12:25,,06-08-2026 13:00,,20-08-2026 11:50,19-08-2026 10:02,,,7
2284629.0,24-07-2026 09:51,24-07-2026 09:44,,31-07-2026 17:38,24-07-2026 09:45,,07-08-2026 11:29,,21-08-2026 09:58,14-08-2026 10:44,,,7
2286405.0,21-07-2026 13:37,29-07-2026 10:19,,30-07-2026 14:15,31-07-2026 13:48,,17-08-2026 10:37,,31-08-2026 12:06,17-08-2026 10:38,,,7
2286580.0,29-07-2026 09:59,31-07-2026 13:31,,30-07-2026 14:18,29-07-2026 10:02,,05-08-2026 10:37,,31-08-2026 15:00,13-08-2026 10:37,,,7
2286644.0,21-07-2026 13:40,21-07-2026 13:39,,30-07-2026 14:12,30-07-2026 15:38,,13-08-2026 10:39,,31-08-2026 14:53,13-08-2026 10:38,,,7
2286650.0,21-07-2026 13:40,21-07-2026 13:39,,30-07-2026 14:12,30-07-2026 15:38,,13-08-2026 10:39,,31-08-2026 14:53,31-08-2026 14:52,,,7
2286655.0,21-07-2026 13:40,21-07-2026 13:39,,30-07-2026 14:12,30-07-2026 15:38,,13-08-2026 10:39,,31-08-2026 14:53,13-08-2026 10:38,,,7
2287542.0,17-07-2026 16:13,22-07-2026 12:16,,25-07-2026 10:27,21-07-2026 12:28,,03-08-2026 12:07,,24-08-2026 10:07,19-08-2026 11:20,,,7
2287548.0,17-07-2026 16:13,27-07-2026 12:17,,25-07-2026 10:27,21-07-2026 12:28,,03-08-2026 12:07,,24-08-2026 10:07,,,,6
2289201.0,04-08-2026 13:22,22-07-2026 16:18,,27-07-2026 16:02,21-07-2026 16:43,,03-08-2026 14:53,,24-08-2026 15:18,19-08-2026 14:27,,,7
2289218.0,04-08-2026 13:22,22-07-2026 16:18,,27-07-2026 16:02,21-07-2026 16:43,,03-08-2026 14:53,,24-08-2026 15:18,19-08-2026 14:27,,,7
2289225.0,,22-07-2026 16:18,,27-07-2026 16:02,21-07-2026 16:43,,03-08-2026 14:53,,,19-08-2026 14:27,,,5
2289233.0,,22-07-2026 16:18,,27-07-2026 16:02,21-07-2026 16:43,,03-08-2026 14:53,,24-08-2026 15:18,,,,5
2289237.0,04-08-2026 13:22,22-07-2026 16:18,,27-07-2026 16:02,21-07-2026 16:43,,03-08-2026 14:53,,24-08-2026 15:18,19-08-2026 14:27,,,7
2289246.0,04-08-2026 13:22,22-07-2026 16:18,,27-07-2026 16:02,21-07-2026 16:43,,03-08-2026 14:53,,24-08-2026 15:18,19-08-2026 14:27,,,7
2289310.0,,22-07-2026 16:18,,27-07-2026 16:02,21-07-2026 16:43,,03-08-2026 14:53,,24-08-2026 15:18,19-08-2026 14:27,,,6
2289312.0,04-08-2026 13:22,22-07-2026 16:18,,27-07-2026 16:02,21-07-2026 16:43,,03-08-2026 14:53,,24-08-2026 15:18,19-08-2026 14:27,,,7
2289314.0,,,,,21-07-2026 16:43,,,,,,,,1
2289315.0,04-08-2026 13:22,04-08-2026 13:25,,27-07-2026 16:02,04-08-2026 13:23,,03-08-2026 14:53,,,19-08-2026 14:27,,,6
2289317.0,04-08-2026 13:22,22-07-2026 16:18,,27-07-2026 16:02,21-07-2026 16:43,,03-08-2026 14:53,,24-08-2026 15:18,19-08-2026 14:27,,,7
2289319.0,04-08-2026 13:22,22-07-2026 16:18,,27-07-2026 16:02,21-07-2026 16:43,,03-08-2026 14:53,,,19-08-2026 14:27,,,6
2289320.0,,22-07-2026 16:18,,27-07-2026 16:02,21-07-2026 16:43,,03-08-2026 14:53,,,,,,4
2289322.0,04-08-2026 13:22,22-07-2026 16:18,,27-07-2026 16:02,21-07-2026 16:43,,03-08-2026 14:53,,24-08-2026 15:18,19-08-2026 14:27,,,7
2289323.0,04-08-2026 13:22,22-07-2026 16:18,,27-07-2026 16:02,21-07-2026 16:43,,03-08-2026 14:53,,,,,,5
2289640.0,27-07-2026 12:18,27-07-2026 12:17,,25-07-2026 10:27,27-07-2026 12:19,,03-08-2026 12:07,,24-08-2026 10:07,19-08-2026 11:20,,,7
2289641.0,22-07-2026 12:19,22-07-2026 12:16,,25-07-2026 10:27,22-07-2026 12:20,,03-08-2026 12:07,,24-08-2026 10:07,,,,6
2289642.0,,22-07-2026 12:16,,,,,,,,,,,1
2289643.0,22-07-2026 12:19,22-07-2026 12:16,,25-07-2026 10:27,22-07-2026 12:20,,03-08-2026 12:07,,24-08-2026 10:07,19-08-2026 11:20,,,7
2289644.0,22-07-2026 12:19,22-07-2026 12:16,,25-07-2026 10:27,22-07-2026 12:20,,03-08-2026 12:07,,24-08-2026 10:07,19-08-2026 11:20,,,7
2289645.0,22-07-2026 12:19,22-07-2026 12:16,,25-07-2026 10:27,22-07-2026 12:20,,03-08-2026 12:07,,24-08-2026 10:07,,,,6
2289646.0,,22-07-2026 12:16,,,,,,,,,,,1
2291149.0,25-08-2026 10:40,25-08-2026 10:26,,28-07-2026 09:51,24-07-2026 12:17,,17-08-2026 09:47,,21-08-2026 12:52,21-08-2026 09:38,,,7
2293610.0,27-07-2026 09:30,28-07-2026 10:02,,27-07-2026 10:47,27-07-2026 10:21,,03-08-2026 09:49,,24-08-2026 11:30,14-08-2026 09:31,,,7
2293679.0,,,,29-07-2026 17:45,,,,,25-08-2026 16:02,24-08-2026 17:30,,,3
2293680.0,,,,29-07-2026 17:45,,,20-08-2026 15:39,,25-08-2026 16:02,24-08-2026 17:30,,,4
2293682.0,,,,29-07-2026 17:45,,,20-08-2026 15:39,,25-08-2026 16:02,24-08-2026 17:30,,,4
2293683.0,,,,29-07-2026 17:45,,,20-08-2026 15:39,,25-08-2026 16:02,24-08-2026 17:30,,,4
2293702.0,,,,31-07-2026 15:46,27-07-2026 15:05,,,,18-08-2026 15:45,,,,3
2293703.0,,,,31-07-2026 15:46,27-07-2026 15:05,,08-08-2026 13:36,,18-08-2026 15:45,08-08-2026 14:10,,,5
2293704.0,,,,,30-07-2026 15:38,,,,,,,,1
2293705.0,,,,,30-07-2026 12:00,,18-08-2026 14:13,,24-08-2026 15:25,19-08-2026 15:19,,,4
2293725.0,30-07-2026 12:34,30-07-2026 10:19,,24-08-2026 10:56,30-07-2026 11:34,,03-08-2026 10:27,,18-08-2026 14:25,06-08-2026 12:41,,,7
2293773.0,30-07-2026 12:34,30-07-2026 10:19,,24-08-2026 10:56,30-07-2026 11:34,,25-08-2026 10:45,,18-08-2026 14:25,,,,6
2293775.0,30-07-2026 12:34,30-07-2026 10:19,,24-08-2026 10:56,30-07-2026 11:34,,03-08-2026 10:27,,18-08-2026 14:25,06-08-2026 12:41,,,7
2293777.0,30-07-2026 12:34,30-07-2026 10:19,,24-08-2026 10:56,30-07-2026 11:34,,03-08-2026 10:27,,18-08-2026 14:25,06-08-2026 12:41,,,7
2293783.0,30-07-2026 12:30,30-07-2026 12:27,,,,,04-08-2026 10:20,,20-08-2026 11:20,06-08-2026 11:51,,,5
2293785.0,30-07-2026 12:30,30-07-2026 12:27,,,25-08-2026 11:23,,04-08-2026 10:20,,20-08-2026 11:20,06-08-2026 11:51,,,6
2293786.0,30-07-2026 12:30,30-07-2026 12:27,,,25-08-2026 11:23,,,,20-08-2026 11:20,06-08-2026 11:51,,,5
2293787.0,30-07-2026 12:30,30-07-2026 12:27,,,25-08-2026 11:23,,04-08-2026 10:20,,20-08-2026 11:20,06-08-2026 11:51,,,6
2293788.0,30-07-2026 12:30,30-07-2026 12:27,,,25-08-2026 11:23,,04-08-2026 10:20,,20-08-2026 11:20,06-08-2026 11:51,,,6
2293789.0,30-07-2026 12:30,30-07-2026 12:27,,,25-08-2026 11:23,,04-08-2026 10:20,,,06-08-2026 11:51,,,5
2293790.0,30-07-2026 12:30,30-07-2026 12:27,,,25-08-2026 11:23,,04-08-2026 10:20,,20-08-2026 11:20,,,,5
2293791.0,30-07-2026 12:30,30-07-2026 12:27,,,25-08-2026 11:23,,04-08-2026 10:20,,20-08-2026 11:20,06-08-2026 11:51,,,6
2293792.0,28-07-2026 14:10,28-07-2026 12:29,,29-07-2026 11:20,28-07-2026 14:17,,03-08-2026 14:26,,20-08-2026 15:16,07-08-2026 14:02,,,7
2293793.0,28-07-2026 14:10,28-07-2026 12:29,,29-07-2026 11:20,28-07-2026 14:17,,03-08-2026 14:26,,20-08-2026 15:16,07-08-2026 14:02,,,7
2293794.0,28-07-2026 14:10,28-07-2026 12:29,,29-07-2026 11:20,28-07-2026 14:17,,03-08-2026 14:26,,20-08-2026 15:16,07-08-2026 14:02,,,7
2293795.0,28-07-2026 14:10,28-07-2026 12:29,,29-07-2026 11:20,28-07-2026 14:17,,03-08-2026 14:26,,20-08-2026 15:16,07-08-2026 14:02,,,7
2293797.0,,,,,,,,,20-08-2026 15:16,,,,1
2293928.0,,,,,,,03-08-2026 13:56,,31-08-2026 16:33,17-08-2026 15:26,,,3
2293933.0,,,,,,,03-08-2026 13:56,,31-08-2026 16:33,17-08-2026 15:26,,,3
2293935.0,,,,,,,03-08-2026 13:56,,31-08-2026 16:33,17-08-2026 15:26,,,3
2293937.0,,,,31-07-2026 15:46,,,08-08-2026 13:36,,18-08-2026 15:45,08-08-2026 14:10,,,4
2294955.0,29-08-2026 10:40,25-08-2026 09:39,,31-08-2026 10:42,31-08-2026 10:39,,31-08-2026 11:07,,18-08-2026 14:06,07-08-2026 13:25,,,7
2295207.0,30-07-2026 15:50,30-07-2026 15:48,,25-08-2026 16:17,24-08-2026 13:38,,03-08-2026 17:40,,,06-08-2026 16:51,,,6
2295976.0,27-08-2026 09:13,25-08-2026 09:48,,29-08-2026 10:49,31-08-2026 09:15,,03-08-2026 14:26,,,07-08-2026 14:02,,,6
2295987.0,,,,,,,04-08-2026 10:20,,,06-08-2026 11:51,,,2
2299028.0,29-08-2026 10:40,25-08-2026 09:39,,,,,31-08-2026 11:07,,18-08-2026 14:06,07-08-2026 13:25,,,5
2304565.0,29-08-2026 10:40,25-08-2026 09:39,,31-08-2026 10:42,31-08-2026 10:39,,31-08-2026 11:07,,18-08-2026 14:06,,,,6
2304566.0,29-08-2026 10:40,25-08-2026 09:39,,31-08-2026 10:42,31-08-2026 10:39,,31-08-2026 11:07,,18-08-2026 14:06,,,,6
2304568.0,29-08-2026 10:40,25-08-2026 09:39,,31-08-2026 10:42,31-08-2026 10:39,,31-08-2026 11:07,,18-08-2026 14:06,,,,6
2304592.0,,,,24-08-2026 10:56,,,,,,,,,1
2304594.0,,,,,,,25-08-2026 10:45,,,,,,1
2304595.0,29-08-2026 10:40,25-08-2026 09:39,,31-08-2026 10:42,31-08-2026 10:39,,31-08-2026 11:07,,,,,,5
2304643.0,20-08-2026 17:06,19-08-2026 17:30,,25-08-2026 13:30,27-08-2026 14:45,,27-08-2026 14:39,,19-08-2026 16:55,31-08-2026 15:07,,,7
2304645.0,20-08-2026 17:06,19-08-2026 16:07,,25-08-2026 13:30,25-08-2026 15:46,,27-08-2026 14:39,,31-08-2026 14:05,31-08-2026 15:07,,,7
2304647.0,20-08-2026 17:06,19-08-2026 17:30,,,,,,,19-08-2026 16:55,,,,3
2304649.0,20-08-2026 17:06,19-08-2026 17:30,,25-08-2026 13:30,25-08-2026 15:46,,27-08-2026 14:39,,19-08-2026 16:55,31-08-2026 15:07,,,7
2304651.0,20-08-2026 17:06,19-08-2026 17:30,,25-08-2026 13:30,25-08-2026 15:46,,27-08-2026 14:39,,19-08-2026 16:55,31-08-2026 15:07,,,7
2304653.0,20-08-2026 17:06,19-08-2026 17:30,,25-08-2026 13:30,25-08-2026 15:46,,27-08-2026 14:39,,19-08-2026 16:55,31-08-2026 15:07,,,7
2304655.0,20-08-2026 17:06,19-08-2026 17:30,,25-08-2026 13:30,27-08-2026 14:45,,27-08-2026 14:39,,19-08-2026 16:55,31-08-2026 15:07,,,7
2304656.0,20-08-2026 17:06,19-08-2026 16:07,,25-08-2026 13:30,25-08-2026 15:46,,,,,,,,4
2304659.0,19-08-2026 17:04,18-08-2026 16:45,,25-08-2026 16:17,24-08-2026 13:38,,31-08-2026 13:58,,19-08-2026 14:26,29-08-2026 14:00,,,7
2304661.0,19-08-2026 17:04,18-08-2026 16:45,,25-08-2026 16:17,24-08-2026 13:38,,31-08-2026 13:58,,19-08-2026 14:26,29-08-2026 14:00,,,7
2304663.0,19-08-2026 17:04,18-08-2026 16:45,,25-08-2026 16:17,24-08-2026 13:38,,31-08-2026 13:58,,19-08-2026 14:26,29-08-2026 14:00,,,7
2304665.0,19-08-2026 17:04,18-08-2026 16:45,,25-08-2026 16:17,24-08-2026 13:38,,31-08-2026 13:58,,19-08-2026 14:26,29-08-2026 14:00,,,7
2304666.0,19-08-2026 17:04,18-08-2026 16:45,,25-08-2026 16:17,24-08-2026 13:38,,31-08-2026 13:58,,19-08-2026 14:26,29-08-2026 14:00,,,7
2304668.0,19-08-2026 17:04,18-08-2026 16:45,,25-08-2026 16:17,24-08-2026 13:38,,31-08-2026 13:58,,19-08-2026 14:26,29-08-2026 14:00,,,7
2304681.0,,,,24-08-2026 10:56,,,25-08-2026 10:45,,,,,,2
2304682.0,19-08-2026 17:04,18-08-2026 16:45,,25-08-2026 16:17,24-08-2026 13:38,,31-08-2026 13:58,,19-08-2026 14:26,29-08-2026 14:00,,,7
2304683.0,19-08-2026 17:04,18-08-2026 16:45,,25-08-2026 16:17,24-08-2026 13:38,,31-08-2026 13:58,,19-08-2026 14:26,29-08-2026 14:00,,,7
2304684.0,19-08-2026 17:04,18-08-2026 16:45,,25-08-2026 16:17,24-08-2026 13:38,,31-08-2026 13:58,,19-08-2026 14:26,29-08-2026 14:00,,,7
2304685.0,19-08-2026 17:04,18-08-2026 16:45,,25-08-2026 16:17,24-08-2026 13:38,,,,19-08-2026 14:26,29-08-2026 14:00,,,6
2305362.0,,20-08-2026 12:20,,,25-08-2026 11:23,,,,20-08-2026 11:20,,,,3
2305363.0,,20-08-2026 12:20,,,25-08-2026 11:23,,,,20-08-2026 11:20,,,,3
