ChildID,CLS/RB/Y1/SS2,CLS/RB/Y1/SS1,DLA/Y1/SS1,CLS/Y1/SA/C1/SS4,CLS/Y1/SA/C1/SS3,DLA/Y1/SS2,CLS/Y1/CM/C1/SS5,C2L/RPB/SS1,CLS/Y1/EM/C2/SS7,CLS/Y1/EM/C1/SS6,CLS/Y1/NE/C2/SS13,CLS/Y1/SA/C2/SS8,Total_Sessions_Attended
2248640.0,17-07-2026 14:10,09-07-2026 14:30,30-07-2026 12:30,19-08-2026 14:26,19-08-2026 14:26,13-08-2026 12:04,,,,,,,6
2248642.0,17-07-2026 14:10,09-07-2026 14:30,30-07-2026 12:30,19-08-2026 14:26,19-08-2026 14:26,13-08-2026 12:04,,,,,,,6
2248643.0,17-07-2026 14:10,09-07-2026 14:30,30-07-2026 12:30,19-08-2026 14:26,19-08-2026 14:26,13-08-2026 12:04,,,,,,,6
2248644.0,17-07-2026 14:10,09-07-2026 14:30,30-07-2026 12:30,19-08-2026 14:26,19-08-2026 14:26,13-08-2026 12:04,,,,,,,6
2248645.0,17-07-2026 14:10,09-07-2026 14:30,30-07-2026 12:30,19-08-2026 14:26,19-08-2026 14:26,13-08-2026 12:04,,,,,,,6
2248646.0,17-07-2026 14:10,09-07-2026 14:30,30-07-2026 12:30,19-08-2026 14:26,19-08-2026 14:26,13-08-2026 12:04,,,,,,,6
2248647.0,17-07-2026 14:10,09-07-2026 14:30,30-07-2026 12:30,19-08-2026 14:26,19-08-2026 14:26,13-08-2026 12:04,,,,,,,6
2248649.0,17-07-2026 14:10,09-07-2026 14:30,30-07-2026 12:30,19-08-2026 14:26,19-08-2026 14:26,13-08-2026 12:04,,,,,,,6
2248650.0,17-07-2026 14:10,09-07-2026 14:30,30-07-2026 12:30,19-08-2026 14:26,19-08-2026 14:26,13-08-2026 12:04,,,,,,,6
2248651.0,17-07-2026 14:10,09-07-2026 14:30,30-07-2026 12:30,19-08-2026 14:26,19-08-2026 14:26,13-08-2026 12:04,,,,,,,6
2248653.0,17-07-2026 14:10,09-07-2026 14:30,20-08-2026 14:17,19-08-2026 14:26,19-08-2026 14:26,13-08-2026 12:04,,,,,,,6
2248654.0,17-07-2026 14:10,09-07-2026 14:30,30-07-2026 12:30,19-08-2026 14:26,19-08-2026 14:26,13-08-2026 12:04,,,,,,,6
2248655.0,23-07-2026 14:13,09-07-2026 14:30,30-07-2026 12:30,19-08-2026 14:26,19-08-2026 14:26,13-08-2026 12:04,,,,,,,6
2248656.0,17-07-2026 14:10,09-07-2026 14:30,30-07-2026 12:30,19-08-2026 14:26,19-08-2026 14:26,13-08-2026 12:04,,,,,,,6
2248658.0,17-07-2026 14:10,24-07-2026 11:17,30-07-2026 12:30,19-08-2026 14:26,19-08-2026 14:26,13-08-2026 12:04,,,,,,,6
2248659.0,23-07-2026 14:13,09-07-2026 14:30,30-07-2026 12:30,29-08-2026 12:08,29-08-2026 12:07,13-08-2026 12:04,,,,,,,6
2248660.0,16-07-2026 11:36,08-07-2026 11:37,27-07-2026 16:01,19-08-2026 10:56,19-08-2026 10:56,05-08-2026 16:06,,,,,,,6
2248661.0,16-07-2026 11:36,08-07-2026 11:37,27-07-2026 16:01,19-08-2026 10:56,19-08-2026 10:56,05-08-2026 16:06,,,,,,,6
2248662.0,04-08-2026 14:30,20-07-2026 14:38,27-07-2026 16:01,19-08-2026 10:56,19-08-2026 10:56,05-08-2026 16:06,,,,,,,6
2248663.0,16-07-2026 11:36,08-07-2026 11:37,27-07-2026 16:01,19-08-2026 10:56,19-08-2026 10:56,05-08-2026 16:06,,,,,,,6
2248664.0,16-07-2026 11:36,08-07-2026 11:37,27-07-2026 16:01,19-08-2026 10:56,19-08-2026 10:56,05-08-2026 16:06,,,,,,,6
2248665.0,16-07-2026 11:36,08-07-2026 11:37,27-07-2026 16:01,19-08-2026 10:56,19-08-2026 10:56,05-08-2026 16:06,,,,,,,6
2248667.0,16-07-2026 11:36,08-07-2026 11:37,27-07-2026 16:01,19-08-2026 10:56,19-08-2026 10:56,05-08-2026 16:06,,,,,,,6
2248668.0,17-07-2026 10:29,15-07-2026 12:18,30-07-2026 10:09,18-08-2026 10:34,18-08-2026 10:32,06-08-2026 09:56,,,,,,,6
2248669.0,17-07-2026 10:29,15-07-2026 12:18,29-07-2026 09:47,11-08-2026 14:35,11-08-2026 12:14,06-08-2026 09:56,,,,,,,6
2248672.0,17-07-2026 10:29,20-07-2026 14:44,29-07-2026 09:47,18-08-2026 10:34,18-08-2026 10:32,07-08-2026 14:46,,,,,,,6
2248673.0,17-07-2026 10:29,15-07-2026 12:18,29-07-2026 09:47,11-08-2026 14:35,11-08-2026 12:14,06-08-2026 09:56,,,,,,,6
2248676.0,17-07-2026 10:29,15-07-2026 12:18,29-07-2026 09:47,11-08-2026 14:35,11-08-2026 12:14,06-08-2026 09:56,,,,,,,6
2248679.0,17-07-2026 10:29,20-07-2026 14:44,29-07-2026 09:47,11-08-2026 14:35,11-08-2026 12:14,06-08-2026 09:56,,,,,,,6
2248681.0,17-07-2026 10:29,20-07-2026 14:44,30-07-2026 10:09,11-08-2026 14:35,11-08-2026 12:14,06-08-2026 09:56,,,,,,,6
2248684.0,17-07-2026 10:29,15-07-2026 12:18,30-07-2026 10:09,18-08-2026 10:34,18-08-2026 10:32,06-08-2026 09:56,,,,,,,6
2248747.0,16-07-2026 10:42,06-07-2026 12:19,12-08-2026 14:44,29-08-2026 11:35,25-08-2026 12:11,13-08-2026 14:48,29-08-2026 16:22,,,,,,7
2248753.0,21-07-2026 12:26,06-07-2026 11:18,05-08-2026 10:58,31-08-2026 12:18,25-08-2026 12:10,18-08-2026 11:56,,,,,,,6
2248754.0,17-07-2026 14:10,08-07-2026 15:58,12-08-2026 14:44,29-08-2026 11:35,29-08-2026 11:15,13-08-2026 14:48,29-08-2026 16:22,,,,,,7
2248759.0,,17-07-2026 10:57,12-08-2026 14:44,29-08-2026 11:35,29-08-2026 11:15,13-08-2026 14:48,29-08-2026 16:22,,,,,,6
2248760.0,17-07-2026 10:29,15-07-2026 12:18,29-07-2026 09:47,11-08-2026 14:35,11-08-2026 12:14,06-08-2026 09:56,,,,,,,6
2248762.0,17-07-2026 10:29,15-07-2026 12:18,29-07-2026 09:47,11-08-2026 14:35,11-08-2026 12:14,06-08-2026 09:56,,,,,,,6
2248764.0,24-07-2026 10:47,15-07-2026 12:45,28-07-2026 16:02,25-08-2026 10:57,25-08-2026 10:56,,,,,,,,5
2248766.0,17-07-2026 10:29,15-07-2026 12:18,29-07-2026 09:47,18-08-2026 10:34,18-08-2026 10:32,07-08-2026 14:46,,,,,,,6
2248767.0,,17-07-2026 10:57,12-08-2026 14:44,29-08-2026 11:35,29-08-2026 11:15,13-08-2026 14:48,29-08-2026 16:22,,,,,,6
2248768.0,21-07-2026 12:26,15-07-2026 11:56,05-08-2026 15:08,25-08-2026 14:31,25-08-2026 14:30,18-08-2026 14:49,,,,,,,6
2248769.0,24-07-2026 10:47,21-07-2026 09:31,28-07-2026 16:02,25-08-2026 10:57,25-08-2026 10:56,05-08-2026 10:06,,,,,,,6
2248771.0,17-07-2026 14:10,09-07-2026 14:30,30-07-2026 12:30,19-08-2026 14:26,19-08-2026 14:26,13-08-2026 12:04,,,,,,,6
2248772.0,17-07-2026 10:29,15-07-2026 12:18,30-07-2026 10:09,11-08-2026 14:35,11-08-2026 12:14,07-08-2026 14:46,,,,,,,6
2248773.0,24-07-2026 10:47,21-07-2026 09:31,28-07-2026 16:02,25-08-2026 10:57,25-08-2026 10:56,,,,,,,,5
2248774.0,17-07-2026 14:10,09-07-2026 14:40,12-08-2026 14:44,29-08-2026 11:35,29-08-2026 11:15,13-08-2026 14:48,29-08-2026 16:22,,,,,,7
2248775.0,17-07-2026 14:10,09-07-2026 14:30,20-08-2026 14:17,19-08-2026 14:26,19-08-2026 14:26,13-08-2026 12:04,,,,,,,6
2248778.0,21-07-2026 12:26,15-07-2026 11:56,29-07-2026 12:00,25-08-2026 10:50,25-08-2026 10:48,11-08-2026 12:30,,,,,,,6
2248785.0,17-07-2026 14:10,09-07-2026 14:30,30-07-2026 12:30,19-08-2026 14:26,19-08-2026 14:26,13-08-2026 12:04,,,,,,,6
2248788.0,24-07-2026 10:47,21-07-2026 09:31,28-07-2026 16:02,25-08-2026 10:57,25-08-2026 10:56,05-08-2026 10:06,,,,,,,6
2248791.0,17-07-2026 14:10,09-07-2026 14:30,30-07-2026 12:30,19-08-2026 14:26,19-08-2026 14:26,13-08-2026 12:04,,,,,,,6
2248793.0,30-07-2026 14:25,29-07-2026 12:39,28-07-2026 16:02,29-08-2026 10:41,29-08-2026 10:41,,,,,,,,5
2248795.0,17-07-2026 11:45,24-07-2026 11:17,13-08-2026 14:04,20-08-2026 11:57,20-08-2026 11:56,19-08-2026 16:01,,,,,,,6
2248799.0,24-07-2026 10:47,21-07-2026 09:31,28-07-2026 16:02,25-08-2026 10:57,25-08-2026 10:56,05-08-2026 10:06,,,,,,,6
2248802.0,24-07-2026 10:47,21-07-2026 09:31,28-07-2026 16:02,25-08-2026 10:57,25-08-2026 10:56,,,,,,,,5
2248809.0,24-07-2026 10:47,21-07-2026 09:31,28-07-2026 16:02,25-08-2026 10:57,25-08-2026 10:56,05-08-2026 10:06,,,,,,,6
2248813.0,24-07-2026 10:47,21-07-2026 09:31,28-07-2026 16:02,25-08-2026 10:57,25-08-2026 10:56,05-08-2026 10:06,,,,,,,6
2248841.0,24-07-2026 10:47,21-07-2026 09:31,28-07-2026 16:02,25-08-2026 10:57,25-08-2026 10:56,05-08-2026 10:06,,,,,,,6
2248852.0,17-07-2026 14:10,09-07-2026 14:30,20-08-2026 14:17,19-08-2026 14:26,19-08-2026 14:26,13-08-2026 12:04,,,,,,,6
2248853.0,24-07-2026 10:47,21-07-2026 09:31,28-07-2026 16:02,25-08-2026 10:57,25-08-2026 10:56,05-08-2026 10:06,,,,,,,6
2248857.0,24-07-2026 10:47,21-07-2026 09:31,28-07-2026 16:02,25-08-2026 10:57,25-08-2026 10:56,,,,,,,,5
2248858.0,17-07-2026 14:10,09-07-2026 14:30,30-07-2026 12:30,19-08-2026 14:26,19-08-2026 14:26,13-08-2026 12:04,,,,,,,6
2248862.0,22-07-2026 15:25,15-07-2026 11:51,01-08-2026 12:15,18-08-2026 15:24,18-08-2026 15:24,06-08-2026 14:48,,,,,,,6
2248864.0,24-07-2026 10:47,21-07-2026 09:31,28-07-2026 16:02,25-08-2026 10:57,25-08-2026 10:56,05-08-2026 10:06,,,,,,,6
2248865.0,17-07-2026 14:10,09-07-2026 14:30,30-07-2026 12:30,19-08-2026 14:26,19-08-2026 14:26,13-08-2026 12:04,,,,,,,6
2248872.0,24-07-2026 10:47,21-07-2026 09:31,28-07-2026 16:02,25-08-2026 10:57,25-08-2026 10:56,05-08-2026 10:06,,,,,,,6
2248877.0,22-07-2026 15:25,15-07-2026 11:51,01-08-2026 12:15,18-08-2026 15:24,18-08-2026 15:24,06-08-2026 14:48,27-08-2026 14:42,,,,,,7
2248888.0,24-07-2026 10:47,21-07-2026 09:31,12-08-2026 12:39,25-08-2026 10:57,25-08-2026 10:56,,,,,,,,5
2248897.0,22-07-2026 15:25,15-07-2026 11:51,01-08-2026 12:15,18-08-2026 15:24,18-08-2026 15:24,06-08-2026 14:48,,,,,,,6
2248898.0,23-07-2026 14:13,24-07-2026 11:17,30-07-2026 12:30,19-08-2026 14:26,19-08-2026 14:26,13-08-2026 12:04,,,,,,,6
2248902.0,22-07-2026 15:25,15-07-2026 11:51,01-08-2026 12:15,18-08-2026 15:24,18-08-2026 15:24,06-08-2026 14:48,,,,,,,6
2248909.0,17-07-2026 14:10,09-07-2026 14:30,20-08-2026 14:17,19-08-2026 14:26,19-08-2026 14:26,13-08-2026 12:04,,,,,,,6
2248915.0,24-07-2026 10:47,21-07-2026 09:31,12-08-2026 12:39,25-08-2026 10:57,25-08-2026 10:56,05-08-2026 10:06,,,,,,,6
2248918.0,17-07-2026 14:10,09-07-2026 14:30,30-07-2026 12:30,19-08-2026 14:26,19-08-2026 14:26,13-08-2026 12:04,,,,,,,6
2248919.0,24-07-2026 10:47,21-07-2026 09:31,12-08-2026 12:39,25-08-2026 10:57,25-08-2026 10:56,05-08-2026 10:06,,,,,,,6
2248920.0,22-07-2026 15:25,15-07-2026 11:51,27-07-2026 15:28,18-08-2026 15:24,18-08-2026 15:24,12-08-2026 10:43,27-08-2026 14:42,,,,,,7
2248922.0,24-07-2026 10:47,21-07-2026 09:31,28-07-2026 16:02,25-08-2026 10:57,25-08-2026 10:56,05-08-2026 10:06,,,,,,,6
2248924.0,17-07-2026 14:10,24-07-2026 11:17,30-07-2026 12:30,19-08-2026 14:26,19-08-2026 14:26,13-08-2026 12:04,,,,,,,6
2248926.0,24-07-2026 10:47,21-07-2026 09:31,28-07-2026 16:02,25-08-2026 10:57,25-08-2026 10:56,05-08-2026 10:06,,,,,,,6
2248928.0,22-07-2026 15:25,15-07-2026 11:51,27-07-2026 15:28,18-08-2026 15:24,18-08-2026 15:24,12-08-2026 10:43,27-08-2026 14:42,,,,,,7
2248931.0,22-07-2026 15:25,30-07-2026 13:49,27-07-2026 15:28,18-08-2026 15:24,18-08-2026 15:24,06-08-2026 14:48,,,,,,,6
2248932.0,17-07-2026 14:10,09-07-2026 14:30,20-08-2026 14:17,19-08-2026 14:26,19-08-2026 14:26,13-08-2026 12:04,,,,,,,6
2248937.0,22-07-2026 15:25,15-07-2026 11:51,01-08-2026 12:15,18-08-2026 15:24,18-08-2026 15:24,06-08-2026 14:48,27-08-2026 14:42,,,,,,7
2248939.0,29-07-2026 10:34,24-07-2026 14:44,27-07-2026 15:28,18-08-2026 15:24,18-08-2026 15:24,06-08-2026 14:48,,,,,,,6
2248947.0,17-07-2026 10:29,15-07-2026 12:18,29-07-2026 09:47,11-08-2026 14:35,11-08-2026 12:14,06-08-2026 09:56,,,,,,,6
2248948.0,17-07-2026 10:29,20-07-2026 14:44,29-07-2026 09:47,11-08-2026 14:35,11-08-2026 12:14,06-08-2026 09:56,,,,,,,6
2248949.0,17-07-2026 10:29,15-07-2026 12:18,30-07-2026 10:09,11-08-2026 14:35,11-08-2026 12:14,06-08-2026 09:56,,,,,,,6
2248950.0,17-07-2026 10:29,15-07-2026 12:18,29-07-2026 09:47,11-08-2026 14:35,11-08-2026 12:14,06-08-2026 09:56,,,,,,,6
2248951.0,17-07-2026 10:29,15-07-2026 12:18,29-07-2026 09:47,11-08-2026 14:35,11-08-2026 12:14,06-08-2026 09:56,,,,,,,6
2248952.0,17-07-2026 10:29,29-07-2026 15:27,30-07-2026 10:09,18-08-2026 10:34,18-08-2026 10:32,31-08-2026 14:45,,,,,,,6
2248953.0,17-07-2026 10:29,15-07-2026 12:18,29-07-2026 09:47,11-08-2026 14:35,11-08-2026 12:14,06-08-2026 09:56,,,,,,,6
2248956.0,21-07-2026 11:58,15-07-2026 12:18,29-07-2026 09:47,11-08-2026 14:35,11-08-2026 12:14,06-08-2026 09:56,,,,,,,6
2248959.0,17-07-2026 11:22,06-07-2026 12:08,27-07-2026 11:40,12-08-2026 11:40,11-08-2026 11:29,05-08-2026 11:33,,,,,,,6
2248961.0,17-07-2026 14:10,08-07-2026 15:58,12-08-2026 14:44,29-08-2026 11:35,29-08-2026 11:15,13-08-2026 14:48,29-08-2026 16:22,,,,,,7
2249106.0,16-07-2026 15:21,13-07-2026 12:22,28-07-2026 10:41,12-08-2026 11:03,12-08-2026 11:02,05-08-2026 12:17,,,,,,,6
2249107.0,16-07-2026 15:21,13-07-2026 12:22,28-07-2026 10:41,24-08-2026 15:40,24-08-2026 15:39,11-08-2026 11:34,,,,,,,6
2249108.0,16-07-2026 15:21,13-07-2026 12:22,28-07-2026 10:41,12-08-2026 11:03,12-08-2026 11:02,05-08-2026 12:17,,,,,,,6
2249109.0,17-07-2026 14:10,08-07-2026 14:19,12-08-2026 14:44,29-08-2026 11:35,29-08-2026 11:15,13-08-2026 14:48,29-08-2026 16:22,,,,,,7
2249110.0,17-07-2026 14:10,08-07-2026 14:19,12-08-2026 14:44,29-08-2026 11:35,29-08-2026 11:15,13-08-2026 14:48,29-08-2026 16:22,,,,,,7
2249111.0,,17-07-2026 10:57,12-08-2026 14:44,29-08-2026 11:35,29-08-2026 11:15,13-08-2026 14:48,29-08-2026 16:22,,,,,,6
2249112.0,17-07-2026 14:10,08-07-2026 14:19,12-08-2026 14:44,29-08-2026 11:35,29-08-2026 11:15,13-08-2026 14:48,29-08-2026 16:22,,,,,,7
2249114.0,16-07-2026 15:42,08-07-2026 14:19,12-08-2026 14:44,29-08-2026 11:35,29-08-2026 11:15,13-08-2026 14:48,29-08-2026 16:22,,,,,,7
2249115.0,17-07-2026 14:10,08-07-2026 14:19,12-08-2026 14:44,29-08-2026 11:35,29-08-2026 11:15,13-08-2026 14:48,29-08-2026 16:22,,,,,,7
2249116.0,,17-07-2026 10:57,12-08-2026 14:44,,,13-08-2026 14:48,,,,,,,3
2249117.0,17-07-2026 14:10,08-07-2026 14:19,12-08-2026 14:44,29-08-2026 11:35,29-08-2026 11:15,13-08-2026 14:48,29-08-2026 16:22,,,,,,7
2249118.0,16-07-2026 15:42,08-07-2026 14:19,12-08-2026 14:44,,,13-08-2026 14:48,,,,,,,4
2249119.0,17-07-2026 14:10,08-07-2026 14:19,12-08-2026 14:44,29-08-2026 11:35,29-08-2026 11:15,13-08-2026 14:48,29-08-2026 16:22,,,,,,7
2249120.0,16-07-2026 15:42,08-07-2026 14:19,12-08-2026 14:44,,,13-08-2026 14:48,,,,,,,4
2249121.0,17-07-2026 14:10,08-07-2026 14:19,12-08-2026 14:44,29-08-2026 11:35,29-08-2026 11:15,13-08-2026 14:48,29-08-2026 16:22,,,,,,7
2249122.0,16-07-2026 15:42,08-07-2026 14:19,12-08-2026 14:44,,,13-08-2026 14:48,,,,,,,4
2249124.0,22-07-2026 15:25,15-07-2026 11:51,27-07-2026 15:28,18-08-2026 15:24,18-08-2026 15:24,06-08-2026 14:48,,,,,,,6
2249133.0,22-07-2026 15:25,15-07-2026 11:51,27-07-2026 15:28,18-08-2026 15:24,18-08-2026 15:24,06-08-2026 14:48,27-08-2026 14:42,,,,,,7
2249151.0,22-07-2026 15:25,15-07-2026 11:51,27-07-2026 15:28,18-08-2026 15:24,18-08-2026 15:24,06-08-2026 14:48,27-08-2026 14:42,,,,,,7
2249171.0,20-07-2026 10:39,30-07-2026 14:40,27-07-2026 15:28,,,05-08-2026 10:45,27-08-2026 14:42,,,,,,5
2249206.0,17-07-2026 14:10,09-07-2026 14:30,30-07-2026 12:30,19-08-2026 14:26,19-08-2026 14:26,13-08-2026 12:04,,,,,,,6
2249210.0,22-07-2026 15:25,30-07-2026 13:49,27-07-2026 15:28,18-08-2026 15:24,18-08-2026 15:24,12-08-2026 10:43,,,,,,,6
2249223.0,22-07-2026 15:25,30-07-2026 13:49,27-07-2026 15:28,18-08-2026 15:24,18-08-2026 15:24,06-08-2026 14:48,,,,,,,6
2249227.0,17-07-2026 14:10,09-07-2026 14:30,30-07-2026 12:30,19-08-2026 14:26,19-08-2026 14:26,13-08-2026 12:04,,,,,,,6
2249238.0,22-07-2026 15:25,15-07-2026 11:51,27-07-2026 15:28,18-08-2026 15:24,18-08-2026 15:24,06-08-2026 14:48,27-08-2026 14:42,,,,,,7
2249264.0,22-07-2026 15:25,30-07-2026 13:49,27-07-2026 15:28,18-08-2026 15:24,18-08-2026 15:24,06-08-2026 14:48,27-08-2026 14:42,,,,,,7
2249288.0,22-07-2026 15:25,15-07-2026 11:51,27-07-2026 15:28,18-08-2026 15:24,18-08-2026 15:24,06-08-2026 14:48,27-08-2026 14:42,,,,,,7
2249295.0,17-07-2026 14:10,09-07-2026 14:30,30-07-2026 12:30,19-08-2026 14:26,19-08-2026 14:26,13-08-2026 12:04,,,,,,,6
2249303.0,29-07-2026 10:34,15-07-2026 11:51,01-08-2026 12:15,18-08-2026 15:24,18-08-2026 15:24,29-08-2026 15:00,27-08-2026 14:42,,,,,,7
2249322.0,22-07-2026 15:25,15-07-2026 11:51,27-07-2026 15:28,18-08-2026 15:24,18-08-2026 15:24,06-08-2026 14:48,,,,,,,6
2249333.0,22-07-2026 15:25,15-07-2026 11:51,27-07-2026 15:28,18-08-2026 15:24,18-08-2026 15:24,06-08-2026 14:48,27-08-2026 14:42,,,,,,7
2249336.0,17-07-2026 14:10,24-07-2026 11:17,30-07-2026 12:30,19-08-2026 14:26,19-08-2026 14:26,13-08-2026 12:04,,,,,,,6
2249349.0,22-07-2026 15:25,15-07-2026 11:51,27-07-2026 15:28,18-08-2026 15:24,18-08-2026 15:24,12-08-2026 10:43,27-08-2026 14:42,,,,,,7
2249354.0,17-07-2026 14:10,24-07-2026 11:17,30-07-2026 12:30,19-08-2026 14:26,19-08-2026 14:26,29-08-2026 10:32,,,,,,,6
2249362.0,22-07-2026 15:25,15-07-2026 11:51,27-07-2026 15:28,18-08-2026 15:24,18-08-2026 15:24,06-08-2026 14:48,27-08-2026 14:42,,,,,,7
2249373.0,22-07-2026 15:25,15-07-2026 11:51,27-07-2026 15:28,18-08-2026 15:24,18-08-2026 15:24,06-08-2026 14:48,27-08-2026 14:42,,,,,,7
2249400.0,17-07-2026 14:10,09-07-2026 14:30,30-07-2026 12:30,29-08-2026 12:08,29-08-2026 12:07,29-08-2026 10:32,,,,,,,6
2249417.0,21-07-2026 11:42,04-07-2026 14:11,30-07-2026 15:33,18-08-2026 14:18,18-08-2026 14:17,05-08-2026 14:03,27-08-2026 13:53,,,,,,7
2249424.0,15-07-2026 11:29,04-07-2026 15:40,28-07-2026 09:53,12-08-2026 14:27,12-08-2026 14:26,07-08-2026 12:25,31-08-2026 11:40,,,,,,7
2249431.0,15-07-2026 11:29,04-07-2026 15:40,28-07-2026 09:53,12-08-2026 14:27,12-08-2026 14:26,07-08-2026 12:25,27-08-2026 12:13,,,,,,7
2249442.0,15-07-2026 11:29,04-07-2026 15:40,28-07-2026 09:53,12-08-2026 14:27,12-08-2026 14:26,07-08-2026 12:25,27-08-2026 12:13,,,,,,7
2249453.0,21-07-2026 11:58,04-07-2026 15:40,28-07-2026 09:53,12-08-2026 14:27,12-08-2026 14:26,07-08-2026 12:25,31-08-2026 11:40,,,,,,7
2249460.0,29-07-2026 12:17,04-07-2026 15:40,28-07-2026 09:53,12-08-2026 14:27,12-08-2026 14:26,07-08-2026 12:25,31-08-2026 11:40,,,,,,7
2249473.0,15-07-2026 11:29,04-07-2026 15:40,28-07-2026 09:53,12-08-2026 14:27,12-08-2026 14:26,07-08-2026 12:25,27-08-2026 12:13,,,,,,7
2249477.0,21-07-2026 11:58,04-07-2026 15:40,28-07-2026 09:53,12-08-2026 14:27,12-08-2026 14:26,31-08-2026 14:45,27-08-2026 12:13,,,,,,7
2249482.0,29-07-2026 12:17,04-07-2026 15:40,30-07-2026 10:09,12-08-2026 14:27,18-08-2026 10:32,31-08-2026 14:45,,,,,,,6
2249488.0,21-07-2026 11:58,09-07-2026 13:51,28-07-2026 09:53,12-08-2026 14:27,12-08-2026 14:26,07-08-2026 12:25,27-08-2026 12:13,,,,,,7
2249489.0,15-07-2026 11:29,04-07-2026 15:40,28-07-2026 09:53,12-08-2026 14:27,12-08-2026 14:26,07-08-2026 12:25,27-08-2026 12:13,,,,,,7
2249492.0,21-07-2026 11:42,04-07-2026 14:11,30-07-2026 15:33,18-08-2026 14:18,18-08-2026 14:17,05-08-2026 14:03,27-08-2026 13:53,,,,,,7
2249500.0,15-07-2026 11:29,04-07-2026 15:40,28-07-2026 09:53,12-08-2026 14:27,12-08-2026 14:26,07-08-2026 12:25,27-08-2026 12:13,,,,,,7
2249504.0,21-07-2026 11:58,09-07-2026 13:51,28-07-2026 09:53,12-08-2026 14:27,12-08-2026 14:26,07-08-2026 12:25,27-08-2026 12:13,,,,,,7
2249510.0,15-07-2026 11:29,09-07-2026 13:51,28-07-2026 09:53,18-08-2026 10:34,18-08-2026 10:32,07-08-2026 12:25,27-08-2026 12:13,,,,,,7
2249514.0,15-07-2026 11:29,20-07-2026 14:44,28-07-2026 09:53,12-08-2026 14:27,12-08-2026 14:26,07-08-2026 12:25,27-08-2026 12:13,,,,,,7
2249519.0,21-07-2026 11:58,09-07-2026 13:51,28-07-2026 09:53,12-08-2026 14:27,12-08-2026 14:26,07-08-2026 12:25,31-08-2026 11:40,,,,,,7
2249526.0,21-07-2026 11:42,04-07-2026 14:11,30-07-2026 15:33,18-08-2026 14:18,18-08-2026 14:17,05-08-2026 14:03,27-08-2026 13:53,,,,,,7
2249534.0,15-07-2026 11:29,04-07-2026 15:40,28-07-2026 09:53,12-08-2026 14:27,12-08-2026 14:26,07-08-2026 12:25,31-08-2026 11:40,,,,,,7
2249538.0,21-07-2026 11:42,04-07-2026 14:11,30-07-2026 15:33,18-08-2026 14:18,18-08-2026 14:17,05-08-2026 14:03,27-08-2026 13:53,,,,,,7
2249542.0,15-07-2026 11:29,04-07-2026 15:40,28-07-2026 09:53,12-08-2026 14:27,12-08-2026 14:26,07-08-2026 12:25,27-08-2026 12:13,,,,,,7
2249549.0,15-07-2026 11:29,04-07-2026 15:40,30-07-2026 10:09,12-08-2026 14:27,12-08-2026 14:26,07-08-2026 12:25,31-08-2026 11:40,,,,,,7
2249561.0,28-07-2026 16:19,15-07-2026 12:33,29-07-2026 12:34,,,19-08-2026 14:13,,,,,,,4
2249563.0,15-07-2026 11:29,04-07-2026 15:40,28-07-2026 09:53,12-08-2026 14:27,12-08-2026 14:26,07-08-2026 12:25,27-08-2026 12:13,,,,,,7
2249568.0,15-07-2026 11:29,04-07-2026 15:40,28-07-2026 09:53,12-08-2026 14:27,12-08-2026 14:26,07-08-2026 12:25,27-08-2026 12:13,,,,,,7
2249948.0,28-07-2026 16:19,15-07-2026 12:33,29-07-2026 12:34,,,19-08-2026 14:13,,,,,,,4
2250207.0,28-07-2026 14:56,21-07-2026 11:50,04-08-2026 12:13,18-08-2026 12:14,18-08-2026 12:12,12-08-2026 12:45,,,,,,,6
2250209.0,28-07-2026 14:56,21-07-2026 11:50,01-08-2026 15:26,18-08-2026 12:14,18-08-2026 12:12,12-08-2026 12:45,,,,,,,6
2250212.0,28-07-2026 14:56,21-07-2026 11:50,01-08-2026 15:26,18-08-2026 12:14,18-08-2026 12:12,12-08-2026 12:45,,,,,,,6
2250229.0,17-07-2026 11:22,09-07-2026 13:51,27-07-2026 11:40,12-08-2026 11:40,11-08-2026 11:29,05-08-2026 11:33,27-08-2026 11:29,,,,,,7
2250233.0,17-07-2026 11:22,06-07-2026 12:08,27-07-2026 11:40,13-08-2026 14:27,13-08-2026 14:23,05-08-2026 11:33,27-08-2026 11:29,,,,,,7
2250236.0,21-07-2026 11:42,04-07-2026 14:11,30-07-2026 15:33,18-08-2026 14:18,18-08-2026 14:17,05-08-2026 14:03,27-08-2026 13:53,,,,,,7
2250238.0,13-07-2026 11:27,06-07-2026 12:08,30-07-2026 10:09,12-08-2026 11:40,11-08-2026 11:29,31-08-2026 14:45,,,,,,,6
2250242.0,17-07-2026 11:22,22-07-2026 11:32,30-07-2026 10:09,13-08-2026 14:27,13-08-2026 14:23,07-08-2026 14:46,,,,,,,6
2250251.0,17-07-2026 11:22,06-07-2026 12:08,27-07-2026 11:40,12-08-2026 11:40,11-08-2026 11:29,05-08-2026 11:33,,,,,,,6
2250252.0,21-07-2026 11:42,04-07-2026 14:11,30-07-2026 15:33,18-08-2026 14:18,18-08-2026 14:17,05-08-2026 14:03,27-08-2026 13:53,,,,,,7
2250256.0,21-07-2026 11:58,06-07-2026 12:08,27-07-2026 11:40,13-08-2026 14:27,13-08-2026 14:23,05-08-2026 11:33,27-08-2026 11:29,,,,,,7
2250259.0,17-07-2026 11:22,06-07-2026 12:08,27-07-2026 11:40,12-08-2026 11:40,11-08-2026 11:29,05-08-2026 11:33,27-08-2026 11:29,,,,,,7
2250260.0,21-07-2026 11:42,04-07-2026 14:11,04-08-2026 15:34,18-08-2026 14:18,18-08-2026 14:17,05-08-2026 14:03,27-08-2026 13:53,,,,,,7
2250263.0,17-07-2026 11:22,09-07-2026 13:51,27-07-2026 11:40,12-08-2026 11:40,11-08-2026 11:29,05-08-2026 11:33,27-08-2026 11:29,,,,,,7
2250268.0,17-07-2026 11:22,06-07-2026 12:08,27-07-2026 11:40,12-08-2026 11:40,11-08-2026 11:29,05-08-2026 11:33,,,,,,,6
2250290.0,21-07-2026 11:42,04-07-2026 14:11,30-07-2026 15:33,18-08-2026 14:18,18-08-2026 14:17,05-08-2026 14:03,,,,,,,6
2250293.0,17-07-2026 11:22,06-07-2026 12:08,30-07-2026 10:09,12-08-2026 11:40,11-08-2026 11:29,07-08-2026 14:46,27-08-2026 11:29,,,,,,7
2250298.0,21-07-2026 11:42,04-07-2026 14:11,30-07-2026 15:33,18-08-2026 14:18,18-08-2026 14:17,05-08-2026 14:03,27-08-2026 13:53,,,,,,7
2250299.0,17-07-2026 11:22,06-07-2026 12:08,27-07-2026 11:40,12-08-2026 11:40,11-08-2026 11:29,05-08-2026 11:33,27-08-2026 11:29,,,,,,7
2250302.0,28-07-2026 14:56,21-07-2026 11:50,01-08-2026 15:26,18-08-2026 12:14,18-08-2026 12:12,12-08-2026 12:45,,,,,,,6
2250303.0,17-07-2026 11:22,06-07-2026 12:08,27-07-2026 11:40,12-08-2026 11:40,11-08-2026 11:29,05-08-2026 11:33,27-08-2026 11:29,,,,,,7
2250306.0,17-07-2026 11:22,09-07-2026 13:51,30-07-2026 10:09,18-08-2026 10:34,18-08-2026 10:32,05-08-2026 11:33,,,,,,,6
2250309.0,28-07-2026 14:56,21-07-2026 11:50,14-08-2026 12:41,29-08-2026 11:17,29-08-2026 11:11,18-08-2026 14:09,,,,,,,6
2250311.0,21-07-2026 11:42,04-07-2026 14:11,30-07-2026 15:33,18-08-2026 14:18,18-08-2026 14:17,05-08-2026 14:03,27-08-2026 13:57,,,,,,7
2250323.0,21-07-2026 11:42,04-07-2026 14:11,30-07-2026 15:33,18-08-2026 14:18,18-08-2026 14:17,05-08-2026 14:03,27-08-2026 13:53,,,,,,7
2250326.0,28-07-2026 14:56,21-07-2026 11:50,14-08-2026 12:41,29-08-2026 11:17,29-08-2026 11:37,18-08-2026 14:09,,,,,,,6
2250330.0,28-07-2026 14:56,21-07-2026 11:50,01-08-2026 15:26,18-08-2026 12:14,18-08-2026 12:12,12-08-2026 12:45,,,,,,,6
2250331.0,21-07-2026 11:42,04-07-2026 14:11,30-07-2026 15:33,18-08-2026 14:18,18-08-2026 14:17,05-08-2026 14:03,27-08-2026 13:53,,,,,,7
2250339.0,28-07-2026 14:56,21-07-2026 11:50,01-08-2026 15:26,18-08-2026 12:14,18-08-2026 12:12,12-08-2026 12:45,,,,,,,6
2250347.0,28-07-2026 14:56,21-07-2026 11:50,01-08-2026 15:26,18-08-2026 12:14,18-08-2026 12:12,12-08-2026 12:45,,,,,,,6
2250348.0,21-07-2026 11:42,04-07-2026 14:11,30-07-2026 15:33,18-08-2026 14:18,18-08-2026 14:17,05-08-2026 14:03,27-08-2026 13:53,,,,,,7
2250355.0,28-07-2026 14:56,21-07-2026 11:50,14-08-2026 12:41,,,19-08-2026 15:12,,,,,,,4
2250361.0,28-07-2026 14:56,21-07-2026 11:50,29-08-2026 13:55,,,31-08-2026 14:04,,,,,,,4
2250364.0,21-07-2026 12:26,15-07-2026 11:56,05-08-2026 15:08,25-08-2026 14:31,25-08-2026 14:30,18-08-2026 14:49,,,,,,,6
2250366.0,29-07-2026 12:13,04-07-2026 14:11,30-07-2026 15:33,18-08-2026 14:18,18-08-2026 14:17,05-08-2026 14:03,27-08-2026 13:57,,,,,,7
2250369.0,17-07-2026 11:22,06-07-2026 12:08,30-07-2026 10:09,13-08-2026 14:27,13-08-2026 14:23,05-08-2026 11:33,,,,,,,6
2250373.0,13-07-2026 11:27,09-07-2026 13:51,27-07-2026 11:40,18-08-2026 10:34,18-08-2026 10:32,31-08-2026 14:45,27-08-2026 11:29,,,,,,7
2250375.0,27-07-2026 11:58,06-07-2026 11:18,05-08-2026 15:08,31-08-2026 12:18,31-08-2026 12:17,18-08-2026 14:49,,,,,,,6
2250376.0,28-07-2026 14:56,21-07-2026 11:50,01-08-2026 15:26,18-08-2026 12:14,18-08-2026 12:12,12-08-2026 12:45,,,,,,,6
2250379.0,21-07-2026 11:42,04-07-2026 14:11,30-07-2026 15:33,18-08-2026 14:18,18-08-2026 14:17,05-08-2026 14:03,27-08-2026 13:53,,,,,,7
2250383.0,17-07-2026 11:22,06-07-2026 12:08,27-07-2026 11:40,13-08-2026 14:27,13-08-2026 14:23,05-08-2026 11:33,27-08-2026 11:29,,,,,,7
2250384.0,27-07-2026 11:01,15-07-2026 11:56,29-07-2026 12:00,25-08-2026 10:50,25-08-2026 10:48,11-08-2026 12:30,,,,,,,6
2250385.0,28-07-2026 14:56,21-07-2026 11:50,01-08-2026 15:26,18-08-2026 12:14,18-08-2026 12:12,12-08-2026 12:45,,,,,,,6
2250386.0,17-07-2026 11:22,06-07-2026 12:08,27-07-2026 11:40,12-08-2026 11:40,11-08-2026 11:29,05-08-2026 11:33,27-08-2026 11:29,,,,,,7
2250388.0,29-07-2026 10:34,04-07-2026 14:11,04-08-2026 14:03,,,06-08-2026 14:48,27-08-2026 14:42,,,,,,5
2250389.0,17-07-2026 11:22,06-07-2026 12:08,27-07-2026 11:40,12-08-2026 11:40,11-08-2026 11:29,07-08-2026 14:46,27-08-2026 11:29,,,,,,7
2250390.0,28-07-2026 14:56,21-07-2026 11:50,01-08-2026 15:26,18-08-2026 12:14,18-08-2026 12:12,12-08-2026 12:45,,,,,,,6
2250394.0,27-07-2026 11:01,06-07-2026 11:18,29-07-2026 12:00,25-08-2026 10:50,25-08-2026 10:48,11-08-2026 12:30,,,,,,,6
2250396.0,17-07-2026 11:22,06-07-2026 12:08,27-07-2026 11:40,12-08-2026 11:40,11-08-2026 11:29,07-08-2026 14:46,27-08-2026 11:29,,,,,,7
2250397.0,31-07-2026 12:38,27-07-2026 16:20,01-08-2026 15:26,18-08-2026 12:14,18-08-2026 12:12,12-08-2026 12:45,,,,,,,6
2250399.0,21-07-2026 11:42,04-07-2026 14:11,30-07-2026 15:33,18-08-2026 14:18,18-08-2026 14:17,12-08-2026 10:43,27-08-2026 13:53,,,,,,7
2250406.0,28-07-2026 14:56,21-07-2026 11:50,01-08-2026 15:26,18-08-2026 12:14,18-08-2026 12:12,12-08-2026 12:45,,,,,,,6
2250409.0,21-07-2026 11:42,04-07-2026 14:11,30-07-2026 15:33,18-08-2026 14:18,18-08-2026 14:17,05-08-2026 14:03,27-08-2026 13:53,,,,,,7
2250415.0,,15-07-2026 11:56,29-07-2026 12:00,31-08-2026 12:18,31-08-2026 12:17,11-08-2026 12:30,,,,,,,5
2250419.0,27-07-2026 11:01,15-07-2026 11:56,29-07-2026 12:00,31-08-2026 12:18,31-08-2026 12:17,11-08-2026 12:30,,,,,,,6
2250423.0,27-07-2026 11:58,15-07-2026 11:56,05-08-2026 15:56,25-08-2026 14:31,25-08-2026 14:30,18-08-2026 15:51,,,,,,,6
2250430.0,28-07-2026 14:56,21-07-2026 11:50,01-08-2026 15:26,18-08-2026 12:14,18-08-2026 12:12,12-08-2026 12:45,,,,,,,6
2250433.0,24-07-2026 10:47,21-07-2026 09:31,28-07-2026 16:02,25-08-2026 10:57,25-08-2026 10:56,,,,,,,,5
2250437.0,24-07-2026 10:47,21-07-2026 09:31,28-07-2026 16:02,25-08-2026 10:57,25-08-2026 10:56,05-08-2026 10:06,,,,,,,6
2250440.0,27-07-2026 14:07,06-07-2026 11:18,29-07-2026 12:00,25-08-2026 10:50,25-08-2026 10:48,11-08-2026 12:30,,,,,,,6
2250442.0,27-07-2026 11:01,15-07-2026 11:56,29-07-2026 12:00,25-08-2026 10:50,25-08-2026 10:48,11-08-2026 12:30,,,,,,,6
2250445.0,21-07-2026 12:26,15-07-2026 11:56,05-08-2026 10:58,25-08-2026 12:12,31-08-2026 12:17,18-08-2026 11:56,,,,,,,6
2250455.0,29-07-2026 15:55,27-07-2026 15:15,17-08-2026 16:50,,,24-08-2026 15:54,,,,,,,4
2250457.0,29-07-2026 15:55,27-07-2026 15:15,17-08-2026 16:50,,,24-08-2026 15:54,,,,,,,4
2250459.0,29-07-2026 15:55,27-07-2026 15:15,17-08-2026 16:50,,,24-08-2026 15:54,,,,,,,4
2250484.0,29-07-2026 15:55,27-07-2026 15:15,17-08-2026 16:50,,,24-08-2026 16:32,,,,,,,4
2250536.0,30-07-2026 14:25,29-07-2026 12:39,28-07-2026 16:02,25-08-2026 10:57,25-08-2026 10:56,05-08-2026 10:06,,,,,,,6
2250543.0,24-07-2026 10:47,21-07-2026 09:31,28-07-2026 16:02,25-08-2026 10:57,25-08-2026 10:56,05-08-2026 10:06,,,,,,,6
2250547.0,24-07-2026 10:47,21-07-2026 09:31,28-07-2026 16:02,25-08-2026 10:57,25-08-2026 10:56,05-08-2026 10:06,,,,,,,6
2250551.0,30-07-2026 14:25,29-07-2026 12:39,28-07-2026 16:02,18-08-2026 11:04,18-08-2026 11:03,11-08-2026 10:50,,,,,,,6
2250553.0,23-07-2026 12:36,21-07-2026 11:47,28-07-2026 16:02,18-08-2026 11:04,18-08-2026 11:03,11-08-2026 10:50,,,,,,,6
2250556.0,23-07-2026 12:36,21-07-2026 11:47,28-07-2026 16:02,18-08-2026 11:04,18-08-2026 11:03,11-08-2026 10:50,,,,,,,6
2250560.0,23-07-2026 12:36,21-07-2026 11:47,28-07-2026 16:02,18-08-2026 11:04,18-08-2026 11:03,11-08-2026 10:50,,,,,,,6
2250561.0,23-07-2026 12:36,21-07-2026 11:47,28-07-2026 16:02,18-08-2026 11:04,18-08-2026 11:03,11-08-2026 10:50,,,,,,,6
2250562.0,23-07-2026 12:36,21-07-2026 11:47,28-07-2026 16:02,18-08-2026 11:04,18-08-2026 11:03,11-08-2026 10:50,,,,,,,6
2250647.0,15-07-2026 12:19,08-07-2026 16:10,27-07-2026 15:33,17-08-2026 15:23,17-08-2026 15:22,05-08-2026 15:48,24-08-2026 12:21,,,,,,7
2250648.0,13-07-2026 12:25,08-07-2026 12:22,27-07-2026 12:08,18-08-2026 10:43,18-08-2026 10:43,05-08-2026 12:25,25-08-2026 12:04,,,,,,7
2250649.0,13-07-2026 12:25,08-07-2026 12:22,27-07-2026 15:33,18-08-2026 10:43,18-08-2026 10:43,05-08-2026 12:25,25-08-2026 12:04,,,,,,7
2250650.0,15-07-2026 12:19,08-07-2026 16:10,27-07-2026 12:08,17-08-2026 15:23,17-08-2026 15:22,05-08-2026 12:25,25-08-2026 12:04,,,,,,7
2250651.0,22-07-2026 12:24,21-07-2026 15:28,27-07-2026 15:33,17-08-2026 15:23,17-08-2026 15:22,05-08-2026 12:25,24-08-2026 12:21,,,,,,7
2250652.0,16-07-2026 15:52,20-07-2026 14:38,27-07-2026 14:32,19-08-2026 14:10,19-08-2026 14:09,05-08-2026 13:52,,,,,,,6
2250653.0,04-08-2026 14:30,20-07-2026 14:38,27-07-2026 14:32,19-08-2026 14:10,19-08-2026 14:09,11-08-2026 11:34,,,,,,,6
2250654.0,16-07-2026 15:52,06-07-2026 14:35,27-07-2026 14:32,24-08-2026 15:40,24-08-2026 15:39,05-08-2026 13:52,,,,,,,6
2250655.0,16-07-2026 15:52,06-07-2026 14:35,27-07-2026 14:32,24-08-2026 15:40,24-08-2026 15:39,05-08-2026 13:52,,,,,,,6
2250656.0,16-07-2026 15:52,06-07-2026 14:35,27-07-2026 14:32,19-08-2026 14:10,19-08-2026 14:09,05-08-2026 13:52,,,,,,,6
2250657.0,16-07-2026 15:52,06-07-2026 14:35,27-07-2026 14:32,24-08-2026 15:40,24-08-2026 15:39,05-08-2026 13:52,,,,,,,6
2250658.0,16-07-2026 15:52,06-07-2026 14:35,27-07-2026 14:32,24-08-2026 15:40,24-08-2026 15:39,05-08-2026 13:52,,,,,,,6
2250660.0,16-07-2026 15:52,06-07-2026 14:35,27-07-2026 14:32,24-08-2026 15:40,24-08-2026 15:39,05-08-2026 13:52,,,,,,,6
2250661.0,16-07-2026 15:52,06-07-2026 14:35,27-07-2026 14:32,19-08-2026 14:10,19-08-2026 14:09,05-08-2026 13:52,,,,,,,6
2250662.0,16-07-2026 15:52,20-07-2026 14:38,27-07-2026 14:32,24-08-2026 15:40,24-08-2026 15:39,05-08-2026 13:52,,,,,,,6
2250663.0,04-08-2026 14:30,06-07-2026 14:35,27-07-2026 14:32,19-08-2026 14:10,19-08-2026 14:09,05-08-2026 13:52,,,,,,,6
2250664.0,16-07-2026 15:52,20-07-2026 14:38,27-07-2026 14:32,19-08-2026 14:10,19-08-2026 14:09,05-08-2026 13:52,,,,,,,6
2250665.0,16-07-2026 15:52,06-07-2026 14:35,27-07-2026 14:32,19-08-2026 14:10,19-08-2026 14:09,05-08-2026 13:52,,,,,,,6
2250666.0,04-08-2026 14:30,06-07-2026 14:35,27-07-2026 14:32,19-08-2026 14:10,19-08-2026 14:09,05-08-2026 13:52,,,,,,,6
2250667.0,16-07-2026 15:52,06-07-2026 14:35,27-07-2026 14:32,24-08-2026 15:40,24-08-2026 15:39,05-08-2026 13:52,,,,,,,6
2250668.0,04-08-2026 14:30,06-07-2026 14:35,29-07-2026 15:13,,,11-08-2026 11:34,,,,,,,4
2250669.0,04-08-2026 14:30,06-07-2026 14:35,27-07-2026 14:32,19-08-2026 14:10,19-08-2026 14:09,05-08-2026 13:52,,,,,,,6
2250670.0,16-07-2026 15:52,06-07-2026 14:35,27-07-2026 14:32,19-08-2026 14:10,19-08-2026 14:09,05-08-2026 13:52,,,,,,,6
2250671.0,16-07-2026 15:52,20-07-2026 14:38,27-07-2026 14:32,24-08-2026 15:40,24-08-2026 15:39,05-08-2026 13:52,,,,,,,6
2250672.0,21-07-2026 11:42,04-07-2026 14:11,30-07-2026 15:33,18-08-2026 14:18,18-08-2026 14:17,12-08-2026 10:43,27-08-2026 13:57,,,,,,7
2250673.0,16-07-2026 15:52,20-07-2026 14:38,27-07-2026 14:32,19-08-2026 14:10,19-08-2026 14:09,05-08-2026 13:52,,,,,,,6
2250674.0,29-07-2026 12:13,30-07-2026 14:40,04-08-2026 15:34,18-08-2026 14:18,18-08-2026 14:17,29-08-2026 15:00,27-08-2026 13:53,,,,,,7
2250676.0,21-07-2026 11:42,04-07-2026 14:11,30-07-2026 15:33,18-08-2026 14:18,18-08-2026 14:17,05-08-2026 14:03,,,,,,,6
2250677.0,21-07-2026 11:42,04-07-2026 14:11,30-07-2026 15:33,18-08-2026 14:18,18-08-2026 14:17,05-08-2026 14:03,,,,,,,6
2250678.0,29-07-2026 12:13,04-07-2026 14:11,30-07-2026 15:33,18-08-2026 14:18,18-08-2026 14:17,05-08-2026 14:03,,,,,,,6
2250679.0,21-07-2026 11:42,04-07-2026 14:11,30-07-2026 15:33,18-08-2026 14:18,18-08-2026 14:17,05-08-2026 14:03,27-08-2026 13:53,,,,,,7
2250680.0,21-07-2026 12:26,15-07-2026 11:56,05-08-2026 15:56,25-08-2026 14:31,25-08-2026 14:30,18-08-2026 14:49,,,,,,,6
2250681.0,21-07-2026 12:26,15-07-2026 11:56,05-08-2026 15:08,25-08-2026 14:31,25-08-2026 14:30,18-08-2026 14:49,,,,,,,6
2250682.0,27-07-2026 11:01,06-07-2026 11:18,29-07-2026 12:00,31-08-2026 12:18,31-08-2026 12:17,,,,,,,,5
2250683.0,21-07-2026 12:26,15-07-2026 11:56,05-08-2026 15:08,25-08-2026 14:31,25-08-2026 14:30,18-08-2026 14:49,,,,,,,6
2250685.0,27-07-2026 11:01,15-07-2026 11:56,29-07-2026 12:00,25-08-2026 10:50,25-08-2026 10:48,11-08-2026 12:30,,,,,,,6
2250686.0,21-07-2026 12:26,15-07-2026 11:56,29-07-2026 12:00,25-08-2026 10:50,25-08-2026 10:48,11-08-2026 12:30,,,,,,,6
2250687.0,27-07-2026 11:58,15-07-2026 11:56,05-08-2026 15:08,25-08-2026 14:31,25-08-2026 14:30,18-08-2026 14:49,,,,,,,6
2250688.0,21-07-2026 12:26,15-07-2026 11:56,05-08-2026 15:08,25-08-2026 14:31,25-08-2026 14:30,18-08-2026 15:51,,,,,,,6
2250689.0,16-07-2026 15:42,08-07-2026 14:19,12-08-2026 14:44,29-08-2026 11:35,29-08-2026 11:15,13-08-2026 14:48,29-08-2026 16:22,,,,,,7
2250690.0,17-07-2026 14:10,08-07-2026 14:19,12-08-2026 14:44,29-08-2026 11:35,29-08-2026 11:15,13-08-2026 14:48,29-08-2026 16:22,,,,,,7
2250691.0,17-07-2026 14:10,08-07-2026 14:19,12-08-2026 14:44,,,13-08-2026 14:48,,,,,,,4
2250692.0,17-07-2026 14:10,08-07-2026 14:19,12-08-2026 14:44,29-08-2026 11:35,29-08-2026 11:15,13-08-2026 14:48,29-08-2026 16:22,,,,,,7
2250693.0,17-07-2026 14:10,08-07-2026 14:19,12-08-2026 14:44,29-08-2026 11:35,29-08-2026 11:15,13-08-2026 14:48,29-08-2026 16:22,,,,,,7
2250694.0,17-07-2026 14:10,08-07-2026 14:19,12-08-2026 14:44,,,13-08-2026 14:48,,,,,,,4
2250696.0,17-07-2026 14:10,08-07-2026 14:19,12-08-2026 14:44,,,13-08-2026 14:48,,,,,,,4
2250697.0,16-07-2026 15:42,08-07-2026 14:19,12-08-2026 14:44,29-08-2026 11:35,29-08-2026 11:15,13-08-2026 14:48,29-08-2026 16:22,,,,,,7
2250699.0,15-07-2026 14:38,08-07-2026 15:58,12-08-2026 15:22,,,13-08-2026 14:48,,,,,,,4
2250700.0,15-07-2026 14:38,08-07-2026 15:58,12-08-2026 14:44,31-08-2026 14:50,31-08-2026 14:41,13-08-2026 14:48,,,,,,,6
2250701.0,15-07-2026 14:38,08-07-2026 15:58,12-08-2026 15:22,31-08-2026 14:50,31-08-2026 14:41,,,,,,,,5
2250703.0,15-07-2026 14:38,08-07-2026 15:58,12-08-2026 14:44,,,13-08-2026 14:48,,,,,,,4
2250704.0,15-07-2026 14:38,08-07-2026 15:58,12-08-2026 15:22,,,,,,,,,,3
2250705.0,15-07-2026 14:38,08-07-2026 15:58,12-08-2026 14:44,31-08-2026 14:50,31-08-2026 14:41,13-08-2026 14:48,,,,,,,6
2250706.0,15-07-2026 14:38,08-07-2026 15:58,12-08-2026 14:44,31-08-2026 14:50,31-08-2026 14:41,13-08-2026 14:48,,,,,,,6
2250709.0,20-07-2026 10:39,03-07-2026 11:04,01-08-2026 15:56,14-08-2026 11:48,14-08-2026 11:41,05-08-2026 10:45,27-08-2026 10:46,,,,,,7
2250710.0,29-07-2026 10:34,03-07-2026 11:04,04-08-2026 14:03,14-08-2026 11:48,14-08-2026 11:41,29-08-2026 15:00,27-08-2026 10:46,,,,,,7
2250711.0,20-07-2026 10:39,03-07-2026 11:04,01-08-2026 15:56,14-08-2026 11:48,14-08-2026 11:41,05-08-2026 10:45,27-08-2026 10:46,,,,,,7
2250712.0,29-07-2026 10:34,03-07-2026 11:04,01-08-2026 15:56,29-08-2026 11:28,29-08-2026 11:29,,,,,,,,5
2250719.0,20-07-2026 10:39,03-07-2026 11:04,01-08-2026 15:56,29-08-2026 11:28,29-08-2026 11:29,05-08-2026 10:45,27-08-2026 10:46,,,,,,7
2250722.0,17-07-2026 11:22,06-07-2026 12:08,27-07-2026 11:40,12-08-2026 11:40,11-08-2026 11:29,05-08-2026 11:33,27-08-2026 11:29,,,,,,7
2250723.0,17-07-2026 11:22,06-07-2026 12:08,27-07-2026 11:40,12-08-2026 11:40,11-08-2026 11:29,07-08-2026 14:46,27-08-2026 11:29,,,,,,7
2250724.0,20-07-2026 10:39,03-07-2026 11:04,01-08-2026 15:56,29-08-2026 11:28,29-08-2026 11:29,29-08-2026 15:00,27-08-2026 10:46,,,,,,7
2250725.0,21-07-2026 11:58,20-07-2026 14:44,27-07-2026 11:40,12-08-2026 11:40,11-08-2026 11:29,05-08-2026 11:33,27-08-2026 11:29,,,,,,7
2250726.0,20-07-2026 10:39,03-07-2026 11:04,01-08-2026 15:56,14-08-2026 11:48,14-08-2026 11:41,29-08-2026 15:00,27-08-2026 10:46,,,,,,7
2250730.0,20-07-2026 10:39,30-07-2026 13:49,01-08-2026 15:56,14-08-2026 11:48,14-08-2026 11:41,05-08-2026 10:45,27-08-2026 10:46,,,,,,7
2250741.0,13-07-2026 11:27,06-07-2026 12:08,27-07-2026 11:40,13-08-2026 14:27,13-08-2026 14:23,05-08-2026 11:33,27-08-2026 11:29,,,,,,7
2250744.0,15-07-2026 11:29,04-07-2026 15:40,30-07-2026 10:09,12-08-2026 14:27,12-08-2026 14:26,07-08-2026 12:25,27-08-2026 12:13,,,,,,7
2250747.0,29-07-2026 12:17,04-07-2026 15:40,28-07-2026 09:53,12-08-2026 14:27,12-08-2026 14:26,31-08-2026 14:45,27-08-2026 12:13,,,,,,7
2250750.0,15-07-2026 11:29,04-07-2026 15:40,28-07-2026 09:53,12-08-2026 14:27,12-08-2026 14:26,07-08-2026 12:25,27-08-2026 12:13,,,,,,7
2250753.0,15-07-2026 11:29,04-07-2026 15:40,28-07-2026 09:53,12-08-2026 14:27,12-08-2026 14:26,07-08-2026 12:25,27-08-2026 12:13,,,,,,7
2250766.0,20-07-2026 10:39,03-07-2026 11:04,01-08-2026 15:56,14-08-2026 11:48,14-08-2026 11:41,05-08-2026 10:45,27-08-2026 10:46,,,,,,7
2250768.0,28-07-2026 14:56,21-07-2026 11:50,01-08-2026 15:26,18-08-2026 12:14,18-08-2026 12:12,12-08-2026 12:45,,,,,,,6
2250769.0,13-07-2026 12:25,08-07-2026 12:22,27-07-2026 12:08,17-08-2026 15:23,17-08-2026 15:22,05-08-2026 12:25,24-08-2026 12:21,,,,,,7
2250771.0,28-07-2026 14:56,21-07-2026 11:50,01-08-2026 15:26,18-08-2026 12:14,18-08-2026 12:12,12-08-2026 12:45,,,,,,,6
2250773.0,15-07-2026 12:19,08-07-2026 12:22,27-07-2026 12:08,17-08-2026 15:23,17-08-2026 15:22,05-08-2026 15:48,24-08-2026 12:21,,,,,,7
2250794.0,28-07-2026 14:56,21-07-2026 11:50,01-08-2026 15:26,18-08-2026 12:14,18-08-2026 12:12,12-08-2026 12:45,,,,,,,6
2250796.0,28-07-2026 14:56,21-07-2026 11:50,01-08-2026 15:26,18-08-2026 12:14,18-08-2026 12:12,12-08-2026 12:45,,,,,,,6
2250797.0,15-07-2026 12:19,08-07-2026 16:10,27-07-2026 12:08,18-08-2026 10:43,18-08-2026 10:43,05-08-2026 15:48,25-08-2026 12:04,,,,,,7
2250802.0,15-07-2026 12:19,08-07-2026 12:22,27-07-2026 12:08,17-08-2026 15:23,17-08-2026 15:22,05-08-2026 12:25,24-08-2026 12:21,,,,,,7
2250806.0,13-07-2026 12:25,08-07-2026 12:22,27-07-2026 12:08,17-08-2026 15:23,17-08-2026 15:22,05-08-2026 12:25,24-08-2026 12:21,,,,,,7
2250811.0,13-07-2026 12:25,01-08-2026 13:41,27-07-2026 12:08,17-08-2026 15:23,17-08-2026 15:22,05-08-2026 12:25,24-08-2026 12:21,,,,,,7
2250815.0,15-07-2026 12:19,08-07-2026 16:10,27-07-2026 12:08,17-08-2026 15:23,17-08-2026 15:22,05-08-2026 12:25,24-08-2026 12:21,,,,,,7
2250817.0,28-07-2026 14:56,21-07-2026 11:50,01-08-2026 15:26,18-08-2026 12:14,18-08-2026 12:12,12-08-2026 12:45,,,,,,,6
2250818.0,15-07-2026 12:19,08-07-2026 16:10,27-07-2026 12:08,17-08-2026 15:23,17-08-2026 15:22,05-08-2026 12:25,24-08-2026 12:21,,,,,,7
2250819.0,28-07-2026 14:56,21-07-2026 11:50,01-08-2026 15:26,29-08-2026 11:17,29-08-2026 11:11,12-08-2026 12:45,,,,,,,6
2250821.0,13-07-2026 12:25,08-07-2026 12:22,27-07-2026 12:08,17-08-2026 15:23,17-08-2026 15:22,05-08-2026 12:25,24-08-2026 12:21,,,,,,7
2250822.0,31-07-2026 12:38,21-07-2026 11:50,04-08-2026 12:13,18-08-2026 12:14,18-08-2026 12:12,12-08-2026 12:45,,,,,,,6
2250824.0,28-07-2026 14:56,21-07-2026 11:50,01-08-2026 15:26,29-08-2026 11:17,29-08-2026 11:37,12-08-2026 12:45,,,,,,,6
2250828.0,28-07-2026 14:56,21-07-2026 11:50,01-08-2026 15:26,29-08-2026 11:17,29-08-2026 11:37,12-08-2026 12:45,,,,,,,6
2250831.0,28-07-2026 14:56,21-07-2026 11:50,01-08-2026 15:26,18-08-2026 12:14,18-08-2026 12:12,12-08-2026 12:45,,,,,,,6
2250832.0,28-07-2026 14:56,21-07-2026 11:50,01-08-2026 15:26,18-08-2026 12:14,18-08-2026 12:12,12-08-2026 12:45,,,,,,,6
2250833.0,28-07-2026 14:56,21-07-2026 11:50,01-08-2026 15:26,18-08-2026 12:14,18-08-2026 12:12,12-08-2026 12:45,,,,,,,6
2250838.0,28-07-2026 14:56,23-07-2026 14:56,01-08-2026 15:26,18-08-2026 12:14,18-08-2026 12:12,12-08-2026 12:45,,,,,,,6
2250845.0,28-07-2026 14:56,21-07-2026 11:50,01-08-2026 15:26,18-08-2026 12:14,18-08-2026 12:12,12-08-2026 12:45,,,,,,,6
2250849.0,28-07-2026 14:56,21-07-2026 11:50,01-08-2026 15:26,18-08-2026 12:14,18-08-2026 12:12,12-08-2026 12:45,,,,,,,6
2250865.0,29-07-2026 12:45,21-07-2026 12:37,04-08-2026 12:13,29-08-2026 11:17,29-08-2026 11:11,19-08-2026 15:12,31-08-2026 15:56,,,,,,7
2250874.0,29-07-2026 12:45,21-07-2026 12:37,04-08-2026 12:13,19-08-2026 11:04,19-08-2026 11:01,12-08-2026 14:21,31-08-2026 15:56,,,,,,7
2250876.0,04-08-2026 14:04,23-07-2026 14:56,14-08-2026 12:41,19-08-2026 11:04,19-08-2026 11:01,12-08-2026 14:21,,,,,,,6
2250913.0,29-07-2026 12:45,21-07-2026 12:37,04-08-2026 12:13,29-08-2026 11:17,29-08-2026 11:37,12-08-2026 14:21,31-08-2026 15:56,,,,,,7
2250916.0,29-07-2026 12:45,21-07-2026 12:37,04-08-2026 12:13,19-08-2026 11:04,19-08-2026 11:01,12-08-2026 14:21,31-08-2026 15:56,,,,,,7
2250919.0,29-07-2026 12:45,21-07-2026 12:37,04-08-2026 12:13,19-08-2026 11:04,19-08-2026 11:01,12-08-2026 14:21,,,,,,,6
2250920.0,04-08-2026 14:04,21-07-2026 12:37,14-08-2026 12:41,19-08-2026 11:04,19-08-2026 11:01,12-08-2026 14:21,31-08-2026 15:56,,,,,,7
2250921.0,29-07-2026 12:45,21-07-2026 12:37,04-08-2026 12:13,19-08-2026 11:04,19-08-2026 11:01,12-08-2026 14:21,31-08-2026 15:56,,,,,,7
2250922.0,29-07-2026 12:45,21-07-2026 12:37,14-08-2026 12:41,19-08-2026 11:04,19-08-2026 11:01,18-08-2026 14:09,31-08-2026 15:56,,,,,,7
2250924.0,12-08-2026 15:46,21-07-2026 12:37,14-08-2026 12:41,29-08-2026 11:17,29-08-2026 11:11,18-08-2026 14:09,31-08-2026 15:56,,,,,,7
2250928.0,29-07-2026 12:45,21-07-2026 12:37,04-08-2026 12:13,19-08-2026 11:04,19-08-2026 11:01,12-08-2026 14:21,,,,,,,6
2250932.0,15-07-2026 12:19,08-07-2026 16:10,27-07-2026 12:08,17-08-2026 15:23,17-08-2026 15:22,05-08-2026 15:48,24-08-2026 12:21,,,,,,7
2250938.0,13-07-2026 12:25,08-07-2026 12:22,27-07-2026 15:33,17-08-2026 15:23,17-08-2026 15:22,06-08-2026 13:42,24-08-2026 12:21,,,,,,7
2250940.0,13-07-2026 12:25,08-07-2026 12:22,27-07-2026 15:33,18-08-2026 10:43,18-08-2026 10:43,05-08-2026 12:25,25-08-2026 12:04,,,,,,7
2250956.0,13-07-2026 12:25,08-07-2026 16:10,27-07-2026 12:08,17-08-2026 15:23,17-08-2026 15:22,05-08-2026 15:48,24-08-2026 12:21,,,,,,7
2250976.0,15-07-2026 10:45,06-07-2026 14:46,29-07-2026 14:37,12-08-2026 12:11,12-08-2026 12:10,06-08-2026 14:29,31-08-2026 11:39,,,,,,7
2251080.0,22-07-2026 12:24,08-07-2026 16:10,,18-08-2026 10:43,18-08-2026 10:43,05-08-2026 15:48,25-08-2026 12:04,,,,,,6
2251092.0,13-07-2026 12:25,08-07-2026 12:22,27-07-2026 12:08,17-08-2026 15:23,17-08-2026 15:22,05-08-2026 12:25,24-08-2026 12:21,,,,,,7
2251115.0,17-07-2026 14:10,09-07-2026 14:30,20-08-2026 14:17,19-08-2026 14:26,19-08-2026 14:26,13-08-2026 12:04,,,,,,,6
2251123.0,23-07-2026 14:13,24-07-2026 11:17,30-07-2026 12:30,19-08-2026 14:26,19-08-2026 14:26,29-08-2026 10:32,,,,,,,6
2251319.0,20-07-2026 10:39,03-07-2026 11:04,01-08-2026 15:56,14-08-2026 11:48,14-08-2026 11:41,05-08-2026 10:45,27-08-2026 10:46,,,,,,7
2251333.0,20-07-2026 10:39,03-07-2026 11:04,01-08-2026 15:56,14-08-2026 11:48,14-08-2026 11:41,05-08-2026 10:45,27-08-2026 10:46,,,,,,7
2251348.0,29-07-2026 10:34,24-07-2026 14:44,01-08-2026 15:56,14-08-2026 11:48,14-08-2026 11:41,05-08-2026 10:45,27-08-2026 10:46,,,,,,7
2251361.0,20-07-2026 10:39,03-07-2026 11:04,01-08-2026 15:56,14-08-2026 11:48,14-08-2026 11:41,05-08-2026 10:45,27-08-2026 10:46,,,,,,7
2251380.0,20-07-2026 10:39,03-07-2026 11:04,01-08-2026 15:56,14-08-2026 11:48,14-08-2026 11:41,05-08-2026 10:45,27-08-2026 10:46,,,,,,7
2251411.0,20-07-2026 10:39,03-07-2026 11:04,01-08-2026 15:56,14-08-2026 11:48,14-08-2026 11:41,05-08-2026 10:45,27-08-2026 10:46,,,,,,7
2251489.0,20-07-2026 10:39,03-07-2026 11:04,01-08-2026 15:56,14-08-2026 11:48,14-08-2026 11:41,05-08-2026 10:45,27-08-2026 10:46,,,,,,7
2251561.0,29-07-2026 15:55,27-07-2026 15:15,17-08-2026 16:50,,,24-08-2026 15:54,,,,,,,4
2251562.0,29-07-2026 15:55,27-07-2026 15:15,18-08-2026 13:56,,,24-08-2026 15:54,,,,,,,4
2251563.0,29-07-2026 15:55,27-07-2026 15:15,17-08-2026 16:50,,,24-08-2026 15:54,,,,,,,4
2251564.0,29-07-2026 15:55,27-07-2026 15:15,17-08-2026 16:50,,,24-08-2026 15:54,,,,,,,4
2251566.0,29-07-2026 15:55,27-07-2026 15:15,17-08-2026 16:50,,,24-08-2026 15:54,,,,,,,4
2251567.0,29-07-2026 15:55,27-07-2026 15:15,17-08-2026 16:50,,,24-08-2026 15:54,,,,,,,4
2251568.0,29-07-2026 15:55,27-07-2026 15:15,17-08-2026 16:50,,,24-08-2026 15:54,,,,,,,4
2251616.0,29-07-2026 15:55,27-07-2026 15:15,17-08-2026 16:50,,,24-08-2026 16:32,,,,,,,4
2251617.0,29-07-2026 15:55,27-07-2026 15:15,18-08-2026 13:56,,,24-08-2026 15:54,,,,,,,4
2251618.0,29-07-2026 15:55,27-07-2026 15:15,17-08-2026 16:50,,,24-08-2026 16:32,,,,,,,4
2251619.0,29-07-2026 15:55,27-07-2026 15:15,17-08-2026 16:50,,,24-08-2026 15:54,,,,,,,4
2251620.0,29-07-2026 15:55,12-08-2026 14:05,17-08-2026 16:50,,,24-08-2026 15:54,,,,,,,4
2251621.0,29-07-2026 15:55,27-07-2026 15:15,17-08-2026 16:50,,,24-08-2026 16:32,,,,,,,4
2251622.0,29-07-2026 15:55,27-07-2026 15:15,17-08-2026 16:50,,,24-08-2026 15:54,,,,,,,4
2251623.0,29-07-2026 15:55,12-08-2026 14:05,17-08-2026 16:50,,,24-08-2026 15:54,,,,,,,4
2251624.0,29-07-2026 15:55,27-07-2026 15:15,17-08-2026 16:50,,,24-08-2026 15:54,,,,,,,4
2251625.0,15-07-2026 14:38,08-07-2026 15:58,12-08-2026 14:44,31-08-2026 14:50,31-08-2026 14:41,13-08-2026 14:48,,,,,,,6
2251626.0,15-07-2026 14:38,08-07-2026 15:58,12-08-2026 14:44,31-08-2026 14:50,31-08-2026 14:41,13-08-2026 14:48,,,,,,,6
2251627.0,15-07-2026 14:38,08-07-2026 15:58,12-08-2026 14:44,31-08-2026 14:50,31-08-2026 14:41,13-08-2026 14:48,,,,,,,6
2251628.0,15-07-2026 14:38,08-07-2026 15:58,12-08-2026 14:44,31-08-2026 14:50,31-08-2026 14:41,13-08-2026 14:48,,,,,,,6
2251629.0,15-07-2026 14:38,08-07-2026 15:58,12-08-2026 14:44,31-08-2026 14:50,31-08-2026 14:41,,,,,,,,5
2251630.0,15-07-2026 14:38,08-07-2026 15:58,12-08-2026 15:22,31-08-2026 14:50,31-08-2026 14:41,13-08-2026 14:48,,,,,,,6
2251631.0,15-07-2026 11:02,08-07-2026 15:58,12-08-2026 14:44,31-08-2026 14:50,31-08-2026 14:41,13-08-2026 14:48,,,,,,,6
2251632.0,15-07-2026 14:38,08-07-2026 15:58,12-08-2026 14:44,31-08-2026 14:50,31-08-2026 14:41,,,,,,,,5
2251633.0,15-07-2026 14:38,08-07-2026 15:58,12-08-2026 14:44,31-08-2026 14:50,31-08-2026 14:41,13-08-2026 14:48,,,,,,,6
2251634.0,15-07-2026 14:38,08-07-2026 15:58,12-08-2026 14:44,31-08-2026 14:50,31-08-2026 14:41,13-08-2026 14:48,,,,,,,6
2251635.0,15-07-2026 14:38,08-07-2026 15:58,12-08-2026 14:44,31-08-2026 14:50,31-08-2026 14:41,13-08-2026 14:48,,,,,,,6
2251636.0,,,12-08-2026 14:44,31-08-2026 14:50,31-08-2026 14:41,13-08-2026 14:48,,,,,,,4
2251637.0,15-07-2026 14:38,08-07-2026 15:58,12-08-2026 14:44,,,13-08-2026 14:48,,,,,,,4
2251638.0,15-07-2026 14:38,08-07-2026 15:58,12-08-2026 14:44,31-08-2026 14:50,31-08-2026 14:41,13-08-2026 14:48,,,,,,,6
2251640.0,16-07-2026 10:42,06-07-2026 12:19,12-08-2026 14:44,,25-08-2026 12:11,13-08-2026 14:48,31-08-2026 10:56,,,,,,6
2251641.0,16-07-2026 10:42,06-07-2026 12:19,12-08-2026 14:44,,25-08-2026 12:11,13-08-2026 14:48,,,,,,,5
2251642.0,16-07-2026 10:42,06-07-2026 12:19,12-08-2026 14:44,,25-08-2026 12:11,13-08-2026 14:48,,,,,,,5
2251643.0,18-07-2026 14:06,09-07-2026 14:40,12-08-2026 14:44,,,13-08-2026 14:48,31-08-2026 10:56,,,,,,5
2251644.0,16-07-2026 10:42,06-07-2026 12:19,12-08-2026 14:44,,,13-08-2026 14:48,,,,,,,4
2251652.0,20-07-2026 10:39,03-07-2026 11:04,01-08-2026 15:56,14-08-2026 11:48,14-08-2026 11:41,05-08-2026 10:45,27-08-2026 10:46,,,,,,7
2251653.0,29-07-2026 10:34,03-07-2026 11:04,27-07-2026 14:47,14-08-2026 11:48,14-08-2026 11:41,05-08-2026 10:45,27-08-2026 10:46,,,,,,7
2251654.0,20-07-2026 10:39,03-07-2026 11:04,01-08-2026 15:56,14-08-2026 11:48,14-08-2026 11:41,05-08-2026 10:45,,,,,,,6
2251655.0,15-07-2026 12:19,08-07-2026 16:10,27-07-2026 12:08,18-08-2026 10:43,18-08-2026 10:43,05-08-2026 12:25,25-08-2026 12:04,,,,,,7
2251656.0,29-07-2026 10:34,03-07-2026 11:04,01-08-2026 15:56,29-08-2026 11:28,29-08-2026 11:29,05-08-2026 10:45,27-08-2026 10:46,,,,,,7
2251657.0,13-07-2026 12:25,21-07-2026 15:28,27-07-2026 12:08,17-08-2026 15:23,17-08-2026 15:22,05-08-2026 12:25,24-08-2026 12:21,,,,,,7
2251658.0,20-07-2026 14:54,03-07-2026 11:04,27-07-2026 14:47,14-08-2026 11:48,14-08-2026 11:41,12-08-2026 10:43,27-08-2026 10:46,,,,,,7
2251659.0,20-07-2026 10:39,03-07-2026 11:04,01-08-2026 15:56,14-08-2026 11:48,14-08-2026 11:41,05-08-2026 10:45,,,,,,,6
2251889.0,29-07-2026 15:55,27-07-2026 15:15,17-08-2026 16:50,,,24-08-2026 15:54,,,,,,,4
2251914.0,29-07-2026 15:55,27-07-2026 15:15,17-08-2026 16:50,,,24-08-2026 15:54,,,,,,,4
2251938.0,29-07-2026 15:55,27-07-2026 15:15,17-08-2026 16:50,,,24-08-2026 16:32,,,,,,,4
2251944.0,29-07-2026 15:55,27-07-2026 15:15,18-08-2026 13:56,,,24-08-2026 15:54,,,,,,,4
2251950.0,29-07-2026 15:55,27-07-2026 15:15,17-08-2026 16:50,,,24-08-2026 15:54,,,,,,,4
2251954.0,29-07-2026 15:55,27-07-2026 15:15,17-08-2026 16:50,,,24-08-2026 15:54,,,,,,,4
2251957.0,29-07-2026 15:55,12-08-2026 14:05,17-08-2026 16:50,,,24-08-2026 16:32,,,,,,,4
2251960.0,29-07-2026 15:55,27-07-2026 15:15,17-08-2026 16:50,,,24-08-2026 15:54,,,,,,,4
2251965.0,29-07-2026 15:55,27-07-2026 15:15,17-08-2026 16:50,,,24-08-2026 15:54,,,,,,,4
2252137.0,13-07-2026 12:25,08-07-2026 12:22,27-07-2026 12:08,17-08-2026 15:23,17-08-2026 15:22,05-08-2026 12:25,24-08-2026 12:21,,,,,,7
2252146.0,13-07-2026 12:25,08-07-2026 12:22,27-07-2026 12:08,17-08-2026 15:23,17-08-2026 15:22,05-08-2026 12:25,24-08-2026 12:21,,,,,,7
2252154.0,13-07-2026 12:25,08-07-2026 12:22,27-07-2026 12:08,17-08-2026 15:23,17-08-2026 15:22,05-08-2026 12:25,24-08-2026 12:21,,,,,,7
2252172.0,15-07-2026 12:19,08-07-2026 12:22,27-07-2026 15:33,17-08-2026 15:23,17-08-2026 15:22,05-08-2026 12:25,24-08-2026 12:21,,,,,,7
2252207.0,17-07-2026 14:10,08-07-2026 14:19,12-08-2026 14:44,29-08-2026 11:35,29-08-2026 11:15,13-08-2026 14:48,29-08-2026 16:22,,,,,,7
2252225.0,13-07-2026 12:25,08-07-2026 12:22,27-07-2026 12:08,17-08-2026 15:23,17-08-2026 15:22,05-08-2026 12:25,24-08-2026 12:21,,,,,,7
2252243.0,15-07-2026 12:19,08-07-2026 16:10,27-07-2026 15:33,18-08-2026 10:43,18-08-2026 10:43,05-08-2026 15:48,25-08-2026 12:04,,,,,,7
2252256.0,15-07-2026 12:19,08-07-2026 16:10,27-07-2026 15:33,18-08-2026 10:43,18-08-2026 10:43,05-08-2026 15:48,25-08-2026 12:04,,,,,,7
2252282.0,28-07-2026 16:19,15-07-2026 12:33,29-07-2026 12:34,,,19-08-2026 14:13,,,,,,,4
2252285.0,23-07-2026 12:36,21-07-2026 11:47,28-07-2026 16:02,18-08-2026 11:04,18-08-2026 11:03,11-08-2026 10:50,,,,,,,6
2252296.0,28-07-2026 16:19,15-07-2026 12:33,29-07-2026 12:34,,,19-08-2026 14:13,,,,,,,4
2252300.0,23-07-2026 12:36,21-07-2026 11:47,28-07-2026 16:02,18-08-2026 11:04,18-08-2026 11:03,11-08-2026 10:50,,,,,,,6
2252308.0,28-07-2026 16:19,15-07-2026 12:33,29-07-2026 12:34,,,19-08-2026 14:13,,,,,,,4
2252318.0,23-07-2026 12:36,21-07-2026 11:47,28-07-2026 16:02,18-08-2026 11:04,18-08-2026 11:03,11-08-2026 10:50,,,,,,,6
2252327.0,23-07-2026 12:36,21-07-2026 11:47,28-07-2026 16:02,18-08-2026 11:04,18-08-2026 11:03,,,,,,,,5
2252345.0,23-07-2026 12:36,21-07-2026 11:47,28-07-2026 16:02,18-08-2026 11:04,18-08-2026 11:03,11-08-2026 10:50,,,,,,,6
2252353.0,30-07-2026 14:25,21-07-2026 11:47,,29-08-2026 10:41,29-08-2026 10:41,,,,,,,,4
2252360.0,30-07-2026 14:25,21-07-2026 11:47,28-07-2026 16:02,18-08-2026 11:04,18-08-2026 11:03,11-08-2026 10:50,,,,,,,6
2252484.0,23-07-2026 12:36,21-07-2026 11:47,28-07-2026 16:02,18-08-2026 11:04,18-08-2026 11:03,11-08-2026 10:50,,,,,,,6
2252489.0,23-07-2026 12:36,21-07-2026 11:47,28-07-2026 16:02,18-08-2026 11:04,18-08-2026 11:03,11-08-2026 10:50,,,,,,,6
2252492.0,23-07-2026 12:36,21-07-2026 11:47,28-07-2026 16:02,18-08-2026 11:04,18-08-2026 11:03,11-08-2026 10:50,,,,,,,6
2252495.0,23-07-2026 12:36,21-07-2026 11:47,28-07-2026 16:02,18-08-2026 11:04,18-08-2026 11:03,11-08-2026 10:50,,,,,,,6
2252497.0,23-07-2026 10:32,13-07-2026 14:42,27-07-2026 12:18,20-08-2026 15:44,20-08-2026 15:44,06-08-2026 16:03,,,,,,,6
2252499.0,23-07-2026 12:36,21-07-2026 11:47,28-07-2026 16:02,18-08-2026 11:04,18-08-2026 11:03,11-08-2026 10:50,,,,,,,6
2252501.0,23-07-2026 12:36,21-07-2026 11:47,28-07-2026 16:02,18-08-2026 11:04,18-08-2026 11:03,11-08-2026 10:50,,,,,,,6
2252503.0,23-07-2026 10:32,07-08-2026 11:47,27-07-2026 12:18,20-08-2026 15:44,20-08-2026 15:44,06-08-2026 16:03,,,,,,,6
2252504.0,28-07-2026 16:19,15-07-2026 12:33,29-07-2026 12:34,,,19-08-2026 14:13,,,,,,,4
2252507.0,23-07-2026 12:36,21-07-2026 11:47,12-08-2026 12:39,18-08-2026 11:04,18-08-2026 11:03,11-08-2026 10:50,,,,,,,6
2252510.0,28-07-2026 16:19,15-07-2026 12:33,29-07-2026 12:34,,,19-08-2026 14:13,,,,,,,4
2252511.0,23-07-2026 10:32,13-07-2026 14:42,27-07-2026 12:18,20-08-2026 15:44,20-08-2026 15:44,06-08-2026 16:03,,,,,,,6
2252514.0,23-07-2026 12:36,21-07-2026 11:47,28-07-2026 16:02,18-08-2026 11:04,18-08-2026 11:03,11-08-2026 10:50,,,,,,,6
2252515.0,28-07-2026 16:19,15-07-2026 12:33,29-07-2026 12:34,,,19-08-2026 14:13,,,,,,,4
2252517.0,30-07-2026 14:25,29-07-2026 12:39,05-08-2026 15:59,18-08-2026 14:52,18-08-2026 14:52,12-08-2026 14:34,,,,,,,6
2252519.0,22-07-2026 15:57,06-07-2026 10:57,05-08-2026 15:59,29-08-2026 10:41,29-08-2026 10:41,,,,,,,,5
2252520.0,28-07-2026 16:19,15-07-2026 12:33,29-07-2026 12:34,,,19-08-2026 14:13,,,,,,,4
2252521.0,23-07-2026 10:32,13-07-2026 14:42,27-07-2026 12:18,20-08-2026 15:44,20-08-2026 15:44,06-08-2026 16:03,,,,,,,6
2252523.0,22-07-2026 15:57,15-07-2026 12:45,05-08-2026 15:59,18-08-2026 14:52,18-08-2026 14:52,12-08-2026 14:34,,,,,,,6
2252525.0,28-07-2026 16:19,15-07-2026 12:33,29-07-2026 12:34,,,19-08-2026 14:13,,,,,,,4
2252527.0,23-07-2026 10:32,13-07-2026 14:42,27-07-2026 12:18,20-08-2026 15:44,20-08-2026 15:44,06-08-2026 16:03,,,,,,,6
2252529.0,28-07-2026 16:19,15-07-2026 12:33,29-07-2026 12:34,,,19-08-2026 14:13,,,,,,,4
2252534.0,23-07-2026 10:32,13-07-2026 14:42,27-07-2026 12:18,20-08-2026 15:44,20-08-2026 15:44,06-08-2026 16:03,,,,,,,6
2252535.0,28-07-2026 16:19,15-07-2026 12:33,29-07-2026 12:34,,,19-08-2026 14:13,,,,,,,4
2252544.0,28-07-2026 16:19,15-07-2026 12:33,29-07-2026 12:34,,,19-08-2026 14:13,,,,,,,4
2252545.0,23-07-2026 10:32,13-07-2026 14:42,27-07-2026 12:18,20-08-2026 15:44,20-08-2026 15:44,06-08-2026 16:03,,,,,,,6
2252546.0,16-07-2026 10:42,06-07-2026 12:19,12-08-2026 14:44,,,13-08-2026 14:48,31-08-2026 10:56,,,,,,5
2252549.0,28-07-2026 16:19,15-07-2026 12:33,29-07-2026 12:34,,,19-08-2026 14:13,,,,,,,4
2252550.0,23-07-2026 10:32,13-07-2026 14:42,01-08-2026 14:19,20-08-2026 15:44,20-08-2026 15:44,06-08-2026 16:03,,,,,,,6
2252551.0,,,12-08-2026 14:44,,,13-08-2026 14:48,,,,,,,2
2252558.0,16-07-2026 10:42,06-07-2026 12:19,12-08-2026 14:44,,25-08-2026 12:11,13-08-2026 14:48,31-08-2026 10:56,,,,,,6
2252570.0,23-07-2026 10:32,13-07-2026 14:42,27-07-2026 12:18,20-08-2026 15:44,20-08-2026 15:44,06-08-2026 16:03,,,,,,,6
2252574.0,23-07-2026 10:32,13-07-2026 14:42,27-07-2026 12:18,20-08-2026 15:44,20-08-2026 15:44,06-08-2026 16:03,,,,,,,6
2252584.0,23-07-2026 10:32,13-07-2026 14:42,27-07-2026 12:18,20-08-2026 15:44,20-08-2026 15:44,06-08-2026 16:03,,,,,,,6
2252590.0,23-07-2026 10:32,13-07-2026 14:42,27-07-2026 12:18,20-08-2026 15:44,20-08-2026 15:44,06-08-2026 16:03,,,,,,,6
2252595.0,23-07-2026 10:32,07-08-2026 11:47,27-07-2026 12:18,20-08-2026 15:44,20-08-2026 15:44,06-08-2026 16:03,,,,,,,6
2252601.0,23-07-2026 10:32,13-07-2026 14:42,27-07-2026 12:18,20-08-2026 15:44,20-08-2026 15:44,06-08-2026 16:03,,,,,,,6
2252612.0,23-07-2026 10:32,13-07-2026 14:42,27-07-2026 12:18,20-08-2026 15:44,20-08-2026 15:44,06-08-2026 16:03,,,,,,,6
2252619.0,23-07-2026 10:32,13-07-2026 14:42,27-07-2026 12:18,20-08-2026 15:44,20-08-2026 15:44,06-08-2026 16:03,,,,,,,6
2252624.0,01-08-2026 16:05,07-08-2026 11:47,01-08-2026 14:19,20-08-2026 15:44,20-08-2026 15:44,06-08-2026 16:03,,,,,,,6
2252630.0,23-07-2026 10:32,13-07-2026 14:42,27-07-2026 12:18,20-08-2026 15:44,20-08-2026 15:44,06-08-2026 16:03,,,,,,,6
2252633.0,23-07-2026 10:32,07-08-2026 11:47,27-07-2026 12:18,20-08-2026 15:44,20-08-2026 15:44,06-08-2026 16:03,,,,,,,6
2253122.0,16-07-2026 15:21,13-07-2026 12:22,28-07-2026 10:41,24-08-2026 15:40,24-08-2026 15:39,05-08-2026 12:17,,,,,,,6
2253124.0,16-07-2026 15:21,13-07-2026 12:22,29-07-2026 15:13,24-08-2026 15:40,24-08-2026 15:39,05-08-2026 12:17,,,,,,,6
2253125.0,16-07-2026 15:21,13-07-2026 12:22,28-07-2026 10:41,12-08-2026 11:03,12-08-2026 11:02,05-08-2026 12:17,,,,,,,6
2253126.0,16-07-2026 15:21,13-07-2026 12:22,28-07-2026 10:41,12-08-2026 11:03,12-08-2026 11:02,05-08-2026 12:17,,,,,,,6
2253127.0,16-07-2026 15:21,20-07-2026 14:38,29-07-2026 15:13,24-08-2026 15:40,24-08-2026 15:39,05-08-2026 12:17,,,,,,,6
2253128.0,04-08-2026 14:30,13-07-2026 12:22,29-07-2026 15:13,24-08-2026 15:40,24-08-2026 15:39,05-08-2026 12:17,,,,,,,6
2253129.0,16-07-2026 15:21,13-07-2026 12:22,29-07-2026 15:13,12-08-2026 11:03,12-08-2026 11:02,05-08-2026 12:17,,,,,,,6
2253130.0,16-07-2026 11:36,08-07-2026 11:37,27-07-2026 16:01,19-08-2026 10:56,19-08-2026 10:56,05-08-2026 16:06,,,,,,,6
2253131.0,16-07-2026 11:36,08-07-2026 11:37,27-07-2026 16:01,19-08-2026 10:56,19-08-2026 10:56,05-08-2026 16:06,,,,,,,6
2253135.0,16-07-2026 11:36,20-07-2026 14:38,27-07-2026 16:01,19-08-2026 10:56,19-08-2026 10:56,05-08-2026 16:06,,,,,,,6
2253136.0,04-08-2026 14:30,08-07-2026 11:37,29-07-2026 15:13,19-08-2026 10:56,19-08-2026 10:56,05-08-2026 16:06,,,,,,,6
2253137.0,16-07-2026 11:36,08-07-2026 11:37,27-07-2026 16:01,19-08-2026 10:56,19-08-2026 10:56,05-08-2026 16:06,,,,,,,6
2253138.0,16-07-2026 11:36,08-07-2026 11:37,27-07-2026 16:01,19-08-2026 10:56,19-08-2026 10:56,05-08-2026 16:06,,,,,,,6
2253139.0,16-07-2026 11:36,08-07-2026 11:37,27-07-2026 16:01,19-08-2026 10:56,19-08-2026 10:56,05-08-2026 16:06,,,,,,,6
2253140.0,16-07-2026 11:36,08-07-2026 11:37,27-07-2026 16:01,19-08-2026 10:56,19-08-2026 10:56,05-08-2026 16:06,,,,,,,6
2253141.0,16-07-2026 11:36,08-07-2026 11:37,27-07-2026 16:01,19-08-2026 10:56,19-08-2026 10:56,05-08-2026 16:06,,,,,,,6
2253142.0,16-07-2026 11:36,08-07-2026 11:37,27-07-2026 16:01,19-08-2026 10:56,19-08-2026 10:56,05-08-2026 16:06,,,,,,,6
2253143.0,21-07-2026 12:26,15-07-2026 11:56,05-08-2026 15:08,31-08-2026 12:18,31-08-2026 12:17,18-08-2026 14:49,,,,,,,6
2253144.0,27-07-2026 11:01,15-07-2026 11:56,,31-08-2026 12:18,31-08-2026 12:17,11-08-2026 12:30,,,,,,,5
2253145.0,21-07-2026 12:26,15-07-2026 11:56,05-08-2026 15:56,25-08-2026 14:31,25-08-2026 14:30,18-08-2026 14:49,,,,,,,6
2253146.0,27-07-2026 11:01,15-07-2026 11:56,29-07-2026 12:00,25-08-2026 10:50,25-08-2026 10:48,11-08-2026 12:30,,,,,,,6
2253147.0,27-07-2026 11:01,15-07-2026 11:56,,25-08-2026 10:50,25-08-2026 10:48,11-08-2026 12:30,,,,,,,5
2253148.0,21-07-2026 12:26,15-07-2026 11:56,05-08-2026 15:08,25-08-2026 14:31,25-08-2026 14:30,18-08-2026 14:49,,,,,,,6
2253149.0,,15-07-2026 11:56,29-07-2026 12:00,25-08-2026 10:50,25-08-2026 10:48,11-08-2026 12:30,,,,,,,5
2253150.0,15-07-2026 14:38,08-07-2026 15:58,12-08-2026 14:44,31-08-2026 14:50,31-08-2026 14:41,13-08-2026 14:48,,,,,,,6
2253151.0,21-07-2026 12:26,15-07-2026 11:56,05-08-2026 15:56,31-08-2026 12:18,31-08-2026 12:17,18-08-2026 14:49,,,,,,,6
2253152.0,15-07-2026 14:38,08-07-2026 15:58,12-08-2026 14:44,31-08-2026 14:50,31-08-2026 14:41,,,,,,,,5
2253153.0,15-07-2026 14:38,09-07-2026 14:40,12-08-2026 14:44,31-08-2026 14:50,31-08-2026 14:41,13-08-2026 14:48,,,,,,,6
2253154.0,16-07-2026 10:42,06-07-2026 12:19,12-08-2026 14:44,,,13-08-2026 14:48,31-08-2026 10:56,,,,,,5
2253155.0,16-07-2026 10:42,06-07-2026 12:19,12-08-2026 14:44,,25-08-2026 12:11,13-08-2026 14:48,31-08-2026 10:56,,,,,,6
2253156.0,18-07-2026 14:06,06-07-2026 12:19,12-08-2026 14:44,,25-08-2026 12:11,13-08-2026 14:48,,,,,,,5
2253157.0,18-07-2026 14:06,06-07-2026 12:19,12-08-2026 14:44,,25-08-2026 12:11,13-08-2026 14:48,,,,,,,5
2253158.0,16-07-2026 10:42,06-07-2026 12:19,12-08-2026 14:44,,25-08-2026 12:11,13-08-2026 14:48,31-08-2026 10:56,,,,,,6
2253159.0,16-07-2026 10:42,06-07-2026 12:19,12-08-2026 14:44,,,13-08-2026 14:48,,,,,,,4
2253160.0,16-07-2026 10:42,06-07-2026 12:19,12-08-2026 14:44,,25-08-2026 12:11,13-08-2026 14:48,31-08-2026 10:56,,,,,,6
2253161.0,16-07-2026 10:42,06-07-2026 12:19,12-08-2026 14:44,,,13-08-2026 14:48,,,,,,,4
2253162.0,16-07-2026 10:42,06-07-2026 12:19,12-08-2026 14:44,,25-08-2026 12:11,13-08-2026 14:48,,,,,,,5
2253164.0,,,12-08-2026 14:44,,,13-08-2026 14:48,,,,,,,2
2253165.0,16-07-2026 10:42,06-07-2026 12:19,12-08-2026 14:44,,25-08-2026 12:11,13-08-2026 14:48,31-08-2026 10:56,,,,,,6
2253166.0,16-07-2026 10:42,09-07-2026 14:40,12-08-2026 14:44,,25-08-2026 12:11,13-08-2026 14:48,31-08-2026 10:56,,,,,,6
2253167.0,16-07-2026 10:42,09-07-2026 14:40,12-08-2026 14:44,,,13-08-2026 14:48,,,,,,,4
2253168.0,16-07-2026 10:42,06-07-2026 12:19,12-08-2026 14:44,,25-08-2026 12:11,13-08-2026 14:48,31-08-2026 10:56,,,,,,6
2253169.0,,,12-08-2026 14:44,,25-08-2026 12:11,13-08-2026 14:48,31-08-2026 10:56,,,,,,4
2253170.0,16-07-2026 10:42,09-07-2026 14:40,12-08-2026 14:44,,25-08-2026 12:11,13-08-2026 14:48,31-08-2026 10:56,,,,,,6
2253171.0,16-07-2026 10:42,06-07-2026 12:19,12-08-2026 14:44,,,13-08-2026 14:48,31-08-2026 10:56,,,,,,5
2253172.0,16-07-2026 10:42,09-07-2026 14:40,12-08-2026 14:44,,25-08-2026 12:11,13-08-2026 14:48,31-08-2026 10:56,,,,,,6
2253173.0,18-07-2026 14:06,03-07-2026 15:45,12-08-2026 14:44,31-08-2026 12:46,31-08-2026 12:26,14-08-2026 12:21,31-08-2026 16:10,,,,,,7
2253174.0,10-07-2026 13:15,03-07-2026 15:45,12-08-2026 14:44,31-08-2026 12:46,31-08-2026 12:26,14-08-2026 12:21,31-08-2026 16:10,,,,,,7
2253175.0,17-07-2026 14:10,08-07-2026 14:19,12-08-2026 14:44,29-08-2026 11:35,29-08-2026 11:15,13-08-2026 14:48,29-08-2026 16:22,,,,,,7
2253176.0,29-07-2026 15:55,27-07-2026 15:15,18-08-2026 13:56,,,24-08-2026 15:54,,,,,,,4
2253177.0,29-07-2026 15:55,27-07-2026 15:15,17-08-2026 16:50,,,24-08-2026 15:54,,,,,,,4
2253179.0,29-07-2026 15:55,27-07-2026 15:15,17-08-2026 16:50,,,24-08-2026 15:54,,,,,,,4
2253180.0,29-07-2026 15:55,27-07-2026 15:15,17-08-2026 16:50,,,24-08-2026 15:54,,,,,,,4
2253181.0,29-07-2026 15:55,27-07-2026 15:15,18-08-2026 13:56,,,24-08-2026 15:54,,,,,,,4
2253182.0,29-07-2026 15:55,27-07-2026 15:15,17-08-2026 16:50,,,24-08-2026 16:32,,,,,,,4
2253183.0,29-07-2026 15:55,27-07-2026 15:15,18-08-2026 13:56,,,24-08-2026 15:54,,,,,,,4
2253184.0,29-07-2026 15:55,27-07-2026 15:15,17-08-2026 16:50,,,24-08-2026 15:54,,,,,,,4
2253185.0,29-07-2026 15:55,27-07-2026 15:15,17-08-2026 16:50,,,24-08-2026 15:54,,,,,,,4
2253187.0,29-07-2026 15:55,27-07-2026 15:15,18-08-2026 13:56,,,24-08-2026 15:54,,,,,,,4
2253188.0,29-07-2026 15:55,27-07-2026 15:15,17-08-2026 16:50,,,24-08-2026 15:54,,,,,,,4
2253189.0,29-07-2026 15:55,27-07-2026 15:15,17-08-2026 16:50,,,24-08-2026 16:32,,,,,,,4
2253190.0,29-07-2026 15:55,27-07-2026 15:15,18-08-2026 13:56,,,24-08-2026 15:54,,,,,,,4
2253191.0,29-07-2026 15:55,27-07-2026 15:15,17-08-2026 16:50,,,24-08-2026 15:54,,,,,,,4
2253192.0,29-07-2026 15:55,27-07-2026 15:15,17-08-2026 16:50,,,24-08-2026 16:32,,,,,,,4
2253218.0,28-07-2026 16:19,15-07-2026 12:33,29-07-2026 12:34,,,19-08-2026 14:13,,,,,,,4
2253221.0,28-07-2026 16:19,15-07-2026 12:33,29-07-2026 12:34,,,19-08-2026 14:13,,,,,,,4
2253222.0,28-07-2026 16:19,15-07-2026 12:33,29-07-2026 12:34,,,19-08-2026 14:13,,,,,,,4
2253224.0,28-07-2026 16:19,15-07-2026 12:33,29-07-2026 12:34,,,19-08-2026 14:13,,,,,,,4
2253227.0,28-07-2026 16:19,15-07-2026 12:33,29-07-2026 12:34,,,19-08-2026 14:13,,,,,,,4
2253230.0,28-07-2026 16:19,15-07-2026 12:33,29-07-2026 12:34,,,19-08-2026 14:13,,,,,,,4
2253233.0,28-07-2026 16:19,15-07-2026 12:33,29-07-2026 12:34,,,19-08-2026 14:13,,,,,,,4
2253268.0,31-07-2026 14:09,28-07-2026 14:05,06-08-2026 16:28,,,11-08-2026 14:11,,,,,,,4
2253271.0,30-07-2026 13:37,27-07-2026 14:08,07-08-2026 13:48,25-08-2026 15:53,25-08-2026 15:52,17-08-2026 15:29,,,,,,,6
2253274.0,30-07-2026 13:37,27-07-2026 14:08,07-08-2026 13:48,,,17-08-2026 15:29,,,,,,,4
2253276.0,28-07-2026 16:19,15-07-2026 12:33,29-07-2026 12:34,,,19-08-2026 14:13,,,,,,,4
2253278.0,30-07-2026 16:44,28-07-2026 15:51,07-08-2026 14:57,25-08-2026 13:44,25-08-2026 13:43,19-08-2026 16:44,,,,,,,6
2253280.0,28-07-2026 16:19,15-07-2026 12:33,29-07-2026 12:34,,,19-08-2026 14:13,,,,,,,4
2253289.0,29-07-2026 16:03,27-07-2026 15:14,17-08-2026 13:58,,,24-08-2026 16:32,,,,,,,4
2253290.0,28-07-2026 16:19,15-07-2026 12:33,29-07-2026 12:34,,,19-08-2026 14:13,,,,,,,4
2253291.0,29-07-2026 16:03,27-07-2026 15:14,17-08-2026 13:58,,,19-08-2026 14:24,,,,,,,4
2253292.0,28-07-2026 16:19,15-07-2026 12:33,29-07-2026 12:34,,,19-08-2026 14:13,,,,,,,4
2253293.0,29-07-2026 16:03,27-07-2026 15:14,17-08-2026 13:58,,,19-08-2026 14:24,,,,,,,4
2253294.0,29-07-2026 16:03,27-07-2026 15:14,17-08-2026 13:58,,,19-08-2026 14:24,,,,,,,4
2253295.0,28-07-2026 16:19,15-07-2026 12:33,29-07-2026 12:34,,,19-08-2026 14:13,,,,,,,4
2253296.0,29-07-2026 16:03,27-07-2026 15:14,17-08-2026 13:58,,,24-08-2026 16:32,,,,,,,4
2253297.0,28-07-2026 16:19,15-07-2026 12:33,29-07-2026 12:34,,,19-08-2026 14:13,,,,,,,4
2253299.0,29-07-2026 16:03,27-07-2026 15:14,17-08-2026 13:58,,,24-08-2026 16:32,,,,,,,4
2253300.0,29-07-2026 16:03,27-07-2026 15:14,17-08-2026 13:58,,,19-08-2026 14:24,,,,,,,4
2253302.0,29-07-2026 16:03,27-07-2026 15:14,17-08-2026 13:58,,,19-08-2026 14:24,,,,,,,4
2253303.0,29-07-2026 16:03,27-07-2026 15:14,17-08-2026 13:58,,,24-08-2026 16:32,,,,,,,4
2253305.0,27-07-2026 14:04,20-07-2026 12:32,12-08-2026 12:36,,,17-08-2026 15:42,,,,,,,4
2253306.0,29-07-2026 16:03,12-08-2026 14:05,17-08-2026 13:58,,,19-08-2026 14:24,,,,,,,4
2253336.0,29-07-2026 16:03,27-07-2026 15:14,17-08-2026 13:58,,,19-08-2026 14:24,,,,,,,4
2253337.0,29-07-2026 16:03,27-07-2026 15:14,17-08-2026 13:58,,,19-08-2026 14:24,,,,,,,4
2253357.0,29-07-2026 12:45,21-07-2026 12:37,04-08-2026 12:13,19-08-2026 11:04,19-08-2026 11:01,12-08-2026 14:21,,,,,,,6
2253359.0,29-07-2026 12:45,21-07-2026 12:37,04-08-2026 12:13,19-08-2026 11:04,19-08-2026 11:01,12-08-2026 14:21,31-08-2026 15:56,,,,,,7
2253361.0,29-07-2026 12:45,28-07-2026 15:52,04-08-2026 12:13,19-08-2026 11:04,19-08-2026 11:01,12-08-2026 14:21,31-08-2026 15:56,,,,,,7
2253369.0,29-07-2026 12:45,21-07-2026 12:37,04-08-2026 12:13,19-08-2026 11:04,19-08-2026 11:01,12-08-2026 14:21,31-08-2026 15:56,,,,,,7
2253371.0,12-08-2026 15:46,23-07-2026 14:56,14-08-2026 12:41,19-08-2026 11:04,19-08-2026 11:01,18-08-2026 14:09,31-08-2026 15:56,,,,,,7
2253378.0,29-07-2026 12:45,21-07-2026 12:37,04-08-2026 12:13,19-08-2026 11:04,19-08-2026 11:01,12-08-2026 14:21,31-08-2026 15:56,,,,,,7
2253384.0,29-07-2026 12:45,21-07-2026 12:37,04-08-2026 12:13,29-08-2026 11:17,29-08-2026 11:11,12-08-2026 14:21,31-08-2026 15:56,,,,,,7
2253386.0,12-08-2026 15:46,21-07-2026 12:37,14-08-2026 12:41,29-08-2026 11:17,29-08-2026 11:11,19-08-2026 15:12,31-08-2026 15:56,,,,,,7
2253395.0,29-07-2026 12:45,21-07-2026 12:37,04-08-2026 12:13,19-08-2026 11:04,19-08-2026 11:01,12-08-2026 14:21,31-08-2026 15:56,,,,,,7
2253396.0,29-07-2026 12:45,21-07-2026 12:37,04-08-2026 12:13,19-08-2026 11:04,19-08-2026 11:01,12-08-2026 14:21,31-08-2026 15:56,,,,,,7
2253399.0,27-07-2026 14:04,20-07-2026 12:32,12-08-2026 12:36,,,17-08-2026 15:42,,,,,,,4
2253400.0,29-07-2026 12:45,23-07-2026 14:56,04-08-2026 12:13,19-08-2026 11:04,19-08-2026 11:01,12-08-2026 14:21,31-08-2026 15:56,,,,,,7
2253402.0,29-07-2026 12:45,21-07-2026 12:37,04-08-2026 12:13,19-08-2026 11:04,19-08-2026 11:01,12-08-2026 14:21,31-08-2026 15:56,,,,,,7
2253403.0,27-07-2026 14:04,20-07-2026 12:32,12-08-2026 12:36,,,17-08-2026 15:42,,,,,,,4
2253405.0,04-08-2026 14:04,21-07-2026 12:37,14-08-2026 12:41,19-08-2026 11:04,19-08-2026 11:01,12-08-2026 14:21,31-08-2026 15:56,,,,,,7
2253407.0,28-07-2026 11:47,20-07-2026 12:36,05-08-2026 11:58,25-08-2026 16:37,25-08-2026 16:35,19-08-2026 11:43,,,,,,,6
2253409.0,27-07-2026 14:04,20-07-2026 12:32,12-08-2026 12:36,,,17-08-2026 15:42,,,,,,,4
2253410.0,29-07-2026 12:45,21-07-2026 12:37,04-08-2026 12:13,19-08-2026 11:04,19-08-2026 11:01,12-08-2026 14:21,,,,,,,6
2253413.0,27-07-2026 14:04,20-07-2026 12:32,12-08-2026 12:36,,,17-08-2026 15:42,,,,,,,4
2253414.0,,20-07-2026 12:36,05-08-2026 11:58,25-08-2026 16:37,25-08-2026 16:35,19-08-2026 11:43,,,,,,,5
2253418.0,27-07-2026 14:04,20-07-2026 12:32,12-08-2026 12:36,,,17-08-2026 15:42,,,,,,,4
2253421.0,28-07-2026 11:47,20-07-2026 12:36,05-08-2026 11:58,25-08-2026 16:37,25-08-2026 16:35,19-08-2026 11:43,,,,,,,6
2253423.0,27-07-2026 14:04,20-07-2026 12:32,12-08-2026 12:36,,,17-08-2026 15:42,,,,,,,4
2253429.0,27-07-2026 14:04,20-07-2026 12:32,12-08-2026 12:36,,,17-08-2026 15:42,,,,,,,4
2253431.0,29-07-2026 12:45,21-07-2026 12:37,04-08-2026 12:13,19-08-2026 11:04,19-08-2026 11:01,12-08-2026 14:21,,,,,,,6
2253435.0,27-07-2026 14:04,20-07-2026 12:32,12-08-2026 12:36,,,17-08-2026 15:42,,,,,,,4
2253436.0,28-07-2026 11:47,20-07-2026 12:36,05-08-2026 11:58,25-08-2026 16:37,25-08-2026 16:35,19-08-2026 11:43,,,,,,,6
2253446.0,27-07-2026 14:04,20-07-2026 12:32,12-08-2026 12:36,,,17-08-2026 15:42,,,,,,,4
2253451.0,,20-07-2026 12:36,05-08-2026 11:58,25-08-2026 16:37,25-08-2026 16:35,,,,,,,,4
2253453.0,27-07-2026 14:04,20-07-2026 12:32,12-08-2026 12:36,,,17-08-2026 15:42,,,,,,,4
2253461.0,27-07-2026 14:04,20-07-2026 12:32,12-08-2026 12:36,,,17-08-2026 15:42,,,,,,,4
2253464.0,28-07-2026 15:54,20-07-2026 12:36,05-08-2026 10:58,25-08-2026 12:12,25-08-2026 12:10,18-08-2026 11:56,,,,,,,6
2253472.0,,20-07-2026 12:36,05-08-2026 10:58,25-08-2026 12:12,25-08-2026 12:10,18-08-2026 11:56,,,,,,,5
2253478.0,28-07-2026 15:54,20-07-2026 12:36,05-08-2026 10:58,25-08-2026 12:12,25-08-2026 12:10,18-08-2026 11:56,,,,,,,6
2253482.0,28-07-2026 15:54,20-07-2026 12:36,,25-08-2026 12:12,25-08-2026 12:10,18-08-2026 11:56,,,,,,,5
2253512.0,22-07-2026 15:57,29-07-2026 12:39,05-08-2026 15:59,18-08-2026 14:52,18-08-2026 14:52,12-08-2026 14:34,,,,,,,6
2253515.0,30-07-2026 14:25,15-07-2026 12:45,05-08-2026 15:59,18-08-2026 14:52,18-08-2026 14:52,12-08-2026 14:34,,,,,,,6
2253521.0,22-07-2026 15:57,29-07-2026 12:39,,18-08-2026 14:52,18-08-2026 14:52,12-08-2026 14:34,,,,,,,5
2253527.0,22-07-2026 15:57,15-07-2026 12:45,05-08-2026 15:59,18-08-2026 14:52,18-08-2026 14:52,12-08-2026 14:34,,,,,,,6
2253533.0,30-07-2026 14:25,15-07-2026 12:45,05-08-2026 15:59,18-08-2026 14:52,18-08-2026 14:52,12-08-2026 14:34,,,,,,,6
2253559.0,17-07-2026 11:45,10-07-2026 11:52,30-07-2026 14:11,20-08-2026 11:57,20-08-2026 11:56,19-08-2026 16:01,,,,,,,6
2253567.0,17-07-2026 11:45,24-07-2026 11:17,20-08-2026 11:03,29-08-2026 12:08,29-08-2026 12:07,19-08-2026 16:01,,,,,,,6
2253572.0,17-07-2026 11:45,24-07-2026 11:17,20-08-2026 11:03,29-08-2026 12:08,29-08-2026 12:07,19-08-2026 16:01,,,,,,,6
2253574.0,22-07-2026 15:57,15-07-2026 12:45,05-08-2026 15:59,18-08-2026 14:52,18-08-2026 14:52,12-08-2026 14:34,,,,,,,6
2253583.0,22-07-2026 15:57,29-07-2026 12:39,,18-08-2026 14:52,18-08-2026 14:52,12-08-2026 14:34,,,,,,,5
2253585.0,23-07-2026 14:13,24-07-2026 11:17,30-07-2026 14:11,29-08-2026 12:08,29-08-2026 12:07,19-08-2026 16:01,,,,,,,6
2253597.0,17-07-2026 11:45,24-07-2026 11:17,30-07-2026 14:11,20-08-2026 11:57,20-08-2026 11:56,19-08-2026 16:01,,,,,,,6
2253601.0,17-07-2026 11:45,10-07-2026 11:52,30-07-2026 14:11,20-08-2026 11:57,20-08-2026 11:56,19-08-2026 16:01,,,,,,,6
2253604.0,22-07-2026 15:57,15-07-2026 12:45,05-08-2026 15:59,18-08-2026 14:52,18-08-2026 14:52,12-08-2026 14:34,,,,,,,6
2253610.0,22-07-2026 15:57,15-07-2026 12:45,05-08-2026 15:59,18-08-2026 14:52,18-08-2026 14:52,,,,,,,,5
2253625.0,14-08-2026 13:24,27-07-2026 15:14,17-08-2026 13:58,,,19-08-2026 14:24,,,,,,,4
2253627.0,29-07-2026 16:03,27-07-2026 15:14,17-08-2026 13:58,,,19-08-2026 14:24,,,,,,,4
2253634.0,22-07-2026 15:57,15-07-2026 12:45,05-08-2026 15:59,18-08-2026 14:52,18-08-2026 14:52,12-08-2026 14:34,,,,,,,6
2253674.0,22-07-2026 15:57,15-07-2026 12:45,05-08-2026 15:59,18-08-2026 14:52,18-08-2026 14:52,12-08-2026 14:34,,,,,,,6
2253684.0,22-07-2026 15:57,15-07-2026 12:45,,18-08-2026 14:52,18-08-2026 14:52,12-08-2026 14:34,,,,,,,5
2253691.0,22-07-2026 15:57,15-07-2026 12:45,05-08-2026 15:59,18-08-2026 14:52,18-08-2026 14:52,12-08-2026 14:34,,,,,,,6
2253693.0,22-07-2026 15:57,15-07-2026 12:45,,18-08-2026 14:52,18-08-2026 14:52,12-08-2026 14:34,,,,,,,5
2253755.0,27-07-2026 14:04,20-07-2026 12:32,12-08-2026 12:36,,,17-08-2026 15:42,,,,,,,4
2253756.0,27-07-2026 14:04,20-07-2026 12:32,12-08-2026 12:36,,,17-08-2026 15:42,,,,,,,4
2253757.0,27-07-2026 14:04,20-07-2026 12:32,12-08-2026 12:36,,,17-08-2026 15:42,,,,,,,4
2253758.0,17-07-2026 11:45,10-07-2026 11:52,20-08-2026 11:03,29-08-2026 12:08,29-08-2026 12:07,19-08-2026 16:01,,,,,,,6
2253759.0,17-07-2026 11:45,10-07-2026 11:52,30-07-2026 14:11,29-08-2026 12:08,29-08-2026 12:07,19-08-2026 16:01,,,,,,,6
2253760.0,27-07-2026 14:04,20-07-2026 12:32,12-08-2026 12:36,,,17-08-2026 15:42,,,,,,,4
2253761.0,27-07-2026 14:04,20-07-2026 12:32,12-08-2026 12:36,,,17-08-2026 15:42,,,,,,,4
2253762.0,27-07-2026 14:04,20-07-2026 12:32,12-08-2026 12:36,,,17-08-2026 15:42,,,,,,,4
2253763.0,27-07-2026 14:04,20-07-2026 12:32,12-08-2026 12:36,,,17-08-2026 15:42,,,,,,,4
2253764.0,27-07-2026 14:04,20-07-2026 12:32,12-08-2026 12:36,,,17-08-2026 15:42,,,,,,,4
2253765.0,23-07-2026 14:13,24-07-2026 11:17,30-07-2026 14:11,29-08-2026 12:08,29-08-2026 12:07,19-08-2026 16:01,,,,,,,6
2253766.0,17-07-2026 11:45,10-07-2026 11:52,30-07-2026 14:11,29-08-2026 12:08,29-08-2026 12:07,19-08-2026 16:01,,,,,,,6
2253767.0,17-07-2026 11:45,24-07-2026 11:17,30-07-2026 14:11,20-08-2026 11:57,20-08-2026 11:56,19-08-2026 16:01,,,,,,,6
2253771.0,17-07-2026 14:10,08-07-2026 14:19,12-08-2026 14:44,29-08-2026 11:35,29-08-2026 11:15,13-08-2026 14:48,29-08-2026 16:22,,,,,,7
2253772.0,16-07-2026 15:42,08-07-2026 14:19,12-08-2026 14:44,,,13-08-2026 14:48,,,,,,,4
2253773.0,,17-07-2026 10:57,12-08-2026 14:44,,,13-08-2026 14:48,,,,,,,3
2253774.0,17-07-2026 14:10,08-07-2026 14:19,12-08-2026 14:44,29-08-2026 11:35,29-08-2026 11:15,13-08-2026 14:48,29-08-2026 16:22,,,,,,7
2253775.0,16-07-2026 15:42,08-07-2026 14:19,12-08-2026 14:44,,,13-08-2026 14:48,,,,,,,4
2253776.0,16-07-2026 15:42,08-07-2026 14:19,12-08-2026 14:44,,,13-08-2026 14:48,,,,,,,4
2253777.0,16-07-2026 15:42,08-07-2026 14:19,12-08-2026 14:44,29-08-2026 11:35,29-08-2026 11:15,13-08-2026 14:48,29-08-2026 16:22,,,,,,7
2253778.0,,,12-08-2026 14:44,29-08-2026 11:35,29-08-2026 11:15,13-08-2026 14:48,29-08-2026 16:22,,,,,,5
2253779.0,17-07-2026 14:10,09-07-2026 14:40,12-08-2026 14:44,29-08-2026 11:35,29-08-2026 11:15,13-08-2026 14:48,29-08-2026 16:22,,,,,,7
2253780.0,15-07-2026 14:38,08-07-2026 15:58,12-08-2026 14:44,31-08-2026 14:50,31-08-2026 14:41,13-08-2026 14:48,,,,,,,6
2253781.0,16-07-2026 10:42,06-07-2026 12:19,12-08-2026 14:44,,25-08-2026 12:11,13-08-2026 14:48,31-08-2026 10:56,,,,,,6
2253782.0,16-07-2026 10:42,06-07-2026 12:19,12-08-2026 14:44,,,13-08-2026 14:48,31-08-2026 10:56,,,,,,5
2253783.0,16-07-2026 10:42,06-07-2026 12:19,12-08-2026 14:44,,25-08-2026 12:11,13-08-2026 14:48,31-08-2026 10:56,,,,,,6
2253791.0,01-08-2026 16:05,13-07-2026 14:42,27-07-2026 12:18,20-08-2026 15:44,20-08-2026 15:44,06-08-2026 16:03,,,,,,,6
2253792.0,23-07-2026 14:13,10-07-2026 11:52,30-07-2026 14:11,20-08-2026 11:57,20-08-2026 11:56,19-08-2026 16:01,,,,,,,6
2253793.0,23-07-2026 10:32,07-08-2026 11:47,27-07-2026 12:18,20-08-2026 15:44,20-08-2026 15:44,06-08-2026 16:03,,,,,,,6
2253794.0,17-07-2026 11:45,10-07-2026 11:52,30-07-2026 14:11,29-08-2026 12:08,29-08-2026 12:07,19-08-2026 16:01,,,,,,,6
2253799.0,22-07-2026 12:32,29-07-2026 12:39,04-08-2026 11:53,18-08-2026 12:21,18-08-2026 12:20,13-08-2026 11:06,,,,,,,6
2253803.0,23-07-2026 12:03,16-07-2026 11:56,27-07-2026 16:06,,,14-08-2026 13:58,,,,,,,4
2253805.0,22-07-2026 12:32,15-07-2026 12:45,04-08-2026 11:53,18-08-2026 12:21,18-08-2026 12:20,13-08-2026 11:06,,,,,,,6
2253807.0,23-07-2026 12:03,16-07-2026 11:56,27-07-2026 16:06,,,14-08-2026 13:58,,,,,,,4
2253810.0,23-07-2026 12:03,07-08-2026 11:47,27-07-2026 16:06,,,14-08-2026 13:58,,,,,,,4
2253812.0,23-07-2026 12:03,16-07-2026 11:56,27-07-2026 16:06,,,14-08-2026 13:58,,,,,,,4
2253814.0,23-07-2026 12:03,16-07-2026 11:56,01-08-2026 14:19,,,14-08-2026 13:58,,,,,,,4
2253815.0,28-07-2026 15:54,20-07-2026 12:36,05-08-2026 10:58,25-08-2026 12:12,25-08-2026 12:10,18-08-2026 11:56,,,,,,,6
2253816.0,22-07-2026 12:32,29-07-2026 12:39,11-08-2026 12:00,18-08-2026 12:21,18-08-2026 12:20,13-08-2026 11:06,,,,,,,6
2253817.0,17-07-2026 11:45,24-07-2026 11:17,30-07-2026 14:11,20-08-2026 11:57,20-08-2026 11:56,19-08-2026 16:01,,,,,,,6
2253818.0,22-07-2026 12:32,04-07-2026 10:53,04-08-2026 11:53,18-08-2026 12:21,18-08-2026 12:20,13-08-2026 11:06,,,,,,,6
2253819.0,22-07-2026 12:32,29-07-2026 12:39,04-08-2026 11:53,18-08-2026 12:21,18-08-2026 12:20,13-08-2026 11:06,,,,,,,6
2253820.0,28-07-2026 15:54,20-07-2026 12:36,05-08-2026 10:58,25-08-2026 12:12,25-08-2026 12:10,18-08-2026 11:56,,,,,,,6
2253821.0,17-07-2026 11:45,10-07-2026 11:52,30-07-2026 14:11,29-08-2026 12:08,29-08-2026 12:07,19-08-2026 16:01,,,,,,,6
2253822.0,22-07-2026 12:32,29-07-2026 12:39,04-08-2026 11:53,18-08-2026 12:21,18-08-2026 12:20,13-08-2026 11:06,,,,,,,6
2253823.0,17-07-2026 11:45,10-07-2026 11:52,30-07-2026 14:11,20-08-2026 11:57,20-08-2026 11:56,19-08-2026 16:01,,,,,,,6
2253826.0,28-07-2026 15:54,20-07-2026 12:36,,25-08-2026 12:12,25-08-2026 12:10,18-08-2026 11:56,,,,,,,5
2253828.0,27-07-2026 11:58,20-07-2026 12:36,05-08-2026 15:56,31-08-2026 12:18,31-08-2026 12:17,18-08-2026 14:49,,,,,,,6
2253831.0,27-07-2026 11:58,20-07-2026 12:36,05-08-2026 15:08,31-08-2026 12:18,31-08-2026 12:17,18-08-2026 14:49,,,,,,,6
2253848.0,29-07-2026 10:34,15-07-2026 11:51,27-07-2026 15:28,18-08-2026 15:24,18-08-2026 15:24,06-08-2026 14:48,27-08-2026 14:42,,,,,,7
2253854.0,22-07-2026 15:25,30-07-2026 13:49,27-07-2026 15:28,18-08-2026 15:24,18-08-2026 15:24,06-08-2026 14:48,27-08-2026 14:42,,,,,,7
2253860.0,22-07-2026 15:25,15-07-2026 11:51,27-07-2026 15:28,18-08-2026 15:24,18-08-2026 15:24,06-08-2026 14:48,27-08-2026 14:42,,,,,,7
2253866.0,22-07-2026 15:25,15-07-2026 11:51,01-08-2026 12:15,18-08-2026 15:24,18-08-2026 15:24,29-08-2026 15:00,27-08-2026 14:42,,,,,,7
2253880.0,29-07-2026 10:34,24-07-2026 14:44,27-07-2026 15:28,18-08-2026 15:24,18-08-2026 15:24,06-08-2026 14:48,27-08-2026 14:42,,,,,,7
2253886.0,22-07-2026 15:25,15-07-2026 11:51,27-07-2026 15:28,18-08-2026 15:24,18-08-2026 15:24,06-08-2026 14:48,27-08-2026 14:42,,,,,,7
2253887.0,29-07-2026 11:57,20-07-2026 14:08,04-08-2026 16:27,18-08-2026 16:20,18-08-2026 16:18,11-08-2026 16:23,,,,,,,6
2253890.0,29-07-2026 16:03,27-07-2026 15:14,17-08-2026 13:58,,,19-08-2026 14:24,,,,,,,4
2253891.0,29-07-2026 11:57,20-07-2026 14:08,04-08-2026 16:27,18-08-2026 16:20,18-08-2026 16:18,11-08-2026 16:23,,,,,,,6
2253893.0,21-07-2026 11:42,30-07-2026 14:40,04-08-2026 15:34,18-08-2026 14:18,18-08-2026 14:17,05-08-2026 14:03,27-08-2026 13:57,,,,,,7
2253894.0,30-07-2026 14:49,20-07-2026 14:08,04-08-2026 16:27,18-08-2026 16:20,18-08-2026 16:18,11-08-2026 16:23,,,,,,,6
2253897.0,29-07-2026 16:03,27-07-2026 15:14,17-08-2026 13:58,,,19-08-2026 14:24,,,,,,,4
2253900.0,29-07-2026 11:57,20-07-2026 14:08,04-08-2026 16:27,18-08-2026 16:20,18-08-2026 16:18,11-08-2026 16:23,,,,,,,6
2253903.0,22-07-2026 15:25,15-07-2026 11:51,27-07-2026 15:28,18-08-2026 15:24,18-08-2026 15:24,06-08-2026 14:48,27-08-2026 14:42,,,,,,7
2253905.0,29-07-2026 16:03,27-07-2026 15:14,17-08-2026 13:58,,,24-08-2026 16:32,,,,,,,4
2253908.0,29-07-2026 11:57,20-07-2026 14:08,04-08-2026 16:27,18-08-2026 16:20,18-08-2026 16:18,11-08-2026 16:23,,,,,,,6
2253911.0,29-07-2026 11:57,20-07-2026 14:08,04-08-2026 16:27,18-08-2026 16:20,18-08-2026 16:18,11-08-2026 16:23,,,,,,,6
2253912.0,29-07-2026 16:03,27-07-2026 15:14,18-08-2026 13:56,,,19-08-2026 14:24,,,,,,,4
2253915.0,29-07-2026 10:34,15-07-2026 11:51,27-07-2026 15:28,,,06-08-2026 14:48,,,,,,,4
2253919.0,29-07-2026 11:57,20-07-2026 14:08,04-08-2026 16:27,,,18-08-2026 14:09,,,,,,,4
2253924.0,29-07-2026 11:57,20-07-2026 14:08,04-08-2026 16:27,,,18-08-2026 14:09,,,,,,,4
2253926.0,14-08-2026 13:24,27-07-2026 15:14,17-08-2026 13:58,,,19-08-2026 14:24,,,,,,,4
2253927.0,22-07-2026 15:25,30-07-2026 13:49,27-07-2026 15:28,18-08-2026 15:24,18-08-2026 15:24,06-08-2026 14:48,,,,,,,6
2253928.0,29-07-2026 11:57,20-07-2026 14:08,04-08-2026 16:27,18-08-2026 16:20,18-08-2026 16:18,11-08-2026 16:23,,,,,,,6
2253931.0,29-07-2026 16:03,27-07-2026 15:14,17-08-2026 13:58,,,19-08-2026 14:24,,,,,,,4
2253933.0,29-07-2026 11:57,23-07-2026 14:56,04-08-2026 16:27,18-08-2026 16:20,18-08-2026 16:18,11-08-2026 16:23,,,,,,,6
2253935.0,29-07-2026 16:03,27-07-2026 15:14,17-08-2026 13:58,,,19-08-2026 14:24,,,,,,,4
2253936.0,30-07-2026 14:49,20-07-2026 14:08,04-08-2026 16:27,18-08-2026 16:20,18-08-2026 16:18,11-08-2026 16:23,,,,,,,6
2253937.0,29-07-2026 16:03,27-07-2026 15:14,17-08-2026 13:58,,,19-08-2026 14:24,,,,,,,4
2253938.0,29-07-2026 11:57,20-07-2026 14:08,04-08-2026 16:27,27-08-2026 16:16,27-08-2026 16:12,19-08-2026 15:12,,,,,,,6
2253939.0,21-07-2026 11:42,04-07-2026 14:11,04-08-2026 15:34,18-08-2026 14:18,18-08-2026 14:17,29-08-2026 15:00,27-08-2026 13:53,,,,,,7
2253940.0,29-07-2026 11:57,20-07-2026 14:08,04-08-2026 16:27,,,11-08-2026 16:23,,,,,,,4
2253941.0,29-07-2026 16:03,27-07-2026 15:14,18-08-2026 13:56,,,19-08-2026 14:24,,,,,,,4
2253942.0,29-07-2026 11:57,20-07-2026 14:08,04-08-2026 16:27,18-08-2026 16:20,18-08-2026 16:18,11-08-2026 16:23,,,,,,,6
2253943.0,29-07-2026 11:57,20-07-2026 14:08,04-08-2026 16:27,18-08-2026 16:20,18-08-2026 16:18,11-08-2026 16:23,,,,,,,6
2253945.0,29-07-2026 11:57,20-07-2026 14:08,05-08-2026 16:28,18-08-2026 16:20,18-08-2026 16:18,11-08-2026 16:23,,,,,,,6
2253946.0,29-07-2026 11:57,23-07-2026 14:56,04-08-2026 16:27,18-08-2026 16:20,18-08-2026 16:18,11-08-2026 16:23,,,,,,,6
2253947.0,29-07-2026 16:03,27-07-2026 15:14,17-08-2026 13:58,,,19-08-2026 14:24,,,,,,,4
2253948.0,29-07-2026 11:57,20-07-2026 14:08,04-08-2026 16:27,18-08-2026 16:20,18-08-2026 16:18,11-08-2026 16:23,,,,,,,6
2253949.0,29-07-2026 16:03,27-07-2026 15:14,17-08-2026 13:58,,,19-08-2026 14:24,,,,,,,4
2253950.0,29-07-2026 11:57,20-07-2026 14:08,04-08-2026 16:27,18-08-2026 16:20,18-08-2026 16:18,11-08-2026 16:23,,,,,,,6
2254382.0,21-07-2026 11:42,04-07-2026 14:11,30-07-2026 15:33,18-08-2026 14:18,18-08-2026 14:17,05-08-2026 14:03,,,,,,,6
2254384.0,21-07-2026 11:42,04-07-2026 14:11,30-07-2026 15:33,18-08-2026 14:18,18-08-2026 14:17,05-08-2026 14:03,27-08-2026 13:53,,,,,,7
2254478.0,22-07-2026 15:25,15-07-2026 11:51,01-08-2026 12:15,18-08-2026 15:24,18-08-2026 15:24,06-08-2026 14:48,,,,,,,6
2254480.0,22-07-2026 15:25,15-07-2026 11:51,27-07-2026 15:28,18-08-2026 15:24,18-08-2026 15:24,06-08-2026 14:48,27-08-2026 14:42,,,,,,7
2254491.0,22-07-2026 15:25,15-07-2026 11:51,27-07-2026 15:28,18-08-2026 15:24,18-08-2026 15:24,06-08-2026 14:48,27-08-2026 14:42,,,,,,7
2254495.0,22-07-2026 15:25,30-07-2026 13:49,27-07-2026 15:28,18-08-2026 15:24,18-08-2026 15:24,12-08-2026 10:43,27-08-2026 14:42,,,,,,7
2254497.0,22-07-2026 15:25,15-07-2026 11:51,27-07-2026 15:28,18-08-2026 15:24,18-08-2026 15:24,29-08-2026 15:00,,,,,,,6
2254500.0,22-07-2026 15:25,15-07-2026 11:51,01-08-2026 12:15,18-08-2026 15:24,18-08-2026 15:24,06-08-2026 14:48,27-08-2026 14:42,,,,,,7
2254503.0,29-07-2026 10:34,24-07-2026 14:44,01-08-2026 12:15,,,29-08-2026 15:00,,,,,,,4
2254509.0,22-07-2026 15:25,30-07-2026 13:49,01-08-2026 12:15,,,06-08-2026 14:48,,,,,,,4
2254514.0,22-07-2026 15:25,30-07-2026 13:49,27-07-2026 15:28,18-08-2026 15:24,18-08-2026 15:24,06-08-2026 14:48,,,,,,,6
2254520.0,21-07-2026 11:42,04-07-2026 14:11,30-07-2026 15:33,18-08-2026 14:18,18-08-2026 14:17,05-08-2026 14:03,27-08-2026 13:53,,,,,,7
2254528.0,21-07-2026 11:42,30-07-2026 14:40,30-07-2026 15:33,18-08-2026 14:18,18-08-2026 14:17,05-08-2026 14:03,27-08-2026 13:57,,,,,,7
2254530.0,29-07-2026 12:13,24-07-2026 14:44,30-07-2026 15:33,18-08-2026 14:18,18-08-2026 14:17,12-08-2026 10:43,27-08-2026 13:53,,,,,,7
2254543.0,21-07-2026 11:42,04-07-2026 14:11,30-07-2026 15:33,18-08-2026 14:18,18-08-2026 14:17,05-08-2026 14:03,,,,,,,6
2254574.0,28-07-2026 15:54,20-07-2026 10:50,,25-08-2026 12:12,25-08-2026 12:10,18-08-2026 11:56,,,,,,,5
2254578.0,28-07-2026 15:54,20-07-2026 10:50,,25-08-2026 12:12,25-08-2026 12:10,18-08-2026 11:56,,,,,,,5
2254583.0,28-07-2026 15:54,20-07-2026 10:50,05-08-2026 10:58,25-08-2026 12:12,25-08-2026 12:10,18-08-2026 11:56,,,,,,,6
2254588.0,28-07-2026 15:54,20-07-2026 10:50,05-08-2026 10:58,25-08-2026 12:12,25-08-2026 12:10,18-08-2026 11:56,,,,,,,6
2254597.0,28-07-2026 15:54,20-07-2026 10:50,05-08-2026 10:58,25-08-2026 12:12,25-08-2026 12:10,18-08-2026 11:56,,,,,,,6
2254602.0,28-07-2026 15:54,20-07-2026 10:50,05-08-2026 10:58,25-08-2026 12:12,25-08-2026 12:10,,,,,,,,5
2254606.0,27-07-2026 11:58,20-07-2026 10:50,05-08-2026 15:56,25-08-2026 14:31,25-08-2026 14:30,18-08-2026 14:49,,,,,,,6
2254626.0,22-07-2026 12:32,29-07-2026 12:39,04-08-2026 11:53,18-08-2026 12:21,18-08-2026 12:20,13-08-2026 11:06,,,,,,,6
2254627.0,21-07-2026 11:42,04-07-2026 14:11,04-08-2026 15:34,18-08-2026 14:18,18-08-2026 14:17,05-08-2026 14:03,27-08-2026 13:53,,,,,,7
2254628.0,21-07-2026 11:42,30-07-2026 14:40,30-07-2026 15:33,18-08-2026 14:18,18-08-2026 14:17,05-08-2026 14:03,27-08-2026 13:53,,,,,,7
2254629.0,29-07-2026 12:13,17-07-2026 14:59,01-08-2026 12:15,,,06-08-2026 11:34,27-08-2026 14:42,,,,,,5
2254630.0,13-07-2026 12:25,08-07-2026 12:22,27-07-2026 12:08,17-08-2026 15:23,17-08-2026 15:22,05-08-2026 15:48,24-08-2026 12:21,,,,,,7
2254631.0,15-07-2026 12:19,08-07-2026 16:10,27-07-2026 15:33,18-08-2026 10:43,18-08-2026 10:43,05-08-2026 15:48,25-08-2026 12:04,,,,,,7
2254633.0,31-07-2026 11:48,29-07-2026 12:39,11-08-2026 12:00,18-08-2026 12:21,18-08-2026 12:20,13-08-2026 11:06,,,,,,,6
2254634.0,31-07-2026 11:48,15-07-2026 12:45,11-08-2026 12:00,18-08-2026 12:21,18-08-2026 12:20,13-08-2026 11:06,,,,,,,6
2254635.0,22-07-2026 12:32,04-07-2026 10:53,04-08-2026 11:53,18-08-2026 12:21,18-08-2026 12:20,13-08-2026 11:06,,,,,,,6
2254636.0,22-07-2026 12:32,04-07-2026 10:53,04-08-2026 11:53,18-08-2026 12:21,18-08-2026 12:20,13-08-2026 11:06,,,,,,,6
2254637.0,22-07-2026 12:32,04-07-2026 10:53,04-08-2026 11:53,18-08-2026 12:21,18-08-2026 12:20,13-08-2026 11:06,,,,,,,6
2254639.0,22-07-2026 12:32,15-07-2026 12:45,11-08-2026 12:00,18-08-2026 12:21,18-08-2026 12:20,13-08-2026 11:06,,,,,,,6
2254640.0,22-07-2026 12:32,04-07-2026 10:53,04-08-2026 11:53,18-08-2026 12:21,18-08-2026 12:20,13-08-2026 11:06,,,,,,,6
2254641.0,22-07-2026 12:32,04-07-2026 10:53,04-08-2026 11:53,18-08-2026 12:21,18-08-2026 12:20,13-08-2026 11:06,,,,,,,6
2254642.0,22-07-2026 12:32,04-07-2026 10:53,04-08-2026 11:53,18-08-2026 12:21,18-08-2026 12:20,13-08-2026 11:06,,,,,,,6
2254643.0,31-07-2026 11:48,04-07-2026 10:53,11-08-2026 12:00,18-08-2026 12:21,18-08-2026 12:20,13-08-2026 11:06,,,,,,,6
2254644.0,22-07-2026 12:32,29-07-2026 12:39,04-08-2026 11:53,18-08-2026 12:21,18-08-2026 12:20,13-08-2026 11:06,,,,,,,6
2254645.0,22-07-2026 12:32,04-07-2026 10:53,11-08-2026 12:00,18-08-2026 12:21,18-08-2026 12:20,13-08-2026 11:06,,,,,,,6
2254646.0,22-07-2026 12:32,04-07-2026 10:53,04-08-2026 11:53,18-08-2026 12:21,18-08-2026 12:20,13-08-2026 11:06,,,,,,,6
2254647.0,31-07-2026 11:48,29-07-2026 12:39,,,,,,,,,,,2
2254648.0,22-07-2026 12:32,04-07-2026 10:53,04-08-2026 11:53,18-08-2026 12:21,18-08-2026 12:20,13-08-2026 11:06,,,,,,,6
2254649.0,31-07-2026 11:48,29-07-2026 12:39,,,,,,,,,,,2
2254651.0,22-07-2026 12:32,04-07-2026 10:53,11-08-2026 12:00,18-08-2026 12:21,18-08-2026 12:20,13-08-2026 11:06,,,,,,,6
2254652.0,22-07-2026 12:32,04-07-2026 10:53,04-08-2026 11:53,18-08-2026 12:21,18-08-2026 12:20,13-08-2026 11:06,,,,,,,6
2254653.0,15-07-2026 12:19,08-07-2026 16:10,27-07-2026 15:33,18-08-2026 10:43,18-08-2026 10:43,05-08-2026 15:48,25-08-2026 12:04,,,,,,7
2254654.0,21-07-2026 11:42,04-07-2026 14:11,30-07-2026 15:33,18-08-2026 14:18,18-08-2026 14:17,05-08-2026 14:03,27-08-2026 13:53,,,,,,7
2254655.0,21-07-2026 11:42,04-07-2026 14:11,30-07-2026 15:33,18-08-2026 14:18,18-08-2026 14:17,05-08-2026 14:03,27-08-2026 13:53,,,,,,7
2254656.0,21-07-2026 11:42,04-07-2026 14:11,04-08-2026 15:34,18-08-2026 14:18,18-08-2026 14:17,05-08-2026 14:03,,,,,,,6
2254657.0,21-07-2026 11:42,04-07-2026 14:11,30-07-2026 15:33,18-08-2026 14:18,18-08-2026 14:17,05-08-2026 14:03,,,,,,,6
2254659.0,21-07-2026 11:42,04-07-2026 14:11,30-07-2026 15:33,18-08-2026 14:18,18-08-2026 14:17,05-08-2026 14:03,27-08-2026 13:57,,,,,,7
2254660.0,21-07-2026 11:42,04-07-2026 14:11,30-07-2026 15:33,18-08-2026 14:18,18-08-2026 14:17,05-08-2026 14:03,27-08-2026 13:57,,,,,,7
2254661.0,27-07-2026 14:07,20-07-2026 11:49,05-08-2026 15:56,25-08-2026 14:31,25-08-2026 14:30,18-08-2026 14:49,,,,,,,6
2254662.0,20-07-2026 11:36,17-07-2026 14:59,01-08-2026 12:15,,,06-08-2026 11:34,27-08-2026 14:42,,,,,,5
2254664.0,,20-07-2026 11:49,29-07-2026 12:00,25-08-2026 10:50,25-08-2026 10:48,11-08-2026 12:30,,,,,,,5
2254665.0,21-07-2026 11:42,04-07-2026 14:11,30-07-2026 15:33,18-08-2026 14:18,18-08-2026 14:17,05-08-2026 14:03,27-08-2026 13:53,,,,,,7
2254666.0,27-07-2026 11:01,20-07-2026 11:49,29-07-2026 12:00,25-08-2026 10:50,25-08-2026 10:48,11-08-2026 12:30,,,,,,,6
2254667.0,22-07-2026 14:09,20-07-2026 16:51,29-07-2026 15:51,25-08-2026 12:39,25-08-2026 12:38,17-08-2026 09:58,,,,,,,6
2254668.0,22-07-2026 14:09,20-07-2026 16:51,29-07-2026 15:51,25-08-2026 12:39,25-08-2026 12:38,17-08-2026 09:58,,,,,,,6
2254669.0,22-07-2026 14:09,20-07-2026 16:51,29-07-2026 15:51,25-08-2026 12:39,25-08-2026 12:38,17-08-2026 09:58,,,,,,,6
2254670.0,27-07-2026 11:01,20-07-2026 11:49,,25-08-2026 10:50,25-08-2026 10:48,11-08-2026 12:30,,,,,,,5
2254671.0,27-07-2026 11:58,20-07-2026 11:49,05-08-2026 15:08,25-08-2026 14:31,25-08-2026 14:30,18-08-2026 14:49,,,,,,,6
2254672.0,27-07-2026 11:01,20-07-2026 11:49,29-07-2026 12:00,31-08-2026 12:18,31-08-2026 12:17,11-08-2026 12:30,,,,,,,6
2254673.0,22-07-2026 14:09,20-07-2026 16:51,29-07-2026 15:51,25-08-2026 12:39,25-08-2026 12:38,17-08-2026 09:58,,,,,,,6
2254675.0,22-07-2026 14:09,20-07-2026 16:51,29-07-2026 15:51,25-08-2026 12:39,25-08-2026 12:38,17-08-2026 09:58,,,,,,,6
2254676.0,20-07-2026 10:39,03-07-2026 11:04,01-08-2026 15:56,14-08-2026 11:48,14-08-2026 11:41,05-08-2026 10:45,27-08-2026 10:46,,,,,,7
2254677.0,22-07-2026 14:09,20-07-2026 16:51,29-07-2026 15:51,25-08-2026 12:39,25-08-2026 12:38,17-08-2026 09:58,,,,,,,6
2254680.0,22-07-2026 14:09,20-07-2026 16:51,29-07-2026 15:51,25-08-2026 12:39,25-08-2026 12:38,17-08-2026 09:58,,,,,,,6
2254682.0,22-07-2026 14:09,20-07-2026 16:51,29-07-2026 15:51,25-08-2026 12:39,25-08-2026 12:38,17-08-2026 09:58,,,,,,,6
2254683.0,27-07-2026 11:58,06-07-2026 11:18,05-08-2026 15:08,25-08-2026 14:31,25-08-2026 14:30,18-08-2026 14:49,,,,,,,6
2254684.0,27-07-2026 11:01,15-07-2026 11:56,29-07-2026 12:00,25-08-2026 10:50,25-08-2026 10:48,11-08-2026 12:30,,,,,,,6
2254686.0,17-07-2026 14:10,08-07-2026 14:19,12-08-2026 14:44,29-08-2026 11:35,29-08-2026 11:15,13-08-2026 14:48,29-08-2026 16:22,,,,,,7
2254687.0,18-07-2026 14:06,06-07-2026 12:19,12-08-2026 14:44,,,13-08-2026 14:48,31-08-2026 10:56,,,,,,5
2254688.0,,,12-08-2026 15:22,31-08-2026 14:50,31-08-2026 14:41,,,,,,,,3
2254689.0,17-07-2026 10:29,15-07-2026 12:18,29-07-2026 09:47,11-08-2026 14:35,11-08-2026 12:14,06-08-2026 09:56,,,,,,,6
2254690.0,15-07-2026 11:29,04-07-2026 15:40,28-07-2026 09:53,12-08-2026 14:27,12-08-2026 14:26,07-08-2026 12:25,27-08-2026 12:13,,,,,,7
2254691.0,16-07-2026 10:42,09-07-2026 14:40,12-08-2026 14:44,,25-08-2026 12:11,13-08-2026 14:48,31-08-2026 10:56,,,,,,6
2254692.0,17-07-2026 11:22,09-07-2026 13:51,27-07-2026 11:40,12-08-2026 11:40,11-08-2026 11:29,05-08-2026 11:33,,,,,,,6
2254693.0,17-07-2026 11:22,06-07-2026 12:08,27-07-2026 11:40,12-08-2026 11:40,11-08-2026 11:29,05-08-2026 11:33,27-08-2026 11:29,,,,,,7
2254694.0,16-07-2026 10:42,06-07-2026 12:19,12-08-2026 14:44,,25-08-2026 12:11,13-08-2026 14:48,31-08-2026 10:56,,,,,,6
2254695.0,18-07-2026 14:06,06-07-2026 12:19,12-08-2026 14:44,,25-08-2026 12:11,13-08-2026 14:48,31-08-2026 10:56,,,,,,6
2254696.0,10-07-2026 13:15,06-07-2026 10:53,12-08-2026 14:44,24-08-2026 15:27,24-08-2026 15:16,18-08-2026 14:36,,,,,,,6
2254697.0,17-07-2026 15:22,06-07-2026 15:30,28-07-2026 12:18,14-08-2026 10:51,14-08-2026 10:48,04-08-2026 15:20,27-08-2026 10:35,,,,,,7
2254698.0,18-07-2026 14:06,09-07-2026 14:40,12-08-2026 14:44,,,,,,,,,,3
2254699.0,17-07-2026 15:22,06-07-2026 15:30,31-07-2026 10:35,18-08-2026 10:34,18-08-2026 10:32,04-08-2026 15:20,27-08-2026 10:35,,,,,,7
2254700.0,18-07-2026 14:06,03-07-2026 15:45,12-08-2026 14:44,,,14-08-2026 12:21,,,,,,,4
2254701.0,13-07-2026 15:23,06-07-2026 15:30,31-07-2026 10:35,18-08-2026 10:34,18-08-2026 10:32,04-08-2026 15:20,27-08-2026 10:35,,,,,,7
2254702.0,17-07-2026 15:22,06-07-2026 15:30,28-07-2026 12:18,14-08-2026 10:51,14-08-2026 10:48,04-08-2026 15:20,27-08-2026 10:35,,,,,,7
2254703.0,18-07-2026 14:06,09-07-2026 14:40,12-08-2026 14:44,31-08-2026 12:46,31-08-2026 12:26,,31-08-2026 16:10,,,,,,6
2254708.0,10-07-2026 13:15,03-07-2026 15:45,12-08-2026 14:44,31-08-2026 12:46,31-08-2026 12:26,14-08-2026 12:21,31-08-2026 16:10,,,,,,7
2254709.0,13-07-2026 11:51,06-07-2026 10:53,12-08-2026 14:44,24-08-2026 15:27,24-08-2026 15:16,18-08-2026 14:36,,,,,,,6
2254710.0,13-07-2026 11:51,06-07-2026 10:53,12-08-2026 14:44,,,18-08-2026 14:36,,,,,,,4
2254711.0,,17-07-2026 10:57,12-08-2026 14:44,,,,,,,,,,2
2254712.0,18-07-2026 14:06,09-07-2026 14:40,12-08-2026 14:44,,,14-08-2026 12:21,,,,,,,4
2254713.0,10-07-2026 13:15,03-07-2026 15:45,12-08-2026 14:44,,31-08-2026 12:26,14-08-2026 12:21,,,,,,,5
2254714.0,13-07-2026 11:51,06-07-2026 10:53,12-08-2026 14:44,24-08-2026 15:27,24-08-2026 15:16,18-08-2026 14:36,,,,,,,6
2254715.0,10-07-2026 13:15,03-07-2026 15:45,12-08-2026 14:44,31-08-2026 12:46,31-08-2026 12:26,14-08-2026 12:21,31-08-2026 16:10,,,,,,7
2254716.0,13-07-2026 11:51,06-07-2026 10:53,12-08-2026 14:44,24-08-2026 15:27,24-08-2026 15:16,,,,,,,,5
2254717.0,10-07-2026 13:15,03-07-2026 15:45,12-08-2026 14:44,31-08-2026 12:46,31-08-2026 12:26,14-08-2026 12:21,31-08-2026 16:10,,,,,,7
2254718.0,18-07-2026 14:06,03-07-2026 15:45,12-08-2026 14:44,,,14-08-2026 12:21,,,,,,,4
2254719.0,10-07-2026 13:15,03-07-2026 15:45,12-08-2026 14:44,31-08-2026 12:46,31-08-2026 12:26,14-08-2026 12:21,31-08-2026 16:10,,,,,,7
2254720.0,18-07-2026 14:06,03-07-2026 15:45,12-08-2026 14:44,31-08-2026 12:46,31-08-2026 12:26,14-08-2026 12:21,31-08-2026 16:10,,,,,,7
2254721.0,10-07-2026 13:15,03-07-2026 15:45,12-08-2026 14:44,31-08-2026 12:46,31-08-2026 12:26,14-08-2026 12:21,31-08-2026 16:10,,,,,,7
2254724.0,29-07-2026 10:34,24-07-2026 14:44,01-08-2026 15:56,14-08-2026 11:48,14-08-2026 11:41,05-08-2026 10:45,,,,,,,6
2254725.0,29-07-2026 10:34,24-07-2026 14:44,01-08-2026 15:56,14-08-2026 11:48,14-08-2026 11:41,29-08-2026 15:00,,,,,,,6
2254728.0,29-07-2026 10:34,24-07-2026 14:44,01-08-2026 15:56,29-08-2026 11:28,29-08-2026 11:29,29-08-2026 15:00,,,,,,,6
2254729.0,20-07-2026 10:39,03-07-2026 11:04,01-08-2026 15:56,14-08-2026 11:48,14-08-2026 11:41,05-08-2026 10:45,27-08-2026 10:46,,,,,,7
2254730.0,20-07-2026 10:39,30-07-2026 13:49,01-08-2026 15:56,29-08-2026 11:28,29-08-2026 11:29,29-08-2026 15:00,,,,,,,6
2254731.0,20-07-2026 10:39,03-07-2026 11:04,01-08-2026 15:56,29-08-2026 11:28,29-08-2026 11:29,29-08-2026 15:00,,,,,,,6
2254737.0,20-07-2026 10:39,03-07-2026 11:04,01-08-2026 15:56,14-08-2026 11:48,14-08-2026 11:41,05-08-2026 10:45,27-08-2026 10:46,,,,,,7
2254739.0,29-07-2026 11:57,20-07-2026 14:08,04-08-2026 16:27,18-08-2026 16:20,18-08-2026 16:18,13-08-2026 16:29,,,,,,,6
2254746.0,29-07-2026 11:57,20-07-2026 14:08,04-08-2026 16:27,27-08-2026 16:16,27-08-2026 16:12,18-08-2026 14:09,,,,,,,6
2254751.0,29-07-2026 11:57,20-07-2026 14:08,04-08-2026 16:27,18-08-2026 16:20,18-08-2026 16:18,11-08-2026 16:23,,,,,,,6
2254757.0,29-07-2026 11:57,20-07-2026 14:08,04-08-2026 16:27,18-08-2026 16:20,18-08-2026 16:18,11-08-2026 16:23,,,,,,,6
2254760.0,29-07-2026 11:57,20-07-2026 14:08,04-08-2026 16:27,18-08-2026 16:20,18-08-2026 16:18,11-08-2026 16:23,,,,,,,6
2254767.0,04-08-2026 14:04,20-07-2026 14:08,06-08-2026 15:39,20-08-2026 12:43,20-08-2026 12:40,19-08-2026 15:12,,,,,,,6
2254769.0,29-07-2026 11:57,20-07-2026 14:08,04-08-2026 16:27,18-08-2026 16:20,18-08-2026 16:18,11-08-2026 16:23,,,,,,,6
2254770.0,29-07-2026 11:57,23-07-2026 14:56,06-08-2026 15:39,18-08-2026 16:20,18-08-2026 16:18,11-08-2026 16:23,,,,,,,6
2254826.0,18-08-2026 14:56,20-07-2026 14:08,29-08-2026 13:55,,,31-08-2026 14:04,,,,,,,4
2254827.0,20-07-2026 10:39,30-07-2026 13:49,01-08-2026 15:56,14-08-2026 11:48,14-08-2026 11:41,05-08-2026 10:45,27-08-2026 10:46,,,,,,7
2254830.0,29-07-2026 11:57,20-07-2026 14:08,04-08-2026 16:27,18-08-2026 16:20,18-08-2026 16:18,11-08-2026 16:23,,,,,,,6
2254833.0,23-07-2026 12:03,16-07-2026 11:56,01-08-2026 14:19,,,14-08-2026 13:58,,,,,,,4
2254834.0,22-07-2026 12:32,04-07-2026 10:53,11-08-2026 12:00,18-08-2026 12:21,18-08-2026 12:20,13-08-2026 11:06,,,,,,,6
2254835.0,29-07-2026 11:57,23-07-2026 14:56,04-08-2026 16:27,20-08-2026 12:43,20-08-2026 12:40,18-08-2026 14:09,,,,,,,6
2254836.0,20-07-2026 10:39,30-07-2026 13:49,01-08-2026 15:56,14-08-2026 11:48,14-08-2026 11:41,05-08-2026 10:45,27-08-2026 10:46,,,,,,7
2254837.0,23-07-2026 12:03,16-07-2026 11:56,27-07-2026 16:06,,,14-08-2026 13:58,,,,,,,4
2254838.0,29-07-2026 11:57,27-07-2026 16:20,04-08-2026 16:27,18-08-2026 16:20,18-08-2026 16:18,11-08-2026 16:23,,,,,,,6
2254839.0,22-07-2026 12:32,29-07-2026 12:39,04-08-2026 11:53,18-08-2026 12:21,18-08-2026 12:20,13-08-2026 11:06,,,,,,,6
2254840.0,31-07-2026 11:48,04-07-2026 10:53,04-08-2026 11:53,18-08-2026 12:21,18-08-2026 12:20,13-08-2026 11:06,,,,,,,6
2254841.0,20-07-2026 10:39,03-07-2026 11:04,01-08-2026 15:56,14-08-2026 11:48,14-08-2026 11:41,05-08-2026 10:45,27-08-2026 10:46,,,,,,7
2254843.0,31-07-2026 11:48,04-07-2026 10:53,04-08-2026 11:53,18-08-2026 12:21,18-08-2026 12:20,13-08-2026 11:06,,,,,,,6
2254844.0,29-07-2026 11:57,20-07-2026 14:08,04-08-2026 16:27,27-08-2026 16:16,27-08-2026 16:12,11-08-2026 16:23,,,,,,,6
2254845.0,20-07-2026 10:39,03-07-2026 11:04,01-08-2026 15:56,14-08-2026 11:48,14-08-2026 11:41,05-08-2026 10:45,27-08-2026 10:46,,,,,,7
2254846.0,23-07-2026 12:03,16-07-2026 11:56,27-07-2026 16:06,,,14-08-2026 13:58,,,,,,,4
2254847.0,22-07-2026 12:32,04-07-2026 10:53,04-08-2026 11:53,18-08-2026 12:21,18-08-2026 12:20,13-08-2026 11:06,,,,,,,6
2254848.0,20-07-2026 10:39,03-07-2026 11:04,01-08-2026 15:56,14-08-2026 11:48,14-08-2026 11:41,05-08-2026 10:45,27-08-2026 10:46,,,,,,7
2254849.0,29-07-2026 11:57,20-07-2026 14:08,04-08-2026 16:27,18-08-2026 16:20,18-08-2026 16:18,11-08-2026 16:23,,,,,,,6
2254850.0,01-08-2026 16:05,27-07-2026 14:43,27-07-2026 16:06,,,14-08-2026 13:58,,,,,,,4
2254851.0,29-07-2026 11:57,20-07-2026 14:08,04-08-2026 16:27,18-08-2026 16:20,18-08-2026 16:18,11-08-2026 16:23,,,,,,,6
2254854.0,04-08-2026 14:04,20-07-2026 14:51,06-08-2026 15:39,20-08-2026 12:43,20-08-2026 12:40,13-08-2026 16:29,,,,,,,6
2254855.0,23-07-2026 12:03,16-07-2026 11:56,27-07-2026 16:06,,,14-08-2026 13:58,,,,,,,4
2254856.0,20-07-2026 10:39,03-07-2026 11:04,01-08-2026 15:56,14-08-2026 11:48,14-08-2026 11:41,05-08-2026 10:45,27-08-2026 10:46,,,,,,7
2254857.0,30-07-2026 14:49,23-07-2026 14:56,05-08-2026 16:28,20-08-2026 12:43,20-08-2026 12:40,13-08-2026 16:29,,,,,,,6
2254858.0,23-07-2026 12:03,16-07-2026 11:56,27-07-2026 16:06,,,14-08-2026 13:58,,,,,,,4
2254859.0,30-07-2026 14:49,20-07-2026 14:51,05-08-2026 16:28,20-08-2026 12:43,20-08-2026 12:40,13-08-2026 16:29,,,,,,,6
2254861.0,30-07-2026 14:49,20-07-2026 14:51,05-08-2026 16:28,20-08-2026 12:43,20-08-2026 12:40,13-08-2026 16:29,,,,,,,6
2254864.0,21-07-2026 11:58,15-07-2026 12:18,29-07-2026 09:47,11-08-2026 14:35,11-08-2026 12:14,07-08-2026 14:46,,,,,,,6
2254865.0,30-07-2026 14:49,20-07-2026 14:51,05-08-2026 16:28,20-08-2026 12:43,20-08-2026 12:40,13-08-2026 16:29,,,,,,,6
2254868.0,30-07-2026 14:49,20-07-2026 14:51,05-08-2026 16:28,20-08-2026 12:43,20-08-2026 12:40,13-08-2026 16:29,,,,,,,6
2254869.0,21-07-2026 11:58,29-07-2026 15:27,30-07-2026 10:09,13-08-2026 14:27,13-08-2026 14:23,07-08-2026 14:46,,,,,,,6
2254873.0,13-07-2026 12:25,08-07-2026 12:22,27-07-2026 12:08,17-08-2026 15:23,17-08-2026 15:22,05-08-2026 12:25,24-08-2026 12:21,,,,,,7
2254874.0,17-07-2026 10:29,15-07-2026 12:18,30-07-2026 10:09,11-08-2026 14:35,11-08-2026 12:14,06-08-2026 09:56,,,,,,,6
2254879.0,21-07-2026 11:58,15-07-2026 12:18,30-07-2026 10:09,11-08-2026 14:35,11-08-2026 12:14,06-08-2026 09:56,,,,,,,6
2254881.0,15-07-2026 12:19,21-07-2026 15:28,27-07-2026 15:33,18-08-2026 10:43,18-08-2026 10:43,05-08-2026 15:48,25-08-2026 12:04,,,,,,7
2254884.0,17-07-2026 10:29,15-07-2026 12:18,29-07-2026 09:47,11-08-2026 14:35,11-08-2026 12:14,06-08-2026 09:56,,,,,,,6
2254887.0,17-07-2026 10:29,15-07-2026 12:18,29-07-2026 09:47,11-08-2026 14:35,11-08-2026 12:14,06-08-2026 09:56,,,,,,,6
2254888.0,24-07-2026 11:16,21-07-2026 10:51,01-08-2026 14:20,19-08-2026 14:21,19-08-2026 14:18,07-08-2026 14:17,,,,,,,6
2254895.0,15-07-2026 12:19,08-07-2026 16:10,27-07-2026 15:33,18-08-2026 10:43,18-08-2026 10:43,05-08-2026 15:48,25-08-2026 12:04,,,,,,7
2254900.0,20-07-2026 10:39,03-07-2026 11:04,01-08-2026 15:56,14-08-2026 11:48,14-08-2026 11:41,05-08-2026 10:45,27-08-2026 10:46,,,,,,7
2254901.0,13-07-2026 12:25,08-07-2026 12:22,27-07-2026 12:08,17-08-2026 15:23,17-08-2026 15:22,05-08-2026 12:25,24-08-2026 12:21,,,,,,7
2254902.0,17-07-2026 10:29,15-07-2026 12:18,30-07-2026 10:09,11-08-2026 14:35,11-08-2026 12:14,06-08-2026 09:56,,,,,,,6
2254903.0,28-07-2026 14:10,27-07-2026 16:20,,,,,,,,,,,2
2254904.0,24-07-2026 10:47,21-07-2026 09:31,12-08-2026 12:39,25-08-2026 10:57,25-08-2026 10:56,05-08-2026 10:06,,,,,,,6
2254907.0,24-07-2026 10:47,21-07-2026 09:31,28-07-2026 16:02,25-08-2026 10:57,25-08-2026 10:56,05-08-2026 10:06,,,,,,,6
2254908.0,15-07-2026 12:19,08-07-2026 16:10,27-07-2026 15:33,18-08-2026 10:43,18-08-2026 10:43,05-08-2026 15:48,25-08-2026 12:04,,,,,,7
2254911.0,24-07-2026 11:16,21-07-2026 10:51,01-08-2026 14:20,19-08-2026 14:21,19-08-2026 14:18,07-08-2026 14:17,,,,,,,6
2254915.0,15-07-2026 11:29,20-07-2026 14:44,30-07-2026 10:09,12-08-2026 14:27,12-08-2026 14:26,31-08-2026 14:45,27-08-2026 12:13,,,,,,7
2254918.0,13-07-2026 12:25,08-07-2026 12:22,27-07-2026 12:08,17-08-2026 15:23,17-08-2026 15:22,05-08-2026 12:25,24-08-2026 12:21,,,,,,7
2254920.0,23-07-2026 12:03,16-07-2026 11:56,27-07-2026 16:06,,,14-08-2026 13:58,,,,,,,4
2254921.0,22-07-2026 12:24,01-08-2026 13:41,27-07-2026 15:33,18-08-2026 10:43,18-08-2026 10:43,06-08-2026 13:42,25-08-2026 12:04,,,,,,7
2254928.0,30-07-2026 14:49,20-07-2026 14:51,05-08-2026 16:28,20-08-2026 12:43,20-08-2026 12:40,13-08-2026 16:29,,,,,,,6
2254933.0,15-07-2026 12:19,08-07-2026 16:10,27-07-2026 15:33,18-08-2026 10:43,18-08-2026 10:43,05-08-2026 15:48,25-08-2026 12:04,,,,,,7
2254936.0,30-07-2026 14:49,20-07-2026 14:51,05-08-2026 16:28,27-08-2026 16:16,27-08-2026 16:12,13-08-2026 16:29,,,,,,,6
2254939.0,15-07-2026 12:19,08-07-2026 12:22,27-07-2026 15:33,18-08-2026 10:43,18-08-2026 10:43,05-08-2026 15:48,25-08-2026 12:04,,,,,,7
2254940.0,28-07-2026 11:54,27-07-2026 16:20,01-08-2026 14:20,19-08-2026 14:21,19-08-2026 14:18,07-08-2026 14:17,,,,,,,6
2254942.0,30-07-2026 14:49,20-07-2026 14:51,05-08-2026 16:28,20-08-2026 12:43,20-08-2026 12:40,13-08-2026 16:29,,,,,,,6
2254946.0,13-07-2026 12:25,08-07-2026 12:22,27-07-2026 12:08,17-08-2026 15:23,17-08-2026 15:22,05-08-2026 12:25,24-08-2026 12:21,,,,,,7
2254949.0,24-07-2026 11:16,21-07-2026 10:51,01-08-2026 14:20,,,07-08-2026 14:17,,,,,,,4
2254950.0,30-07-2026 14:49,20-07-2026 14:51,05-08-2026 16:28,20-08-2026 12:43,20-08-2026 12:40,18-08-2026 14:09,,,,,,,6
2254953.0,30-07-2026 14:49,20-07-2026 14:51,05-08-2026 16:28,27-08-2026 16:16,27-08-2026 16:12,13-08-2026 16:29,,,,,,,6
2254956.0,31-07-2026 12:38,21-07-2026 12:37,04-08-2026 12:13,19-08-2026 11:04,19-08-2026 11:01,12-08-2026 14:21,31-08-2026 15:56,,,,,,7
2254959.0,18-08-2026 14:56,20-07-2026 14:51,06-08-2026 15:39,,,31-08-2026 14:04,,,,,,,4
2254960.0,30-07-2026 14:49,23-07-2026 14:56,05-08-2026 16:28,20-08-2026 12:43,20-08-2026 12:40,13-08-2026 16:29,,,,,,,6
2254961.0,23-07-2026 12:03,16-07-2026 11:56,27-07-2026 16:06,,,14-08-2026 13:58,,,,,,,4
2254962.0,24-07-2026 11:16,21-07-2026 10:51,01-08-2026 14:20,19-08-2026 14:21,19-08-2026 14:18,07-08-2026 14:17,,,,,,,6
2254966.0,30-07-2026 14:49,20-07-2026 14:51,05-08-2026 16:28,20-08-2026 12:43,20-08-2026 12:40,13-08-2026 16:29,,,,,,,6
2254967.0,24-07-2026 11:16,21-07-2026 10:51,01-08-2026 14:20,19-08-2026 14:21,19-08-2026 14:18,07-08-2026 14:17,,,,,,,6
2254968.0,30-07-2026 14:49,20-07-2026 14:51,05-08-2026 16:28,20-08-2026 12:43,20-08-2026 12:40,13-08-2026 16:29,,,,,,,6
2254970.0,30-07-2026 14:49,20-07-2026 14:51,06-08-2026 15:39,20-08-2026 12:43,20-08-2026 12:40,13-08-2026 16:29,,,,,,,6
2254971.0,31-07-2026 12:38,20-07-2026 14:51,05-08-2026 16:28,20-08-2026 12:43,20-08-2026 12:40,13-08-2026 16:29,,,,,,,6
2254972.0,13-07-2026 12:25,08-07-2026 16:10,27-07-2026 12:08,17-08-2026 15:23,17-08-2026 15:22,05-08-2026 12:25,24-08-2026 12:21,,,,,,7
2254973.0,23-07-2026 12:03,07-08-2026 11:47,27-07-2026 16:06,,,14-08-2026 13:58,,,,,,,4
2254977.0,30-07-2026 14:49,27-07-2026 16:20,05-08-2026 16:28,20-08-2026 12:43,20-08-2026 12:40,13-08-2026 16:29,,,,,,,6
2254978.0,28-07-2026 11:54,27-07-2026 16:20,14-08-2026 12:41,,,11-08-2026 14:11,,,,,,,4
2254985.0,15-07-2026 12:19,08-07-2026 12:22,27-07-2026 12:08,17-08-2026 15:23,17-08-2026 15:22,05-08-2026 12:25,25-08-2026 12:04,,,,,,7
2254986.0,24-07-2026 11:16,21-07-2026 10:51,01-08-2026 14:20,24-08-2026 14:23,24-08-2026 14:20,07-08-2026 14:17,,,,,,,6
2254991.0,30-07-2026 14:49,20-07-2026 14:51,05-08-2026 16:28,20-08-2026 12:43,20-08-2026 12:40,11-08-2026 16:23,,,,,,,6
2254992.0,15-07-2026 12:19,08-07-2026 16:10,27-07-2026 15:33,18-08-2026 10:43,18-08-2026 10:43,05-08-2026 15:48,25-08-2026 12:04,,,,,,7
2254993.0,30-07-2026 14:49,20-07-2026 14:51,05-08-2026 16:28,20-08-2026 12:43,20-08-2026 12:40,13-08-2026 16:29,,,,,,,6
2254997.0,15-07-2026 12:19,08-07-2026 12:22,27-07-2026 15:33,18-08-2026 10:43,18-08-2026 10:43,05-08-2026 15:48,25-08-2026 12:04,,,,,,7
2255010.0,13-07-2026 12:25,08-07-2026 16:10,27-07-2026 12:08,17-08-2026 15:23,17-08-2026 15:22,05-08-2026 12:25,24-08-2026 12:21,,,,,,7
2255015.0,15-07-2026 12:19,08-07-2026 12:22,27-07-2026 12:08,17-08-2026 15:23,17-08-2026 15:22,05-08-2026 12:25,24-08-2026 12:21,,,,,,7
2255016.0,15-07-2026 11:29,04-07-2026 15:40,28-07-2026 09:53,18-08-2026 10:34,18-08-2026 10:32,07-08-2026 12:25,31-08-2026 11:40,,,,,,7
2255018.0,13-07-2026 12:25,21-07-2026 15:28,27-07-2026 12:08,17-08-2026 15:23,17-08-2026 15:22,05-08-2026 12:25,24-08-2026 12:21,,,,,,7
2255019.0,15-07-2026 11:29,20-07-2026 14:44,28-07-2026 09:53,12-08-2026 14:27,12-08-2026 14:26,07-08-2026 12:25,27-08-2026 12:13,,,,,,7
2255022.0,15-07-2026 11:29,04-07-2026 15:40,28-07-2026 09:53,12-08-2026 14:27,12-08-2026 14:26,07-08-2026 12:25,27-08-2026 12:13,,,,,,7
2255024.0,15-07-2026 11:29,04-07-2026 15:40,28-07-2026 09:53,12-08-2026 14:27,12-08-2026 14:26,07-08-2026 12:25,27-08-2026 12:13,,,,,,7
2255026.0,13-07-2026 12:25,21-07-2026 15:28,27-07-2026 12:08,17-08-2026 15:23,17-08-2026 15:22,05-08-2026 12:25,24-08-2026 12:21,,,,,,7
2255027.0,17-07-2026 11:22,06-07-2026 12:08,27-07-2026 11:40,12-08-2026 11:40,11-08-2026 11:29,05-08-2026 11:33,27-08-2026 11:29,,,,,,7
2255028.0,27-07-2026 11:01,15-07-2026 11:56,29-07-2026 12:00,25-08-2026 10:50,25-08-2026 10:48,11-08-2026 12:30,,,,,,,6
2255031.0,13-07-2026 12:25,08-07-2026 12:22,27-07-2026 12:08,17-08-2026 15:23,17-08-2026 15:22,05-08-2026 12:25,24-08-2026 12:21,,,,,,7
2255032.0,27-07-2026 11:01,15-07-2026 11:56,29-07-2026 12:00,31-08-2026 12:18,31-08-2026 12:17,11-08-2026 12:30,,,,,,,6
2255033.0,17-07-2026 11:22,06-07-2026 12:08,27-07-2026 11:40,12-08-2026 11:40,11-08-2026 11:29,05-08-2026 11:33,27-08-2026 11:29,,,,,,7
2255036.0,22-07-2026 12:24,21-07-2026 15:28,,18-08-2026 10:43,18-08-2026 10:43,05-08-2026 15:48,25-08-2026 12:04,,,,,,6
2255037.0,27-07-2026 11:01,20-07-2026 11:49,,25-08-2026 10:50,25-08-2026 10:48,11-08-2026 12:30,,,,,,,5
2255040.0,17-07-2026 11:22,22-07-2026 11:32,27-07-2026 11:40,12-08-2026 11:40,11-08-2026 11:29,07-08-2026 14:46,27-08-2026 11:29,,,,,,7
2255045.0,17-07-2026 11:22,06-07-2026 12:08,27-07-2026 11:40,12-08-2026 11:40,11-08-2026 11:29,05-08-2026 11:33,27-08-2026 11:29,,,,,,7
2255046.0,27-07-2026 11:01,20-07-2026 11:49,29-07-2026 12:00,25-08-2026 10:50,25-08-2026 10:48,,,,,,,,5
2255047.0,24-07-2026 10:47,21-07-2026 09:31,28-07-2026 16:02,25-08-2026 10:57,25-08-2026 10:56,05-08-2026 10:06,,,,,,,6
2255049.0,24-07-2026 10:47,21-07-2026 09:31,28-07-2026 16:02,25-08-2026 10:57,25-08-2026 10:56,05-08-2026 10:06,,,,,,,6
2255050.0,13-07-2026 11:27,06-07-2026 12:08,27-07-2026 11:40,12-08-2026 11:40,11-08-2026 11:29,05-08-2026 11:33,27-08-2026 11:29,,,,,,7
2255051.0,27-07-2026 11:58,20-07-2026 11:49,05-08-2026 15:08,25-08-2026 14:31,25-08-2026 14:30,18-08-2026 15:51,,,,,,,6
2255052.0,15-07-2026 12:19,08-07-2026 16:10,27-07-2026 15:33,18-08-2026 10:43,18-08-2026 10:43,05-08-2026 15:48,25-08-2026 12:04,,,,,,7
2255058.0,23-07-2026 12:03,16-07-2026 11:56,27-07-2026 16:06,,,14-08-2026 13:58,,,,,,,4
2255059.0,23-07-2026 12:03,16-07-2026 11:56,27-07-2026 16:06,,,14-08-2026 13:58,,,,,,,4
2255061.0,17-07-2026 11:22,09-07-2026 13:51,30-07-2026 10:09,13-08-2026 14:27,13-08-2026 14:23,05-08-2026 11:33,,,,,,,6
2255062.0,23-07-2026 12:03,16-07-2026 11:56,01-08-2026 14:19,,,14-08-2026 13:58,,,,,,,4
2255064.0,17-07-2026 11:22,09-07-2026 13:51,27-07-2026 11:40,12-08-2026 11:40,11-08-2026 11:29,05-08-2026 11:33,,,,,,,6
2255065.0,23-07-2026 12:03,16-07-2026 11:56,27-07-2026 16:06,,,14-08-2026 13:58,,,,,,,4
2255071.0,17-07-2026 10:29,15-07-2026 12:18,29-07-2026 09:47,11-08-2026 14:35,11-08-2026 12:14,06-08-2026 09:56,,,,,,,6
2255072.0,27-07-2026 11:01,20-07-2026 11:49,29-07-2026 12:00,31-08-2026 12:18,31-08-2026 12:17,11-08-2026 12:30,,,,,,,6
2255074.0,23-07-2026 12:03,16-07-2026 11:56,27-07-2026 16:06,,,14-08-2026 13:58,,,,,,,4
2255075.0,27-07-2026 11:58,15-07-2026 11:56,05-08-2026 15:56,25-08-2026 14:31,25-08-2026 14:30,18-08-2026 14:49,,,,,,,6
2255077.0,23-07-2026 12:03,07-08-2026 11:47,01-08-2026 14:19,,,,,,,,,,3
2255079.0,22-07-2026 14:09,21-07-2026 16:13,29-07-2026 15:51,25-08-2026 12:39,25-08-2026 12:38,17-08-2026 09:58,,,,,,,6
2255080.0,27-07-2026 11:01,20-07-2026 11:49,29-07-2026 12:00,25-08-2026 10:50,25-08-2026 10:48,11-08-2026 12:30,,,,,,,6
2255081.0,22-07-2026 14:09,20-07-2026 16:51,29-07-2026 15:51,25-08-2026 12:39,25-08-2026 12:38,17-08-2026 09:58,,,,,,,6
2255082.0,27-07-2026 11:01,15-07-2026 11:56,29-07-2026 12:00,25-08-2026 10:50,25-08-2026 10:48,11-08-2026 12:30,,,,,,,6
2255087.0,31-07-2026 11:48,17-07-2026 10:46,01-08-2026 11:59,24-08-2026 14:45,24-08-2026 14:45,12-08-2026 10:43,,,,,,,6
2255095.0,27-07-2026 11:01,15-07-2026 11:56,,25-08-2026 10:50,25-08-2026 10:48,11-08-2026 12:30,,,,,,,5
2255096.0,,15-07-2026 11:56,29-07-2026 12:00,31-08-2026 12:18,31-08-2026 12:17,11-08-2026 12:30,,,,,,,5
2255097.0,27-07-2026 16:01,17-07-2026 10:46,01-08-2026 11:59,24-08-2026 14:45,24-08-2026 14:45,12-08-2026 10:43,,,,,,,6
2255100.0,27-07-2026 11:01,20-07-2026 11:49,29-07-2026 12:00,25-08-2026 10:50,25-08-2026 10:48,11-08-2026 12:30,,,,,,,6
2255102.0,27-07-2026 16:01,29-07-2026 12:39,,29-08-2026 10:41,29-08-2026 10:41,,,,,,,,4
2255104.0,27-07-2026 16:01,17-07-2026 10:46,01-08-2026 11:59,24-08-2026 14:45,24-08-2026 14:45,12-08-2026 10:43,,,,,,,6
2255106.0,27-07-2026 16:01,17-07-2026 10:46,01-08-2026 11:59,24-08-2026 14:45,24-08-2026 14:45,12-08-2026 10:43,,,,,,,6
2255108.0,22-07-2026 14:09,20-07-2026 16:51,29-07-2026 15:51,25-08-2026 12:39,25-08-2026 12:38,17-08-2026 09:58,,,,,,,6
2255112.0,27-07-2026 11:58,20-07-2026 11:49,05-08-2026 15:56,31-08-2026 12:18,31-08-2026 12:17,18-08-2026 14:49,,,,,,,6
2255113.0,31-07-2026 11:48,17-07-2026 10:46,01-08-2026 11:59,24-08-2026 14:45,24-08-2026 14:45,12-08-2026 10:43,,,,,,,6
2255115.0,27-07-2026 11:01,20-07-2026 11:49,29-07-2026 12:00,25-08-2026 10:50,25-08-2026 10:48,11-08-2026 12:30,,,,,,,6
2255118.0,31-07-2026 11:48,17-07-2026 10:46,01-08-2026 11:59,24-08-2026 14:45,24-08-2026 14:45,12-08-2026 10:43,,,,,,,6
2255122.0,27-07-2026 16:01,17-07-2026 10:46,01-08-2026 11:59,24-08-2026 14:45,24-08-2026 14:45,12-08-2026 10:43,,,,,,,6
2255125.0,27-07-2026 16:01,17-07-2026 10:46,01-08-2026 11:59,24-08-2026 14:45,24-08-2026 14:45,12-08-2026 10:43,,,,,,,6
2255126.0,28-07-2026 15:54,20-07-2026 10:50,05-08-2026 10:58,25-08-2026 12:12,25-08-2026 12:10,18-08-2026 11:56,,,,,,,6
2255131.0,28-07-2026 15:54,20-07-2026 10:50,,25-08-2026 12:12,25-08-2026 12:10,18-08-2026 11:56,,,,,,,5
2255135.0,28-07-2026 15:54,20-07-2026 10:50,05-08-2026 10:58,25-08-2026 12:12,25-08-2026 12:10,18-08-2026 11:56,,,,,,,6
2255139.0,28-07-2026 15:54,20-07-2026 10:50,05-08-2026 10:58,31-08-2026 12:18,31-08-2026 12:17,18-08-2026 11:56,,,,,,,6
2255140.0,23-07-2026 12:03,16-07-2026 11:56,01-08-2026 14:19,,,14-08-2026 13:58,,,,,,,4
2255145.0,,20-07-2026 10:50,05-08-2026 15:56,31-08-2026 12:18,31-08-2026 12:17,18-08-2026 14:49,,,,,,,5
2255148.0,23-07-2026 12:03,16-07-2026 11:56,27-07-2026 16:06,,,14-08-2026 13:58,,,,,,,4
2255153.0,27-07-2026 11:58,20-07-2026 10:50,05-08-2026 15:56,25-08-2026 14:31,25-08-2026 14:30,18-08-2026 15:51,,,,,,,6
2255156.0,27-07-2026 11:58,20-07-2026 10:50,05-08-2026 15:08,31-08-2026 12:18,31-08-2026 12:17,18-08-2026 15:51,,,,,,,6
2255157.0,23-07-2026 12:03,07-08-2026 11:47,27-07-2026 16:06,,,14-08-2026 13:58,,,,,,,4
2255161.0,28-07-2026 15:54,20-07-2026 10:50,,25-08-2026 12:12,25-08-2026 12:10,,,,,,,,4
2255162.0,23-07-2026 12:03,16-07-2026 11:56,27-07-2026 16:06,,,14-08-2026 13:58,,,,,,,4
2255165.0,27-07-2026 11:58,20-07-2026 10:50,05-08-2026 15:56,25-08-2026 14:31,25-08-2026 14:30,18-08-2026 14:49,,,,,,,6
2255166.0,23-07-2026 12:03,16-07-2026 11:56,27-07-2026 16:06,,,14-08-2026 13:58,,,,,,,4
2255170.0,,20-07-2026 10:50,05-08-2026 15:56,31-08-2026 12:18,19-08-2026 14:16,,,,,,,,4
2255175.0,27-07-2026 11:58,20-07-2026 10:50,05-08-2026 15:56,25-08-2026 14:31,25-08-2026 14:30,18-08-2026 14:49,,,,,,,6
2255176.0,23-07-2026 12:03,07-08-2026 11:47,27-07-2026 16:06,,,14-08-2026 13:58,,,,,,,4
2255182.0,23-07-2026 12:03,07-08-2026 11:47,27-07-2026 16:06,,,14-08-2026 13:58,,,,,,,4
2255183.0,28-07-2026 15:54,20-07-2026 10:50,05-08-2026 10:58,31-08-2026 12:18,25-08-2026 12:10,18-08-2026 11:56,,,,,,,6
2255186.0,27-07-2026 11:58,20-07-2026 10:50,05-08-2026 15:08,25-08-2026 14:31,25-08-2026 14:30,18-08-2026 15:51,,,,,,,6
2255189.0,23-07-2026 12:03,16-07-2026 11:56,27-07-2026 16:06,,,14-08-2026 13:58,,,,,,,4
2255195.0,23-07-2026 12:03,16-07-2026 11:56,27-07-2026 16:06,,,14-08-2026 13:58,,,,,,,4
2255197.0,28-07-2026 15:54,20-07-2026 10:50,05-08-2026 10:58,25-08-2026 12:12,31-08-2026 12:17,31-08-2026 15:02,,,,,,,6
2255198.0,23-07-2026 12:03,16-07-2026 11:56,27-07-2026 16:06,,,14-08-2026 13:58,,,,,,,4
2255202.0,28-07-2026 15:54,20-07-2026 10:50,05-08-2026 10:58,25-08-2026 12:12,25-08-2026 12:10,18-08-2026 11:56,,,,,,,6
2255204.0,23-07-2026 12:03,16-07-2026 11:56,01-08-2026 14:19,,,14-08-2026 13:58,,,,,,,4
2255208.0,27-07-2026 11:58,20-07-2026 10:50,05-08-2026 15:56,31-08-2026 12:18,31-08-2026 12:17,18-08-2026 15:51,,,,,,,6
2255209.0,23-07-2026 12:03,16-07-2026 11:56,27-07-2026 16:06,,,14-08-2026 13:58,,,,,,,4
2255247.0,13-07-2026 15:23,06-07-2026 15:30,28-07-2026 12:18,14-08-2026 10:51,14-08-2026 10:48,07-08-2026 14:46,27-08-2026 10:35,,,,,,7
2255250.0,13-07-2026 15:23,08-07-2026 10:37,28-07-2026 12:18,14-08-2026 10:51,14-08-2026 10:48,04-08-2026 15:20,27-08-2026 10:35,,,,,,7
2255252.0,21-07-2026 11:58,06-07-2026 15:30,28-07-2026 12:18,18-08-2026 10:34,18-08-2026 10:32,07-08-2026 14:46,31-08-2026 11:40,,,,,,7
2255254.0,17-07-2026 15:22,08-07-2026 10:37,31-07-2026 10:35,18-08-2026 10:34,18-08-2026 10:32,05-08-2026 10:37,27-08-2026 10:35,,,,,,7
2255255.0,13-07-2026 15:23,06-07-2026 15:30,31-07-2026 10:35,18-08-2026 10:34,18-08-2026 10:32,04-08-2026 15:20,27-08-2026 10:35,,,,,,7
2255262.0,13-07-2026 15:23,06-07-2026 15:30,31-07-2026 10:35,14-08-2026 10:51,14-08-2026 10:48,04-08-2026 15:20,27-08-2026 10:35,,,,,,7
2255284.0,31-07-2026 11:48,29-07-2026 12:39,01-08-2026 11:59,24-08-2026 14:45,24-08-2026 14:45,12-08-2026 10:43,,,,,,,6
2255285.0,27-07-2026 16:01,17-07-2026 10:46,01-08-2026 11:59,24-08-2026 14:45,24-08-2026 14:45,12-08-2026 10:43,,,,,,,6
2255287.0,27-07-2026 16:01,29-07-2026 12:39,01-08-2026 11:59,24-08-2026 14:45,24-08-2026 14:45,12-08-2026 10:43,,,,,,,6
2255288.0,31-07-2026 11:48,17-07-2026 10:46,01-08-2026 11:59,24-08-2026 14:45,24-08-2026 14:45,12-08-2026 10:43,,,,,,,6
2255290.0,27-07-2026 16:01,17-07-2026 10:46,01-08-2026 11:59,24-08-2026 14:45,24-08-2026 14:45,12-08-2026 10:43,,,,,,,6
2255291.0,31-07-2026 11:48,29-07-2026 12:39,01-08-2026 11:59,24-08-2026 14:45,24-08-2026 14:45,12-08-2026 10:43,,,,,,,6
2255293.0,27-07-2026 16:01,17-07-2026 10:46,11-08-2026 12:00,24-08-2026 14:45,24-08-2026 14:45,12-08-2026 10:43,,,,,,,6
2255296.0,31-07-2026 11:48,31-08-2026 11:51,11-08-2026 12:00,24-08-2026 14:45,24-08-2026 14:45,12-08-2026 10:43,,,,,,,6
2255297.0,31-07-2026 11:48,17-07-2026 10:46,01-08-2026 11:59,24-08-2026 14:45,24-08-2026 14:45,12-08-2026 10:43,,,,,,,6
2255301.0,27-07-2026 16:01,17-07-2026 10:46,01-08-2026 11:59,24-08-2026 14:45,24-08-2026 14:45,12-08-2026 10:43,,,,,,,6
2255303.0,27-07-2026 16:01,17-07-2026 10:46,11-08-2026 12:00,24-08-2026 14:45,24-08-2026 14:45,12-08-2026 10:43,,,,,,,6
2255318.0,28-07-2026 11:47,20-07-2026 12:36,05-08-2026 11:58,25-08-2026 16:37,25-08-2026 16:35,19-08-2026 11:43,,,,,,,6
2255319.0,28-07-2026 11:47,20-07-2026 12:36,05-08-2026 11:58,25-08-2026 16:37,25-08-2026 16:35,19-08-2026 11:43,,,,,,,6
2255322.0,28-07-2026 11:47,20-07-2026 12:36,05-08-2026 11:58,31-08-2026 12:18,31-08-2026 12:17,,,,,,,,5
2255324.0,28-07-2026 11:47,20-07-2026 12:36,05-08-2026 11:58,25-08-2026 16:37,25-08-2026 16:35,19-08-2026 11:43,,,,,,,6
2255325.0,28-07-2026 11:47,20-07-2026 12:36,05-08-2026 11:58,25-08-2026 16:37,25-08-2026 16:35,19-08-2026 11:43,,,,,,,6
2255354.0,21-07-2026 13:44,13-07-2026 11:43,27-07-2026 13:59,12-08-2026 14:24,12-08-2026 14:23,05-08-2026 13:45,31-08-2026 13:48,,,,,,7
2255355.0,15-07-2026 10:45,08-07-2026 13:53,29-07-2026 14:37,12-08-2026 12:11,12-08-2026 12:10,,31-08-2026 11:39,,,,,,6
2255358.0,15-07-2026 10:45,06-07-2026 14:46,29-07-2026 14:37,12-08-2026 12:11,12-08-2026 12:10,06-08-2026 14:29,31-08-2026 11:39,,,,,,7
2255361.0,15-07-2026 10:45,06-07-2026 14:46,29-07-2026 14:37,12-08-2026 12:11,12-08-2026 12:10,06-08-2026 14:29,31-08-2026 11:39,,,,,,7
2255364.0,15-07-2026 11:29,29-07-2026 15:27,30-07-2026 10:09,18-08-2026 10:34,18-08-2026 10:32,31-08-2026 14:45,,,,,,,6
2255365.0,15-07-2026 11:29,09-07-2026 13:51,28-07-2026 09:53,12-08-2026 14:27,12-08-2026 14:26,31-08-2026 14:45,27-08-2026 12:13,,,,,,7
2255366.0,29-07-2026 12:13,17-07-2026 14:59,01-08-2026 12:15,,,06-08-2026 11:34,,,,,,,4
2255367.0,15-07-2026 11:29,04-07-2026 15:40,28-07-2026 09:53,12-08-2026 14:27,12-08-2026 14:26,07-08-2026 12:25,27-08-2026 12:13,,,,,,7
2255369.0,15-07-2026 11:29,04-07-2026 15:40,30-07-2026 10:09,12-08-2026 14:27,12-08-2026 14:26,07-08-2026 12:25,27-08-2026 12:13,,,,,,7
2255372.0,20-07-2026 11:36,17-07-2026 14:59,01-08-2026 12:15,,,29-08-2026 15:00,27-08-2026 14:42,,,,,,5
2255373.0,17-07-2026 11:22,22-07-2026 11:32,27-07-2026 11:40,12-08-2026 11:40,11-08-2026 11:29,05-08-2026 11:33,27-08-2026 11:29,,,,,,7
2255374.0,20-07-2026 11:36,30-07-2026 14:40,01-08-2026 12:15,,,06-08-2026 11:34,27-08-2026 14:42,,,,,,5
2255375.0,20-07-2026 11:36,17-07-2026 14:59,01-08-2026 12:15,,,06-08-2026 11:34,27-08-2026 14:42,,,,,,5
2255377.0,15-07-2026 10:45,06-07-2026 14:46,17-08-2026 13:42,12-08-2026 12:11,12-08-2026 12:10,06-08-2026 14:29,31-08-2026 11:39,,,,,,7
2255378.0,21-07-2026 13:44,13-07-2026 11:43,27-07-2026 13:59,12-08-2026 14:24,12-08-2026 14:23,05-08-2026 13:45,31-08-2026 13:48,,,,,,7
2255380.0,20-07-2026 11:36,17-07-2026 14:59,01-08-2026 12:15,,,06-08-2026 11:34,,,,,,,4
2255381.0,20-07-2026 11:36,17-07-2026 14:59,01-08-2026 12:15,,,06-08-2026 11:34,,,,,,,4
2255382.0,20-07-2026 11:36,17-07-2026 14:59,01-08-2026 12:15,,,06-08-2026 11:34,,,,,,,4
2255399.0,29-07-2026 16:03,27-07-2026 15:14,18-08-2026 13:56,,,19-08-2026 14:24,,,,,,,4
2255400.0,29-07-2026 16:03,12-08-2026 14:05,18-08-2026 13:56,,,24-08-2026 16:32,,,,,,,4
2255402.0,29-07-2026 16:03,12-08-2026 14:05,17-08-2026 13:58,,,19-08-2026 14:24,,,,,,,4
2255403.0,29-07-2026 16:03,27-07-2026 15:14,18-08-2026 13:56,,,19-08-2026 14:24,,,,,,,4
2255404.0,29-07-2026 16:03,27-07-2026 15:14,17-08-2026 13:58,,,19-08-2026 14:24,,,,,,,4
2255405.0,29-07-2026 16:03,27-07-2026 15:14,17-08-2026 13:58,,,19-08-2026 14:24,,,,,,,4
2255406.0,29-07-2026 16:03,12-08-2026 14:05,17-08-2026 16:50,,,24-08-2026 16:32,,,,,,,4
2255408.0,29-07-2026 16:03,27-07-2026 15:14,17-08-2026 13:58,,,19-08-2026 14:24,,,,,,,4
2255410.0,29-07-2026 16:03,12-08-2026 14:05,17-08-2026 13:58,,,24-08-2026 16:32,,,,,,,4
2255411.0,29-07-2026 16:03,27-07-2026 15:14,18-08-2026 13:56,,,19-08-2026 14:24,,,,,,,4
2255412.0,29-07-2026 16:03,27-07-2026 15:14,18-08-2026 13:56,,,19-08-2026 14:24,,,,,,,4
2255413.0,29-07-2026 16:03,27-07-2026 15:14,17-08-2026 13:58,,,19-08-2026 14:24,,,,,,,4
2255414.0,29-07-2026 16:03,12-08-2026 14:05,17-08-2026 13:58,,,19-08-2026 14:24,,,,,,,4
2255415.0,29-07-2026 16:03,27-07-2026 15:14,17-08-2026 13:58,,,19-08-2026 14:24,,,,,,,4
2255416.0,29-07-2026 16:03,27-07-2026 15:14,17-08-2026 13:58,,,19-08-2026 14:24,,,,,,,4
2255417.0,29-07-2026 16:03,27-07-2026 15:14,18-08-2026 13:56,,,19-08-2026 14:24,,,,,,,4
2255418.0,29-07-2026 16:03,27-07-2026 15:14,17-08-2026 13:58,,,19-08-2026 14:24,,,,,,,4
2255419.0,29-07-2026 16:03,27-07-2026 15:14,18-08-2026 13:56,,,19-08-2026 14:24,,,,,,,4
2255420.0,29-07-2026 16:03,27-07-2026 15:14,18-08-2026 13:56,,,19-08-2026 14:24,,,,,,,4
2255421.0,29-07-2026 16:03,27-07-2026 15:14,18-08-2026 13:56,,,19-08-2026 14:24,,,,,,,4
2255426.0,23-07-2026 12:22,30-07-2026 13:49,29-07-2026 15:20,19-08-2026 12:26,19-08-2026 12:24,12-08-2026 12:28,,,,,,,6
2255427.0,20-07-2026 13:58,30-07-2026 13:49,27-07-2026 16:02,19-08-2026 15:26,19-08-2026 15:25,06-08-2026 15:34,,,,,,,6
2255428.0,23-07-2026 12:22,04-07-2026 11:47,29-07-2026 15:20,19-08-2026 12:26,19-08-2026 12:24,12-08-2026 12:28,,,,,,,6
2255429.0,20-07-2026 13:58,17-07-2026 12:27,27-07-2026 16:02,19-08-2026 15:26,19-08-2026 15:25,06-08-2026 15:34,,,,,,,6
2255430.0,29-07-2026 10:34,24-07-2026 14:44,01-08-2026 12:15,19-08-2026 12:26,19-08-2026 12:24,12-08-2026 12:28,,,,,,,6
2255431.0,24-07-2026 11:16,21-07-2026 10:51,01-08-2026 14:20,24-08-2026 14:23,24-08-2026 14:20,07-08-2026 14:17,,,,,,,6
2255432.0,29-07-2026 10:34,17-07-2026 12:27,27-07-2026 16:02,19-08-2026 15:26,19-08-2026 15:25,06-08-2026 15:34,,,,,,,6
2255433.0,24-07-2026 11:16,21-07-2026 10:51,01-08-2026 14:20,19-08-2026 14:21,19-08-2026 14:18,07-08-2026 14:17,,,,,,,6
2255434.0,24-07-2026 11:16,21-07-2026 10:51,14-08-2026 12:41,19-08-2026 14:21,19-08-2026 14:18,07-08-2026 14:17,,,,,,,6
2255435.0,24-07-2026 11:16,21-07-2026 10:51,01-08-2026 14:20,19-08-2026 14:21,19-08-2026 14:18,18-08-2026 14:09,,,,,,,6
2255436.0,29-07-2026 12:13,04-07-2026 11:47,,,,29-08-2026 15:00,,,,,,,3
2255437.0,24-07-2026 11:16,23-07-2026 14:56,01-08-2026 14:20,19-08-2026 14:21,19-08-2026 14:18,07-08-2026 14:17,,,,,,,6
2255439.0,24-07-2026 11:16,21-07-2026 10:51,06-08-2026 15:39,19-08-2026 14:21,19-08-2026 14:18,07-08-2026 14:17,,,,,,,6
2255444.0,20-07-2026 14:54,17-07-2026 14:59,27-07-2026 14:47,18-08-2026 12:21,18-08-2026 12:19,05-08-2026 12:19,,,,,,,6
2255449.0,29-07-2026 10:34,30-07-2026 14:40,27-07-2026 14:47,29-08-2026 11:28,29-08-2026 11:29,05-08-2026 12:19,,,,,,,6
2255450.0,24-07-2026 11:16,21-07-2026 10:51,01-08-2026 14:20,19-08-2026 14:21,19-08-2026 14:18,07-08-2026 14:17,,,,,,,6
2255452.0,24-07-2026 11:16,21-07-2026 10:51,01-08-2026 14:20,19-08-2026 14:21,19-08-2026 14:18,07-08-2026 14:17,,,,,,,6
2255453.0,23-07-2026 12:22,04-07-2026 11:47,29-07-2026 15:20,19-08-2026 12:26,19-08-2026 12:24,12-08-2026 12:28,,,,,,,6
2255457.0,24-07-2026 11:16,23-07-2026 14:56,01-08-2026 14:20,19-08-2026 14:21,19-08-2026 14:18,07-08-2026 14:17,,,,,,,6
2255459.0,23-07-2026 12:36,21-07-2026 11:47,12-08-2026 12:39,18-08-2026 11:04,18-08-2026 11:03,11-08-2026 10:50,,,,,,,6
2255460.0,23-07-2026 12:22,04-07-2026 11:47,29-07-2026 15:20,19-08-2026 12:26,19-08-2026 12:24,12-08-2026 12:28,,,,,,,6
2255461.0,28-07-2026 11:54,27-07-2026 16:20,06-08-2026 15:39,19-08-2026 14:21,19-08-2026 14:18,07-08-2026 14:17,,,,,,,6
2255464.0,23-07-2026 12:36,21-07-2026 11:47,28-07-2026 16:02,18-08-2026 11:04,18-08-2026 11:03,11-08-2026 10:50,,,,,,,6
2255465.0,28-07-2026 14:10,27-07-2026 16:20,,,,,,,,,,,2
2255468.0,23-07-2026 12:36,21-07-2026 11:47,12-08-2026 12:39,18-08-2026 11:04,18-08-2026 11:03,11-08-2026 10:50,,,,,,,6
2255472.0,23-07-2026 12:36,21-07-2026 11:47,28-07-2026 16:02,18-08-2026 11:04,18-08-2026 11:03,11-08-2026 10:50,,,,,,,6
2255475.0,23-07-2026 12:22,04-07-2026 11:47,29-07-2026 15:20,19-08-2026 12:26,19-08-2026 12:24,12-08-2026 12:28,,,,,,,6
2255476.0,23-07-2026 12:36,21-07-2026 11:47,28-07-2026 16:02,18-08-2026 11:04,18-08-2026 11:03,11-08-2026 10:50,,,,,,,6
2255479.0,24-07-2026 11:16,21-07-2026 10:51,01-08-2026 14:20,19-08-2026 14:21,19-08-2026 14:18,11-08-2026 14:11,,,,,,,6
2255481.0,23-07-2026 12:36,21-07-2026 11:47,28-07-2026 16:02,18-08-2026 11:04,18-08-2026 11:03,11-08-2026 10:50,,,,,,,6
2255483.0,23-07-2026 12:22,04-07-2026 11:47,01-08-2026 12:15,19-08-2026 12:26,19-08-2026 12:24,12-08-2026 12:28,,,,,,,6
2255485.0,23-07-2026 12:36,21-07-2026 11:47,28-07-2026 16:02,18-08-2026 11:04,18-08-2026 11:03,11-08-2026 10:50,,,,,,,6
2255492.0,20-07-2026 13:58,17-07-2026 12:27,27-07-2026 16:02,29-08-2026 11:28,29-08-2026 11:29,06-08-2026 15:34,,,,,,,6
2255498.0,23-07-2026 12:22,04-07-2026 11:47,29-07-2026 15:20,19-08-2026 12:26,19-08-2026 12:24,12-08-2026 12:28,,,,,,,6
2255518.0,23-07-2026 12:22,04-07-2026 11:47,01-08-2026 12:15,19-08-2026 12:26,19-08-2026 12:24,12-08-2026 12:28,,,,,,,6
2255531.0,20-07-2026 13:58,17-07-2026 12:27,27-07-2026 16:02,19-08-2026 15:26,19-08-2026 15:25,12-08-2026 10:43,,,,,,,6
2255551.0,20-07-2026 14:54,04-07-2026 15:25,27-07-2026 14:47,18-08-2026 12:21,18-08-2026 12:19,05-08-2026 12:19,27-08-2026 12:17,,,,,,7
2255573.0,29-07-2026 12:13,17-07-2026 12:27,,,,29-08-2026 15:00,,,,,,,3
2255586.0,30-07-2026 14:25,15-07-2026 12:45,,18-08-2026 14:52,18-08-2026 14:52,12-08-2026 14:34,,,,,,,5
2255595.0,22-07-2026 15:57,15-07-2026 12:45,05-08-2026 15:59,18-08-2026 14:52,18-08-2026 14:52,12-08-2026 14:34,,,,,,,6
2255597.0,29-07-2026 10:34,24-07-2026 14:44,04-08-2026 14:03,,,12-08-2026 10:43,,,,,,,4
2255603.0,22-07-2026 15:57,15-07-2026 12:45,05-08-2026 15:59,18-08-2026 14:52,18-08-2026 14:52,12-08-2026 14:34,,,,,,,6
2255606.0,20-07-2026 14:54,04-07-2026 15:25,04-08-2026 14:03,18-08-2026 12:21,18-08-2026 12:19,05-08-2026 12:19,27-08-2026 12:17,,,,,,7
2255608.0,22-07-2026 15:57,29-07-2026 12:39,05-08-2026 15:59,18-08-2026 14:52,18-08-2026 14:52,12-08-2026 14:34,,,,,,,6
2255618.0,22-07-2026 15:57,15-07-2026 12:45,05-08-2026 15:59,18-08-2026 14:52,18-08-2026 14:52,12-08-2026 14:34,,,,,,,6
2255634.0,30-07-2026 14:25,29-07-2026 12:39,05-08-2026 15:59,18-08-2026 14:52,18-08-2026 14:52,,,,,,,,5
2255645.0,15-07-2026 10:45,06-07-2026 14:46,29-07-2026 14:37,12-08-2026 12:11,12-08-2026 12:10,06-08-2026 14:29,31-08-2026 11:39,,,,,,7
2255649.0,21-07-2026 13:44,13-07-2026 11:43,27-07-2026 13:59,12-08-2026 14:24,12-08-2026 14:23,05-08-2026 13:45,31-08-2026 13:48,,,,,,7
2255651.0,29-07-2026 10:34,17-07-2026 12:27,04-08-2026 14:03,19-08-2026 15:26,19-08-2026 15:25,12-08-2026 10:43,,,,,,,6
2255656.0,22-07-2026 15:57,15-07-2026 12:45,05-08-2026 15:59,18-08-2026 14:52,18-08-2026 14:52,12-08-2026 14:34,,,,,,,6
2255667.0,15-07-2026 10:45,06-07-2026 14:46,29-07-2026 14:37,12-08-2026 12:11,12-08-2026 12:10,06-08-2026 14:29,31-08-2026 11:39,,,,,,7
2255670.0,22-07-2026 15:57,15-07-2026 12:45,05-08-2026 15:59,18-08-2026 14:52,18-08-2026 14:52,12-08-2026 14:34,,,,,,,6
2255679.0,30-07-2026 14:25,29-07-2026 12:39,,18-08-2026 14:52,18-08-2026 14:52,12-08-2026 14:34,,,,,,,5
2255687.0,23-07-2026 12:22,30-07-2026 13:49,29-07-2026 15:20,19-08-2026 12:26,19-08-2026 12:24,12-08-2026 12:28,,,,,,,6
2255689.0,15-07-2026 10:45,06-07-2026 14:46,29-07-2026 14:37,12-08-2026 12:11,12-08-2026 12:10,06-08-2026 14:29,31-08-2026 11:39,,,,,,7
2255693.0,21-07-2026 13:44,06-07-2026 14:46,29-07-2026 13:40,18-08-2026 12:04,18-08-2026 12:04,06-08-2026 13:42,,,,,,,6
2255695.0,20-07-2026 14:54,04-07-2026 15:25,27-07-2026 14:47,29-08-2026 11:28,29-08-2026 11:29,05-08-2026 12:19,27-08-2026 12:17,,,,,,7
2255696.0,22-07-2026 12:24,13-07-2026 11:43,27-07-2026 13:59,12-08-2026 14:24,12-08-2026 14:23,06-08-2026 13:42,,,,,,,6
2255698.0,17-07-2026 14:10,08-07-2026 14:19,12-08-2026 14:44,29-08-2026 11:35,29-08-2026 11:15,13-08-2026 14:48,29-08-2026 16:22,,,,,,7
2255701.0,15-07-2026 10:45,06-07-2026 14:46,29-07-2026 14:37,12-08-2026 12:11,12-08-2026 12:10,06-08-2026 14:29,31-08-2026 11:39,,,,,,7
2255705.0,15-07-2026 10:45,21-07-2026 15:28,29-07-2026 14:37,12-08-2026 12:11,12-08-2026 12:10,06-08-2026 14:29,31-08-2026 11:39,,,,,,7
2255709.0,21-07-2026 13:44,01-08-2026 13:41,27-07-2026 13:59,12-08-2026 14:24,12-08-2026 14:23,06-08-2026 13:42,31-08-2026 13:48,,,,,,7
2255711.0,29-07-2026 12:13,04-07-2026 15:25,,29-08-2026 11:28,29-08-2026 11:29,05-08-2026 12:19,,,,,,,5
2255714.0,15-07-2026 10:45,06-07-2026 14:46,29-07-2026 14:37,18-08-2026 12:04,18-08-2026 12:04,06-08-2026 14:29,31-08-2026 11:39,,,,,,7
2255717.0,15-07-2026 10:45,21-07-2026 15:28,29-07-2026 14:37,12-08-2026 12:11,12-08-2026 12:10,,,,,,,,5
2255720.0,20-07-2026 14:54,04-07-2026 15:25,27-07-2026 14:47,18-08-2026 12:21,18-08-2026 12:19,05-08-2026 12:19,27-08-2026 12:17,,,,,,7
2255722.0,15-07-2026 10:45,13-07-2026 11:43,29-07-2026 14:37,12-08-2026 12:11,12-08-2026 12:10,05-08-2026 13:45,31-08-2026 11:39,,,,,,7
2255723.0,,,12-08-2026 14:44,29-08-2026 11:35,29-08-2026 11:15,13-08-2026 14:48,29-08-2026 16:22,,,,,,5
2255726.0,20-07-2026 14:54,04-07-2026 15:25,27-07-2026 14:47,18-08-2026 12:21,18-08-2026 12:19,05-08-2026 12:19,27-08-2026 12:17,,,,,,7
2255729.0,21-07-2026 13:44,13-07-2026 11:43,27-07-2026 13:59,12-08-2026 14:24,12-08-2026 14:23,05-08-2026 13:45,,,,,,,6
2255731.0,15-07-2026 10:45,06-07-2026 14:46,29-07-2026 14:37,12-08-2026 12:11,12-08-2026 12:10,06-08-2026 14:29,,,,,,,6
2255732.0,29-07-2026 10:34,17-07-2026 14:59,04-08-2026 14:03,18-08-2026 12:21,18-08-2026 12:19,05-08-2026 12:19,,,,,,,6
2255734.0,21-07-2026 13:44,13-07-2026 11:43,27-07-2026 13:59,12-08-2026 14:24,12-08-2026 14:23,05-08-2026 13:45,31-08-2026 13:48,,,,,,7
2255736.0,15-07-2026 10:45,06-07-2026 14:46,29-07-2026 14:37,12-08-2026 12:11,12-08-2026 12:10,06-08-2026 14:29,31-08-2026 11:39,,,,,,7
2255737.0,29-07-2026 10:34,04-07-2026 11:47,29-07-2026 15:20,19-08-2026 12:26,19-08-2026 12:24,12-08-2026 12:28,,,,,,,6
2255743.0,,20-07-2026 12:36,05-08-2026 11:58,25-08-2026 16:37,25-08-2026 16:35,19-08-2026 11:43,,,,,,,5
2255746.0,20-07-2026 13:58,17-07-2026 12:27,27-07-2026 16:02,29-08-2026 11:28,29-08-2026 11:29,06-08-2026 15:34,,,,,,,6
2255747.0,,20-07-2026 12:36,05-08-2026 11:58,25-08-2026 16:37,25-08-2026 16:35,19-08-2026 11:43,,,,,,,5
2255748.0,,20-07-2026 12:36,05-08-2026 11:58,25-08-2026 16:37,25-08-2026 16:35,19-08-2026 11:43,,,,,,,5
2255749.0,18-07-2026 14:06,08-07-2026 15:58,12-08-2026 14:44,31-08-2026 14:50,31-08-2026 14:41,13-08-2026 14:48,,,,,,,6
2255752.0,22-07-2026 12:24,06-07-2026 14:46,29-07-2026 14:37,12-08-2026 12:11,12-08-2026 12:10,,31-08-2026 11:39,,,,,,6
2255756.0,15-07-2026 14:38,08-07-2026 15:58,12-08-2026 14:44,31-08-2026 14:50,31-08-2026 14:41,13-08-2026 14:48,,,,,,,6
2255757.0,30-07-2026 13:37,27-07-2026 14:08,07-08-2026 13:48,25-08-2026 15:53,25-08-2026 15:52,17-08-2026 15:29,,,,,,,6
2255760.0,21-07-2026 13:44,13-07-2026 11:43,27-07-2026 13:59,12-08-2026 14:24,12-08-2026 14:23,05-08-2026 13:45,31-08-2026 13:48,,,,,,7
2255763.0,29-07-2026 12:13,17-07-2026 12:27,,,,29-08-2026 15:00,,,,,,,3
2255767.0,20-07-2026 14:54,04-07-2026 15:25,04-08-2026 14:03,18-08-2026 12:21,18-08-2026 12:19,12-08-2026 10:43,27-08-2026 12:17,,,,,,7
2255768.0,30-07-2026 13:37,27-07-2026 14:08,07-08-2026 13:48,25-08-2026 15:53,25-08-2026 15:52,17-08-2026 15:29,,,,,,,6
2255769.0,21-07-2026 13:44,13-07-2026 11:43,27-07-2026 13:59,12-08-2026 14:24,12-08-2026 14:23,05-08-2026 13:45,31-08-2026 13:48,,,,,,7
2255772.0,30-07-2026 13:37,11-08-2026 15:19,07-08-2026 13:48,25-08-2026 15:53,25-08-2026 15:52,17-08-2026 15:29,,,,,,,6
2255773.0,30-07-2026 13:37,27-07-2026 14:08,07-08-2026 13:48,25-08-2026 15:53,25-08-2026 15:52,17-08-2026 15:29,,,,,,,6
2255774.0,21-07-2026 13:44,13-07-2026 11:43,29-07-2026 13:40,18-08-2026 12:04,18-08-2026 12:04,06-08-2026 13:42,31-08-2026 13:48,,,,,,7
2255777.0,30-07-2026 13:37,27-07-2026 14:08,07-08-2026 13:48,,,17-08-2026 15:29,,,,,,,4
2255779.0,13-08-2026 13:20,11-08-2026 15:19,07-08-2026 14:57,25-08-2026 15:53,25-08-2026 15:52,17-08-2026 15:29,,,,,,,6
2255780.0,15-07-2026 10:45,06-07-2026 14:46,29-07-2026 14:37,12-08-2026 12:11,12-08-2026 12:10,06-08-2026 14:29,31-08-2026 11:39,,,,,,7
2255782.0,21-07-2026 13:44,13-07-2026 11:43,29-07-2026 13:40,12-08-2026 14:24,12-08-2026 14:23,06-08-2026 13:42,31-08-2026 13:48,,,,,,7
2255783.0,21-07-2026 13:44,13-07-2026 11:43,27-07-2026 13:59,12-08-2026 14:24,12-08-2026 14:23,05-08-2026 13:45,31-08-2026 13:48,,,,,,7
2255828.0,15-07-2026 14:38,08-07-2026 15:58,12-08-2026 14:44,,,13-08-2026 14:48,,,,,,,4
2255831.0,15-07-2026 14:38,08-07-2026 15:58,12-08-2026 14:44,31-08-2026 14:50,31-08-2026 14:41,13-08-2026 14:48,,,,,,,6
2255855.0,20-07-2026 13:58,17-07-2026 12:27,27-07-2026 16:02,19-08-2026 15:26,19-08-2026 15:25,06-08-2026 15:34,,,,,,,6
2255863.0,20-07-2026 14:54,17-07-2026 14:59,27-07-2026 14:47,18-08-2026 12:21,18-08-2026 12:19,12-08-2026 10:43,27-08-2026 12:17,,,,,,7
2255871.0,20-07-2026 13:58,17-07-2026 12:27,27-07-2026 16:02,19-08-2026 15:26,19-08-2026 15:25,06-08-2026 15:34,,,,,,,6
2255874.0,22-07-2026 15:41,31-07-2026 12:13,06-08-2026 12:18,31-08-2026 11:58,31-08-2026 11:57,20-08-2026 12:17,,,,,,,6
2255877.0,20-07-2026 13:58,17-07-2026 12:27,27-07-2026 16:02,19-08-2026 15:26,19-08-2026 15:25,06-08-2026 15:34,,,,,,,6
2255881.0,23-07-2026 12:22,30-07-2026 13:49,29-07-2026 15:20,19-08-2026 12:26,19-08-2026 12:24,12-08-2026 12:28,,,,,,,6
2255895.0,30-07-2026 13:37,11-08-2026 15:19,07-08-2026 13:48,,,17-08-2026 15:29,,,,,,,4
2255900.0,30-07-2026 13:37,27-07-2026 14:08,07-08-2026 13:48,25-08-2026 15:53,25-08-2026 15:52,20-08-2026 13:16,,,,,,,6
2255905.0,30-07-2026 13:37,27-07-2026 14:08,07-08-2026 13:48,25-08-2026 15:53,25-08-2026 15:52,19-08-2026 15:28,,,,,,,6
2255908.0,16-07-2026 15:52,06-07-2026 14:35,27-07-2026 14:32,19-08-2026 14:10,19-08-2026 14:09,05-08-2026 13:52,,,,,,,6
2255910.0,30-07-2026 13:37,27-07-2026 14:08,07-08-2026 13:48,25-08-2026 15:53,25-08-2026 15:52,17-08-2026 15:29,,,,,,,6
2255917.0,21-07-2026 13:44,13-07-2026 11:43,27-07-2026 13:59,18-08-2026 12:04,18-08-2026 12:04,05-08-2026 13:45,31-08-2026 13:48,,,,,,7
2255919.0,13-07-2026 15:23,06-07-2026 15:30,28-07-2026 12:18,14-08-2026 10:51,14-08-2026 10:48,04-08-2026 15:20,31-08-2026 11:40,,,,,,7
2255921.0,13-07-2026 15:23,06-07-2026 15:30,31-07-2026 10:35,18-08-2026 10:34,18-08-2026 10:32,04-08-2026 15:20,27-08-2026 10:35,,,,,,7
2255922.0,22-07-2026 12:24,06-07-2026 14:46,17-08-2026 13:42,18-08-2026 12:04,18-08-2026 12:04,06-08-2026 14:29,31-08-2026 11:39,,,,,,7
2255927.0,21-07-2026 13:44,13-07-2026 11:43,29-07-2026 13:40,12-08-2026 14:24,12-08-2026 14:23,06-08-2026 13:42,,,,,,,6
2255929.0,15-07-2026 10:45,06-07-2026 14:46,29-07-2026 14:37,12-08-2026 12:11,12-08-2026 12:10,06-08-2026 14:29,31-08-2026 11:39,,,,,,7
2255932.0,17-07-2026 14:10,08-07-2026 15:58,12-08-2026 15:22,29-08-2026 11:35,29-08-2026 11:15,13-08-2026 14:48,29-08-2026 16:22,,,,,,7
2255935.0,15-07-2026 10:45,06-07-2026 14:46,17-08-2026 13:42,18-08-2026 12:04,18-08-2026 12:04,,,,,,,,5
2255936.0,16-07-2026 15:52,06-07-2026 14:35,27-07-2026 14:32,19-08-2026 14:10,19-08-2026 14:09,05-08-2026 13:52,,,,,,,6
2255941.0,16-07-2026 15:52,06-07-2026 14:35,27-07-2026 14:32,19-08-2026 14:10,19-08-2026 14:09,05-08-2026 13:52,,,,,,,6
2255946.0,16-07-2026 15:52,06-07-2026 14:35,27-07-2026 14:32,19-08-2026 14:10,19-08-2026 14:09,05-08-2026 13:52,,,,,,,6
2255948.0,15-07-2026 14:38,08-07-2026 15:58,12-08-2026 14:44,31-08-2026 14:50,31-08-2026 14:41,13-08-2026 14:48,,,,,,,6
2255950.0,21-07-2026 11:58,06-07-2026 15:30,31-07-2026 10:35,14-08-2026 10:51,14-08-2026 10:48,04-08-2026 15:20,27-08-2026 10:35,,,,,,7
2255954.0,13-07-2026 15:23,08-07-2026 10:37,31-07-2026 10:35,14-08-2026 10:51,14-08-2026 10:48,04-08-2026 15:20,27-08-2026 10:35,,,,,,7
2255958.0,13-07-2026 15:23,08-07-2026 10:37,28-07-2026 12:18,14-08-2026 10:51,14-08-2026 10:48,04-08-2026 15:20,31-08-2026 11:40,,,,,,7
2255961.0,15-07-2026 14:38,08-07-2026 15:58,12-08-2026 14:44,31-08-2026 14:50,31-08-2026 14:41,13-08-2026 14:48,,,,,,,6
2255963.0,13-07-2026 15:23,06-07-2026 15:30,31-07-2026 10:35,14-08-2026 10:51,14-08-2026 10:48,04-08-2026 15:20,27-08-2026 10:35,,,,,,7
2255964.0,16-07-2026 15:52,20-07-2026 14:38,27-07-2026 14:32,19-08-2026 14:10,19-08-2026 14:09,05-08-2026 13:52,,,,,,,6
2255968.0,16-07-2026 15:52,20-07-2026 14:38,27-07-2026 14:32,24-08-2026 15:40,24-08-2026 15:39,05-08-2026 13:52,,,,,,,6
2255970.0,15-07-2026 10:45,08-07-2026 13:53,29-07-2026 14:37,12-08-2026 12:11,12-08-2026 12:10,06-08-2026 14:29,31-08-2026 11:39,,,,,,7
2255976.0,21-07-2026 13:44,13-07-2026 11:43,27-07-2026 13:59,12-08-2026 14:24,12-08-2026 14:23,05-08-2026 13:45,31-08-2026 13:48,,,,,,7
2255978.0,16-07-2026 10:42,06-07-2026 12:19,12-08-2026 14:44,,,13-08-2026 14:48,31-08-2026 10:56,,,,,,5
2255979.0,16-07-2026 15:52,20-07-2026 14:38,27-07-2026 14:32,19-08-2026 14:10,19-08-2026 14:09,05-08-2026 13:52,,,,,,,6
2255981.0,21-07-2026 13:44,01-08-2026 13:41,27-07-2026 13:59,12-08-2026 14:24,12-08-2026 14:23,05-08-2026 13:45,31-08-2026 13:48,,,,,,7
2255987.0,21-07-2026 13:44,01-08-2026 13:41,27-07-2026 13:59,12-08-2026 14:24,12-08-2026 14:23,05-08-2026 13:45,31-08-2026 13:48,,,,,,7
2255988.0,16-07-2026 15:52,06-07-2026 14:35,27-07-2026 14:32,19-08-2026 14:10,19-08-2026 14:09,05-08-2026 13:52,,,,,,,6
2255989.0,16-07-2026 10:42,06-07-2026 12:19,12-08-2026 14:44,,,13-08-2026 14:48,31-08-2026 10:56,,,,,,5
2255991.0,22-07-2026 12:24,08-07-2026 13:53,17-08-2026 13:42,12-08-2026 12:11,12-08-2026 12:10,06-08-2026 14:29,,,,,,,6
2255995.0,16-07-2026 15:21,13-07-2026 12:22,28-07-2026 10:41,12-08-2026 11:03,12-08-2026 11:02,05-08-2026 12:17,,,,,,,6
2255997.0,16-07-2026 15:21,13-07-2026 12:22,28-07-2026 10:41,12-08-2026 11:03,12-08-2026 11:02,05-08-2026 12:17,,,,,,,6
2255998.0,30-07-2026 13:37,27-07-2026 14:08,07-08-2026 13:48,25-08-2026 15:53,25-08-2026 15:52,17-08-2026 15:29,,,,,,,6
2255999.0,16-07-2026 15:21,13-07-2026 12:22,28-07-2026 10:41,12-08-2026 11:03,12-08-2026 11:02,05-08-2026 12:17,,,,,,,6
2256000.0,30-07-2026 13:37,27-07-2026 14:08,07-08-2026 13:48,25-08-2026 15:53,25-08-2026 15:52,17-08-2026 15:29,,,,,,,6
2256001.0,16-07-2026 15:21,13-07-2026 12:22,28-07-2026 10:41,24-08-2026 15:40,24-08-2026 15:39,05-08-2026 12:17,,,,,,,6
2256002.0,16-07-2026 10:42,06-07-2026 12:19,12-08-2026 14:44,,25-08-2026 12:11,13-08-2026 14:48,31-08-2026 10:56,,,,,,6
2256003.0,,,12-08-2026 14:44,,,13-08-2026 14:48,,,,,,,2
2256004.0,,17-07-2026 10:57,12-08-2026 14:44,,,13-08-2026 14:48,31-08-2026 10:56,,,,,,4
2256005.0,30-07-2026 13:37,27-07-2026 14:08,07-08-2026 13:48,25-08-2026 15:53,25-08-2026 15:52,17-08-2026 15:29,,,,,,,6
2256009.0,30-07-2026 13:37,27-07-2026 14:08,07-08-2026 14:57,25-08-2026 15:53,25-08-2026 15:52,20-08-2026 13:16,,,,,,,6
2256010.0,13-08-2026 13:20,27-07-2026 14:08,07-08-2026 13:48,25-08-2026 15:53,25-08-2026 15:52,17-08-2026 15:29,,,,,,,6
2256012.0,13-08-2026 13:20,27-07-2026 14:08,07-08-2026 13:48,25-08-2026 15:53,25-08-2026 15:52,17-08-2026 15:29,,,,,,,6
2256020.0,31-07-2026 11:48,29-07-2026 12:39,11-08-2026 12:00,18-08-2026 12:21,18-08-2026 12:20,13-08-2026 11:06,,,,,,,6
2256023.0,22-07-2026 12:32,04-07-2026 10:53,11-08-2026 12:00,18-08-2026 12:21,18-08-2026 12:20,13-08-2026 11:06,,,,,,,6
2256024.0,31-07-2026 11:48,29-07-2026 12:39,01-08-2026 11:59,24-08-2026 14:45,24-08-2026 14:45,12-08-2026 10:43,,,,,,,6
2256025.0,27-07-2026 16:01,17-07-2026 10:46,01-08-2026 11:59,24-08-2026 14:45,24-08-2026 14:45,12-08-2026 10:43,,,,,,,6
2256026.0,16-07-2026 10:42,06-07-2026 12:19,12-08-2026 14:44,,,13-08-2026 14:48,31-08-2026 10:56,,,,,,5
2256027.0,15-07-2026 11:02,03-07-2026 11:55,12-08-2026 14:44,,,,,,,,,,3
2256028.0,18-07-2026 14:06,03-07-2026 15:45,12-08-2026 14:44,31-08-2026 12:46,31-08-2026 12:26,14-08-2026 12:21,31-08-2026 16:10,,,,,,7
2256029.0,,17-07-2026 10:57,12-08-2026 14:44,31-08-2026 12:46,31-08-2026 12:26,14-08-2026 12:21,31-08-2026 16:10,,,,,,6
2256030.0,18-07-2026 14:06,03-07-2026 11:55,12-08-2026 14:44,25-08-2026 15:02,25-08-2026 15:10,,,,,,,,5
2256035.0,18-07-2026 14:06,03-07-2026 15:45,12-08-2026 14:44,31-08-2026 12:46,31-08-2026 12:26,14-08-2026 12:21,31-08-2026 16:10,,,,,,7
2256036.0,18-07-2026 14:06,03-07-2026 15:45,12-08-2026 14:44,,,14-08-2026 12:21,,,,,,,4
2256037.0,,17-07-2026 10:57,12-08-2026 14:44,25-08-2026 15:02,25-08-2026 15:10,,,,,,,,4
2256040.0,17-07-2026 10:29,22-07-2026 11:32,30-07-2026 10:09,11-08-2026 14:35,11-08-2026 12:14,07-08-2026 14:46,,,,,,,6
2256041.0,17-07-2026 10:29,15-07-2026 12:18,30-07-2026 10:09,18-08-2026 10:34,18-08-2026 10:32,31-08-2026 14:45,,,,,,,6
2256042.0,24-07-2026 11:16,21-07-2026 10:51,01-08-2026 14:20,19-08-2026 14:21,19-08-2026 14:18,07-08-2026 14:17,,,,,,,6
2256043.0,17-07-2026 10:29,20-07-2026 14:44,30-07-2026 10:09,11-08-2026 14:35,11-08-2026 12:14,06-08-2026 09:56,,,,,,,6
2256044.0,24-07-2026 11:16,21-07-2026 10:51,06-08-2026 15:39,19-08-2026 14:21,19-08-2026 14:18,07-08-2026 14:17,,,,,,,6
2256045.0,17-07-2026 10:29,15-07-2026 12:18,30-07-2026 10:09,13-08-2026 14:27,13-08-2026 14:23,06-08-2026 09:56,,,,,,,6
2256046.0,24-07-2026 11:16,21-07-2026 10:51,01-08-2026 14:20,19-08-2026 14:21,19-08-2026 14:18,07-08-2026 14:17,,,,,,,6
2256047.0,15-07-2026 11:29,04-07-2026 15:40,28-07-2026 09:53,12-08-2026 14:27,12-08-2026 14:26,07-08-2026 12:25,31-08-2026 11:40,,,,,,7
2256048.0,23-07-2026 12:22,04-07-2026 11:47,01-08-2026 12:15,19-08-2026 12:26,19-08-2026 12:24,12-08-2026 12:28,,,,,,,6
2256049.0,24-07-2026 11:16,21-07-2026 10:51,01-08-2026 14:20,19-08-2026 14:21,19-08-2026 14:18,07-08-2026 14:17,,,,,,,6
2256051.0,20-07-2026 14:57,16-07-2026 15:00,31-07-2026 11:16,,,14-08-2026 10:50,,,,,,,4
2256052.0,21-07-2026 11:58,09-07-2026 13:51,30-07-2026 10:09,18-08-2026 10:34,18-08-2026 10:32,31-08-2026 14:45,,,,,,,6
2256053.0,12-08-2026 15:46,21-07-2026 12:37,14-08-2026 12:41,19-08-2026 11:04,19-08-2026 11:01,18-08-2026 14:09,,,,,,,6
2256054.0,15-07-2026 11:29,09-07-2026 13:51,28-07-2026 09:53,18-08-2026 10:34,18-08-2026 10:32,31-08-2026 14:45,,,,,,,6
2256055.0,24-07-2026 11:16,21-07-2026 10:51,31-07-2026 14:12,19-08-2026 14:21,19-08-2026 14:18,18-08-2026 14:09,,,,,,,6
2256057.0,23-07-2026 12:22,04-07-2026 11:47,29-07-2026 15:20,19-08-2026 12:26,19-08-2026 12:24,12-08-2026 12:28,,,,,,,6
2256058.0,29-07-2026 12:17,09-07-2026 13:51,30-07-2026 10:09,18-08-2026 10:34,12-08-2026 14:26,07-08-2026 12:25,31-08-2026 11:40,,,,,,7
2256059.0,24-07-2026 11:16,21-07-2026 10:51,31-07-2026 14:12,24-08-2026 14:23,24-08-2026 14:20,11-08-2026 14:11,,,,,,,6
2256060.0,23-07-2026 10:39,10-07-2026 10:42,31-07-2026 10:06,19-08-2026 11:06,19-08-2026 11:05,07-08-2026 10:55,,,,,,,6
2256064.0,20-07-2026 13:58,17-07-2026 12:27,27-07-2026 16:02,19-08-2026 15:26,29-08-2026 11:29,06-08-2026 15:34,,,,,,,6
2256065.0,28-07-2026 14:10,21-07-2026 10:51,31-07-2026 14:12,24-08-2026 14:23,24-08-2026 14:20,07-08-2026 14:17,,,,,,,6
2256068.0,23-07-2026 12:22,04-07-2026 11:47,29-07-2026 15:20,19-08-2026 12:26,19-08-2026 12:24,12-08-2026 12:28,,,,,,,6
2256071.0,23-07-2026 12:22,04-07-2026 11:47,29-07-2026 15:20,19-08-2026 12:26,19-08-2026 12:24,12-08-2026 12:28,,,,,,,6
2256072.0,28-07-2026 14:10,21-07-2026 10:51,31-07-2026 14:12,,,07-08-2026 14:17,,,,,,,4
2256075.0,28-07-2026 14:10,21-07-2026 10:51,01-08-2026 14:20,19-08-2026 14:21,19-08-2026 14:18,07-08-2026 14:17,,,,,,,6
2256076.0,13-07-2026 15:23,09-07-2026 10:28,31-07-2026 10:35,14-08-2026 10:51,14-08-2026 10:48,07-08-2026 14:46,27-08-2026 10:35,,,,,,7
2256080.0,13-07-2026 15:23,08-07-2026 10:37,28-07-2026 12:18,14-08-2026 10:51,14-08-2026 10:48,04-08-2026 15:20,27-08-2026 10:35,,,,,,7
2256082.0,21-07-2026 11:58,06-07-2026 15:30,28-07-2026 12:18,18-08-2026 10:34,18-08-2026 10:32,04-08-2026 15:20,27-08-2026 10:35,,,,,,7
2256084.0,13-07-2026 15:23,06-07-2026 15:30,28-07-2026 12:18,18-08-2026 10:34,18-08-2026 10:32,04-08-2026 15:20,31-08-2026 11:40,,,,,,7
2256085.0,17-07-2026 15:22,06-07-2026 15:30,28-07-2026 12:18,14-08-2026 10:51,14-08-2026 10:48,05-08-2026 10:37,27-08-2026 10:35,,,,,,7
2256088.0,13-07-2026 15:23,06-07-2026 15:30,28-07-2026 12:18,14-08-2026 10:51,14-08-2026 10:48,05-08-2026 10:37,27-08-2026 10:35,,,,,,7
2256091.0,13-07-2026 15:23,06-07-2026 15:30,28-07-2026 12:18,18-08-2026 10:34,18-08-2026 10:32,04-08-2026 15:20,31-08-2026 11:40,,,,,,7
2256093.0,21-07-2026 11:58,06-07-2026 15:30,28-07-2026 12:18,14-08-2026 10:51,14-08-2026 10:48,04-08-2026 15:20,27-08-2026 10:35,,,,,,7
2256094.0,13-07-2026 15:23,08-07-2026 10:37,28-07-2026 12:18,18-08-2026 10:34,18-08-2026 10:32,05-08-2026 10:37,31-08-2026 11:40,,,,,,7
2256096.0,21-07-2026 11:58,06-07-2026 15:30,31-07-2026 10:35,18-08-2026 10:34,18-08-2026 10:32,04-08-2026 15:20,27-08-2026 10:35,,,,,,7
2256097.0,13-07-2026 15:23,06-07-2026 15:30,28-07-2026 12:18,14-08-2026 10:51,14-08-2026 10:48,04-08-2026 15:20,27-08-2026 10:35,,,,,,7
2256102.0,13-07-2026 15:23,08-07-2026 10:37,28-07-2026 12:18,14-08-2026 10:51,14-08-2026 10:48,04-08-2026 15:20,31-08-2026 11:40,,,,,,7
2256106.0,13-07-2026 15:23,04-07-2026 10:57,28-07-2026 12:18,12-08-2026 10:28,12-08-2026 10:25,05-08-2026 10:37,,,,,,,6
2256107.0,21-07-2026 11:58,06-07-2026 15:30,28-07-2026 12:18,14-08-2026 10:51,14-08-2026 10:48,04-08-2026 15:20,31-08-2026 11:40,,,,,,7
2256109.0,29-07-2026 10:34,04-07-2026 11:47,01-08-2026 12:15,19-08-2026 12:26,19-08-2026 12:24,12-08-2026 12:28,,,,,,,6
2256110.0,20-07-2026 14:54,30-07-2026 14:40,27-07-2026 14:47,29-08-2026 11:28,29-08-2026 11:29,05-08-2026 12:19,,,,,,,6
2256111.0,17-07-2026 15:22,06-07-2026 10:33,27-07-2026 10:36,12-08-2026 10:28,12-08-2026 10:25,04-08-2026 14:34,,,,,,,6
2256113.0,23-07-2026 12:22,30-07-2026 13:49,01-08-2026 12:15,19-08-2026 12:26,19-08-2026 12:24,12-08-2026 12:28,,,,,,,6
2256114.0,20-07-2026 14:54,04-07-2026 15:25,27-07-2026 14:47,18-08-2026 12:21,18-08-2026 12:19,05-08-2026 12:19,27-08-2026 12:17,,,,,,7
2256117.0,29-07-2026 12:17,06-07-2026 10:33,27-07-2026 10:36,13-08-2026 14:27,13-08-2026 14:23,04-08-2026 14:34,,,,,,,6
2256119.0,13-07-2026 10:29,06-07-2026 10:33,29-07-2026 10:36,13-08-2026 14:27,13-08-2026 14:23,04-08-2026 14:34,,,,,,,6
2256123.0,13-07-2026 10:29,06-07-2026 10:33,27-07-2026 10:36,13-08-2026 14:27,13-08-2026 14:23,04-08-2026 14:34,,,,,,,6
2256124.0,13-07-2026 10:29,08-07-2026 10:37,27-07-2026 10:36,12-08-2026 10:28,12-08-2026 10:25,04-08-2026 14:34,,,,,,,6
2256126.0,17-07-2026 15:22,08-07-2026 10:37,27-07-2026 10:36,13-08-2026 14:27,13-08-2026 14:23,07-08-2026 14:46,,,,,,,6
2256129.0,30-07-2026 13:37,27-07-2026 14:08,07-08-2026 13:48,25-08-2026 15:53,25-08-2026 15:52,17-08-2026 15:29,,,,,,,6
2256130.0,13-07-2026 10:29,06-07-2026 10:33,27-07-2026 10:36,12-08-2026 10:28,12-08-2026 10:25,04-08-2026 14:34,,,,,,,6
2256131.0,30-07-2026 13:37,27-07-2026 14:08,07-08-2026 13:48,25-08-2026 15:53,25-08-2026 15:52,17-08-2026 15:29,,,,,,,6
2256133.0,30-07-2026 13:37,27-07-2026 14:08,07-08-2026 13:48,25-08-2026 15:53,25-08-2026 15:52,17-08-2026 15:29,,,,,,,6
2256134.0,17-07-2026 15:22,22-07-2026 11:32,27-07-2026 10:36,13-08-2026 14:27,13-08-2026 14:23,04-08-2026 14:34,,,,,,,6
2256136.0,30-07-2026 13:37,27-07-2026 14:08,07-08-2026 13:48,25-08-2026 15:53,25-08-2026 15:52,17-08-2026 15:29,,,,,,,6
2256138.0,30-07-2026 13:37,27-07-2026 14:08,07-08-2026 13:48,25-08-2026 15:53,25-08-2026 15:52,17-08-2026 15:29,,,,,,,6
2256141.0,20-07-2026 14:57,16-07-2026 15:00,31-07-2026 11:16,,,14-08-2026 10:50,,,,,,,4
2256142.0,30-07-2026 13:37,27-07-2026 14:08,07-08-2026 14:57,,,17-08-2026 15:29,,,,,,,4
2256144.0,23-07-2026 10:39,10-07-2026 10:42,31-07-2026 10:06,19-08-2026 11:06,19-08-2026 11:05,07-08-2026 10:55,,,,,,,6
2256145.0,13-07-2026 10:29,06-07-2026 10:33,27-07-2026 10:36,12-08-2026 10:28,12-08-2026 10:25,04-08-2026 14:34,,,,,,,6
2256149.0,30-07-2026 13:37,27-07-2026 14:08,07-08-2026 13:48,25-08-2026 15:53,25-08-2026 15:52,17-08-2026 15:29,,,,,,,6
2256150.0,20-07-2026 14:54,17-07-2026 14:59,27-07-2026 14:47,29-08-2026 11:28,29-08-2026 11:29,05-08-2026 12:19,27-08-2026 12:17,,,,,,7
2256151.0,30-07-2026 11:33,10-07-2026 10:42,31-07-2026 10:06,19-08-2026 11:06,19-08-2026 11:05,07-08-2026 10:55,,,,,,,6
2256153.0,30-07-2026 13:37,27-07-2026 14:08,07-08-2026 13:48,25-08-2026 15:53,25-08-2026 15:52,17-08-2026 15:29,,,,,,,6
2256156.0,20-07-2026 13:58,17-07-2026 12:27,27-07-2026 16:02,19-08-2026 15:26,19-08-2026 15:25,06-08-2026 15:34,,,,,,,6
2256158.0,30-07-2026 13:37,27-07-2026 14:08,07-08-2026 13:48,25-08-2026 15:53,25-08-2026 15:52,17-08-2026 15:29,,,,,,,6
2256160.0,23-07-2026 10:39,10-07-2026 10:42,31-07-2026 10:06,19-08-2026 11:06,19-08-2026 11:05,07-08-2026 10:55,,,,,,,6
2256161.0,29-07-2026 10:34,04-07-2026 15:25,27-07-2026 16:02,19-08-2026 15:26,19-08-2026 15:25,06-08-2026 15:34,,,,,,,6
2256162.0,30-07-2026 13:37,11-08-2026 15:19,07-08-2026 13:48,,,20-08-2026 13:16,,,,,,,4
2256163.0,13-08-2026 13:20,27-07-2026 14:08,07-08-2026 13:48,,,17-08-2026 15:29,,,,,,,4
2256164.0,20-07-2026 13:58,17-07-2026 12:27,27-07-2026 16:02,19-08-2026 15:26,19-08-2026 15:25,06-08-2026 15:34,,,,,,,6
2256165.0,30-07-2026 13:37,27-07-2026 14:08,07-08-2026 14:57,25-08-2026 15:53,25-08-2026 15:52,19-08-2026 15:28,,,,,,,6
2256166.0,30-07-2026 13:37,27-07-2026 14:08,07-08-2026 13:48,,,17-08-2026 15:29,,,,,,,4
2256168.0,30-07-2026 13:37,27-07-2026 14:08,07-08-2026 13:48,25-08-2026 15:53,25-08-2026 15:52,17-08-2026 15:29,,,,,,,6
2256169.0,30-07-2026 13:37,27-07-2026 14:08,07-08-2026 13:48,25-08-2026 15:53,25-08-2026 15:52,17-08-2026 15:29,,,,,,,6
2256170.0,30-07-2026 13:37,27-07-2026 14:08,07-08-2026 13:48,25-08-2026 15:53,25-08-2026 15:52,20-08-2026 13:16,,,,,,,6
2256171.0,13-08-2026 13:20,27-07-2026 14:08,07-08-2026 13:48,25-08-2026 15:53,25-08-2026 15:52,17-08-2026 15:29,,,,,,,6
2256172.0,30-07-2026 13:37,11-08-2026 15:19,07-08-2026 13:48,25-08-2026 15:53,25-08-2026 15:52,19-08-2026 15:28,,,,,,,6
2256174.0,29-07-2026 10:34,17-07-2026 12:27,27-07-2026 16:02,19-08-2026 15:26,19-08-2026 15:25,05-08-2026 12:19,,,,,,,6
2256175.0,30-07-2026 11:33,16-07-2026 15:00,31-07-2026 11:16,20-08-2026 15:36,20-08-2026 15:36,13-08-2026 10:33,,,,,,,6
2256177.0,20-07-2026 14:57,16-07-2026 15:00,31-07-2026 11:16,20-08-2026 15:36,20-08-2026 15:36,13-08-2026 10:33,,,,,,,6
2256179.0,23-07-2026 10:39,10-07-2026 10:42,31-07-2026 10:06,19-08-2026 11:06,19-08-2026 11:05,07-08-2026 10:55,,,,,,,6
2256181.0,30-07-2026 13:37,27-07-2026 14:08,07-08-2026 13:48,,,17-08-2026 15:29,,,,,,,4
2256184.0,30-07-2026 13:37,27-07-2026 14:08,07-08-2026 13:48,,,17-08-2026 15:29,,,,,,,4
2256186.0,30-07-2026 13:37,27-07-2026 14:08,07-08-2026 13:48,25-08-2026 15:53,25-08-2026 15:52,17-08-2026 15:29,,,,,,,6
2256187.0,30-07-2026 13:37,27-07-2026 14:08,07-08-2026 13:48,25-08-2026 15:53,25-08-2026 15:52,17-08-2026 15:29,,,,,,,6
2256188.0,20-07-2026 14:54,04-07-2026 15:25,04-08-2026 14:03,18-08-2026 12:21,18-08-2026 12:19,05-08-2026 12:19,,,,,,,6
2256189.0,20-07-2026 14:54,04-07-2026 15:25,27-07-2026 14:47,18-08-2026 12:21,18-08-2026 12:19,12-08-2026 10:43,27-08-2026 12:17,,,,,,7
2256191.0,30-07-2026 13:37,27-07-2026 14:08,07-08-2026 14:57,25-08-2026 15:53,25-08-2026 15:52,17-08-2026 15:29,,,,,,,6
2256192.0,20-07-2026 14:54,04-07-2026 15:25,27-07-2026 14:47,18-08-2026 12:21,18-08-2026 12:19,05-08-2026 12:19,27-08-2026 12:17,,,,,,7
2256193.0,30-07-2026 13:37,27-07-2026 14:08,07-08-2026 13:48,,,17-08-2026 15:29,,,,,,,4
2256194.0,30-07-2026 13:37,27-07-2026 14:08,07-08-2026 13:48,25-08-2026 15:53,25-08-2026 15:52,17-08-2026 15:29,,,,,,,6
2256195.0,30-07-2026 13:37,27-07-2026 14:08,07-08-2026 13:48,,,19-08-2026 15:28,,,,,,,4
2256196.0,20-07-2026 14:54,04-07-2026 15:25,27-07-2026 14:47,18-08-2026 12:21,18-08-2026 12:19,12-08-2026 10:43,27-08-2026 12:17,,,,,,7
2256197.0,29-07-2026 10:34,17-07-2026 12:27,27-07-2026 16:02,19-08-2026 15:26,19-08-2026 15:25,12-08-2026 10:43,,,,,,,6
2256199.0,29-07-2026 12:13,30-07-2026 14:40,04-08-2026 14:03,19-08-2026 12:26,19-08-2026 12:24,29-08-2026 15:00,,,,,,,6
2256201.0,29-07-2026 10:34,24-07-2026 14:44,29-07-2026 15:20,19-08-2026 12:26,19-08-2026 12:24,12-08-2026 12:28,,,,,,,6
2256204.0,20-07-2026 14:54,04-07-2026 15:25,27-07-2026 14:47,18-08-2026 12:21,18-08-2026 12:19,05-08-2026 12:19,27-08-2026 12:17,,,,,,7
2256207.0,16-07-2026 15:21,13-07-2026 12:22,28-07-2026 10:41,12-08-2026 11:03,12-08-2026 11:02,05-08-2026 12:17,,,,,,,6
2256208.0,16-07-2026 15:21,13-07-2026 12:22,28-07-2026 10:41,12-08-2026 11:03,12-08-2026 11:02,05-08-2026 12:17,,,,,,,6
2256210.0,16-07-2026 15:21,13-07-2026 12:22,28-07-2026 10:41,12-08-2026 11:03,12-08-2026 11:02,05-08-2026 12:17,,,,,,,6
2256213.0,16-07-2026 15:21,13-07-2026 12:22,29-07-2026 15:13,24-08-2026 15:40,24-08-2026 15:39,05-08-2026 12:17,,,,,,,6
2256218.0,16-07-2026 15:21,13-07-2026 12:22,28-07-2026 10:41,12-08-2026 11:03,12-08-2026 11:02,05-08-2026 12:17,,,,,,,6
2256222.0,16-07-2026 11:36,20-07-2026 14:38,27-07-2026 16:01,19-08-2026 10:56,19-08-2026 10:56,05-08-2026 16:06,,,,,,,6
2256225.0,16-07-2026 11:36,08-07-2026 11:37,29-07-2026 15:13,19-08-2026 10:56,19-08-2026 10:56,05-08-2026 16:06,,,,,,,6
2256226.0,16-07-2026 11:36,08-07-2026 11:37,27-07-2026 16:01,19-08-2026 10:56,19-08-2026 10:56,05-08-2026 16:06,,,,,,,6
2256230.0,16-07-2026 11:36,20-07-2026 14:38,29-07-2026 15:13,19-08-2026 10:56,19-08-2026 10:56,05-08-2026 16:06,,,,,,,6
2256235.0,16-07-2026 11:36,08-07-2026 11:37,29-07-2026 15:13,19-08-2026 10:56,19-08-2026 10:56,05-08-2026 16:06,,,,,,,6
2256236.0,16-07-2026 11:36,08-07-2026 11:37,27-07-2026 16:01,19-08-2026 10:56,19-08-2026 10:56,05-08-2026 16:06,,,,,,,6
2256265.0,24-07-2026 11:53,17-07-2026 12:40,28-07-2026 14:26,25-08-2026 12:26,25-08-2026 12:25,05-08-2026 14:17,,,,,,,6
2256266.0,23-07-2026 11:45,21-07-2026 14:31,07-08-2026 13:37,24-08-2026 10:46,24-08-2026 10:45,05-08-2026 11:52,,,,,,,6
2256267.0,24-07-2026 11:53,17-07-2026 12:40,07-08-2026 12:39,25-08-2026 12:26,25-08-2026 12:25,05-08-2026 14:17,,,,,,,6
2256268.0,20-07-2026 11:44,06-07-2026 11:58,27-07-2026 11:51,27-08-2026 14:12,27-08-2026 14:12,13-08-2026 12:43,,,,,,,6
2256270.0,24-07-2026 11:53,17-07-2026 12:40,28-07-2026 14:26,25-08-2026 12:26,25-08-2026 12:25,05-08-2026 14:17,,,,,,,6
2256271.0,23-07-2026 11:45,21-07-2026 14:31,07-08-2026 13:37,24-08-2026 10:46,24-08-2026 10:45,05-08-2026 11:52,,,,,,,6
2256272.0,24-07-2026 11:53,17-07-2026 12:40,28-07-2026 14:26,25-08-2026 12:26,25-08-2026 12:25,05-08-2026 14:17,,,,,,,6
2256273.0,20-07-2026 11:44,29-07-2026 11:49,27-07-2026 11:51,29-08-2026 10:41,29-08-2026 10:41,11-08-2026 15:09,,,,,,,6
2256274.0,22-07-2026 15:03,21-07-2026 12:33,04-08-2026 14:18,25-08-2026 14:55,25-08-2026 14:55,12-08-2026 11:47,,,,,,,6
2256277.0,24-07-2026 11:53,17-07-2026 12:40,28-07-2026 14:26,25-08-2026 12:26,25-08-2026 12:25,05-08-2026 14:17,,,,,,,6
2256278.0,20-07-2026 11:44,06-07-2026 11:58,27-07-2026 11:51,27-08-2026 14:12,27-08-2026 14:12,11-08-2026 15:09,,,,,,,6
2256279.0,20-07-2026 10:46,16-07-2026 12:06,27-07-2026 10:50,24-08-2026 12:42,24-08-2026 12:42,07-08-2026 11:03,,,,,,,6
2256285.0,20-07-2026 10:46,16-07-2026 12:06,28-07-2026 10:46,24-08-2026 12:42,24-08-2026 12:42,07-08-2026 11:03,,,,,,,6
2256288.0,24-07-2026 11:53,17-07-2026 12:40,28-07-2026 14:26,25-08-2026 12:26,25-08-2026 12:25,05-08-2026 14:17,,,,,,,6
2256297.0,21-07-2026 14:02,22-07-2026 11:32,31-07-2026 10:35,18-08-2026 10:34,18-08-2026 10:32,31-08-2026 14:45,,,,,,,6
2256298.0,13-07-2026 10:29,06-07-2026 10:33,27-07-2026 10:36,12-08-2026 10:28,12-08-2026 10:25,04-08-2026 14:34,,,,,,,6
2256299.0,13-07-2026 10:29,06-07-2026 10:33,27-07-2026 10:36,12-08-2026 10:28,12-08-2026 10:25,05-08-2026 10:37,,,,,,,6
2256300.0,17-07-2026 15:22,06-07-2026 10:33,29-07-2026 10:36,12-08-2026 10:28,12-08-2026 10:25,05-08-2026 10:37,,,,,,,6
2256301.0,13-07-2026 10:29,06-07-2026 10:33,29-07-2026 10:36,18-08-2026 10:34,18-08-2026 10:32,04-08-2026 14:34,,,,,,,6
2256302.0,17-07-2026 15:22,08-07-2026 10:37,27-07-2026 10:36,12-08-2026 10:28,12-08-2026 10:25,04-08-2026 14:34,,,,,,,6
2256303.0,13-07-2026 10:29,06-07-2026 10:33,27-07-2026 10:36,13-08-2026 14:27,13-08-2026 14:23,05-08-2026 10:37,,,,,,,6
2256304.0,13-07-2026 10:29,06-07-2026 10:33,27-07-2026 10:36,12-08-2026 10:28,12-08-2026 10:25,04-08-2026 14:34,,,,,,,6
2256305.0,13-07-2026 10:29,06-07-2026 10:33,27-07-2026 10:36,12-08-2026 10:28,12-08-2026 10:25,04-08-2026 14:34,,,,,,,6
2256306.0,13-07-2026 10:29,06-07-2026 10:33,27-07-2026 10:36,13-08-2026 14:27,13-08-2026 14:23,04-08-2026 14:34,,,,,,,6
2256307.0,13-07-2026 10:29,06-07-2026 10:33,27-07-2026 10:36,12-08-2026 10:28,12-08-2026 10:25,04-08-2026 14:34,,,,,,,6
2256346.0,13-07-2026 10:29,06-07-2026 10:33,27-07-2026 10:36,12-08-2026 10:28,12-08-2026 10:25,05-08-2026 10:37,,,,,,,6
2256347.0,13-07-2026 10:29,06-07-2026 10:33,29-07-2026 10:36,13-08-2026 14:27,13-08-2026 14:23,04-08-2026 14:34,,,,,,,6
2256349.0,13-07-2026 10:29,08-07-2026 10:37,27-07-2026 10:36,12-08-2026 10:28,12-08-2026 10:25,04-08-2026 14:34,,,,,,,6
2256351.0,13-07-2026 10:29,20-07-2026 14:44,27-07-2026 10:36,12-08-2026 10:28,12-08-2026 10:25,04-08-2026 14:34,,,,,,,6
2256352.0,13-07-2026 10:29,06-07-2026 10:33,29-07-2026 10:36,13-08-2026 14:27,13-08-2026 14:23,04-08-2026 14:34,,,,,,,6
2256353.0,17-07-2026 15:22,08-07-2026 10:37,29-07-2026 10:36,18-08-2026 10:34,18-08-2026 10:32,07-08-2026 14:46,,,,,,,6
2256357.0,13-07-2026 10:29,06-07-2026 10:33,29-07-2026 10:36,12-08-2026 10:28,12-08-2026 10:25,31-08-2026 14:45,,,,,,,6
2256359.0,13-07-2026 10:29,06-07-2026 10:33,27-07-2026 10:36,12-08-2026 10:28,12-08-2026 10:25,04-08-2026 14:34,,,,,,,6
2256360.0,13-07-2026 10:29,06-07-2026 10:33,29-07-2026 10:36,13-08-2026 14:27,13-08-2026 14:23,04-08-2026 14:34,,,,,,,6
2256365.0,20-07-2026 13:58,17-07-2026 12:27,27-07-2026 16:02,19-08-2026 15:26,19-08-2026 15:25,06-08-2026 15:34,,,,,,,6
2256366.0,20-07-2026 13:58,17-07-2026 14:59,27-07-2026 16:02,19-08-2026 15:26,19-08-2026 15:25,06-08-2026 15:34,,,,,,,6
2256367.0,23-07-2026 12:22,04-07-2026 11:47,29-07-2026 15:20,19-08-2026 12:26,19-08-2026 12:24,12-08-2026 12:28,,,,,,,6
2256370.0,20-07-2026 14:54,04-07-2026 15:25,27-07-2026 14:47,18-08-2026 12:21,18-08-2026 12:19,05-08-2026 12:19,,,,,,,6
2256372.0,20-07-2026 13:58,30-07-2026 13:49,27-07-2026 16:02,19-08-2026 15:26,19-08-2026 15:25,06-08-2026 15:34,,,,,,,6
2256374.0,29-07-2026 10:34,17-07-2026 12:27,27-07-2026 16:02,19-08-2026 15:26,19-08-2026 15:25,06-08-2026 15:34,,,,,,,6
2256375.0,20-07-2026 13:58,30-07-2026 13:49,27-07-2026 16:02,29-08-2026 11:28,29-08-2026 11:29,12-08-2026 10:43,,,,,,,6
2256377.0,20-07-2026 13:58,17-07-2026 12:27,27-07-2026 16:02,19-08-2026 15:26,19-08-2026 15:25,06-08-2026 15:34,,,,,,,6
2256379.0,20-07-2026 13:58,17-07-2026 12:27,04-08-2026 14:03,19-08-2026 15:26,19-08-2026 15:25,12-08-2026 10:43,,,,,,,6
2256381.0,29-07-2026 10:34,24-07-2026 14:44,27-07-2026 16:02,29-08-2026 11:28,29-08-2026 11:29,12-08-2026 10:43,,,,,,,6
2256383.0,20-07-2026 14:54,04-07-2026 15:25,27-07-2026 14:47,18-08-2026 12:21,18-08-2026 12:19,05-08-2026 12:19,27-08-2026 12:17,,,,,,7
2256385.0,20-07-2026 14:54,17-07-2026 14:59,27-07-2026 14:47,18-08-2026 12:21,18-08-2026 12:19,05-08-2026 12:19,27-08-2026 12:17,,,,,,7
2256401.0,23-07-2026 10:39,10-07-2026 10:42,31-07-2026 10:06,19-08-2026 11:06,19-08-2026 11:05,07-08-2026 10:55,,,,,,,6
2256402.0,23-07-2026 10:39,10-07-2026 10:42,31-07-2026 10:06,19-08-2026 11:06,19-08-2026 11:05,07-08-2026 10:55,,,,,,,6
2256403.0,23-07-2026 10:39,20-07-2026 16:08,31-07-2026 10:06,19-08-2026 11:06,19-08-2026 11:05,07-08-2026 10:55,,,,,,,6
2256404.0,20-07-2026 14:57,16-07-2026 15:00,31-07-2026 11:16,20-08-2026 15:36,20-08-2026 15:36,13-08-2026 10:33,,,,,,,6
2256405.0,23-07-2026 10:39,10-07-2026 10:42,31-07-2026 10:06,19-08-2026 11:06,19-08-2026 11:05,07-08-2026 10:55,,,,,,,6
2256406.0,30-07-2026 11:33,10-07-2026 10:42,31-07-2026 10:06,19-08-2026 11:06,19-08-2026 11:05,13-08-2026 10:33,,,,,,,6
2256407.0,23-07-2026 10:39,20-07-2026 16:08,31-07-2026 10:06,19-08-2026 11:06,19-08-2026 11:05,07-08-2026 10:55,,,,,,,6
2256408.0,23-07-2026 10:39,10-07-2026 10:42,31-07-2026 10:06,19-08-2026 11:06,19-08-2026 11:05,07-08-2026 10:55,,,,,,,6
2256409.0,23-07-2026 10:39,10-07-2026 10:42,31-07-2026 10:06,19-08-2026 11:06,19-08-2026 11:05,07-08-2026 10:55,,,,,,,6
2256410.0,23-07-2026 10:39,10-07-2026 10:42,31-07-2026 10:06,19-08-2026 11:06,19-08-2026 11:05,07-08-2026 10:55,,,,,,,6
2256411.0,23-07-2026 10:39,10-07-2026 10:42,31-07-2026 10:06,19-08-2026 11:06,29-08-2026 12:07,07-08-2026 10:55,,,,,,,6
2256417.0,30-07-2026 11:33,20-07-2026 16:08,31-07-2026 11:16,,,14-08-2026 10:50,,,,,,,4
2256419.0,30-07-2026 11:33,20-07-2026 16:08,31-07-2026 10:06,19-08-2026 11:06,19-08-2026 11:05,07-08-2026 10:55,,,,,,,6
2256421.0,20-07-2026 14:57,16-07-2026 15:00,27-08-2026 11:44,,,29-08-2026 10:32,,,,,,,4
2256423.0,23-07-2026 10:39,10-07-2026 10:42,31-07-2026 10:06,19-08-2026 11:06,19-08-2026 11:05,13-08-2026 10:33,,,,,,,6
2256424.0,20-07-2026 14:57,16-07-2026 15:00,31-07-2026 11:16,,,29-08-2026 10:32,,,,,,,4
2256425.0,30-07-2026 11:33,16-07-2026 15:00,27-08-2026 11:44,20-08-2026 15:36,20-08-2026 15:36,13-08-2026 10:33,,,,,,,6
2256427.0,20-07-2026 14:57,16-07-2026 15:00,27-08-2026 11:44,20-08-2026 15:36,20-08-2026 15:36,29-08-2026 10:32,,,,,,,6
2256429.0,20-07-2026 14:57,16-07-2026 15:00,27-08-2026 11:44,,,14-08-2026 10:50,,,,,,,4
2256431.0,23-07-2026 10:39,10-07-2026 10:42,31-07-2026 10:06,29-08-2026 12:08,19-08-2026 11:05,07-08-2026 10:55,,,,,,,6
2256432.0,30-07-2026 11:33,16-07-2026 15:00,27-08-2026 11:44,20-08-2026 15:36,20-08-2026 15:36,29-08-2026 10:32,,,,,,,6
2256436.0,30-07-2026 11:33,16-07-2026 15:00,31-07-2026 11:16,20-08-2026 15:36,20-08-2026 15:36,13-08-2026 10:33,,,,,,,6
2256437.0,23-07-2026 10:39,20-07-2026 16:08,31-07-2026 10:06,29-08-2026 12:08,29-08-2026 12:07,13-08-2026 10:33,,,,,,,6
2256439.0,13-07-2026 11:51,06-07-2026 10:53,12-08-2026 14:44,24-08-2026 15:27,24-08-2026 15:16,18-08-2026 14:36,,,,,,,6
2256440.0,13-07-2026 11:51,09-07-2026 11:39,12-08-2026 14:44,24-08-2026 15:27,24-08-2026 15:16,18-08-2026 14:36,,,,,,,6
2256442.0,22-07-2026 15:41,31-07-2026 12:13,06-08-2026 12:18,31-08-2026 11:58,31-08-2026 11:57,20-08-2026 12:17,,,,,,,6
2256443.0,22-07-2026 15:41,31-07-2026 12:13,06-08-2026 12:18,31-08-2026 11:58,31-08-2026 11:57,20-08-2026 12:17,,,,,,,6
2256445.0,22-07-2026 15:41,31-07-2026 12:13,06-08-2026 12:18,31-08-2026 11:58,31-08-2026 11:57,20-08-2026 12:17,,,,,,,6
2256446.0,22-07-2026 15:41,31-07-2026 12:13,06-08-2026 12:18,31-08-2026 11:58,31-08-2026 11:57,20-08-2026 12:17,,,,,,,6
2256447.0,22-07-2026 15:41,31-07-2026 12:13,06-08-2026 12:18,31-08-2026 11:58,31-08-2026 11:57,20-08-2026 12:17,,,,,,,6
2256448.0,22-07-2026 15:41,31-07-2026 12:13,06-08-2026 12:18,31-08-2026 11:58,31-08-2026 11:57,20-08-2026 12:17,,,,,,,6
2256449.0,22-07-2026 15:41,31-07-2026 12:13,06-08-2026 12:18,31-08-2026 11:58,31-08-2026 11:57,20-08-2026 12:17,,,,,,,6
2256450.0,22-07-2026 15:41,31-07-2026 12:13,06-08-2026 12:18,31-08-2026 11:58,31-08-2026 11:57,20-08-2026 12:17,,,,,,,6
2256452.0,22-07-2026 15:41,31-07-2026 12:13,06-08-2026 12:18,31-08-2026 11:58,31-08-2026 11:57,20-08-2026 12:17,,,,,,,6
2256455.0,22-07-2026 15:41,31-07-2026 12:13,06-08-2026 12:18,31-08-2026 11:58,31-08-2026 11:57,27-08-2026 10:02,,,,,,,6
2256456.0,22-07-2026 15:41,31-07-2026 12:13,06-08-2026 12:18,,,27-08-2026 10:02,,,,,,,4
2256458.0,22-07-2026 15:41,31-07-2026 12:13,06-08-2026 12:18,31-08-2026 11:58,31-08-2026 11:57,20-08-2026 12:17,,,,,,,6
2256459.0,22-07-2026 15:41,31-07-2026 12:13,06-08-2026 12:18,31-08-2026 11:58,31-08-2026 11:57,20-08-2026 12:17,,,,,,,6
2256460.0,22-07-2026 15:41,31-07-2026 12:13,07-08-2026 11:36,31-08-2026 11:58,31-08-2026 11:57,20-08-2026 12:17,,,,,,,6
2256461.0,22-07-2026 15:41,31-07-2026 12:13,06-08-2026 12:18,31-08-2026 11:58,31-08-2026 11:57,20-08-2026 12:17,,,,,,,6
2256462.0,22-07-2026 15:41,31-07-2026 12:13,06-08-2026 12:18,31-08-2026 11:58,31-08-2026 11:57,20-08-2026 12:17,,,,,,,6
2256463.0,22-07-2026 15:41,31-07-2026 12:13,06-08-2026 12:18,31-08-2026 11:58,31-08-2026 11:57,20-08-2026 12:17,,,,,,,6
2256464.0,22-07-2026 15:41,31-07-2026 12:13,06-08-2026 12:18,31-08-2026 11:58,31-08-2026 11:57,20-08-2026 12:17,,,,,,,6
2256466.0,22-07-2026 15:41,31-07-2026 12:13,06-08-2026 12:18,31-08-2026 11:58,31-08-2026 11:57,20-08-2026 12:17,,,,,,,6
2256467.0,22-07-2026 15:41,31-07-2026 12:13,06-08-2026 12:18,31-08-2026 11:58,31-08-2026 11:57,20-08-2026 12:17,,,,,,,6
2256470.0,22-07-2026 15:41,31-07-2026 12:13,06-08-2026 12:18,31-08-2026 11:58,31-08-2026 11:57,20-08-2026 12:17,,,,,,,6
2256471.0,22-07-2026 15:41,31-07-2026 12:13,06-08-2026 12:18,31-08-2026 11:58,31-08-2026 11:57,27-08-2026 10:02,,,,,,,6
2256472.0,22-07-2026 15:41,31-07-2026 12:13,07-08-2026 11:36,31-08-2026 11:58,31-08-2026 11:57,20-08-2026 12:17,,,,,,,6
2256474.0,23-07-2026 11:43,22-07-2026 16:07,30-07-2026 12:15,31-08-2026 11:58,31-08-2026 11:57,20-08-2026 11:34,,,,,,,6
2256475.0,23-07-2026 11:43,22-07-2026 16:07,30-07-2026 12:15,,,27-08-2026 10:02,,,,,,,4
2256477.0,23-07-2026 11:43,22-07-2026 16:07,30-07-2026 12:15,31-08-2026 11:58,31-08-2026 11:57,20-08-2026 11:34,,,,,,,6
2256479.0,23-07-2026 11:43,22-07-2026 16:07,30-07-2026 12:15,31-08-2026 11:58,31-08-2026 11:57,20-08-2026 11:34,,,,,,,6
2256481.0,23-07-2026 11:43,22-07-2026 16:07,30-07-2026 12:15,,,20-08-2026 11:34,,,,,,,4
2256483.0,23-07-2026 11:43,22-07-2026 16:07,07-08-2026 11:36,31-08-2026 11:58,31-08-2026 11:57,20-08-2026 11:34,,,,,,,6
2256484.0,23-07-2026 11:43,22-07-2026 16:07,30-07-2026 12:15,,,20-08-2026 11:34,,,,,,,4
2256485.0,18-07-2026 14:06,09-07-2026 14:40,12-08-2026 14:44,,31-08-2026 12:26,,,,,,,,4
2256486.0,18-07-2026 14:06,09-07-2026 14:40,12-08-2026 14:44,,31-08-2026 12:26,14-08-2026 12:21,,,,,,,5
2256497.0,10-07-2026 13:15,03-07-2026 15:45,12-08-2026 14:44,31-08-2026 12:46,31-08-2026 12:26,14-08-2026 12:21,31-08-2026 16:10,,,,,,7
2256499.0,18-07-2026 14:06,03-07-2026 11:55,12-08-2026 14:44,25-08-2026 15:02,25-08-2026 15:10,,,,,,,,5
2256500.0,10-07-2026 13:15,03-07-2026 15:45,12-08-2026 14:44,31-08-2026 12:46,31-08-2026 12:26,14-08-2026 12:21,31-08-2026 16:10,,,,,,7
2256501.0,13-07-2026 11:51,06-07-2026 10:53,12-08-2026 14:44,,,18-08-2026 14:36,,,,,,,4
2256507.0,13-07-2026 11:51,06-07-2026 10:53,12-08-2026 14:44,24-08-2026 15:27,24-08-2026 15:16,18-08-2026 14:36,,,,,,,6
2256509.0,10-07-2026 13:15,09-07-2026 11:39,12-08-2026 14:44,,,18-08-2026 14:36,,,,,,,4
2256510.0,10-07-2026 13:15,03-07-2026 15:45,12-08-2026 14:44,25-08-2026 15:02,31-08-2026 12:26,14-08-2026 12:21,31-08-2026 16:10,,,,,,7
2256511.0,,17-07-2026 10:57,12-08-2026 14:44,31-08-2026 12:46,31-08-2026 12:26,14-08-2026 12:21,31-08-2026 16:10,,,,,,6
2256514.0,13-07-2026 11:51,06-07-2026 10:53,12-08-2026 14:44,24-08-2026 15:27,,18-08-2026 14:36,,,,,,,5
2256516.0,18-07-2026 14:06,09-07-2026 11:39,12-08-2026 14:44,25-08-2026 15:02,25-08-2026 15:10,,,,,,,,5
2256517.0,15-07-2026 11:02,03-07-2026 11:55,12-08-2026 14:44,,,,,,,,,,3
2256518.0,10-07-2026 13:15,03-07-2026 15:45,12-08-2026 14:44,31-08-2026 12:46,31-08-2026 12:26,14-08-2026 12:21,31-08-2026 16:10,,,,,,7
2256522.0,15-07-2026 11:02,03-07-2026 11:55,12-08-2026 14:44,,,,,,,,,,3
2256524.0,15-07-2026 11:02,03-07-2026 11:55,12-08-2026 14:44,25-08-2026 15:02,25-08-2026 15:10,,,,,,,,5
2256534.0,15-07-2026 11:02,09-07-2026 11:39,12-08-2026 14:44,25-08-2026 15:02,25-08-2026 15:10,,,,,,,,5
2256543.0,13-07-2026 11:51,06-07-2026 10:53,12-08-2026 14:44,,,18-08-2026 14:36,,,,,,,4
2256544.0,22-07-2026 14:09,20-07-2026 16:51,29-07-2026 15:51,25-08-2026 12:39,25-08-2026 12:38,17-08-2026 09:58,,,,,,,6
2256545.0,,17-07-2026 10:57,12-08-2026 14:44,,,14-08-2026 12:21,,,,,,,3
2256546.0,22-07-2026 14:09,20-07-2026 16:51,29-07-2026 15:51,25-08-2026 12:39,25-08-2026 12:38,17-08-2026 09:58,,,,,,,6
2256556.0,22-07-2026 14:09,20-07-2026 16:51,29-07-2026 15:51,25-08-2026 12:39,25-08-2026 12:38,17-08-2026 09:58,,,,,,,6
2256557.0,22-07-2026 14:09,20-07-2026 16:51,29-07-2026 15:51,25-08-2026 12:39,25-08-2026 12:38,17-08-2026 09:58,,,,,,,6
2256558.0,22-07-2026 14:09,20-07-2026 16:51,29-07-2026 15:51,25-08-2026 12:39,25-08-2026 12:38,17-08-2026 09:58,,,,,,,6
2256559.0,22-07-2026 14:09,20-07-2026 16:51,29-07-2026 15:51,25-08-2026 12:39,25-08-2026 12:38,17-08-2026 09:58,,,,,,,6
2256560.0,22-07-2026 14:09,20-07-2026 16:51,29-07-2026 15:51,25-08-2026 12:39,25-08-2026 12:38,17-08-2026 09:58,,,,,,,6
2256561.0,22-07-2026 14:09,20-07-2026 16:51,29-07-2026 15:51,25-08-2026 12:39,25-08-2026 12:38,17-08-2026 09:58,,,,,,,6
2256562.0,22-07-2026 14:09,20-07-2026 16:51,29-07-2026 15:51,25-08-2026 12:39,25-08-2026 12:38,17-08-2026 09:58,,,,,,,6
2256563.0,23-07-2026 11:45,21-07-2026 14:31,27-07-2026 14:16,24-08-2026 10:46,24-08-2026 10:45,05-08-2026 11:52,,,,,,,6
2256564.0,30-07-2026 11:42,29-07-2026 11:49,28-07-2026 14:26,24-08-2026 10:46,24-08-2026 10:45,13-08-2026 14:50,,,,,,,6
2256565.0,22-07-2026 14:09,20-07-2026 16:51,29-07-2026 15:51,25-08-2026 12:39,25-08-2026 12:38,17-08-2026 09:58,,,,,,,6
2256566.0,24-07-2026 11:53,17-07-2026 12:40,28-07-2026 14:26,25-08-2026 12:26,25-08-2026 12:25,05-08-2026 14:17,,,,,,,6
2256567.0,22-07-2026 14:09,21-07-2026 16:13,29-07-2026 15:51,25-08-2026 12:39,25-08-2026 12:38,17-08-2026 09:58,,,,,,,6
2256568.0,20-07-2026 11:44,06-07-2026 11:58,27-07-2026 11:51,27-08-2026 14:12,27-08-2026 14:12,13-08-2026 12:43,,,,,,,6
2256569.0,27-07-2026 16:20,21-07-2026 16:13,29-07-2026 14:06,25-08-2026 15:04,25-08-2026 15:04,18-08-2026 10:02,,,,,,,6
2256570.0,23-07-2026 11:45,21-07-2026 14:31,07-08-2026 13:37,24-08-2026 10:46,24-08-2026 10:45,05-08-2026 11:52,,,,,,,6
2256571.0,27-07-2026 16:20,21-07-2026 16:13,29-07-2026 14:06,25-08-2026 15:04,25-08-2026 15:04,18-08-2026 10:02,,,,,,,6
2256573.0,27-07-2026 16:20,21-07-2026 16:13,29-07-2026 14:06,25-08-2026 15:04,25-08-2026 15:04,18-08-2026 10:02,,,,,,,6
2256574.0,27-07-2026 16:20,20-07-2026 16:51,29-07-2026 14:06,25-08-2026 15:04,25-08-2026 15:04,18-08-2026 10:02,,,,,,,6
2256575.0,20-07-2026 12:31,15-07-2026 11:50,04-08-2026 14:18,25-08-2026 14:55,25-08-2026 14:55,12-08-2026 11:47,,,,,,,6
2256576.0,27-07-2026 16:20,21-07-2026 16:13,29-07-2026 14:06,25-08-2026 15:04,25-08-2026 15:04,18-08-2026 10:02,,,,,,,6
2256577.0,24-07-2026 11:53,17-07-2026 12:40,28-07-2026 14:26,25-08-2026 12:26,25-08-2026 12:25,13-08-2026 12:43,,,,,,,6
2256578.0,27-07-2026 16:20,21-07-2026 16:13,29-07-2026 14:06,25-08-2026 15:04,25-08-2026 15:04,18-08-2026 10:02,,,,,,,6
2256579.0,20-07-2026 10:46,06-07-2026 10:57,27-07-2026 10:50,24-08-2026 12:42,24-08-2026 12:42,07-08-2026 11:03,,,,,,,6
2256580.0,27-07-2026 16:20,20-07-2026 16:51,29-07-2026 14:06,25-08-2026 15:04,25-08-2026 15:04,18-08-2026 10:02,,,,,,,6
2256581.0,20-07-2026 12:31,15-07-2026 11:50,04-08-2026 14:18,25-08-2026 14:55,25-08-2026 14:55,12-08-2026 11:47,,,,,,,6
2256582.0,27-07-2026 16:20,21-07-2026 16:13,29-07-2026 14:06,25-08-2026 15:04,25-08-2026 15:04,18-08-2026 10:02,,,,,,,6
2256583.0,20-07-2026 12:31,15-07-2026 11:50,04-08-2026 14:18,29-08-2026 10:41,29-08-2026 10:41,12-08-2026 11:47,,,,,,,6
2256584.0,27-07-2026 16:20,20-07-2026 16:51,29-07-2026 14:06,25-08-2026 15:04,25-08-2026 15:04,18-08-2026 10:02,,,,,,,6
2256586.0,27-07-2026 16:20,21-07-2026 16:13,29-07-2026 14:06,25-08-2026 15:04,25-08-2026 15:04,18-08-2026 10:02,,,,,,,6
2256589.0,,31-08-2026 11:51,,29-08-2026 10:41,29-08-2026 10:41,,,,,,,,3
2256590.0,27-07-2026 16:20,21-07-2026 16:13,29-07-2026 14:06,25-08-2026 15:04,25-08-2026 15:04,18-08-2026 10:02,,,,,,,6
2256591.0,24-07-2026 11:53,17-07-2026 12:40,28-07-2026 14:26,25-08-2026 12:26,25-08-2026 12:25,05-08-2026 14:17,,,,,,,6
2256592.0,27-07-2026 16:20,21-07-2026 16:13,29-07-2026 14:06,25-08-2026 15:04,25-08-2026 15:04,18-08-2026 10:02,,,,,,,6
2256593.0,20-07-2026 10:46,16-07-2026 12:06,12-08-2026 12:39,24-08-2026 12:42,24-08-2026 12:42,07-08-2026 11:03,,,,,,,6
2256594.0,27-07-2026 16:20,21-07-2026 16:13,29-07-2026 14:06,25-08-2026 15:04,25-08-2026 15:04,18-08-2026 10:02,,,,,,,6
2256595.0,27-07-2026 16:20,21-07-2026 16:13,29-07-2026 14:06,25-08-2026 15:04,25-08-2026 15:04,18-08-2026 10:02,,,,,,,6
2256596.0,20-07-2026 12:31,21-07-2026 12:33,07-08-2026 13:37,25-08-2026 14:55,25-08-2026 14:55,12-08-2026 11:47,,,,,,,6
2256598.0,20-07-2026 11:44,06-07-2026 11:58,27-07-2026 11:51,27-08-2026 14:12,27-08-2026 14:12,11-08-2026 15:09,,,,,,,6
2256599.0,20-07-2026 11:44,06-07-2026 11:58,27-07-2026 11:51,27-08-2026 14:12,27-08-2026 14:12,11-08-2026 15:09,,,,,,,6
2256600.0,20-07-2026 10:46,06-07-2026 10:57,27-07-2026 10:50,24-08-2026 12:42,24-08-2026 12:42,07-08-2026 11:03,,,,,,,6
2256602.0,,31-08-2026 11:51,,29-08-2026 10:41,29-08-2026 10:41,,,,,,,,3
2256603.0,20-07-2026 11:44,06-07-2026 11:58,27-07-2026 11:51,27-08-2026 14:12,27-08-2026 14:12,11-08-2026 15:09,,,,,,,6
2256606.0,27-07-2026 16:20,21-07-2026 16:13,29-07-2026 14:06,25-08-2026 15:04,25-08-2026 15:04,18-08-2026 10:02,,,,,,,6
2256607.0,27-07-2026 16:20,21-07-2026 16:13,29-07-2026 14:06,25-08-2026 15:04,25-08-2026 15:04,18-08-2026 10:02,,,,,,,6
2256608.0,29-07-2026 15:20,27-07-2026 14:11,07-08-2026 16:06,,,19-08-2026 13:22,,,,,,,4
2256609.0,29-07-2026 15:20,27-07-2026 14:11,07-08-2026 16:06,,,20-08-2026 13:16,,,,,,,4
2256611.0,29-07-2026 15:20,27-07-2026 14:11,07-08-2026 16:06,,,19-08-2026 13:22,,,,,,,4
2256612.0,29-07-2026 15:20,27-07-2026 14:11,07-08-2026 16:06,,,20-08-2026 13:16,,,,,,,4
2256614.0,29-07-2026 15:20,27-07-2026 14:11,07-08-2026 16:06,,,20-08-2026 13:16,,,,,,,4
2256615.0,29-07-2026 15:20,27-07-2026 14:11,07-08-2026 16:06,,,19-08-2026 13:22,,,,,,,4
2256626.0,29-07-2026 15:20,27-07-2026 14:11,07-08-2026 16:06,,,19-08-2026 13:22,,,,,,,4
2256627.0,29-07-2026 15:20,27-07-2026 14:11,07-08-2026 16:06,,,19-08-2026 13:22,,,,,,,4
2256628.0,29-07-2026 15:20,27-07-2026 14:11,07-08-2026 16:06,,,19-08-2026 13:22,,,,,,,4
2256629.0,29-07-2026 15:20,27-07-2026 14:11,07-08-2026 16:06,,,19-08-2026 13:22,,,,,,,4
2256630.0,30-07-2026 16:44,27-07-2026 14:11,07-08-2026 16:06,,,19-08-2026 13:22,,,,,,,4
2256631.0,29-07-2026 15:20,27-07-2026 14:11,07-08-2026 16:06,,,19-08-2026 13:22,,,,,,,4
2256633.0,29-07-2026 15:20,11-08-2026 15:19,07-08-2026 14:57,25-08-2026 13:44,25-08-2026 13:43,19-08-2026 16:44,,,,,,,6
2256634.0,30-07-2026 16:44,28-07-2026 15:51,07-08-2026 14:57,25-08-2026 13:44,25-08-2026 13:43,20-08-2026 13:16,,,,,,,6
2256636.0,29-07-2026 15:20,11-08-2026 15:19,07-08-2026 14:57,25-08-2026 13:44,25-08-2026 13:43,19-08-2026 16:44,,,,,,,6
2256637.0,29-07-2026 15:20,28-07-2026 15:51,07-08-2026 14:57,25-08-2026 13:44,25-08-2026 13:43,19-08-2026 16:44,,,,,,,6
2256639.0,29-07-2026 15:20,28-07-2026 15:51,07-08-2026 14:57,25-08-2026 13:44,25-08-2026 13:43,19-08-2026 16:44,,,,,,,6
2256641.0,29-07-2026 15:20,27-07-2026 14:11,07-08-2026 16:06,,,19-08-2026 13:22,,,,,,,4
2256642.0,29-07-2026 15:20,28-07-2026 15:51,07-08-2026 14:57,25-08-2026 13:44,25-08-2026 13:43,19-08-2026 16:44,,,,,,,6
2256675.0,20-07-2026 10:46,06-07-2026 10:57,12-08-2026 12:39,29-08-2026 10:41,29-08-2026 10:41,07-08-2026 11:03,,,,,,,6
2256677.0,30-07-2026 11:42,31-07-2026 12:35,27-07-2026 10:50,24-08-2026 12:42,24-08-2026 12:42,07-08-2026 11:03,,,,,,,6
2256684.0,21-07-2026 14:02,22-07-2026 11:32,31-07-2026 10:35,14-08-2026 10:51,14-08-2026 10:48,07-08-2026 14:46,31-08-2026 11:40,,,,,,7
2256686.0,13-07-2026 10:29,06-07-2026 10:33,27-07-2026 10:36,12-08-2026 10:28,12-08-2026 10:25,04-08-2026 14:34,,,,,,,6
2256688.0,13-07-2026 10:29,06-07-2026 10:33,27-07-2026 10:36,12-08-2026 10:28,12-08-2026 10:25,04-08-2026 14:34,,,,,,,6
2256691.0,13-07-2026 15:23,06-07-2026 15:30,28-07-2026 12:18,,,04-08-2026 15:20,,,,,,,4
2256693.0,13-07-2026 10:29,06-07-2026 10:33,27-07-2026 10:36,12-08-2026 10:28,12-08-2026 10:25,04-08-2026 14:34,,,,,,,6
2256695.0,17-07-2026 15:22,08-07-2026 10:37,28-07-2026 12:18,14-08-2026 10:51,14-08-2026 10:48,04-08-2026 15:20,27-08-2026 10:35,,,,,,7
2256697.0,13-07-2026 10:29,08-07-2026 10:37,27-07-2026 10:36,12-08-2026 10:28,12-08-2026 10:25,04-08-2026 14:34,,,,,,,6
2256702.0,13-07-2026 10:29,06-07-2026 10:33,27-07-2026 10:36,12-08-2026 10:28,12-08-2026 10:25,04-08-2026 14:34,,,,,,,6
2256703.0,13-07-2026 15:23,08-07-2026 10:37,31-07-2026 10:35,14-08-2026 10:51,14-08-2026 10:48,04-08-2026 15:20,27-08-2026 10:35,,,,,,7
2256705.0,13-07-2026 10:29,06-07-2026 10:33,27-07-2026 10:36,12-08-2026 10:28,12-08-2026 10:25,04-08-2026 14:34,,,,,,,6
2256726.0,13-07-2026 15:23,08-07-2026 10:37,31-07-2026 10:35,18-08-2026 10:34,18-08-2026 10:32,07-08-2026 14:46,31-08-2026 11:40,,,,,,7
2256727.0,21-07-2026 14:02,22-07-2026 11:32,31-07-2026 10:35,18-08-2026 10:34,18-08-2026 10:32,04-08-2026 15:20,31-08-2026 11:40,,,,,,7
2256728.0,13-07-2026 10:29,06-07-2026 10:33,27-07-2026 10:36,12-08-2026 10:28,12-08-2026 10:25,04-08-2026 14:34,,,,,,,6
2256729.0,17-07-2026 15:22,09-07-2026 10:28,31-07-2026 10:35,14-08-2026 10:51,14-08-2026 10:48,05-08-2026 10:37,31-08-2026 11:40,,,,,,7
2256731.0,13-07-2026 10:29,22-07-2026 11:32,31-07-2026 10:35,18-08-2026 10:34,18-08-2026 10:32,05-08-2026 10:37,31-08-2026 11:40,,,,,,7
2256757.0,29-07-2026 15:20,28-07-2026 15:51,07-08-2026 14:57,25-08-2026 13:44,25-08-2026 13:43,19-08-2026 16:44,,,,,,,6
2256764.0,29-07-2026 15:20,27-07-2026 14:11,07-08-2026 16:06,,,19-08-2026 13:22,,,,,,,4
2256767.0,29-07-2026 15:20,27-07-2026 14:11,07-08-2026 16:06,,,19-08-2026 13:22,,,,,,,4
2256768.0,27-07-2026 16:20,21-07-2026 16:13,29-07-2026 14:06,25-08-2026 15:04,25-08-2026 15:04,18-08-2026 10:02,,,,,,,6
2256771.0,27-07-2026 16:20,21-07-2026 16:13,29-07-2026 14:06,25-08-2026 15:04,25-08-2026 15:04,18-08-2026 10:02,,,,,,,6
2256773.0,29-07-2026 15:20,27-07-2026 14:11,07-08-2026 16:06,,,19-08-2026 13:22,,,,,,,4
2256777.0,30-07-2026 16:44,28-07-2026 15:51,07-08-2026 14:57,25-08-2026 13:44,25-08-2026 13:43,19-08-2026 16:44,,,,,,,6
2256779.0,30-07-2026 16:44,28-07-2026 15:51,07-08-2026 14:57,25-08-2026 13:44,25-08-2026 13:43,19-08-2026 16:44,,,,,,,6
2256782.0,23-07-2026 12:22,04-07-2026 11:47,01-08-2026 12:15,19-08-2026 12:26,19-08-2026 12:24,12-08-2026 12:28,,,,,,,6
2256783.0,30-07-2026 16:44,28-07-2026 15:51,07-08-2026 14:57,,,19-08-2026 16:44,,,,,,,4
2256784.0,27-07-2026 16:20,20-07-2026 16:51,29-07-2026 14:06,25-08-2026 15:04,25-08-2026 15:04,18-08-2026 10:02,,,,,,,6
2256785.0,30-07-2026 16:44,28-07-2026 15:51,07-08-2026 14:57,25-08-2026 13:44,25-08-2026 13:43,20-08-2026 13:16,,,,,,,6
2256794.0,24-07-2026 11:16,21-07-2026 10:51,31-07-2026 14:12,19-08-2026 14:21,19-08-2026 14:18,07-08-2026 14:17,,,,,,,6
2256800.0,24-07-2026 11:16,21-07-2026 10:51,31-07-2026 14:12,19-08-2026 14:21,19-08-2026 14:18,11-08-2026 14:11,,,,,,,6
2256803.0,28-07-2026 14:10,22-07-2026 11:46,14-08-2026 15:04,,,31-08-2026 14:04,,,,,,,4
2256805.0,28-07-2026 14:10,27-07-2026 16:20,31-07-2026 14:12,,,07-08-2026 14:17,,,,,,,4
2256807.0,28-07-2026 14:10,22-07-2026 11:46,01-08-2026 14:20,19-08-2026 14:21,19-08-2026 14:18,07-08-2026 14:17,,,,,,,6
2256810.0,28-07-2026 14:10,21-07-2026 10:51,01-08-2026 14:20,,,07-08-2026 14:17,,,,,,,4
2256815.0,28-07-2026 14:10,21-07-2026 10:51,31-07-2026 14:12,19-08-2026 14:21,19-08-2026 14:18,07-08-2026 14:17,,,,,,,6
2256818.0,28-07-2026 14:10,22-07-2026 11:46,01-08-2026 14:20,24-08-2026 14:23,24-08-2026 14:20,07-08-2026 14:17,,,,,,,6
2256823.0,28-07-2026 14:10,22-07-2026 11:46,31-07-2026 14:12,27-08-2026 16:16,27-08-2026 16:12,19-08-2026 15:12,,,,,,,6
2256825.0,28-07-2026 14:10,22-07-2026 11:46,01-08-2026 14:20,24-08-2026 14:23,24-08-2026 14:20,11-08-2026 14:11,,,,,,,6
2256828.0,23-07-2026 12:03,16-07-2026 11:56,27-07-2026 16:06,,,14-08-2026 13:58,,,,,,,4
2256830.0,28-07-2026 14:10,22-07-2026 11:46,01-08-2026 14:20,24-08-2026 14:23,24-08-2026 14:20,31-08-2026 14:04,,,,,,,6
2256833.0,23-07-2026 12:03,16-07-2026 11:56,27-07-2026 16:06,,,14-08-2026 13:58,,,,,,,4
2256835.0,28-07-2026 14:10,22-07-2026 11:46,01-08-2026 14:20,24-08-2026 14:23,24-08-2026 14:20,11-08-2026 14:11,,,,,,,6
2256837.0,28-07-2026 14:10,22-07-2026 11:46,14-08-2026 15:04,,,31-08-2026 14:04,,,,,,,4
2256838.0,23-07-2026 12:03,16-07-2026 11:56,27-07-2026 16:06,,,14-08-2026 13:58,,,,,,,4
2256841.0,23-07-2026 12:03,16-07-2026 11:56,27-07-2026 16:06,,,14-08-2026 13:58,,,,,,,4
2256843.0,27-07-2026 14:04,20-07-2026 12:32,12-08-2026 12:36,,,17-08-2026 15:42,,,,,,,4
2256845.0,23-07-2026 12:03,16-07-2026 11:56,01-08-2026 14:19,,,14-08-2026 13:58,,,,,,,4
2256848.0,27-07-2026 14:04,20-07-2026 12:32,12-08-2026 12:36,,,17-08-2026 15:42,,,,,,,4
2256849.0,23-07-2026 12:03,16-07-2026 11:56,27-07-2026 16:06,,,14-08-2026 13:58,,,,,,,4
2256855.0,30-07-2026 16:44,28-07-2026 15:51,07-08-2026 14:57,,,19-08-2026 16:44,,,,,,,4
2256859.0,30-07-2026 16:44,28-07-2026 15:51,07-08-2026 14:57,25-08-2026 13:44,25-08-2026 13:43,19-08-2026 16:44,,,,,,,6
2256862.0,30-07-2026 16:44,28-07-2026 15:51,07-08-2026 14:57,,,19-08-2026 16:44,,,,,,,4
2256872.0,28-07-2026 14:10,23-07-2026 14:56,31-07-2026 14:12,19-08-2026 14:21,19-08-2026 14:18,18-08-2026 14:09,,,,,,,6
2256875.0,28-07-2026 14:10,21-07-2026 10:51,31-07-2026 14:12,24-08-2026 14:23,24-08-2026 14:20,07-08-2026 14:17,,,,,,,6
2256877.0,28-07-2026 14:10,22-07-2026 11:46,01-08-2026 14:20,24-08-2026 14:23,24-08-2026 14:20,11-08-2026 14:11,,,,,,,6
2256878.0,28-07-2026 14:10,22-07-2026 11:46,14-08-2026 12:41,24-08-2026 14:23,24-08-2026 14:20,18-08-2026 14:09,,,,,,,6
2256888.0,01-08-2026 10:40,21-07-2026 10:38,07-08-2026 11:36,,,27-08-2026 10:02,,,,,,,4
2256892.0,23-07-2026 11:43,22-07-2026 16:07,30-07-2026 12:15,31-08-2026 11:58,31-08-2026 11:57,20-08-2026 11:34,,,,,,,6
2256894.0,23-07-2026 11:43,22-07-2026 16:07,30-07-2026 12:15,31-08-2026 11:58,31-08-2026 11:57,20-08-2026 11:34,,,,,,,6
2256897.0,23-07-2026 11:43,22-07-2026 16:07,30-07-2026 12:15,,,20-08-2026 11:34,,,,,,,4
2256899.0,23-07-2026 11:43,22-07-2026 16:07,30-07-2026 12:15,,,20-08-2026 11:34,,,,,,,4
2256902.0,23-07-2026 11:43,22-07-2026 16:07,30-07-2026 12:15,,,20-08-2026 11:34,,,,,,,4
2256904.0,23-07-2026 11:43,22-07-2026 16:07,30-07-2026 12:15,31-08-2026 11:58,31-08-2026 11:57,20-08-2026 11:34,,,,,,,6
2258655.0,30-07-2026 14:49,20-07-2026 14:51,05-08-2026 16:28,27-08-2026 16:16,27-08-2026 16:12,13-08-2026 16:29,,,,,,,6
2258662.0,30-07-2026 14:49,23-07-2026 14:56,05-08-2026 16:28,20-08-2026 12:43,20-08-2026 12:40,13-08-2026 16:29,,,,,,,6
2258664.0,04-08-2026 14:04,20-07-2026 14:51,05-08-2026 16:28,20-08-2026 12:43,20-08-2026 12:40,13-08-2026 16:29,,,,,,,6
2258665.0,30-07-2026 14:49,20-07-2026 14:51,05-08-2026 16:28,27-08-2026 16:16,27-08-2026 16:12,13-08-2026 16:29,,,,,,,6
2258670.0,30-07-2026 14:49,20-07-2026 14:51,05-08-2026 16:28,20-08-2026 12:43,20-08-2026 12:40,13-08-2026 16:29,,,,,,,6
2258673.0,30-07-2026 14:49,20-07-2026 14:51,05-08-2026 16:28,20-08-2026 12:43,20-08-2026 12:40,11-08-2026 16:23,,,,,,,6
2258674.0,31-07-2026 12:38,20-07-2026 14:51,05-08-2026 16:28,20-08-2026 12:43,20-08-2026 12:40,13-08-2026 16:29,,,,,,,6
2258677.0,12-08-2026 15:46,20-07-2026 14:51,06-08-2026 15:39,20-08-2026 12:43,20-08-2026 12:40,13-08-2026 16:29,,,,,,,6
2258678.0,29-07-2026 11:57,20-07-2026 14:08,04-08-2026 16:27,18-08-2026 16:20,18-08-2026 16:18,11-08-2026 16:23,,,,,,,6
2259015.0,23-07-2026 11:43,31-07-2026 13:54,07-08-2026 11:36,,,20-08-2026 11:34,,,,,,,4
2259017.0,23-07-2026 11:43,31-07-2026 13:54,07-08-2026 11:36,,,27-08-2026 10:02,,,,,,,4
2259018.0,23-07-2026 11:43,22-07-2026 16:07,07-08-2026 11:36,,,20-08-2026 11:34,,,,,,,4
2259019.0,23-07-2026 11:43,22-07-2026 16:07,30-07-2026 12:15,31-08-2026 11:58,31-08-2026 11:57,20-08-2026 11:34,,,,,,,6
2259020.0,23-07-2026 11:43,22-07-2026 16:07,30-07-2026 12:15,,,27-08-2026 10:02,,,,,,,4
2259022.0,23-07-2026 11:43,22-07-2026 16:07,30-07-2026 12:15,,,20-08-2026 11:34,,,,,,,4
2259024.0,23-07-2026 11:43,31-07-2026 13:54,07-08-2026 11:36,,,20-08-2026 11:34,,,,,,,4
2259025.0,23-07-2026 11:43,22-07-2026 16:07,07-08-2026 11:36,,,27-08-2026 10:02,,,,,,,4
2259064.0,15-07-2026 14:38,08-07-2026 15:58,12-08-2026 14:44,31-08-2026 14:50,31-08-2026 14:41,,,,,,,,5
2259066.0,13-07-2026 10:29,06-07-2026 10:33,27-07-2026 10:36,12-08-2026 10:28,12-08-2026 10:25,04-08-2026 14:34,,,,,,,6
2259068.0,15-07-2026 12:23,20-07-2026 12:18,27-07-2026 11:44,25-08-2026 11:18,25-08-2026 11:16,24-08-2026 10:39,,,,,,,6
2259070.0,15-07-2026 12:23,20-07-2026 12:18,27-07-2026 11:44,25-08-2026 11:18,25-08-2026 11:16,11-08-2026 15:25,,,,,,,6
2259074.0,15-07-2026 12:23,20-07-2026 12:18,27-07-2026 11:44,25-08-2026 11:18,25-08-2026 11:16,11-08-2026 15:25,,,,,,,6
2259077.0,28-07-2026 14:10,22-07-2026 11:46,14-08-2026 15:04,,,31-08-2026 14:04,,,,,,,4
2259078.0,28-07-2026 14:10,22-07-2026 11:46,06-08-2026 15:39,24-08-2026 14:23,24-08-2026 14:20,11-08-2026 14:11,,,,,,,6
2259080.0,28-07-2026 11:54,07-08-2026 15:36,31-07-2026 14:12,24-08-2026 14:23,24-08-2026 14:20,18-08-2026 14:09,,,,,,,6
2259081.0,24-07-2026 11:16,21-07-2026 10:51,01-08-2026 14:20,19-08-2026 14:21,19-08-2026 14:18,07-08-2026 14:17,,,,,,,6
2259082.0,29-07-2026 11:57,20-07-2026 14:08,04-08-2026 16:27,27-08-2026 16:16,27-08-2026 16:12,18-08-2026 14:09,,,,,,,6
2259099.0,01-08-2026 10:40,09-07-2026 14:00,06-08-2026 13:53,,,07-08-2026 13:56,,,,,,,4
2259100.0,01-08-2026 10:40,09-07-2026 14:00,06-08-2026 13:53,,,07-08-2026 13:56,,,,,,,4
2259101.0,01-08-2026 10:40,09-07-2026 14:00,06-08-2026 13:53,,,07-08-2026 13:56,,,,,,,4
2259102.0,01-08-2026 10:40,31-07-2026 13:54,07-08-2026 11:36,,,27-08-2026 10:02,,,,,,,4
2259104.0,01-08-2026 10:40,31-07-2026 12:13,06-08-2026 13:53,,,07-08-2026 13:56,,,,,,,4
2259105.0,01-08-2026 10:40,31-07-2026 12:13,06-08-2026 13:53,,,07-08-2026 13:56,,,,,,,4
2259106.0,01-08-2026 10:40,09-07-2026 14:00,06-08-2026 13:53,,,07-08-2026 13:56,,,,,,,4
2259107.0,01-08-2026 10:40,09-07-2026 14:00,06-08-2026 13:53,,,07-08-2026 13:56,,,,,,,4
2259109.0,28-07-2026 11:54,22-07-2026 11:46,31-07-2026 14:12,24-08-2026 14:23,24-08-2026 14:20,11-08-2026 14:11,,,,,,,6
2259110.0,28-07-2026 11:54,22-07-2026 11:46,31-07-2026 14:12,24-08-2026 14:23,24-08-2026 14:20,11-08-2026 14:11,,,,,,,6
2259111.0,28-07-2026 11:54,22-07-2026 11:46,31-07-2026 14:12,24-08-2026 14:23,24-08-2026 14:20,18-08-2026 14:09,,,,,,,6
2259112.0,28-07-2026 11:54,22-07-2026 11:46,31-07-2026 14:12,,,11-08-2026 14:11,,,,,,,4
2259113.0,28-07-2026 14:10,22-07-2026 11:46,31-07-2026 14:12,19-08-2026 14:21,19-08-2026 14:18,11-08-2026 14:11,,,,,,,6
2259115.0,28-07-2026 11:54,22-07-2026 11:46,31-07-2026 14:12,24-08-2026 14:23,24-08-2026 14:20,11-08-2026 14:11,,,,,,,6
2259116.0,28-07-2026 11:54,22-07-2026 11:46,31-07-2026 14:12,27-08-2026 16:16,27-08-2026 16:12,18-08-2026 14:09,,,,,,,6
2259117.0,28-07-2026 14:10,22-07-2026 11:46,31-07-2026 14:12,27-08-2026 16:16,27-08-2026 16:12,11-08-2026 14:11,,,,,,,6
2259118.0,28-07-2026 11:54,22-07-2026 11:46,31-07-2026 14:12,24-08-2026 14:23,24-08-2026 14:20,11-08-2026 14:11,,,,,,,6
2259119.0,28-07-2026 11:54,22-07-2026 11:46,31-07-2026 14:12,24-08-2026 14:23,24-08-2026 14:20,11-08-2026 14:11,,,,,,,6
2259120.0,28-07-2026 11:54,22-07-2026 11:46,14-08-2026 12:41,24-08-2026 14:23,24-08-2026 14:20,18-08-2026 14:09,,,,,,,6
2259121.0,28-07-2026 14:10,22-07-2026 11:46,14-08-2026 12:41,24-08-2026 14:23,24-08-2026 14:20,18-08-2026 14:09,,,,,,,6
2259122.0,28-07-2026 11:54,22-07-2026 11:46,31-07-2026 14:12,24-08-2026 14:23,24-08-2026 14:20,11-08-2026 14:11,,,,,,,6
2259123.0,28-07-2026 11:54,22-07-2026 11:46,31-07-2026 14:12,24-08-2026 14:23,24-08-2026 14:20,11-08-2026 14:11,,,,,,,6
2259126.0,28-07-2026 14:10,22-07-2026 11:46,31-07-2026 14:12,24-08-2026 14:23,24-08-2026 14:20,11-08-2026 14:11,,,,,,,6
2259127.0,28-07-2026 14:10,22-07-2026 11:46,31-07-2026 14:12,24-08-2026 14:23,24-08-2026 14:20,11-08-2026 14:11,,,,,,,6
2259128.0,28-07-2026 11:54,22-07-2026 11:46,31-07-2026 14:12,24-08-2026 14:23,24-08-2026 14:20,19-08-2026 15:12,,,,,,,6
2259129.0,28-07-2026 11:54,07-08-2026 15:36,31-07-2026 14:12,29-08-2026 11:17,29-08-2026 11:11,18-08-2026 14:09,,,,,,,6
2259131.0,01-08-2026 10:40,09-07-2026 14:00,06-08-2026 13:53,,,07-08-2026 13:56,,,,,,,4
2259132.0,15-07-2026 13:46,06-07-2026 13:48,28-07-2026 11:36,12-08-2026 14:41,12-08-2026 14:41,11-08-2026 13:57,,,,,,,6
2259137.0,31-07-2026 12:38,28-07-2026 15:52,06-08-2026 15:39,24-08-2026 14:23,24-08-2026 14:20,11-08-2026 14:11,,,,,,,6
2259139.0,28-07-2026 14:10,23-07-2026 14:56,06-08-2026 15:39,,,11-08-2026 14:11,,,,,,,4
2259150.0,29-07-2026 15:20,27-07-2026 14:11,07-08-2026 16:06,,,19-08-2026 13:22,,,,,,,4
2259151.0,30-07-2026 16:44,28-07-2026 15:51,07-08-2026 14:57,25-08-2026 13:44,25-08-2026 13:43,19-08-2026 16:44,,,,,,,6
2259153.0,30-07-2026 16:44,28-07-2026 15:51,07-08-2026 14:57,25-08-2026 13:44,25-08-2026 13:43,19-08-2026 16:44,,,,,,,6
2259156.0,30-07-2026 16:44,28-07-2026 15:51,07-08-2026 14:57,25-08-2026 13:44,25-08-2026 13:43,19-08-2026 16:44,,,,,,,6
2259157.0,30-07-2026 16:44,28-07-2026 15:51,07-08-2026 14:57,25-08-2026 13:44,25-08-2026 13:43,20-08-2026 13:16,,,,,,,6
2259165.0,30-07-2026 16:44,28-07-2026 15:51,07-08-2026 14:57,25-08-2026 13:44,25-08-2026 13:43,19-08-2026 16:44,,,,,,,6
2259167.0,30-07-2026 16:44,28-07-2026 15:51,07-08-2026 14:57,,,20-08-2026 13:16,,,,,,,4
2259168.0,30-07-2026 16:44,28-07-2026 15:51,07-08-2026 14:57,25-08-2026 13:44,25-08-2026 13:43,20-08-2026 13:16,,,,,,,6
2259169.0,30-07-2026 16:44,28-07-2026 15:51,07-08-2026 14:57,25-08-2026 13:44,25-08-2026 13:43,19-08-2026 16:44,,,,,,,6
2259185.0,01-08-2026 10:40,09-07-2026 14:00,06-08-2026 13:53,,,07-08-2026 13:56,,,,,,,4
2259186.0,01-08-2026 10:40,09-07-2026 14:00,06-08-2026 13:53,,,07-08-2026 13:56,,,,,,,4
2259188.0,01-08-2026 10:40,09-07-2026 14:00,06-08-2026 13:53,,,07-08-2026 13:56,,,,,,,4
2259189.0,01-08-2026 10:40,21-07-2026 10:38,07-08-2026 11:36,,,20-08-2026 16:01,,,,,,,4
2259190.0,01-08-2026 10:40,09-07-2026 14:00,06-08-2026 13:53,,,07-08-2026 13:56,,,,,,,4
2259191.0,01-08-2026 10:40,09-07-2026 14:00,06-08-2026 13:53,,,07-08-2026 13:56,,,,,,,4
2259193.0,01-08-2026 10:40,09-07-2026 14:00,06-08-2026 13:53,,,07-08-2026 13:56,,,,,,,4
2259194.0,01-08-2026 10:40,09-07-2026 14:00,06-08-2026 13:53,,,07-08-2026 13:56,,,,,,,4
2259197.0,01-08-2026 10:40,09-07-2026 14:00,06-08-2026 13:53,,,07-08-2026 13:56,,,,,,,4
2259198.0,01-08-2026 10:40,21-07-2026 10:38,07-08-2026 11:36,,,20-08-2026 16:01,,,,,,,4
2259303.0,01-08-2026 10:40,09-07-2026 14:00,06-08-2026 13:53,,,07-08-2026 13:56,,,,,,,4
2259304.0,01-08-2026 10:40,09-07-2026 14:00,06-08-2026 13:53,,,07-08-2026 13:56,,,,,,,4
2259305.0,01-08-2026 10:40,09-07-2026 14:00,06-08-2026 13:53,,,07-08-2026 13:56,,,,,,,4
2259306.0,01-08-2026 10:40,09-07-2026 14:00,06-08-2026 13:53,,,07-08-2026 13:56,,,,,,,4
2259307.0,01-08-2026 10:40,21-07-2026 10:38,07-08-2026 11:36,,,20-08-2026 16:01,,,,,,,4
2259308.0,01-08-2026 10:40,09-07-2026 14:00,06-08-2026 13:53,,,07-08-2026 13:56,,,,,,,4
2259309.0,01-08-2026 10:40,09-07-2026 14:00,06-08-2026 13:53,,,07-08-2026 13:56,,,,,,,4
2259310.0,01-08-2026 10:40,09-07-2026 14:00,06-08-2026 13:53,,,07-08-2026 13:56,,,,,,,4
2259363.0,15-07-2026 12:23,06-07-2026 11:49,27-07-2026 11:44,25-08-2026 11:18,25-08-2026 11:16,11-08-2026 15:25,,,,,,,6
2259367.0,15-07-2026 12:23,20-07-2026 12:18,27-07-2026 11:44,25-08-2026 11:18,25-08-2026 11:16,24-08-2026 10:39,,,,,,,6
2260542.0,27-07-2026 14:04,20-07-2026 12:32,12-08-2026 12:36,,,17-08-2026 15:42,,,,,,,4
2261120.0,31-07-2026 15:20,28-07-2026 14:09,07-08-2026 17:05,,,11-08-2026 14:22,,,,,,,4
2261418.0,22-07-2026 11:52,13-07-2026 12:22,05-08-2026 15:02,24-08-2026 14:23,24-08-2026 14:20,13-08-2026 11:57,,,,,,,6
2261422.0,22-07-2026 11:52,13-07-2026 12:22,05-08-2026 15:02,24-08-2026 14:23,24-08-2026 14:20,13-08-2026 11:57,,,,,,,6
2261425.0,22-07-2026 11:52,13-07-2026 12:22,05-08-2026 15:02,,,,,,,,,,3
2261426.0,,31-08-2026 11:51,,29-08-2026 10:41,29-08-2026 10:41,,,,,,,,3
2261433.0,30-07-2026 11:42,15-07-2026 11:50,07-08-2026 13:37,25-08-2026 14:55,25-08-2026 14:55,12-08-2026 11:47,,,,,,,6
2261436.0,20-07-2026 10:39,03-07-2026 11:04,01-08-2026 15:56,14-08-2026 11:48,14-08-2026 11:41,05-08-2026 10:45,27-08-2026 10:46,,,,,,7
2261438.0,22-07-2026 11:52,13-07-2026 12:22,05-08-2026 15:02,24-08-2026 14:23,24-08-2026 14:20,13-08-2026 11:57,,,,,,,6
2261442.0,22-07-2026 11:52,13-07-2026 12:22,05-08-2026 15:02,24-08-2026 14:23,24-08-2026 14:20,13-08-2026 11:57,,,,,,,6
2261446.0,22-07-2026 11:52,13-07-2026 12:22,05-08-2026 15:02,24-08-2026 14:23,24-08-2026 14:20,13-08-2026 11:57,,,,,,,6
2261448.0,24-07-2026 11:53,17-07-2026 12:40,28-07-2026 14:26,25-08-2026 12:26,25-08-2026 12:25,05-08-2026 14:17,,,,,,,6
2261450.0,20-07-2026 11:44,06-07-2026 11:58,28-07-2026 10:46,27-08-2026 14:12,27-08-2026 14:12,13-08-2026 12:43,,,,,,,6
2261451.0,22-07-2026 11:52,13-07-2026 12:22,05-08-2026 15:02,24-08-2026 14:23,24-08-2026 14:20,13-08-2026 11:57,,,,,,,6
2261456.0,22-07-2026 11:52,13-07-2026 12:22,05-08-2026 15:02,24-08-2026 14:23,24-08-2026 14:20,13-08-2026 11:57,,,,,,,6
2261486.0,22-07-2026 11:52,13-07-2026 12:22,05-08-2026 15:02,24-08-2026 14:23,24-08-2026 14:20,13-08-2026 11:57,,,,,,,6
2261517.0,27-07-2026 16:20,20-07-2026 16:51,29-07-2026 14:06,25-08-2026 15:04,25-08-2026 15:04,18-08-2026 10:02,,,,,,,6
2261523.0,22-07-2026 11:52,13-07-2026 12:22,05-08-2026 15:02,24-08-2026 14:23,24-08-2026 14:20,13-08-2026 11:57,,,,,,,6
2261526.0,23-07-2026 11:45,31-07-2026 12:35,27-07-2026 14:16,24-08-2026 10:46,24-08-2026 10:45,05-08-2026 11:52,,,,,,,6
2261527.0,22-07-2026 11:52,13-07-2026 12:22,,24-08-2026 14:23,24-08-2026 14:20,13-08-2026 11:57,,,,,,,5
2261528.0,27-07-2026 16:20,21-07-2026 16:13,29-07-2026 14:06,25-08-2026 15:04,25-08-2026 15:04,18-08-2026 10:02,,,,,,,6
2261530.0,22-07-2026 11:52,13-07-2026 12:22,05-08-2026 15:02,24-08-2026 14:23,24-08-2026 14:20,13-08-2026 11:57,,,,,,,6
2261532.0,27-07-2026 16:20,21-07-2026 16:13,29-07-2026 14:06,25-08-2026 15:04,25-08-2026 15:04,18-08-2026 10:02,,,,,,,6
2261534.0,,13-07-2026 12:22,05-08-2026 15:02,,,13-08-2026 11:57,,,,,,,3
2261540.0,22-07-2026 14:09,20-07-2026 16:51,29-07-2026 15:51,25-08-2026 12:39,25-08-2026 12:38,17-08-2026 09:58,,,,,,,6
2261550.0,22-07-2026 11:52,20-07-2026 15:05,05-08-2026 15:02,24-08-2026 14:23,24-08-2026 14:20,13-08-2026 11:57,,,,,,,6
2261553.0,22-07-2026 11:52,13-07-2026 12:22,05-08-2026 15:02,24-08-2026 14:23,24-08-2026 14:20,13-08-2026 11:57,,,,,,,6
2261559.0,22-07-2026 14:09,20-07-2026 16:51,29-07-2026 15:51,25-08-2026 12:39,25-08-2026 12:38,17-08-2026 09:58,,,,,,,6
2261560.0,20-07-2026 11:44,29-07-2026 11:49,27-07-2026 11:51,27-08-2026 14:12,27-08-2026 14:12,11-08-2026 15:09,,,,,,,6
2261564.0,23-07-2026 11:45,21-07-2026 14:31,27-07-2026 14:16,24-08-2026 10:46,24-08-2026 10:45,05-08-2026 11:52,,,,,,,6
2261571.0,24-07-2026 11:53,16-07-2026 12:06,07-08-2026 12:39,25-08-2026 12:26,25-08-2026 12:25,05-08-2026 14:17,,,,,,,6
2261574.0,22-07-2026 11:52,13-07-2026 12:22,,24-08-2026 14:23,24-08-2026 14:20,13-08-2026 11:57,,,,,,,5
2261577.0,22-07-2026 14:09,20-07-2026 16:51,29-07-2026 15:51,25-08-2026 12:39,25-08-2026 12:38,17-08-2026 09:58,,,,,,,6
2261578.0,20-07-2026 12:31,21-07-2026 12:33,04-08-2026 14:18,25-08-2026 14:55,25-08-2026 14:55,12-08-2026 11:47,,,,,,,6
2261579.0,22-07-2026 11:52,13-07-2026 12:22,05-08-2026 15:02,,,13-08-2026 11:57,,,,,,,4
2261580.0,24-07-2026 11:53,17-07-2026 12:40,28-07-2026 14:26,25-08-2026 12:26,25-08-2026 12:25,05-08-2026 14:17,,,,,,,6
2261582.0,22-07-2026 11:52,20-07-2026 15:05,,,,13-08-2026 11:57,,,,,,,3
2261587.0,22-07-2026 11:52,20-07-2026 15:05,05-08-2026 15:02,24-08-2026 14:23,24-08-2026 14:20,13-08-2026 11:57,,,,,,,6
2261589.0,22-07-2026 11:52,13-07-2026 12:22,05-08-2026 15:02,24-08-2026 14:23,24-08-2026 14:20,13-08-2026 11:57,,,,,,,6
2261612.0,22-07-2026 11:52,20-07-2026 15:05,,24-08-2026 14:23,24-08-2026 14:20,,,,,,,,4
2261622.0,22-07-2026 11:52,20-07-2026 15:05,,,,13-08-2026 11:57,,,,,,,3
2261628.0,22-07-2026 11:52,13-07-2026 12:22,05-08-2026 15:02,24-08-2026 14:23,24-08-2026 14:20,,,,,,,,5
2261669.0,18-07-2026 14:06,03-07-2026 15:45,12-08-2026 14:44,31-08-2026 12:46,24-08-2026 15:16,14-08-2026 12:21,31-08-2026 16:10,,,,,,7
2261670.0,10-07-2026 13:15,03-07-2026 15:45,12-08-2026 14:44,,,14-08-2026 12:21,,,,,,,4
2261671.0,18-07-2026 14:06,03-07-2026 15:45,12-08-2026 14:44,31-08-2026 12:46,31-08-2026 12:26,14-08-2026 12:21,31-08-2026 16:10,,,,,,7
2261673.0,13-07-2026 11:51,06-07-2026 10:53,12-08-2026 14:44,24-08-2026 15:27,24-08-2026 15:16,,,,,,,,5
2261676.0,21-07-2026 13:44,13-07-2026 11:43,27-07-2026 13:59,12-08-2026 14:24,12-08-2026 14:23,05-08-2026 13:45,31-08-2026 13:48,,,,,,7
2261680.0,,17-07-2026 10:57,12-08-2026 14:44,,,13-08-2026 14:48,29-08-2026 16:22,,,,,,4
2261684.0,15-07-2026 10:45,06-07-2026 14:46,29-07-2026 14:37,12-08-2026 12:11,12-08-2026 12:10,06-08-2026 14:29,31-08-2026 11:39,,,,,,7
2261685.0,22-07-2026 14:17,28-07-2026 15:56,13-08-2026 12:38,24-08-2026 14:23,24-08-2026 14:20,18-08-2026 11:59,,,,,,,6
2261690.0,15-07-2026 10:45,06-07-2026 14:46,29-07-2026 14:37,12-08-2026 12:11,12-08-2026 12:10,06-08-2026 14:29,31-08-2026 11:39,,,,,,7
2261691.0,17-07-2026 14:10,08-07-2026 15:58,12-08-2026 14:44,29-08-2026 11:35,29-08-2026 11:15,13-08-2026 14:48,29-08-2026 16:22,,,,,,7
2261696.0,22-07-2026 14:17,13-07-2026 15:46,,24-08-2026 14:23,24-08-2026 14:20,18-08-2026 11:59,,,,,,,5
2261697.0,15-07-2026 10:45,06-07-2026 14:46,29-07-2026 14:37,12-08-2026 12:11,12-08-2026 12:10,06-08-2026 14:29,31-08-2026 11:39,,,,,,7
2261705.0,22-07-2026 14:17,20-07-2026 15:05,,,,18-08-2026 11:59,,,,,,,3
2261709.0,22-07-2026 14:17,13-07-2026 15:46,13-08-2026 12:38,,,18-08-2026 11:59,,,,,,,4
2261711.0,22-07-2026 12:24,21-07-2026 15:28,29-07-2026 14:37,18-08-2026 12:04,18-08-2026 12:04,06-08-2026 14:29,31-08-2026 11:39,,,,,,7
2261716.0,22-07-2026 14:17,13-07-2026 15:46,13-08-2026 12:38,24-08-2026 14:23,24-08-2026 14:20,18-08-2026 11:59,,,,,,,6
2261718.0,22-07-2026 14:17,13-07-2026 15:46,13-08-2026 12:38,24-08-2026 14:23,24-08-2026 14:20,18-08-2026 11:59,,,,,,,6
2261725.0,22-07-2026 14:17,13-07-2026 15:46,13-08-2026 12:38,24-08-2026 14:23,24-08-2026 14:20,,,,,,,,5
2261727.0,22-07-2026 14:17,13-07-2026 15:46,13-08-2026 12:38,,,18-08-2026 11:59,,,,,,,4
2261731.0,22-07-2026 14:17,13-07-2026 15:46,13-08-2026 12:38,24-08-2026 14:23,24-08-2026 14:20,18-08-2026 11:59,,,,,,,6
2261736.0,22-07-2026 14:17,13-07-2026 15:46,13-08-2026 12:38,,,18-08-2026 11:59,,,,,,,4
2261742.0,22-07-2026 14:17,13-07-2026 15:46,13-08-2026 12:38,24-08-2026 14:23,24-08-2026 14:20,18-08-2026 11:59,,,,,,,6
2261749.0,22-07-2026 14:17,28-07-2026 15:56,,24-08-2026 14:23,24-08-2026 14:20,,,,,,,,4
2261756.0,22-07-2026 14:17,13-07-2026 15:46,13-08-2026 12:38,24-08-2026 14:23,24-08-2026 14:20,18-08-2026 11:59,,,,,,,6
2261771.0,20-07-2026 10:46,21-07-2026 10:42,27-07-2026 10:50,24-08-2026 12:42,24-08-2026 12:42,07-08-2026 11:03,,,,,,,6
2261779.0,22-07-2026 14:17,13-07-2026 15:46,13-08-2026 12:38,24-08-2026 14:23,24-08-2026 14:20,18-08-2026 11:59,,,,,,,6
2261785.0,24-07-2026 11:53,06-07-2026 10:57,07-08-2026 12:39,25-08-2026 12:26,25-08-2026 12:25,05-08-2026 14:17,,,,,,,6
2261787.0,22-07-2026 14:17,13-07-2026 15:46,13-08-2026 12:38,24-08-2026 14:23,24-08-2026 14:20,18-08-2026 11:59,,,,,,,6
2261793.0,22-07-2026 14:17,13-07-2026 15:46,13-08-2026 12:38,,,18-08-2026 11:59,,,,,,,4
2261795.0,24-07-2026 11:53,17-07-2026 12:40,28-07-2026 14:26,25-08-2026 12:26,25-08-2026 12:25,05-08-2026 14:17,,,,,,,6
2261798.0,24-07-2026 11:53,29-07-2026 11:49,28-07-2026 14:26,25-08-2026 12:26,25-08-2026 12:25,05-08-2026 14:17,,,,,,,6
2261799.0,22-07-2026 11:52,13-07-2026 12:22,05-08-2026 15:02,24-08-2026 14:23,24-08-2026 14:20,13-08-2026 11:57,,,,,,,6
2261801.0,,,28-07-2026 14:26,,,,,,,,,,1
2261802.0,30-07-2026 11:42,06-07-2026 10:57,27-07-2026 10:50,24-08-2026 12:42,24-08-2026 12:42,07-08-2026 11:03,,,,,,,6
2261805.0,,13-07-2026 15:46,,,,,,,,,,,1
2261809.0,22-07-2026 14:17,13-07-2026 15:46,13-08-2026 12:38,24-08-2026 14:23,24-08-2026 14:20,18-08-2026 11:59,,,,,,,6
2261813.0,22-07-2026 14:17,13-07-2026 15:46,13-08-2026 12:38,,,18-08-2026 11:59,,,,,,,4
2261820.0,22-07-2026 14:17,20-07-2026 15:05,13-08-2026 12:38,24-08-2026 14:23,24-08-2026 14:20,18-08-2026 11:59,,,,,,,6
2261941.0,22-07-2026 14:17,13-07-2026 15:46,13-08-2026 12:38,24-08-2026 14:23,24-08-2026 14:20,18-08-2026 11:59,,,,,,,6
2261956.0,22-07-2026 14:17,13-07-2026 15:46,13-08-2026 12:38,24-08-2026 14:23,24-08-2026 14:20,18-08-2026 11:59,,,,,,,6
2261988.0,17-07-2026 14:10,08-07-2026 14:19,12-08-2026 14:44,,,13-08-2026 14:48,,,,,,,4
2262006.0,15-07-2026 14:38,08-07-2026 15:58,12-08-2026 14:44,31-08-2026 14:50,31-08-2026 14:41,13-08-2026 14:48,,,,,,,6
2262015.0,16-07-2026 10:42,17-07-2026 10:57,12-08-2026 14:44,31-08-2026 14:50,25-08-2026 12:11,,,,,,,,5
2262027.0,16-07-2026 10:42,06-07-2026 12:19,12-08-2026 14:44,,,13-08-2026 14:48,31-08-2026 10:56,,,,,,5
2262872.0,22-07-2026 15:12,06-07-2026 14:59,28-07-2026 11:57,25-08-2026 15:23,24-08-2026 15:02,13-08-2026 14:22,,,,,,,6
2262873.0,22-07-2026 12:24,21-07-2026 15:28,27-07-2026 12:08,17-08-2026 15:23,17-08-2026 15:22,05-08-2026 12:25,24-08-2026 12:21,,,,,,7
2262875.0,22-07-2026 15:12,06-07-2026 14:59,28-07-2026 11:57,25-08-2026 15:23,24-08-2026 15:02,13-08-2026 14:22,,,,,,,6
2262877.0,15-07-2026 12:19,08-07-2026 16:10,27-07-2026 15:33,18-08-2026 10:43,18-08-2026 10:43,05-08-2026 15:48,25-08-2026 12:04,,,,,,7
2262878.0,22-07-2026 15:12,06-07-2026 14:59,28-07-2026 11:57,25-08-2026 15:23,24-08-2026 15:02,13-08-2026 14:22,,,,,,,6
2262883.0,21-07-2026 13:44,13-07-2026 11:43,27-07-2026 13:59,12-08-2026 14:24,12-08-2026 14:23,05-08-2026 13:45,31-08-2026 13:48,,,,,,7
2262885.0,22-07-2026 15:12,06-07-2026 14:59,28-07-2026 11:57,25-08-2026 15:23,24-08-2026 15:02,13-08-2026 14:22,,,,,,,6
2262889.0,22-07-2026 15:12,28-07-2026 15:56,28-07-2026 11:57,,,,,,,,,,3
2262891.0,,20-07-2026 15:05,28-07-2026 14:56,25-08-2026 15:23,24-08-2026 15:02,13-08-2026 14:22,,,,,,,5
2262893.0,,20-07-2026 15:05,28-07-2026 14:56,25-08-2026 15:23,24-08-2026 15:02,13-08-2026 14:22,,,,,,,5
2262894.0,,20-07-2026 15:05,28-07-2026 14:56,25-08-2026 15:23,24-08-2026 15:02,,,,,,,,4
2262895.0,15-07-2026 12:19,08-07-2026 12:22,27-07-2026 15:33,18-08-2026 10:43,18-08-2026 10:43,05-08-2026 15:48,25-08-2026 12:04,,,,,,7
2262897.0,22-07-2026 15:12,28-07-2026 15:56,28-07-2026 11:57,25-08-2026 15:23,24-08-2026 15:02,13-08-2026 14:22,,,,,,,6
2262899.0,21-07-2026 13:44,13-07-2026 11:43,27-07-2026 13:59,12-08-2026 14:24,12-08-2026 14:23,05-08-2026 13:45,31-08-2026 13:48,,,,,,7
2262907.0,,20-07-2026 15:05,28-07-2026 14:56,25-08-2026 15:23,24-08-2026 15:02,,,,,,,,4
2262912.0,22-07-2026 15:12,06-07-2026 14:59,28-07-2026 11:57,25-08-2026 15:23,24-08-2026 15:02,13-08-2026 14:22,,,,,,,6
2262917.0,,20-07-2026 15:05,28-07-2026 14:56,25-08-2026 15:23,24-08-2026 15:02,13-08-2026 14:22,,,,,,,5
2262918.0,31-07-2026 14:04,30-07-2026 15:24,06-08-2026 13:41,,,11-08-2026 15:16,,,,,,,4
2262919.0,21-07-2026 13:44,13-07-2026 11:43,27-07-2026 13:59,12-08-2026 14:24,12-08-2026 14:23,05-08-2026 13:45,31-08-2026 13:48,,,,,,7
2262921.0,22-07-2026 15:12,06-07-2026 14:59,28-07-2026 11:57,,24-08-2026 15:02,,,,,,,,4
2262923.0,21-07-2026 13:44,13-07-2026 11:43,27-07-2026 13:59,12-08-2026 14:24,12-08-2026 14:23,05-08-2026 13:45,,,,,,,6
2262929.0,15-07-2026 10:45,08-07-2026 13:53,29-07-2026 14:37,12-08-2026 12:11,12-08-2026 12:10,06-08-2026 14:29,31-08-2026 11:39,,,,,,7
2262935.0,21-07-2026 13:44,01-08-2026 13:41,27-07-2026 13:59,12-08-2026 14:24,12-08-2026 14:23,06-08-2026 13:42,31-08-2026 13:48,,,,,,7
2262947.0,22-07-2026 12:24,06-07-2026 14:46,27-07-2026 13:59,12-08-2026 14:24,12-08-2026 14:23,05-08-2026 13:45,31-08-2026 13:48,,,,,,7
2262957.0,15-07-2026 10:45,06-07-2026 14:46,29-07-2026 14:37,18-08-2026 12:04,18-08-2026 12:04,06-08-2026 14:29,31-08-2026 11:39,,,,,,7
2262964.0,22-07-2026 15:12,06-07-2026 14:59,,25-08-2026 15:23,24-08-2026 15:02,,,,,,,,4
2262970.0,15-07-2026 10:45,06-07-2026 14:46,29-07-2026 14:37,12-08-2026 12:11,12-08-2026 12:10,06-08-2026 14:29,31-08-2026 11:39,,,,,,7
2262973.0,22-07-2026 15:12,06-07-2026 14:59,28-07-2026 11:57,25-08-2026 15:23,24-08-2026 15:02,13-08-2026 14:22,,,,,,,6
2262979.0,21-07-2026 13:44,13-07-2026 11:43,27-07-2026 13:59,18-08-2026 12:04,18-08-2026 12:04,05-08-2026 13:45,31-08-2026 13:48,,,,,,7
2263012.0,21-07-2026 13:44,13-07-2026 11:43,27-07-2026 13:59,12-08-2026 14:24,12-08-2026 14:23,05-08-2026 13:45,31-08-2026 13:48,,,,,,7
2263037.0,22-07-2026 12:24,01-08-2026 13:41,27-07-2026 13:59,18-08-2026 12:04,18-08-2026 12:04,06-08-2026 13:42,,,,,,,6
2263047.0,21-07-2026 13:44,13-07-2026 11:43,29-07-2026 13:40,12-08-2026 14:24,12-08-2026 14:23,06-08-2026 13:42,31-08-2026 13:48,,,,,,7
2263062.0,22-07-2026 15:12,06-07-2026 14:59,28-07-2026 11:57,25-08-2026 15:23,24-08-2026 15:02,13-08-2026 14:22,,,,,,,6
2263069.0,22-07-2026 15:12,06-07-2026 14:59,,25-08-2026 15:23,24-08-2026 15:02,13-08-2026 14:22,,,,,,,5
2263076.0,22-07-2026 15:12,06-07-2026 14:59,28-07-2026 11:57,,,13-08-2026 14:22,,,,,,,4
2263083.0,22-07-2026 15:12,06-07-2026 14:59,28-07-2026 11:57,25-08-2026 15:23,24-08-2026 15:02,13-08-2026 14:22,,,,,,,6
2263123.0,22-07-2026 15:12,06-07-2026 14:59,28-07-2026 11:57,25-08-2026 15:23,,13-08-2026 14:22,,,,,,,5
2263135.0,22-07-2026 15:12,28-07-2026 15:56,28-07-2026 11:57,25-08-2026 15:23,24-08-2026 15:02,13-08-2026 14:22,,,,,,,6
2263145.0,22-07-2026 15:12,06-07-2026 14:59,28-07-2026 11:57,25-08-2026 15:23,24-08-2026 15:02,13-08-2026 14:22,,,,,,,6
2263159.0,22-07-2026 15:12,28-07-2026 15:56,28-07-2026 11:57,25-08-2026 15:23,24-08-2026 15:02,13-08-2026 14:22,,,,,,,6
2263175.0,22-07-2026 15:12,28-07-2026 15:56,28-07-2026 11:57,25-08-2026 15:23,24-08-2026 15:02,13-08-2026 14:22,,,,,,,6
2263399.0,,20-07-2026 15:05,28-07-2026 14:56,25-08-2026 15:23,24-08-2026 15:02,13-08-2026 14:22,,,,,,,5
2263406.0,,20-07-2026 15:05,28-07-2026 14:56,,24-08-2026 15:02,13-08-2026 14:22,,,,,,,4
2263410.0,,20-07-2026 15:05,28-07-2026 14:56,25-08-2026 15:23,24-08-2026 15:02,13-08-2026 14:22,,,,,,,5
2263412.0,,20-07-2026 15:05,28-07-2026 14:56,25-08-2026 15:23,24-08-2026 15:02,13-08-2026 14:22,,,,,,,5
2263672.0,29-07-2026 15:20,11-08-2026 15:19,07-08-2026 14:57,25-08-2026 13:44,25-08-2026 13:43,20-08-2026 13:16,,,,,,,6
2264016.0,18-07-2026 14:06,06-07-2026 12:19,12-08-2026 14:44,,,13-08-2026 14:48,,,,,,,4
2265051.0,,20-07-2026 15:05,28-07-2026 14:56,25-08-2026 15:23,24-08-2026 15:02,,,,,,,,4
2265094.0,,20-07-2026 15:05,28-07-2026 14:56,25-08-2026 15:23,24-08-2026 15:02,13-08-2026 14:22,,,,,,,5
2265441.0,,20-07-2026 15:05,28-07-2026 14:56,25-08-2026 15:23,24-08-2026 15:02,13-08-2026 14:22,,,,,,,5
2265476.0,,20-07-2026 15:05,28-07-2026 14:56,25-08-2026 15:23,24-08-2026 15:02,13-08-2026 14:22,,,,,,,5
2266729.0,17-07-2026 10:29,15-07-2026 12:18,30-07-2026 10:09,18-08-2026 10:34,18-08-2026 10:32,07-08-2026 14:46,,,,,,,6
2266944.0,27-07-2026 14:05,20-07-2026 12:40,04-08-2026 14:59,20-08-2026 15:05,20-08-2026 15:02,11-08-2026 12:44,31-08-2026 14:56,,,,,,7
2266951.0,27-07-2026 14:05,23-07-2026 14:56,04-08-2026 14:59,20-08-2026 15:05,20-08-2026 15:02,12-08-2026 10:55,31-08-2026 14:56,,,,,,7
2266957.0,27-07-2026 14:05,20-07-2026 12:40,04-08-2026 14:59,20-08-2026 15:05,20-08-2026 15:02,12-08-2026 10:55,,,,,,,6
2266962.0,27-07-2026 14:05,20-07-2026 12:40,04-08-2026 14:59,20-08-2026 15:05,20-08-2026 15:02,11-08-2026 12:44,31-08-2026 14:56,,,,,,7
2266969.0,29-07-2026 14:52,20-07-2026 11:50,05-08-2026 15:01,20-08-2026 15:05,20-08-2026 15:02,12-08-2026 10:55,,,,,,,6
2266978.0,29-07-2026 14:52,20-07-2026 11:50,05-08-2026 15:01,24-08-2026 15:36,25-08-2026 15:48,11-08-2026 15:01,,,,,,,6
2266987.0,29-07-2026 14:52,28-07-2026 15:52,05-08-2026 15:01,20-08-2026 15:05,20-08-2026 15:02,12-08-2026 10:55,,,,,,,6
2266994.0,27-07-2026 14:05,20-07-2026 12:40,04-08-2026 14:59,27-08-2026 16:16,27-08-2026 16:12,11-08-2026 12:44,,,,,,,6
2267003.0,29-07-2026 14:52,20-07-2026 11:50,05-08-2026 15:01,24-08-2026 15:36,25-08-2026 15:48,11-08-2026 15:01,,,,,,,6
2267014.0,29-07-2026 14:52,20-07-2026 11:50,05-08-2026 15:01,24-08-2026 15:36,25-08-2026 15:48,11-08-2026 12:44,,,,,,,6
2267171.0,15-07-2026 10:30,09-07-2026 10:28,28-07-2026 10:34,11-08-2026 10:27,11-08-2026 10:24,04-08-2026 16:02,,,,,,,6
2267178.0,15-07-2026 10:30,04-07-2026 10:57,29-07-2026 10:36,11-08-2026 10:27,11-08-2026 10:24,05-08-2026 10:37,,,,,,,6
2267186.0,15-07-2026 10:30,04-07-2026 10:57,29-07-2026 10:36,11-08-2026 10:27,11-08-2026 10:24,05-08-2026 10:37,,,,,,,6
2267193.0,15-07-2026 10:30,20-07-2026 14:44,29-07-2026 10:36,11-08-2026 10:27,11-08-2026 10:24,05-08-2026 10:37,,,,,,,6
2267197.0,15-07-2026 10:30,09-07-2026 10:28,29-07-2026 10:36,11-08-2026 10:27,11-08-2026 10:24,04-08-2026 16:02,,,,,,,6
2267204.0,15-07-2026 10:30,20-07-2026 14:44,29-07-2026 10:36,13-08-2026 14:27,13-08-2026 14:23,04-08-2026 16:02,,,,,,,6
2267211.0,15-07-2026 10:30,04-07-2026 10:57,29-07-2026 10:36,11-08-2026 10:27,11-08-2026 10:24,04-08-2026 16:02,,,,,,,6
2267214.0,15-07-2026 10:30,20-07-2026 14:44,28-07-2026 10:34,11-08-2026 10:27,13-08-2026 14:23,05-08-2026 10:37,,,,,,,6
2267220.0,15-07-2026 10:30,04-07-2026 10:57,28-07-2026 10:34,11-08-2026 10:27,11-08-2026 10:24,05-08-2026 10:37,,,,,,,6
2267225.0,29-07-2026 14:52,20-07-2026 11:50,06-08-2026 15:39,20-08-2026 15:05,20-08-2026 15:02,11-08-2026 12:44,,,,,,,6
2267228.0,15-07-2026 10:30,22-07-2026 11:32,29-07-2026 10:36,13-08-2026 14:27,13-08-2026 14:23,04-08-2026 16:02,,,,,,,6
2267234.0,31-07-2026 12:38,20-07-2026 11:50,05-08-2026 15:01,24-08-2026 15:36,25-08-2026 15:48,11-08-2026 15:01,,,,,,,6
2267238.0,15-07-2026 10:30,20-07-2026 14:44,28-07-2026 10:34,11-08-2026 10:27,11-08-2026 10:24,05-08-2026 10:37,,,,,,,6
2267239.0,29-07-2026 14:52,20-07-2026 11:50,05-08-2026 15:01,27-08-2026 16:16,27-08-2026 16:12,11-08-2026 15:01,,,,,,,6
2267243.0,29-07-2026 14:52,20-07-2026 11:50,05-08-2026 15:01,27-08-2026 16:16,27-08-2026 16:12,12-08-2026 10:55,,,,,,,6
2267246.0,29-07-2026 14:52,20-07-2026 11:50,05-08-2026 15:01,24-08-2026 15:36,25-08-2026 15:48,11-08-2026 12:44,,,,,,,6
2267248.0,15-07-2026 10:30,04-07-2026 10:57,28-07-2026 10:34,11-08-2026 10:27,11-08-2026 10:24,04-08-2026 16:02,,,,,,,6
2267249.0,29-07-2026 14:52,20-07-2026 11:50,05-08-2026 15:01,24-08-2026 15:36,25-08-2026 15:48,12-08-2026 10:55,,,,,,,6
2267255.0,15-07-2026 10:30,04-07-2026 10:57,28-07-2026 10:34,13-08-2026 14:27,13-08-2026 14:23,05-08-2026 10:37,,,,,,,6
2267267.0,15-07-2026 10:30,04-07-2026 10:57,29-07-2026 10:36,11-08-2026 10:27,11-08-2026 10:24,04-08-2026 16:02,,,,,,,6
2267271.0,15-07-2026 10:30,04-07-2026 10:57,28-07-2026 10:34,11-08-2026 10:27,11-08-2026 10:24,04-08-2026 16:02,,,,,,,6
2267273.0,15-07-2026 10:30,09-07-2026 10:28,28-07-2026 10:34,11-08-2026 10:27,11-08-2026 10:24,05-08-2026 10:37,,,,,,,6
2267278.0,15-07-2026 10:30,04-07-2026 10:57,28-07-2026 10:34,13-08-2026 14:27,13-08-2026 14:23,05-08-2026 10:37,,,,,,,6
2267298.0,23-07-2026 11:53,06-07-2026 10:46,01-08-2026 16:23,25-08-2026 12:39,25-08-2026 12:37,13-08-2026 14:08,,,,,,,6
2267307.0,23-07-2026 11:53,06-07-2026 10:46,01-08-2026 16:23,25-08-2026 12:39,25-08-2026 12:37,13-08-2026 14:08,,,,,,,6
2267313.0,24-07-2026 11:53,17-07-2026 12:40,28-07-2026 14:26,25-08-2026 12:26,25-08-2026 12:25,05-08-2026 14:17,,,,,,,6
2267316.0,23-07-2026 11:53,06-07-2026 10:46,01-08-2026 16:23,25-08-2026 12:39,25-08-2026 12:37,13-08-2026 14:08,,,,,,,6
2267320.0,24-07-2026 11:53,17-07-2026 12:40,28-07-2026 14:26,25-08-2026 12:26,25-08-2026 12:25,13-08-2026 12:43,,,,,,,6
2267324.0,23-07-2026 11:53,06-07-2026 10:46,01-08-2026 16:23,25-08-2026 12:39,25-08-2026 12:37,13-08-2026 14:08,,,,,,,6
2267329.0,24-07-2026 11:53,17-07-2026 12:40,28-07-2026 14:26,25-08-2026 12:26,25-08-2026 12:25,05-08-2026 14:17,,,,,,,6
2267335.0,22-07-2026 15:03,21-07-2026 12:33,04-08-2026 14:18,25-08-2026 14:55,25-08-2026 14:55,12-08-2026 11:47,,,,,,,6
2267346.0,22-07-2026 15:03,21-07-2026 12:33,07-08-2026 13:37,25-08-2026 14:55,25-08-2026 14:55,12-08-2026 11:47,,,,,,,6
2267350.0,20-07-2026 12:31,15-07-2026 11:50,04-08-2026 14:18,25-08-2026 14:55,25-08-2026 14:55,12-08-2026 11:47,,,,,,,6
2267356.0,23-07-2026 11:45,21-07-2026 14:31,27-07-2026 14:16,24-08-2026 10:46,24-08-2026 10:45,05-08-2026 11:52,,,,,,,6
2267393.0,29-07-2026 14:52,20-07-2026 11:50,05-08-2026 15:01,20-08-2026 15:05,20-08-2026 15:02,11-08-2026 12:44,,,,,,,6
2267449.0,29-07-2026 14:52,20-07-2026 11:50,05-08-2026 15:01,24-08-2026 15:36,25-08-2026 15:48,11-08-2026 15:01,,,,,,,6
2267463.0,29-07-2026 14:52,20-07-2026 11:50,06-08-2026 15:39,24-08-2026 15:36,25-08-2026 15:48,12-08-2026 10:55,,,,,,,6
2267508.0,04-08-2026 14:04,20-07-2026 11:50,06-08-2026 15:39,27-08-2026 16:16,27-08-2026 16:12,11-08-2026 15:01,,,,,,,6
2267518.0,29-07-2026 14:52,23-07-2026 14:56,05-08-2026 15:01,27-08-2026 16:16,27-08-2026 16:12,11-08-2026 15:01,,,,,,,6
2267526.0,29-07-2026 14:52,20-07-2026 11:50,05-08-2026 15:01,24-08-2026 15:36,25-08-2026 15:48,11-08-2026 15:01,,,,,,,6
2267536.0,31-07-2026 12:38,20-07-2026 11:50,06-08-2026 15:39,27-08-2026 16:16,27-08-2026 16:12,11-08-2026 15:01,,,,,,,6
2267553.0,29-07-2026 14:52,20-07-2026 11:50,05-08-2026 15:01,24-08-2026 15:36,25-08-2026 15:48,11-08-2026 15:01,,,,,,,6
2267567.0,29-07-2026 14:52,20-07-2026 11:50,05-08-2026 15:01,24-08-2026 15:36,25-08-2026 15:48,11-08-2026 12:44,,,,,,,6
2267572.0,29-07-2026 14:52,20-07-2026 11:50,05-08-2026 15:01,24-08-2026 15:36,25-08-2026 15:48,11-08-2026 12:44,,,,,,,6
2267574.0,29-07-2026 14:52,20-07-2026 11:50,05-08-2026 15:01,24-08-2026 15:36,25-08-2026 15:48,12-08-2026 10:55,,,,,,,6
2267582.0,29-07-2026 14:52,20-07-2026 11:50,06-08-2026 15:39,24-08-2026 15:36,25-08-2026 15:48,11-08-2026 15:01,,,,,,,6
2267597.0,04-08-2026 14:04,20-07-2026 11:50,06-08-2026 15:39,27-08-2026 16:16,27-08-2026 16:12,19-08-2026 15:12,,,,,,,6
2267602.0,29-07-2026 14:52,20-07-2026 11:50,05-08-2026 15:01,27-08-2026 16:16,27-08-2026 16:12,12-08-2026 10:55,,,,,,,6
2267604.0,04-08-2026 14:04,20-07-2026 11:50,05-08-2026 15:01,,,11-08-2026 15:01,,,,,,,4
2267608.0,04-08-2026 14:04,20-07-2026 11:50,05-08-2026 15:01,24-08-2026 15:36,25-08-2026 15:48,11-08-2026 15:01,,,,,,,6
2267613.0,29-07-2026 14:52,20-07-2026 11:50,05-08-2026 15:01,27-08-2026 16:16,27-08-2026 16:12,11-08-2026 12:44,,,,,,,6
2267842.0,20-07-2026 12:31,15-07-2026 11:50,04-08-2026 14:18,25-08-2026 14:55,25-08-2026 14:55,12-08-2026 11:47,,,,,,,6
2267851.0,30-07-2026 11:42,06-07-2026 11:58,27-07-2026 11:51,27-08-2026 14:12,27-08-2026 14:12,11-08-2026 15:09,,,,,,,6
2267997.0,20-07-2026 13:58,17-07-2026 12:27,27-07-2026 16:02,19-08-2026 15:26,19-08-2026 15:25,06-08-2026 15:34,,,,,,,6
2267999.0,20-07-2026 13:58,04-07-2026 15:25,27-07-2026 16:02,19-08-2026 15:26,19-08-2026 15:25,06-08-2026 15:34,,,,,,,6
2268016.0,13-07-2026 15:23,08-07-2026 10:37,31-07-2026 10:35,14-08-2026 10:51,14-08-2026 10:48,04-08-2026 15:20,27-08-2026 10:35,,,,,,7
2268021.0,29-07-2026 12:17,06-07-2026 10:33,27-07-2026 10:36,12-08-2026 10:28,12-08-2026 10:25,04-08-2026 14:34,,,,,,,6
2268024.0,20-07-2026 12:39,15-07-2026 11:05,,,24-08-2026 12:03,,,,,,,,3
2268030.0,17-07-2026 15:22,08-07-2026 10:37,28-07-2026 12:18,12-08-2026 10:28,12-08-2026 10:25,05-08-2026 10:37,31-08-2026 11:40,,,,,,7
2268031.0,20-07-2026 12:39,15-07-2026 11:05,05-08-2026 15:45,19-08-2026 15:02,19-08-2026 14:59,12-08-2026 12:39,,,,,,,6
2268034.0,13-07-2026 10:29,06-07-2026 10:33,27-07-2026 10:36,13-08-2026 14:27,13-08-2026 14:23,05-08-2026 10:37,,,,,,,6
2268037.0,13-07-2026 10:29,06-07-2026 10:33,27-07-2026 10:36,12-08-2026 10:28,12-08-2026 10:25,04-08-2026 14:34,,,,,,,6
2268038.0,20-07-2026 12:39,15-07-2026 11:05,05-08-2026 15:45,19-08-2026 15:02,19-08-2026 14:59,12-08-2026 12:39,,,,,,,6
2268043.0,20-07-2026 12:39,15-07-2026 14:27,05-08-2026 15:45,19-08-2026 15:02,19-08-2026 14:59,12-08-2026 12:39,,,,,,,6
2268048.0,13-07-2026 10:29,06-07-2026 10:33,29-07-2026 10:36,12-08-2026 10:28,12-08-2026 10:25,05-08-2026 10:37,,,,,,,6
2268050.0,20-07-2026 11:58,15-07-2026 11:05,27-07-2026 12:34,24-08-2026 12:04,24-08-2026 12:03,12-08-2026 11:57,,,,,,,6
2268056.0,20-07-2026 12:39,15-07-2026 11:05,05-08-2026 15:45,,24-08-2026 12:03,12-08-2026 12:39,,,,,,,5
2268058.0,20-07-2026 14:54,04-07-2026 15:25,27-07-2026 14:47,18-08-2026 12:21,18-08-2026 12:19,05-08-2026 12:19,,,,,,,6
2268072.0,15-07-2026 10:30,04-07-2026 10:57,28-07-2026 10:34,11-08-2026 10:27,11-08-2026 10:24,04-08-2026 16:02,,,,,,,6
2268075.0,20-07-2026 10:46,06-07-2026 10:57,28-07-2026 10:46,24-08-2026 12:42,24-08-2026 12:42,07-08-2026 11:03,,,,,,,6
2268077.0,15-07-2026 10:30,04-07-2026 10:57,28-07-2026 10:34,11-08-2026 10:27,11-08-2026 10:24,04-08-2026 16:02,,,,,,,6
2268078.0,15-07-2026 10:30,09-07-2026 10:28,28-07-2026 10:34,11-08-2026 10:27,11-08-2026 10:24,04-08-2026 16:02,,,,,,,6
2268079.0,23-07-2026 11:45,21-07-2026 14:31,27-07-2026 14:16,24-08-2026 10:46,24-08-2026 10:45,05-08-2026 11:52,,,,,,,6
2268081.0,15-07-2026 10:30,09-07-2026 10:28,29-07-2026 10:36,13-08-2026 14:27,13-08-2026 14:23,04-08-2026 16:02,,,,,,,6
2268084.0,29-07-2026 12:17,09-07-2026 10:28,31-07-2026 10:35,13-08-2026 14:27,13-08-2026 14:23,04-08-2026 16:02,,,,,,,6
2268085.0,23-07-2026 11:45,21-07-2026 14:31,27-07-2026 14:16,24-08-2026 10:46,24-08-2026 10:45,05-08-2026 11:52,,,,,,,6
2268086.0,29-07-2026 12:17,09-07-2026 10:28,28-07-2026 10:34,13-08-2026 14:27,13-08-2026 14:23,04-08-2026 16:02,,,,,,,6
2268088.0,15-07-2026 10:30,20-07-2026 14:44,28-07-2026 10:34,11-08-2026 10:27,11-08-2026 10:24,04-08-2026 16:02,,,,,,,6
2268089.0,20-07-2026 11:44,06-07-2026 11:58,27-07-2026 11:51,27-08-2026 14:12,27-08-2026 14:12,11-08-2026 15:09,,,,,,,6
2268091.0,15-07-2026 10:30,09-07-2026 10:28,28-07-2026 10:34,11-08-2026 10:27,11-08-2026 10:24,04-08-2026 16:02,,,,,,,6
2268094.0,15-07-2026 10:30,04-07-2026 10:57,28-07-2026 10:34,11-08-2026 10:27,11-08-2026 10:24,04-08-2026 16:02,,,,,,,6
2268096.0,30-07-2026 11:42,06-07-2026 11:58,07-08-2026 13:37,27-08-2026 14:12,27-08-2026 14:12,11-08-2026 15:09,,,,,,,6
2268097.0,30-07-2026 12:35,21-07-2026 14:49,06-08-2026 15:39,24-08-2026 15:36,25-08-2026 15:48,11-08-2026 15:01,,,,,,,6
2268098.0,15-07-2026 10:30,04-07-2026 10:57,28-07-2026 10:34,11-08-2026 10:27,11-08-2026 10:24,04-08-2026 16:02,,,,,,,6
2268100.0,20-07-2026 11:44,06-07-2026 11:58,28-07-2026 10:46,27-08-2026 14:12,27-08-2026 14:12,11-08-2026 15:09,,,,,,,6
2268101.0,15-07-2026 10:30,04-07-2026 10:57,28-07-2026 10:34,11-08-2026 10:27,11-08-2026 10:24,04-08-2026 16:02,,,,,,,6
2268102.0,30-07-2026 12:35,21-07-2026 14:49,05-08-2026 15:01,24-08-2026 15:36,25-08-2026 15:48,11-08-2026 15:01,,,,,,,6
2268104.0,15-07-2026 10:30,04-07-2026 10:57,28-07-2026 10:34,11-08-2026 10:27,11-08-2026 10:24,04-08-2026 16:02,,,,,,,6
2268107.0,15-07-2026 10:30,04-07-2026 10:57,28-07-2026 10:34,11-08-2026 10:27,11-08-2026 10:24,04-08-2026 16:02,,,,,,,6
2268108.0,30-07-2026 12:35,21-07-2026 14:49,05-08-2026 15:01,27-08-2026 16:16,27-08-2026 16:12,11-08-2026 15:01,,,,,,,6
2268111.0,15-07-2026 10:30,09-07-2026 10:28,28-07-2026 10:34,18-08-2026 10:34,18-08-2026 10:32,05-08-2026 10:37,,,,,,,6
2268112.0,23-07-2026 11:45,21-07-2026 14:31,27-07-2026 14:16,24-08-2026 10:46,24-08-2026 10:45,05-08-2026 11:52,,,,,,,6
2268114.0,30-07-2026 12:35,21-07-2026 14:49,05-08-2026 15:01,24-08-2026 15:36,25-08-2026 15:48,11-08-2026 15:01,,,,,,,6
2268115.0,15-07-2026 10:30,20-07-2026 14:44,28-07-2026 10:34,11-08-2026 10:27,11-08-2026 10:24,04-08-2026 16:02,,,,,,,6
2268117.0,15-07-2026 10:30,04-07-2026 10:57,28-07-2026 10:34,11-08-2026 10:27,11-08-2026 10:24,04-08-2026 16:02,,,,,,,6
2268120.0,30-07-2026 12:35,21-07-2026 14:49,05-08-2026 15:01,27-08-2026 16:16,27-08-2026 16:12,11-08-2026 12:44,,,,,,,6
2268121.0,15-07-2026 10:30,08-07-2026 10:37,28-07-2026 10:34,11-08-2026 10:27,11-08-2026 10:24,07-08-2026 14:46,,,,,,,6
2268122.0,20-07-2026 10:46,06-07-2026 10:57,27-07-2026 10:50,24-08-2026 12:42,24-08-2026 12:42,07-08-2026 11:03,,,,,,,6
2268125.0,15-07-2026 10:30,04-07-2026 10:57,28-07-2026 10:34,11-08-2026 10:27,11-08-2026 10:24,04-08-2026 16:02,,,,,,,6
2268128.0,30-07-2026 12:35,21-07-2026 14:49,06-08-2026 15:39,24-08-2026 15:36,25-08-2026 15:48,11-08-2026 15:01,,,,,,,6
2268129.0,30-07-2026 12:35,21-07-2026 14:49,05-08-2026 15:01,24-08-2026 15:36,25-08-2026 15:48,11-08-2026 15:01,,,,,,,6
2268132.0,30-07-2026 12:35,21-07-2026 14:49,05-08-2026 15:01,24-08-2026 15:36,25-08-2026 15:48,11-08-2026 12:44,,,,,,,6
2268134.0,13-07-2026 11:51,06-07-2026 10:53,12-08-2026 14:44,24-08-2026 15:27,24-08-2026 15:16,18-08-2026 14:36,,,,,,,6
2268136.0,30-07-2026 12:35,21-07-2026 14:49,05-08-2026 15:01,27-08-2026 16:16,27-08-2026 16:12,11-08-2026 12:44,,,,,,,6
2268138.0,30-07-2026 12:35,21-07-2026 14:49,06-08-2026 15:39,27-08-2026 16:16,27-08-2026 16:12,31-08-2026 14:04,,,,,,,6
2268140.0,30-07-2026 12:35,21-07-2026 14:49,05-08-2026 15:01,24-08-2026 15:36,25-08-2026 15:48,11-08-2026 15:01,,,,,,,6
2268143.0,27-07-2026 14:05,20-07-2026 12:40,04-08-2026 14:59,20-08-2026 15:05,20-08-2026 15:02,12-08-2026 10:55,31-08-2026 14:56,,,,,,7
2268145.0,16-07-2026 15:42,08-07-2026 14:19,12-08-2026 14:44,,,13-08-2026 14:48,,,,,,,4
2268159.0,13-07-2026 11:51,06-07-2026 10:53,12-08-2026 14:44,24-08-2026 15:27,24-08-2026 15:16,18-08-2026 14:36,,,,,,,6
2268164.0,17-07-2026 11:22,06-07-2026 12:08,27-07-2026 11:40,12-08-2026 11:40,11-08-2026 11:29,05-08-2026 11:33,27-08-2026 11:29,,,,,,7
2268166.0,18-07-2026 14:06,09-07-2026 11:39,12-08-2026 14:44,,,,,,,,,,3
2268178.0,13-07-2026 11:51,06-07-2026 10:53,12-08-2026 14:44,,,18-08-2026 14:36,,,,,,,4
2268287.0,17-07-2026 11:22,20-07-2026 14:44,27-07-2026 11:40,12-08-2026 11:40,11-08-2026 11:29,05-08-2026 11:33,,,,,,,6
2268290.0,17-07-2026 11:22,20-07-2026 14:44,27-07-2026 11:40,12-08-2026 11:40,11-08-2026 11:29,05-08-2026 11:33,,,,,,,6
2268292.0,17-07-2026 10:29,15-07-2026 12:18,29-07-2026 09:47,11-08-2026 14:35,11-08-2026 12:14,06-08-2026 09:56,,,,,,,6
2268295.0,17-07-2026 10:29,15-07-2026 12:18,29-07-2026 09:47,11-08-2026 14:35,11-08-2026 12:14,06-08-2026 09:56,,,,,,,6
2268298.0,17-07-2026 11:22,06-07-2026 12:08,27-07-2026 11:40,12-08-2026 11:40,11-08-2026 11:29,05-08-2026 11:33,27-08-2026 11:29,,,,,,7
2268306.0,17-07-2026 10:29,09-07-2026 13:51,29-07-2026 09:47,11-08-2026 14:35,11-08-2026 12:14,06-08-2026 09:56,,,,,,,6
2268310.0,17-07-2026 10:29,04-07-2026 15:40,29-07-2026 09:47,11-08-2026 14:35,11-08-2026 12:14,06-08-2026 09:56,,,,,,,6
2268315.0,29-07-2026 12:17,04-07-2026 15:40,28-07-2026 09:53,13-08-2026 14:27,13-08-2026 14:23,05-08-2026 11:33,27-08-2026 11:29,,,,,,7
2268317.0,17-07-2026 10:29,15-07-2026 12:18,29-07-2026 09:47,11-08-2026 14:35,11-08-2026 12:14,06-08-2026 09:56,,,,,,,6
2268398.0,16-07-2026 10:42,09-07-2026 14:40,12-08-2026 14:44,,25-08-2026 12:11,13-08-2026 14:48,31-08-2026 10:56,,,,,,6
2268404.0,,17-07-2026 10:57,12-08-2026 14:44,,,18-08-2026 14:36,,,,,,,3
2268500.0,30-07-2026 12:35,21-07-2026 14:49,05-08-2026 15:01,24-08-2026 15:36,25-08-2026 15:48,11-08-2026 15:01,,,,,,,6
2268506.0,30-07-2026 12:35,21-07-2026 14:49,05-08-2026 15:01,27-08-2026 16:16,27-08-2026 16:12,11-08-2026 15:01,,,,,,,6
2268516.0,10-07-2026 13:15,03-07-2026 15:45,12-08-2026 14:44,31-08-2026 12:46,31-08-2026 12:26,14-08-2026 12:21,31-08-2026 16:10,,,,,,7
2268519.0,13-07-2026 11:51,06-07-2026 10:53,12-08-2026 14:44,24-08-2026 15:27,24-08-2026 15:16,18-08-2026 14:36,,,,,,,6
2268523.0,10-07-2026 13:15,03-07-2026 15:45,12-08-2026 14:44,31-08-2026 12:46,31-08-2026 12:26,14-08-2026 12:21,31-08-2026 16:10,,,,,,7
2268526.0,13-07-2026 11:51,06-07-2026 10:53,12-08-2026 14:44,24-08-2026 15:27,24-08-2026 15:16,,,,,,,,5
2268537.0,18-07-2026 14:06,03-07-2026 15:45,12-08-2026 14:44,,,14-08-2026 12:21,,,,,,,4
2268540.0,13-07-2026 11:51,06-07-2026 10:53,12-08-2026 14:44,,,18-08-2026 14:36,,,,,,,4
2268544.0,10-07-2026 13:15,03-07-2026 15:45,12-08-2026 14:44,31-08-2026 12:46,31-08-2026 12:26,14-08-2026 12:21,31-08-2026 16:10,,,,,,7
2268551.0,30-07-2026 12:35,21-07-2026 14:49,05-08-2026 15:01,27-08-2026 16:16,27-08-2026 16:12,11-08-2026 15:01,,,,,,,6
2268552.0,30-07-2026 12:35,21-07-2026 14:49,05-08-2026 15:01,24-08-2026 15:36,25-08-2026 15:48,11-08-2026 15:01,,,,,,,6
2268554.0,30-07-2026 12:35,21-07-2026 14:49,06-08-2026 15:39,24-08-2026 15:36,25-08-2026 15:48,11-08-2026 15:01,,,,,,,6
2268555.0,30-07-2026 12:35,21-07-2026 14:49,05-08-2026 15:01,24-08-2026 15:36,25-08-2026 15:48,11-08-2026 15:01,,,,,,,6
2268556.0,10-07-2026 13:15,03-07-2026 15:45,12-08-2026 14:44,,,14-08-2026 12:21,31-08-2026 16:10,,,,,,5
2269552.0,13-07-2026 15:23,06-07-2026 15:30,28-07-2026 12:18,14-08-2026 10:51,14-08-2026 10:48,04-08-2026 15:20,27-08-2026 10:35,,,,,,7
2269565.0,18-07-2026 14:06,08-07-2026 15:58,12-08-2026 14:44,31-08-2026 14:50,31-08-2026 14:41,13-08-2026 14:48,,,,,,,6
2269567.0,16-07-2026 10:42,06-07-2026 12:19,12-08-2026 14:44,,25-08-2026 12:11,13-08-2026 14:48,31-08-2026 10:56,,,,,,6
2269568.0,18-07-2026 14:06,03-07-2026 15:45,12-08-2026 14:44,31-08-2026 12:46,31-08-2026 12:26,14-08-2026 12:21,31-08-2026 16:10,,,,,,7
2269569.0,13-07-2026 11:51,06-07-2026 10:53,12-08-2026 14:44,24-08-2026 15:27,24-08-2026 15:16,18-08-2026 14:36,,,,,,,6
2269570.0,18-07-2026 14:06,06-07-2026 10:53,12-08-2026 14:44,,,,,,,,,,3
2269571.0,10-07-2026 13:15,03-07-2026 15:45,12-08-2026 14:44,31-08-2026 12:46,31-08-2026 12:26,14-08-2026 12:21,31-08-2026 16:10,,,,,,7
2269572.0,10-07-2026 13:15,03-07-2026 15:45,12-08-2026 14:44,,,14-08-2026 12:21,,,,,,,4
2269573.0,10-07-2026 13:15,03-07-2026 15:45,12-08-2026 14:44,,31-08-2026 12:26,14-08-2026 12:21,,,,,,,5
2269574.0,18-07-2026 14:06,03-07-2026 15:45,12-08-2026 14:44,31-08-2026 12:46,31-08-2026 12:26,14-08-2026 12:21,31-08-2026 16:10,,,,,,7
2269575.0,18-07-2026 14:06,09-07-2026 14:40,12-08-2026 14:44,31-08-2026 12:46,31-08-2026 12:26,14-08-2026 12:21,31-08-2026 16:10,,,,,,7
2269576.0,18-07-2026 14:06,03-07-2026 15:45,12-08-2026 14:44,31-08-2026 12:46,31-08-2026 12:26,,31-08-2026 16:10,,,,,,6
2269577.0,10-07-2026 13:15,03-07-2026 15:45,12-08-2026 14:44,31-08-2026 12:46,31-08-2026 12:26,14-08-2026 12:21,31-08-2026 16:10,,,,,,7
2269578.0,,17-07-2026 10:57,12-08-2026 14:44,24-08-2026 15:27,24-08-2026 15:16,,,,,,,,4
2269696.0,10-07-2026 13:15,03-07-2026 15:45,12-08-2026 14:44,31-08-2026 12:46,31-08-2026 12:26,14-08-2026 12:21,31-08-2026 16:10,,,,,,7
2269699.0,17-07-2026 14:10,06-07-2026 12:19,12-08-2026 14:44,29-08-2026 11:35,29-08-2026 11:15,13-08-2026 14:48,29-08-2026 16:22,,,,,,7
2269738.0,22-07-2026 12:24,01-08-2026 13:41,27-07-2026 13:59,12-08-2026 14:24,12-08-2026 14:23,05-08-2026 13:45,31-08-2026 13:48,,,,,,7
2269747.0,21-07-2026 13:44,13-07-2026 11:43,27-07-2026 13:59,12-08-2026 14:24,12-08-2026 14:23,05-08-2026 13:45,31-08-2026 13:48,,,,,,7
2269753.0,21-07-2026 13:44,13-07-2026 11:43,27-07-2026 13:59,12-08-2026 14:24,12-08-2026 14:23,05-08-2026 13:45,31-08-2026 13:48,,,,,,7
2269764.0,15-07-2026 10:45,06-07-2026 14:46,29-07-2026 14:37,12-08-2026 12:11,12-08-2026 12:10,06-08-2026 14:29,31-08-2026 11:39,,,,,,7
2269780.0,22-07-2026 12:24,08-07-2026 13:53,29-07-2026 14:37,12-08-2026 12:11,12-08-2026 12:10,06-08-2026 14:29,31-08-2026 11:39,,,,,,7
2269785.0,21-07-2026 13:44,13-07-2026 11:43,27-07-2026 13:59,12-08-2026 14:24,12-08-2026 14:23,05-08-2026 13:45,,,,,,,6
2269796.0,21-07-2026 13:44,13-07-2026 11:43,27-07-2026 13:59,12-08-2026 14:24,12-08-2026 14:23,05-08-2026 13:45,31-08-2026 13:48,,,,,,7
2269815.0,23-07-2026 12:03,16-07-2026 11:56,27-07-2026 16:06,,,14-08-2026 13:58,,,,,,,4
2269825.0,23-07-2026 12:03,16-07-2026 11:56,27-07-2026 16:06,,,14-08-2026 13:58,,,,,,,4
2269833.0,01-08-2026 16:05,16-07-2026 11:56,01-08-2026 14:19,,,14-08-2026 13:58,,,,,,,4
2269836.0,22-07-2026 12:24,21-07-2026 15:28,17-08-2026 13:42,12-08-2026 12:11,12-08-2026 12:10,,31-08-2026 11:39,,,,,,6
2269840.0,23-07-2026 12:03,16-07-2026 11:56,01-08-2026 14:19,,,14-08-2026 13:58,,,,,,,4
2269848.0,15-07-2026 10:45,21-07-2026 15:28,17-08-2026 13:42,12-08-2026 12:11,12-08-2026 12:10,06-08-2026 14:29,,,,,,,6
2269851.0,01-08-2026 16:05,07-08-2026 11:47,01-08-2026 14:19,20-08-2026 15:44,20-08-2026 15:44,,,,,,,,5
2269855.0,15-07-2026 10:45,06-07-2026 14:46,29-07-2026 14:37,12-08-2026 12:11,12-08-2026 12:10,06-08-2026 14:29,31-08-2026 11:39,,,,,,7
2269856.0,23-07-2026 12:03,16-07-2026 11:56,27-07-2026 16:06,,,14-08-2026 13:58,,,,,,,4
2269866.0,15-07-2026 10:45,06-07-2026 14:46,29-07-2026 14:37,12-08-2026 12:11,12-08-2026 12:10,06-08-2026 14:29,31-08-2026 11:39,,,,,,7
2269880.0,22-07-2026 12:24,01-08-2026 13:41,29-07-2026 13:40,12-08-2026 14:24,12-08-2026 14:23,05-08-2026 13:45,,,,,,,6
2269886.0,15-07-2026 10:45,08-07-2026 13:53,17-08-2026 13:42,12-08-2026 12:11,12-08-2026 12:10,06-08-2026 14:29,31-08-2026 11:39,,,,,,7
2269891.0,30-07-2026 12:35,23-07-2026 14:56,05-08-2026 15:01,27-08-2026 16:16,27-08-2026 16:12,11-08-2026 15:01,,,,,,,6
2269896.0,30-07-2026 12:35,21-07-2026 14:49,06-08-2026 15:39,27-08-2026 16:16,27-08-2026 16:12,11-08-2026 12:44,,,,,,,6
2269902.0,30-07-2026 12:35,21-07-2026 14:49,06-08-2026 15:39,24-08-2026 15:36,25-08-2026 15:48,11-08-2026 12:44,,,,,,,6
2269905.0,27-07-2026 14:05,20-07-2026 12:40,04-08-2026 14:59,20-08-2026 15:05,20-08-2026 15:02,19-08-2026 15:12,31-08-2026 14:56,,,,,,7
2269908.0,30-07-2026 12:35,23-07-2026 14:56,05-08-2026 15:01,24-08-2026 15:36,25-08-2026 15:48,12-08-2026 10:55,,,,,,,6
2269909.0,21-07-2026 13:44,13-07-2026 11:43,29-07-2026 13:40,18-08-2026 12:04,18-08-2026 12:04,06-08-2026 13:42,31-08-2026 13:48,,,,,,7
2269914.0,30-07-2026 12:35,21-07-2026 14:49,05-08-2026 15:01,24-08-2026 15:36,25-08-2026 15:48,11-08-2026 12:44,,,,,,,6
2269917.0,15-07-2026 10:45,06-07-2026 14:46,29-07-2026 14:37,12-08-2026 12:11,12-08-2026 12:10,06-08-2026 14:29,31-08-2026 11:39,,,,,,7
2269918.0,27-07-2026 14:05,20-07-2026 12:40,04-08-2026 14:59,20-08-2026 15:05,20-08-2026 15:02,12-08-2026 10:55,31-08-2026 14:56,,,,,,7
2269927.0,21-07-2026 13:44,13-07-2026 11:43,27-07-2026 13:59,12-08-2026 14:24,12-08-2026 14:23,05-08-2026 13:45,31-08-2026 13:48,,,,,,7
2269936.0,30-07-2026 12:35,28-07-2026 15:52,05-08-2026 15:01,24-08-2026 15:36,25-08-2026 15:48,12-08-2026 10:55,,,,,,,6
2269947.0,30-07-2026 12:35,21-07-2026 14:49,06-08-2026 15:39,24-08-2026 15:36,25-08-2026 15:48,11-08-2026 15:01,,,,,,,6
2269948.0,31-07-2026 12:38,20-07-2026 12:40,14-08-2026 15:04,20-08-2026 15:05,20-08-2026 15:02,19-08-2026 15:12,31-08-2026 14:56,,,,,,7
2269951.0,30-07-2026 12:35,21-07-2026 14:49,14-08-2026 15:04,24-08-2026 15:36,25-08-2026 15:48,19-08-2026 15:12,,,,,,,6
2270060.0,21-07-2026 11:42,04-07-2026 14:11,30-07-2026 15:33,18-08-2026 14:18,18-08-2026 14:17,05-08-2026 14:03,27-08-2026 13:53,,,,,,7
2270063.0,21-07-2026 11:42,30-07-2026 14:40,30-07-2026 15:33,14-08-2026 11:48,14-08-2026 11:41,05-08-2026 10:45,27-08-2026 10:46,,,,,,7
2270067.0,,20-07-2026 12:36,,31-08-2026 12:18,31-08-2026 12:17,18-08-2026 11:56,,,,,,,4
2270070.0,30-07-2026 12:35,21-07-2026 14:49,06-08-2026 15:39,24-08-2026 15:36,25-08-2026 15:48,11-08-2026 15:01,,,,,,,6
2270071.0,30-07-2026 12:35,21-07-2026 14:49,05-08-2026 15:01,24-08-2026 15:36,25-08-2026 15:48,11-08-2026 15:01,,,,,,,6
2270072.0,30-07-2026 12:35,21-07-2026 14:49,05-08-2026 15:01,24-08-2026 15:36,25-08-2026 15:48,12-08-2026 10:55,,,,,,,6
2270073.0,27-07-2026 14:05,20-07-2026 12:40,04-08-2026 14:59,20-08-2026 15:05,20-08-2026 15:02,11-08-2026 12:44,31-08-2026 14:56,,,,,,7
2270075.0,28-07-2026 15:54,20-07-2026 12:36,05-08-2026 10:58,25-08-2026 12:12,25-08-2026 12:10,18-08-2026 11:56,,,,,,,6
2270079.0,28-07-2026 15:54,20-07-2026 12:36,,25-08-2026 12:12,25-08-2026 12:10,18-08-2026 11:56,,,,,,,5
2270093.0,27-07-2026 11:58,20-07-2026 12:36,05-08-2026 15:08,25-08-2026 14:31,25-08-2026 14:30,18-08-2026 14:49,,,,,,,6
2270098.0,23-07-2026 11:53,06-07-2026 10:46,01-08-2026 16:23,25-08-2026 12:39,25-08-2026 12:37,07-08-2026 16:27,,,,,,,6
2270100.0,,20-07-2026 12:36,05-08-2026 15:08,31-08-2026 12:18,19-08-2026 14:16,,,,,,,,4
2270105.0,27-07-2026 15:42,06-07-2026 10:46,06-08-2026 16:27,20-08-2026 10:53,20-08-2026 10:52,14-08-2026 14:08,,,,,,,6
2270107.0,,20-07-2026 12:36,05-08-2026 15:08,31-08-2026 12:18,19-08-2026 14:16,,,,,,,,4
2270109.0,23-07-2026 11:53,06-07-2026 10:46,01-08-2026 16:23,25-08-2026 12:39,25-08-2026 12:37,13-08-2026 14:08,,,,,,,6
2270113.0,27-07-2026 11:58,20-07-2026 12:36,05-08-2026 15:56,25-08-2026 14:31,25-08-2026 14:30,18-08-2026 14:49,,,,,,,6
2270115.0,23-07-2026 11:53,06-07-2026 10:46,01-08-2026 16:23,25-08-2026 12:39,25-08-2026 12:37,07-08-2026 16:27,,,,,,,6
2270118.0,23-07-2026 11:53,06-07-2026 10:46,01-08-2026 16:23,25-08-2026 12:39,25-08-2026 12:37,13-08-2026 14:08,,,,,,,6
2270120.0,27-07-2026 11:58,20-07-2026 12:36,05-08-2026 15:08,25-08-2026 14:31,25-08-2026 14:30,18-08-2026 15:51,,,,,,,6
2270123.0,23-07-2026 11:53,06-07-2026 10:46,06-08-2026 14:11,25-08-2026 12:39,25-08-2026 12:37,13-08-2026 14:08,,,,,,,6
2270128.0,23-07-2026 11:53,06-07-2026 10:46,01-08-2026 16:23,25-08-2026 12:39,25-08-2026 12:37,07-08-2026 16:27,,,,,,,6
2270130.0,28-07-2026 15:54,20-07-2026 12:36,05-08-2026 10:58,25-08-2026 12:12,25-08-2026 12:10,18-08-2026 11:56,,,,,,,6
2270131.0,23-07-2026 11:53,06-07-2026 10:46,01-08-2026 16:23,25-08-2026 12:39,25-08-2026 12:37,07-08-2026 16:27,,,,,,,6
2270135.0,28-07-2026 15:54,20-07-2026 12:36,05-08-2026 10:58,25-08-2026 12:12,25-08-2026 12:10,18-08-2026 11:56,,,,,,,6
2270136.0,23-07-2026 12:22,04-07-2026 11:47,29-07-2026 15:20,19-08-2026 12:26,19-08-2026 12:24,12-08-2026 12:28,,,,,,,6
2270140.0,23-07-2026 11:53,06-07-2026 10:46,01-08-2026 16:23,25-08-2026 12:39,25-08-2026 12:37,07-08-2026 16:27,,,,,,,6
2270142.0,27-07-2026 11:58,20-07-2026 12:36,05-08-2026 15:56,25-08-2026 14:31,25-08-2026 14:30,18-08-2026 14:49,,,,,,,6
2270145.0,23-07-2026 11:53,06-07-2026 10:46,01-08-2026 16:23,25-08-2026 12:39,25-08-2026 12:37,07-08-2026 16:27,,,,,,,6
2270149.0,27-07-2026 11:58,20-07-2026 12:36,05-08-2026 15:56,25-08-2026 14:31,25-08-2026 14:30,18-08-2026 14:49,,,,,,,6
2270150.0,20-07-2026 14:54,04-07-2026 15:25,27-07-2026 14:47,18-08-2026 12:21,18-08-2026 12:19,05-08-2026 12:19,27-08-2026 12:17,,,,,,7
2270152.0,22-07-2026 12:24,01-08-2026 13:41,27-07-2026 13:59,18-08-2026 12:04,18-08-2026 12:04,05-08-2026 13:45,31-08-2026 13:48,,,,,,7
2270157.0,23-07-2026 11:53,06-07-2026 10:46,01-08-2026 16:23,25-08-2026 12:39,25-08-2026 12:37,19-08-2026 15:12,,,,,,,6
2270159.0,,20-07-2026 12:36,05-08-2026 10:58,25-08-2026 12:12,25-08-2026 12:10,,,,,,,,4
2270163.0,15-07-2026 10:45,06-07-2026 14:46,29-07-2026 14:37,12-08-2026 12:11,12-08-2026 12:10,06-08-2026 14:29,31-08-2026 11:39,,,,,,7
2270165.0,23-07-2026 11:53,06-07-2026 10:46,01-08-2026 16:23,29-08-2026 11:17,29-08-2026 11:11,07-08-2026 16:27,,,,,,,6
2270170.0,27-07-2026 11:58,20-07-2026 12:36,05-08-2026 15:08,25-08-2026 14:31,25-08-2026 14:30,18-08-2026 14:49,,,,,,,6
2270171.0,23-07-2026 11:53,06-07-2026 10:46,01-08-2026 16:23,25-08-2026 12:39,25-08-2026 12:37,13-08-2026 14:08,,,,,,,6
2270174.0,29-07-2026 10:34,04-07-2026 11:47,29-07-2026 15:20,19-08-2026 12:26,19-08-2026 12:24,12-08-2026 12:28,,,,,,,6
2270176.0,21-07-2026 13:44,13-07-2026 11:43,27-07-2026 13:59,12-08-2026 14:24,12-08-2026 14:23,05-08-2026 13:45,31-08-2026 13:48,,,,,,7
2270183.0,23-07-2026 11:53,06-07-2026 10:46,01-08-2026 16:23,25-08-2026 12:39,25-08-2026 12:37,13-08-2026 14:08,,,,,,,6
2270191.0,27-07-2026 11:58,20-07-2026 12:36,05-08-2026 15:08,25-08-2026 14:31,25-08-2026 14:30,18-08-2026 14:49,,,,,,,6
2270196.0,29-07-2026 12:13,30-07-2026 14:40,04-08-2026 14:03,19-08-2026 12:26,19-08-2026 12:24,12-08-2026 12:28,,,,,,,6
2270197.0,13-07-2026 12:25,08-07-2026 12:22,27-07-2026 12:08,17-08-2026 15:23,17-08-2026 15:22,06-08-2026 13:42,24-08-2026 12:21,,,,,,7
2270200.0,27-07-2026 11:58,20-07-2026 12:36,05-08-2026 15:56,25-08-2026 14:31,25-08-2026 14:30,18-08-2026 14:49,,,,,,,6
2270204.0,23-07-2026 12:22,04-07-2026 11:47,29-07-2026 15:20,19-08-2026 12:26,19-08-2026 12:24,12-08-2026 12:28,,,,,,,6
2270208.0,23-07-2026 11:53,06-07-2026 10:46,01-08-2026 16:23,25-08-2026 12:39,25-08-2026 12:37,13-08-2026 14:08,,,,,,,6
2270209.0,27-07-2026 11:58,20-07-2026 12:36,05-08-2026 15:08,25-08-2026 14:31,25-08-2026 14:30,18-08-2026 14:49,,,,,,,6
2270211.0,20-07-2026 14:54,04-07-2026 15:25,27-07-2026 14:47,18-08-2026 12:21,18-08-2026 12:19,05-08-2026 12:19,27-08-2026 12:17,,,,,,7
2270216.0,31-07-2026 12:38,06-07-2026 10:46,01-08-2026 16:23,25-08-2026 12:39,25-08-2026 12:37,13-08-2026 14:08,,,,,,,6
2270218.0,28-07-2026 15:54,20-07-2026 12:36,05-08-2026 10:58,25-08-2026 12:12,25-08-2026 12:10,18-08-2026 11:56,,,,,,,6
2270219.0,23-07-2026 12:22,30-07-2026 13:49,01-08-2026 12:15,19-08-2026 12:26,19-08-2026 12:24,12-08-2026 12:28,,,,,,,6
2270222.0,23-07-2026 11:53,06-07-2026 10:46,01-08-2026 16:23,25-08-2026 12:39,25-08-2026 12:37,13-08-2026 14:08,,,,,,,6
2270223.0,20-07-2026 14:54,17-07-2026 14:59,04-08-2026 14:03,18-08-2026 12:21,18-08-2026 12:19,05-08-2026 12:19,27-08-2026 12:17,,,,,,7
2270224.0,,20-07-2026 12:36,05-08-2026 15:08,31-08-2026 12:18,19-08-2026 14:16,,,,,,,,4
2270228.0,20-07-2026 14:54,30-07-2026 14:40,27-07-2026 14:47,18-08-2026 12:21,18-08-2026 12:19,29-08-2026 15:00,27-08-2026 12:17,,,,,,7
2270232.0,28-07-2026 15:54,20-07-2026 12:36,05-08-2026 10:58,31-08-2026 12:18,31-08-2026 12:17,,,,,,,,5
2270234.0,20-07-2026 13:58,04-07-2026 15:25,04-08-2026 14:03,19-08-2026 15:26,19-08-2026 15:25,06-08-2026 15:34,,,,,,,6
2270235.0,23-07-2026 11:53,06-07-2026 10:46,01-08-2026 16:23,25-08-2026 12:39,25-08-2026 12:37,13-08-2026 14:08,,,,,,,6
2270238.0,23-07-2026 12:22,30-07-2026 14:40,29-07-2026 15:20,29-08-2026 11:28,29-08-2026 11:29,12-08-2026 12:28,,,,,,,6
2270240.0,31-07-2026 12:38,06-07-2026 10:46,01-08-2026 16:23,29-08-2026 11:17,29-08-2026 11:11,13-08-2026 14:08,,,,,,,6
2270245.0,29-07-2026 10:34,30-07-2026 13:49,01-08-2026 12:15,19-08-2026 12:26,19-08-2026 12:24,12-08-2026 12:28,,,,,,,6
2270246.0,23-07-2026 11:53,06-07-2026 10:46,01-08-2026 16:23,25-08-2026 12:39,25-08-2026 12:37,07-08-2026 16:27,,,,,,,6
2270250.0,29-07-2026 10:34,04-07-2026 11:47,01-08-2026 12:15,19-08-2026 12:26,19-08-2026 12:24,12-08-2026 12:28,,,,,,,6
2270252.0,23-07-2026 11:53,06-07-2026 10:46,01-08-2026 16:23,25-08-2026 12:39,25-08-2026 12:37,13-08-2026 14:08,,,,,,,6
2270253.0,27-07-2026 11:58,20-07-2026 12:36,05-08-2026 15:56,25-08-2026 14:31,25-08-2026 14:30,18-08-2026 14:49,,,,,,,6
2270256.0,23-07-2026 11:53,06-07-2026 10:46,01-08-2026 16:23,25-08-2026 12:39,25-08-2026 12:37,13-08-2026 14:08,,,,,,,6
2270257.0,23-07-2026 12:22,04-07-2026 11:47,01-08-2026 12:15,29-08-2026 11:28,29-08-2026 11:29,12-08-2026 12:28,,,,,,,6
2270262.0,23-07-2026 11:53,06-07-2026 10:46,01-08-2026 16:23,29-08-2026 11:17,29-08-2026 11:37,13-08-2026 14:08,,,,,,,6
2270263.0,20-07-2026 14:54,04-07-2026 15:25,27-07-2026 14:47,18-08-2026 12:21,18-08-2026 12:19,05-08-2026 12:19,,,,,,,6
2270266.0,23-07-2026 11:53,06-07-2026 10:46,01-08-2026 16:23,25-08-2026 12:39,25-08-2026 12:37,07-08-2026 16:27,,,,,,,6
2270272.0,20-07-2026 13:58,17-07-2026 12:27,27-07-2026 16:02,19-08-2026 15:26,19-08-2026 15:25,06-08-2026 15:34,,,,,,,6
2270274.0,20-07-2026 13:58,17-07-2026 12:27,27-07-2026 16:02,19-08-2026 15:26,19-08-2026 15:25,06-08-2026 15:34,,,,,,,6
2270288.0,23-07-2026 12:22,30-07-2026 13:49,01-08-2026 12:15,19-08-2026 12:26,19-08-2026 12:24,12-08-2026 12:28,,,,,,,6
2270292.0,20-07-2026 14:54,04-07-2026 15:25,04-08-2026 14:03,18-08-2026 12:21,18-08-2026 12:19,05-08-2026 12:19,27-08-2026 12:17,,,,,,7
2270295.0,23-07-2026 12:31,06-07-2026 14:04,05-08-2026 14:09,25-08-2026 12:39,25-08-2026 12:37,07-08-2026 16:27,,,,,,,6
2270298.0,23-07-2026 12:31,06-07-2026 14:04,05-08-2026 14:09,29-08-2026 11:17,29-08-2026 11:11,13-08-2026 14:08,,,,,,,6
2270299.0,20-07-2026 13:58,17-07-2026 12:27,27-07-2026 16:02,19-08-2026 15:26,19-08-2026 15:25,06-08-2026 15:34,,,,,,,6
2270301.0,23-07-2026 12:31,06-07-2026 14:04,05-08-2026 14:09,25-08-2026 14:30,25-08-2026 14:28,13-08-2026 14:57,,,,,,,6
2270304.0,23-07-2026 12:31,06-07-2026 14:04,05-08-2026 14:09,29-08-2026 11:17,29-08-2026 11:11,13-08-2026 14:57,,,,,,,6
2270305.0,23-07-2026 12:31,06-07-2026 14:04,05-08-2026 14:09,25-08-2026 14:30,25-08-2026 14:28,13-08-2026 14:08,,,,,,,6
2270306.0,29-07-2026 10:34,04-07-2026 15:25,27-07-2026 14:47,18-08-2026 12:21,18-08-2026 12:19,05-08-2026 12:19,27-08-2026 12:17,,,,,,7
2270307.0,23-07-2026 12:31,06-07-2026 14:04,05-08-2026 14:09,25-08-2026 12:39,25-08-2026 12:37,13-08-2026 14:08,,,,,,,6
2270309.0,04-08-2026 14:04,06-07-2026 14:04,05-08-2026 14:09,25-08-2026 12:39,25-08-2026 12:37,07-08-2026 16:27,,,,,,,6
2270315.0,23-07-2026 12:31,06-07-2026 14:04,05-08-2026 14:09,25-08-2026 14:30,25-08-2026 14:28,13-08-2026 14:08,,,,,,,6
2270330.0,23-07-2026 12:31,06-07-2026 14:04,05-08-2026 14:09,25-08-2026 14:30,25-08-2026 14:28,13-08-2026 14:08,,,,,,,6
2270332.0,30-07-2026 16:44,28-07-2026 15:51,07-08-2026 14:57,25-08-2026 13:44,25-08-2026 13:43,19-08-2026 16:44,,,,,,,6
2270334.0,23-07-2026 12:31,06-07-2026 14:04,06-08-2026 14:11,25-08-2026 14:30,25-08-2026 14:28,13-08-2026 14:08,,,,,,,6
2270335.0,29-07-2026 15:20,27-07-2026 14:11,07-08-2026 16:06,,,19-08-2026 13:22,,,,,,,4
2270337.0,18-07-2026 14:06,06-07-2026 10:53,12-08-2026 14:44,24-08-2026 15:27,,18-08-2026 14:36,,,,,,,5
2270340.0,13-07-2026 11:51,06-07-2026 10:53,12-08-2026 14:44,,,,,,,,,,3
2270342.0,23-07-2026 12:31,06-07-2026 14:04,05-08-2026 14:09,25-08-2026 12:39,25-08-2026 12:37,13-08-2026 14:57,,,,,,,6
2270345.0,13-07-2026 11:51,06-07-2026 10:53,12-08-2026 14:44,,,18-08-2026 14:36,,,,,,,4
2270346.0,27-07-2026 11:01,20-07-2026 11:49,29-07-2026 12:00,25-08-2026 10:50,25-08-2026 10:48,,,,,,,,5
2270349.0,18-07-2026 14:06,03-07-2026 15:45,12-08-2026 14:44,31-08-2026 12:46,31-08-2026 12:26,14-08-2026 12:21,31-08-2026 16:10,,,,,,7
2270351.0,27-07-2026 11:01,20-07-2026 11:49,29-07-2026 12:00,25-08-2026 10:50,25-08-2026 10:48,11-08-2026 12:30,,,,,,,6
2270352.0,18-07-2026 14:06,09-07-2026 11:39,12-08-2026 14:44,,,,,,,,,,3
2270353.0,23-07-2026 12:31,06-07-2026 14:04,05-08-2026 14:09,29-08-2026 11:17,29-08-2026 11:37,13-08-2026 14:08,,,,,,,6
2270356.0,23-07-2026 12:31,06-07-2026 14:04,05-08-2026 14:09,25-08-2026 14:30,25-08-2026 14:28,13-08-2026 14:08,,,,,,,6
2270358.0,29-07-2026 15:20,27-07-2026 14:11,07-08-2026 16:06,,,19-08-2026 13:22,,,,,,,4
2270361.0,31-07-2026 12:38,28-07-2026 15:52,29-08-2026 13:55,,,31-08-2026 14:04,,,,,,,4
2270362.0,29-07-2026 15:20,27-07-2026 14:11,07-08-2026 16:06,,,19-08-2026 13:22,,,,,,,4
2270364.0,23-07-2026 12:31,06-07-2026 14:04,05-08-2026 14:09,25-08-2026 14:30,25-08-2026 14:28,07-08-2026 16:27,,,,,,,6
2270366.0,23-07-2026 12:31,06-07-2026 14:04,05-08-2026 14:09,25-08-2026 12:39,25-08-2026 12:37,13-08-2026 14:57,,,,,,,6
2270367.0,30-07-2026 16:44,28-07-2026 15:51,07-08-2026 14:57,25-08-2026 13:44,25-08-2026 13:43,19-08-2026 16:44,,,,,,,6
2270369.0,13-07-2026 11:51,06-07-2026 10:53,12-08-2026 14:44,24-08-2026 15:27,24-08-2026 15:16,18-08-2026 14:36,,,,,,,6
2270370.0,23-07-2026 12:31,06-07-2026 14:04,05-08-2026 14:09,,,07-08-2026 16:27,,,,,,,4
2270372.0,30-07-2026 16:44,28-07-2026 15:51,07-08-2026 14:57,25-08-2026 13:44,25-08-2026 13:43,19-08-2026 16:44,,,,,,,6
2270375.0,13-07-2026 11:51,06-07-2026 10:53,12-08-2026 14:44,,,18-08-2026 14:36,,,,,,,4
2270376.0,23-07-2026 12:31,06-07-2026 14:04,05-08-2026 14:09,25-08-2026 14:30,25-08-2026 14:28,13-08-2026 14:08,,,,,,,6
2270380.0,23-07-2026 12:31,06-07-2026 14:04,05-08-2026 14:09,25-08-2026 14:30,25-08-2026 14:28,07-08-2026 16:27,,,,,,,6
2270382.0,23-07-2026 12:31,06-07-2026 14:04,05-08-2026 14:09,29-08-2026 11:17,29-08-2026 11:37,13-08-2026 14:08,,,,,,,6
2270385.0,23-07-2026 12:31,06-07-2026 14:04,05-08-2026 14:09,29-08-2026 11:17,29-08-2026 11:11,07-08-2026 16:27,,,,,,,6
2270386.0,27-07-2026 11:01,20-07-2026 11:49,29-07-2026 12:00,25-08-2026 10:50,25-08-2026 10:48,11-08-2026 12:30,,,,,,,6
2270389.0,23-07-2026 12:31,06-07-2026 14:04,05-08-2026 14:09,25-08-2026 14:30,25-08-2026 14:28,13-08-2026 14:57,,,,,,,6
2270390.0,27-07-2026 11:01,20-07-2026 12:36,,25-08-2026 10:50,25-08-2026 10:48,11-08-2026 12:30,,,,,,,5
2270391.0,31-07-2026 12:38,06-07-2026 14:04,05-08-2026 14:09,25-08-2026 12:39,25-08-2026 12:37,07-08-2026 16:27,,,,,,,6
2270393.0,30-07-2026 12:35,23-07-2026 14:56,06-08-2026 15:39,27-08-2026 16:16,27-08-2026 16:12,12-08-2026 10:55,,,,,,,6
2270394.0,28-07-2026 15:54,20-07-2026 12:36,05-08-2026 10:58,31-08-2026 12:18,31-08-2026 12:17,18-08-2026 11:56,,,,,,,6
2270395.0,23-07-2026 12:31,06-07-2026 14:04,05-08-2026 14:09,25-08-2026 14:30,25-08-2026 14:28,13-08-2026 14:08,,,,,,,6
2270396.0,23-07-2026 12:31,06-07-2026 14:04,05-08-2026 14:09,25-08-2026 12:39,25-08-2026 12:37,13-08-2026 14:08,,,,,,,6
2270397.0,23-07-2026 12:31,06-07-2026 14:04,05-08-2026 14:09,25-08-2026 14:30,25-08-2026 14:28,13-08-2026 14:57,,,,,,,6
2270398.0,27-07-2026 15:42,22-07-2026 14:10,06-08-2026 16:27,20-08-2026 10:53,20-08-2026 10:52,14-08-2026 14:08,31-08-2026 12:06,,,,,,7
2270400.0,04-08-2026 14:04,06-07-2026 14:04,05-08-2026 14:09,25-08-2026 14:30,25-08-2026 14:28,07-08-2026 16:27,,,,,,,6
2270526.0,31-07-2026 14:04,11-08-2026 16:29,06-08-2026 13:41,,,17-08-2026 15:14,,,,,,,4
2270528.0,13-08-2026 15:11,11-08-2026 16:29,14-08-2026 16:07,,,11-08-2026 15:16,,,,,,,4
2270529.0,31-07-2026 14:04,30-07-2026 15:24,06-08-2026 13:41,,,11-08-2026 15:16,,,,,,,4
2270530.0,31-07-2026 14:04,30-07-2026 15:24,06-08-2026 13:41,,,11-08-2026 15:16,,,,,,,4
2270556.0,15-07-2026 13:46,06-07-2026 13:48,28-07-2026 11:36,12-08-2026 14:41,12-08-2026 14:41,24-08-2026 10:39,,,,,,,6
2270557.0,15-07-2026 12:23,06-07-2026 11:49,27-07-2026 11:44,25-08-2026 11:18,25-08-2026 11:16,24-08-2026 10:39,,,,,,,6
2270558.0,15-07-2026 12:23,06-07-2026 11:49,27-07-2026 11:44,25-08-2026 15:19,25-08-2026 15:18,11-08-2026 15:25,,,,,,,6
2270559.0,15-07-2026 12:23,06-07-2026 11:49,27-07-2026 11:44,25-08-2026 11:18,25-08-2026 11:16,11-08-2026 15:25,,,,,,,6
2270566.0,15-07-2026 13:46,06-07-2026 13:48,28-07-2026 11:36,12-08-2026 14:41,12-08-2026 14:41,11-08-2026 13:57,,,,,,,6
2270567.0,15-07-2026 12:23,06-07-2026 11:49,27-07-2026 11:44,25-08-2026 15:19,25-08-2026 15:18,11-08-2026 15:25,,,,,,,6
2270569.0,15-07-2026 12:23,06-07-2026 11:49,27-07-2026 11:44,25-08-2026 11:18,25-08-2026 11:16,11-08-2026 15:25,,,,,,,6
2270575.0,15-07-2026 12:23,06-07-2026 11:49,27-07-2026 11:44,25-08-2026 11:18,25-08-2026 11:16,11-08-2026 15:25,,,,,,,6
2270576.0,05-08-2026 14:32,20-07-2026 12:18,29-07-2026 16:00,25-08-2026 11:18,25-08-2026 11:16,11-08-2026 15:25,,,,,,,6
2270594.0,23-07-2026 10:32,13-07-2026 14:42,27-07-2026 12:18,20-08-2026 15:44,20-08-2026 15:44,06-08-2026 16:03,,,,,,,6
2270595.0,23-07-2026 10:32,13-07-2026 14:42,27-07-2026 12:18,20-08-2026 15:44,20-08-2026 15:44,06-08-2026 16:03,,,,,,,6
2270596.0,01-08-2026 16:05,13-07-2026 14:42,27-07-2026 12:18,20-08-2026 15:44,20-08-2026 15:44,06-08-2026 16:03,,,,,,,6
2270597.0,23-07-2026 10:32,13-07-2026 14:42,01-08-2026 14:19,20-08-2026 15:44,20-08-2026 15:44,06-08-2026 16:03,,,,,,,6
2270598.0,23-07-2026 10:32,13-07-2026 14:42,27-07-2026 12:18,20-08-2026 15:44,20-08-2026 15:44,06-08-2026 16:03,,,,,,,6
2270599.0,23-07-2026 10:32,13-07-2026 14:42,27-07-2026 12:18,20-08-2026 15:44,20-08-2026 15:44,06-08-2026 16:03,,,,,,,6
2270600.0,23-07-2026 10:32,07-08-2026 11:47,27-07-2026 12:18,20-08-2026 15:44,20-08-2026 15:44,06-08-2026 16:03,,,,,,,6
2270601.0,23-07-2026 10:32,13-07-2026 14:42,27-07-2026 12:18,20-08-2026 15:44,20-08-2026 15:44,06-08-2026 16:03,,,,,,,6
2270602.0,27-07-2026 11:58,20-07-2026 11:49,05-08-2026 15:08,25-08-2026 14:31,25-08-2026 14:30,18-08-2026 14:49,,,,,,,6
2270603.0,23-07-2026 10:32,13-07-2026 14:42,27-07-2026 12:18,20-08-2026 15:44,20-08-2026 15:44,06-08-2026 16:03,,,,,,,6
2270604.0,15-07-2026 13:46,20-07-2026 12:18,28-07-2026 11:36,25-08-2026 15:19,25-08-2026 15:18,24-08-2026 10:39,,,,,,,6
2270605.0,23-07-2026 10:32,13-07-2026 14:42,27-07-2026 12:18,20-08-2026 15:44,20-08-2026 15:44,06-08-2026 16:03,,,,,,,6
2270606.0,23-07-2026 10:32,13-07-2026 14:42,27-07-2026 12:18,20-08-2026 15:44,20-08-2026 15:44,06-08-2026 16:03,,,,,,,6
2270607.0,28-07-2026 15:54,20-07-2026 12:36,05-08-2026 10:58,25-08-2026 12:12,25-08-2026 12:10,18-08-2026 11:56,,,,,,,6
2270608.0,23-07-2026 10:32,07-08-2026 11:47,27-07-2026 12:18,20-08-2026 15:44,20-08-2026 15:44,06-08-2026 16:03,,,,,,,6
2270609.0,10-07-2026 13:15,06-07-2026 10:53,12-08-2026 14:44,,,18-08-2026 14:36,,,,,,,4
2270610.0,23-07-2026 10:32,13-07-2026 14:42,27-07-2026 12:18,20-08-2026 15:44,20-08-2026 15:44,06-08-2026 16:03,,,,,,,6
2270611.0,13-07-2026 11:51,06-07-2026 10:53,12-08-2026 14:44,24-08-2026 15:27,24-08-2026 15:16,18-08-2026 14:36,,,,,,,6
2270612.0,18-07-2026 14:06,06-07-2026 10:53,12-08-2026 14:44,,,18-08-2026 14:36,,,,,,,4
2270613.0,23-07-2026 10:32,13-07-2026 14:42,27-07-2026 12:18,20-08-2026 15:44,20-08-2026 15:44,06-08-2026 16:03,,,,,,,6
2270614.0,21-07-2026 14:11,06-07-2026 15:04,27-07-2026 10:26,,18-08-2026 10:50,05-08-2026 14:55,,,,,,,5
2270615.0,23-07-2026 10:32,13-07-2026 14:42,27-07-2026 12:18,20-08-2026 15:44,20-08-2026 15:44,06-08-2026 16:03,,,,,,,6
2270616.0,27-07-2026 14:51,15-07-2026 14:22,29-07-2026 14:29,24-08-2026 15:48,19-08-2026 14:16,11-08-2026 10:10,,,,,,,6
2270618.0,,17-07-2026 10:57,12-08-2026 14:44,,,18-08-2026 14:36,,,,,,,3
2270620.0,23-07-2026 10:32,13-07-2026 14:42,27-07-2026 12:18,20-08-2026 15:44,20-08-2026 15:44,06-08-2026 16:03,,,,,,,6
2270621.0,22-07-2026 14:25,15-07-2026 14:22,29-07-2026 11:11,19-08-2026 11:04,19-08-2026 11:04,,,,,,,,5
2270622.0,21-07-2026 14:11,06-07-2026 15:04,29-07-2026 10:18,18-08-2026 14:35,18-08-2026 14:34,11-08-2026 12:34,,,,,,,6
2270623.0,23-07-2026 10:32,13-07-2026 14:42,27-07-2026 12:18,20-08-2026 15:44,20-08-2026 15:44,06-08-2026 16:03,,,,,,,6
2270625.0,27-07-2026 14:54,06-07-2026 15:04,29-07-2026 10:18,18-08-2026 14:35,18-08-2026 14:34,11-08-2026 12:34,,,,,,,6
2270627.0,23-07-2026 10:32,13-07-2026 14:42,27-07-2026 12:18,20-08-2026 15:44,20-08-2026 15:44,06-08-2026 16:03,,,,,,,6
2270628.0,27-07-2026 14:54,21-07-2026 10:46,29-07-2026 10:18,18-08-2026 14:35,18-08-2026 14:34,11-08-2026 12:34,,,,,,,6
2270630.0,23-07-2026 10:32,13-07-2026 14:42,27-07-2026 12:18,20-08-2026 15:44,20-08-2026 15:44,06-08-2026 16:03,,,,,,,6
2270632.0,23-07-2026 10:32,13-07-2026 14:42,27-07-2026 12:18,20-08-2026 15:44,20-08-2026 15:44,06-08-2026 16:03,,,,,,,6
2270633.0,21-07-2026 14:11,06-07-2026 15:04,27-07-2026 10:26,,18-08-2026 10:50,05-08-2026 14:55,,,,,,,5
2270634.0,01-08-2026 16:05,07-08-2026 11:47,01-08-2026 14:19,20-08-2026 15:44,20-08-2026 15:44,06-08-2026 16:03,,,,,,,6
2270637.0,21-07-2026 14:11,21-07-2026 10:46,29-07-2026 10:18,18-08-2026 14:35,18-08-2026 14:34,11-08-2026 12:34,,,,,,,6
2270641.0,22-07-2026 14:25,06-07-2026 11:18,29-07-2026 14:29,24-08-2026 15:48,19-08-2026 14:16,11-08-2026 10:10,,,,,,,6
2270642.0,21-07-2026 14:11,21-07-2026 10:46,27-07-2026 10:26,,18-08-2026 10:50,05-08-2026 14:55,,,,,,,5
2270650.0,21-07-2026 14:11,06-07-2026 15:04,29-07-2026 10:18,18-08-2026 14:35,18-08-2026 14:34,11-08-2026 12:34,,,,,,,6
2270653.0,22-07-2026 14:25,15-07-2026 14:22,28-07-2026 14:48,24-08-2026 14:31,24-08-2026 14:29,18-08-2026 10:47,,,,,,,6
2270654.0,21-07-2026 14:11,21-07-2026 10:46,29-07-2026 10:18,18-08-2026 14:35,18-08-2026 14:34,11-08-2026 12:34,,,,,,,6
2270657.0,21-07-2026 14:11,21-07-2026 10:46,27-07-2026 10:26,,18-08-2026 10:50,05-08-2026 14:55,,,,,,,5
2270658.0,21-07-2026 14:11,21-07-2026 10:46,27-07-2026 10:26,,18-08-2026 10:50,05-08-2026 14:55,,,,,,,5
2270661.0,21-07-2026 14:11,06-07-2026 15:04,27-07-2026 10:26,,18-08-2026 10:50,05-08-2026 14:55,,,,,,,5
2270663.0,21-07-2026 14:11,21-07-2026 10:46,27-07-2026 10:26,,18-08-2026 10:50,05-08-2026 14:55,,,,,,,5
2270666.0,13-07-2026 11:51,06-07-2026 10:53,12-08-2026 14:44,24-08-2026 15:27,24-08-2026 15:16,18-08-2026 14:36,,,,,,,6
2270667.0,21-07-2026 14:11,06-07-2026 15:04,27-07-2026 10:26,,18-08-2026 10:50,05-08-2026 14:55,,,,,,,5
2270669.0,13-07-2026 11:51,06-07-2026 10:53,12-08-2026 14:44,24-08-2026 15:27,24-08-2026 15:16,18-08-2026 14:36,,,,,,,6
2270670.0,22-07-2026 14:25,06-07-2026 11:18,05-08-2026 10:02,24-08-2026 14:31,24-08-2026 14:29,18-08-2026 10:47,,,,,,,6
2270672.0,13-07-2026 11:51,06-07-2026 10:53,12-08-2026 14:44,24-08-2026 15:27,24-08-2026 15:16,18-08-2026 14:36,,,,,,,6
2270675.0,15-07-2026 12:23,06-07-2026 11:49,27-07-2026 11:44,25-08-2026 11:18,25-08-2026 11:16,11-08-2026 15:25,,,,,,,6
2270676.0,15-07-2026 11:02,03-07-2026 11:55,12-08-2026 14:44,,,,,,,,,,3
2270677.0,22-07-2026 14:25,06-07-2026 11:18,29-07-2026 11:11,19-08-2026 11:04,19-08-2026 11:04,11-08-2026 10:50,,,,,,,6
2270678.0,15-07-2026 12:23,06-07-2026 11:49,27-07-2026 11:44,25-08-2026 11:18,25-08-2026 11:16,11-08-2026 15:25,,,,,,,6
2270680.0,15-07-2026 13:46,06-07-2026 13:48,28-07-2026 11:36,12-08-2026 14:41,12-08-2026 14:41,11-08-2026 13:57,,,,,,,6
2270681.0,21-07-2026 14:11,06-07-2026 15:04,27-07-2026 10:26,,18-08-2026 10:50,05-08-2026 14:55,,,,,,,5
2270683.0,15-07-2026 12:23,06-07-2026 11:49,27-07-2026 11:44,25-08-2026 15:19,25-08-2026 15:18,24-08-2026 10:39,,,,,,,6
2270686.0,22-07-2026 14:25,15-07-2026 14:22,29-07-2026 11:11,19-08-2026 11:04,19-08-2026 11:04,11-08-2026 10:50,,,,,,,6
2270691.0,,15-07-2026 14:22,29-07-2026 11:11,19-08-2026 11:04,19-08-2026 11:04,,,,,,,,4
2270697.0,27-07-2026 14:51,06-07-2026 11:18,29-07-2026 14:29,24-08-2026 15:48,19-08-2026 14:16,11-08-2026 10:10,,,,,,,6
2270716.0,10-07-2026 13:15,03-07-2026 11:55,12-08-2026 14:44,25-08-2026 15:02,25-08-2026 15:10,,,,,,,,5
2270723.0,15-07-2026 11:02,03-07-2026 11:55,12-08-2026 14:44,25-08-2026 15:02,25-08-2026 15:10,,,,,,,,5
2270726.0,,17-07-2026 10:57,12-08-2026 14:44,,,,,,,,,,2
2270731.0,27-07-2026 14:07,15-07-2026 14:22,29-07-2026 14:29,31-08-2026 12:18,31-08-2026 12:17,,,,,,,,5
2270738.0,22-07-2026 14:25,15-07-2026 14:22,29-07-2026 11:11,19-08-2026 11:04,19-08-2026 11:04,,,,,,,,5
2270745.0,22-07-2026 14:25,06-07-2026 11:18,29-07-2026 14:29,24-08-2026 15:48,19-08-2026 14:16,11-08-2026 10:10,,,,,,,6
2270756.0,23-07-2026 11:45,21-07-2026 14:31,27-07-2026 14:16,24-08-2026 10:46,24-08-2026 10:45,05-08-2026 11:52,,,,,,,6
2270759.0,22-07-2026 14:25,06-07-2026 11:18,29-07-2026 14:29,24-08-2026 15:48,19-08-2026 14:16,11-08-2026 10:10,,,,,,,6
2270769.0,22-07-2026 14:25,06-07-2026 11:18,05-08-2026 10:02,24-08-2026 14:31,24-08-2026 14:29,18-08-2026 10:47,,,,,,,6
2270772.0,22-07-2026 14:25,15-07-2026 14:22,05-08-2026 10:02,24-08-2026 14:31,24-08-2026 14:29,18-08-2026 10:47,,,,,,,6
2270774.0,01-08-2026 16:05,27-07-2026 14:43,31-07-2026 15:55,,14-08-2026 12:18,06-08-2026 14:04,,,,,,,5
2270778.0,13-07-2026 11:51,06-07-2026 10:53,12-08-2026 14:44,,,18-08-2026 14:36,,,,,,,4
2270782.0,24-07-2026 10:19,23-07-2026 13:55,30-07-2026 14:18,,,07-08-2026 13:57,,,,,,,4
2270783.0,13-07-2026 11:51,06-07-2026 10:53,12-08-2026 14:44,,,,,,,,,,3
2270786.0,24-07-2026 10:19,23-07-2026 13:55,31-07-2026 15:55,,14-08-2026 12:18,06-08-2026 14:04,29-08-2026 10:41,,,,,,6
2270787.0,18-07-2026 14:06,06-07-2026 10:53,12-08-2026 14:44,,,,,,,,,,3
2270791.0,27-07-2026 14:51,15-07-2026 14:22,29-07-2026 11:11,19-08-2026 11:04,19-08-2026 11:04,,,,,,,,5
2270793.0,15-07-2026 11:02,03-07-2026 11:55,12-08-2026 14:44,25-08-2026 15:02,25-08-2026 15:10,,,,,,,,5
2270794.0,24-07-2026 10:19,23-07-2026 13:55,30-07-2026 14:18,,,07-08-2026 13:57,,,,,,,4
2270801.0,01-08-2026 16:05,27-07-2026 14:43,31-07-2026 15:55,,14-08-2026 12:18,06-08-2026 14:04,29-08-2026 10:41,,,,,,6
2270802.0,13-07-2026 11:51,06-07-2026 10:53,12-08-2026 14:44,24-08-2026 15:27,24-08-2026 15:16,18-08-2026 14:36,,,,,,,6
2270805.0,10-07-2026 13:15,03-07-2026 15:45,12-08-2026 14:44,,,,,,,,,,3
2270808.0,01-08-2026 16:05,27-07-2026 14:43,31-07-2026 15:55,,14-08-2026 12:18,06-08-2026 14:04,29-08-2026 10:41,,,,,,6
2270809.0,22-07-2026 14:25,15-07-2026 14:22,29-07-2026 11:11,19-08-2026 11:04,19-08-2026 11:04,11-08-2026 10:50,,,,,,,6
2270815.0,18-07-2026 14:06,03-07-2026 15:45,12-08-2026 14:44,31-08-2026 12:46,31-08-2026 12:26,14-08-2026 12:21,31-08-2026 16:10,,,,,,7
2270831.0,22-07-2026 14:25,15-07-2026 14:22,29-07-2026 11:11,19-08-2026 11:04,19-08-2026 11:04,,,,,,,,5
2270832.0,01-08-2026 16:05,27-07-2026 14:43,31-07-2026 15:55,,,06-08-2026 14:04,,,,,,,4
2270840.0,01-08-2026 16:05,27-07-2026 14:43,31-07-2026 15:55,,14-08-2026 12:18,06-08-2026 14:04,29-08-2026 10:41,,,,,,6
2270847.0,24-07-2026 10:19,23-07-2026 13:55,30-07-2026 14:18,,,07-08-2026 13:57,,,,,,,4
2270853.0,24-07-2026 10:19,23-07-2026 13:55,30-07-2026 14:18,,,07-08-2026 13:57,,,,,,,4
2270858.0,24-07-2026 10:19,23-07-2026 13:55,30-07-2026 14:18,,14-08-2026 12:18,06-08-2026 14:04,29-08-2026 10:41,,,,,,6
2270865.0,24-07-2026 10:19,23-07-2026 13:55,31-07-2026 15:55,,14-08-2026 12:18,06-08-2026 14:04,29-08-2026 10:41,,,,,,6
2270871.0,24-07-2026 10:19,23-07-2026 13:55,30-07-2026 14:18,,,07-08-2026 13:57,,,,,,,4
2270879.0,01-08-2026 16:05,27-07-2026 14:43,31-07-2026 15:55,,,06-08-2026 14:04,29-08-2026 10:41,,,,,,5
2270887.0,01-08-2026 16:05,27-07-2026 14:43,31-07-2026 15:55,,14-08-2026 12:18,06-08-2026 14:04,29-08-2026 10:41,,,,,,6
2270897.0,24-07-2026 10:19,23-07-2026 13:55,30-07-2026 14:18,,,07-08-2026 13:57,,,,,,,4
2270902.0,24-07-2026 10:19,23-07-2026 13:55,30-07-2026 14:18,,14-08-2026 12:18,06-08-2026 14:04,29-08-2026 10:41,,,,,,6
2270911.0,24-07-2026 10:19,23-07-2026 13:55,30-07-2026 14:18,,,07-08-2026 13:57,,,,,,,4
2270934.0,01-08-2026 16:05,27-07-2026 14:43,31-07-2026 15:55,,14-08-2026 12:18,06-08-2026 14:04,29-08-2026 10:41,,,,,,6
2270939.0,24-07-2026 10:19,23-07-2026 13:55,30-07-2026 14:18,,,07-08-2026 13:57,,,,,,,4
2270943.0,24-07-2026 10:19,23-07-2026 13:55,31-07-2026 15:55,,,07-08-2026 13:57,,,,,,,4
2270950.0,24-07-2026 10:19,23-07-2026 13:55,30-07-2026 14:18,,,07-08-2026 13:57,,,,,,,4
2270956.0,24-07-2026 10:19,23-07-2026 13:55,30-07-2026 14:18,,14-08-2026 12:18,06-08-2026 14:04,29-08-2026 10:41,,,,,,6
2270963.0,24-07-2026 10:19,23-07-2026 13:55,30-07-2026 14:18,,14-08-2026 12:18,06-08-2026 14:04,29-08-2026 10:41,,,,,,6
2270968.0,24-07-2026 10:19,23-07-2026 13:55,30-07-2026 14:18,,14-08-2026 12:18,06-08-2026 14:04,29-08-2026 10:41,,,,,,6
2270973.0,22-07-2026 14:25,15-07-2026 14:22,05-08-2026 10:02,24-08-2026 14:31,24-08-2026 14:29,18-08-2026 10:47,,,,,,,6
2270974.0,20-07-2026 11:58,15-07-2026 14:27,,,,,,,,,,,2
2270976.0,27-07-2026 14:51,15-07-2026 14:22,29-07-2026 11:11,19-08-2026 11:04,19-08-2026 11:04,11-08-2026 10:50,,,,,,,6
2270977.0,,28-07-2026 15:56,,,,,,,,,,,1
2270980.0,20-07-2026 12:39,15-07-2026 14:27,,,24-08-2026 12:03,12-08-2026 12:39,,,,,,,4
2270984.0,22-07-2026 15:50,15-07-2026 11:05,27-07-2026 15:03,18-08-2026 14:55,18-08-2026 14:54,12-08-2026 14:22,25-08-2026 14:26,,,,,,7
2270985.0,24-07-2026 10:19,23-07-2026 13:55,30-07-2026 14:18,,,07-08-2026 13:57,,,,,,,4
2270988.0,20-07-2026 12:39,15-07-2026 11:05,,19-08-2026 15:02,19-08-2026 14:59,12-08-2026 12:39,,,,,,,5
2270989.0,22-07-2026 14:25,15-07-2026 14:22,29-07-2026 14:29,24-08-2026 15:48,19-08-2026 14:16,11-08-2026 10:10,,,,,,,6
2270991.0,30-07-2026 11:41,27-07-2026 14:43,31-07-2026 13:56,20-08-2026 12:13,20-08-2026 12:13,06-08-2026 10:34,,,,,,,6
2270993.0,20-07-2026 12:39,15-07-2026 11:05,05-08-2026 15:45,19-08-2026 15:02,19-08-2026 14:59,12-08-2026 12:39,,,,,,,6
2270996.0,24-07-2026 10:19,23-07-2026 13:55,30-07-2026 14:18,,,07-08-2026 13:57,,,,,,,4
2270998.0,22-07-2026 14:25,15-07-2026 14:22,29-07-2026 11:11,19-08-2026 11:04,19-08-2026 11:04,11-08-2026 10:50,,,,,,,6
2271000.0,20-07-2026 12:39,15-07-2026 11:05,05-08-2026 15:45,19-08-2026 15:02,19-08-2026 14:59,12-08-2026 12:39,,,,,,,6
2271001.0,24-07-2026 10:19,23-07-2026 13:55,31-07-2026 15:55,,,07-08-2026 13:57,,,,,,,4
2271006.0,20-07-2026 12:39,15-07-2026 11:05,,19-08-2026 15:02,19-08-2026 14:59,,,,,,,,4
2271007.0,22-07-2026 14:25,15-07-2026 14:22,05-08-2026 10:02,24-08-2026 14:31,24-08-2026 14:29,18-08-2026 10:47,,,,,,,6
2271013.0,24-07-2026 10:19,23-07-2026 13:55,30-07-2026 14:18,,,07-08-2026 13:57,,,,,,,4
2271014.0,01-08-2026 16:05,27-07-2026 14:43,30-07-2026 14:18,,14-08-2026 12:18,06-08-2026 14:04,29-08-2026 10:41,,,,,,6
2271018.0,24-07-2026 10:19,23-07-2026 13:55,31-07-2026 15:55,14-08-2026 12:19,14-08-2026 12:18,07-08-2026 13:57,,,,,,,6
2271020.0,01-08-2026 16:05,27-07-2026 14:43,30-07-2026 14:18,,14-08-2026 12:18,06-08-2026 14:04,29-08-2026 10:41,,,,,,6
2271021.0,29-07-2026 10:34,04-07-2026 15:25,27-07-2026 14:47,18-08-2026 12:21,18-08-2026 12:19,05-08-2026 12:19,,,,,,,6
2271022.0,24-07-2026 10:19,23-07-2026 13:55,31-07-2026 15:55,,,07-08-2026 13:57,,,,,,,4
2271023.0,20-07-2026 14:54,04-07-2026 15:25,27-07-2026 14:47,18-08-2026 12:21,18-08-2026 12:19,05-08-2026 12:19,27-08-2026 12:17,,,,,,7
2271024.0,01-08-2026 16:05,27-07-2026 14:43,31-07-2026 15:55,,14-08-2026 12:18,06-08-2026 14:04,29-08-2026 10:41,,,,,,6
2271026.0,20-07-2026 14:54,04-07-2026 15:25,27-07-2026 14:47,18-08-2026 12:21,18-08-2026 12:19,05-08-2026 12:19,27-08-2026 12:17,,,,,,7
2271028.0,20-07-2026 14:54,17-07-2026 14:59,27-07-2026 14:47,18-08-2026 12:21,18-08-2026 12:19,12-08-2026 10:43,,,,,,,6
2271030.0,22-07-2026 11:54,06-07-2026 10:56,28-07-2026 15:39,24-08-2026 14:50,24-08-2026 14:50,05-08-2026 11:50,,,,,,,6
2271032.0,20-07-2026 14:54,17-07-2026 14:59,27-07-2026 14:47,18-08-2026 12:21,18-08-2026 12:19,05-08-2026 12:19,27-08-2026 12:17,,,,,,7
2271035.0,20-07-2026 14:54,04-07-2026 15:25,27-07-2026 14:47,18-08-2026 12:21,18-08-2026 12:19,05-08-2026 12:19,27-08-2026 12:17,,,,,,7
2271037.0,01-08-2026 16:05,27-07-2026 14:43,31-07-2026 15:55,,14-08-2026 12:18,06-08-2026 14:04,29-08-2026 10:41,,,,,,6
2271038.0,22-07-2026 11:54,06-07-2026 10:56,28-07-2026 15:39,24-08-2026 14:50,24-08-2026 14:50,05-08-2026 11:50,,,,,,,6
2271040.0,20-07-2026 14:54,04-07-2026 15:25,27-07-2026 14:47,18-08-2026 12:21,18-08-2026 12:19,05-08-2026 12:19,27-08-2026 12:17,,,,,,7
2271042.0,01-08-2026 16:05,27-07-2026 14:43,30-07-2026 14:18,,14-08-2026 12:18,06-08-2026 14:04,29-08-2026 10:41,,,,,,6
2271043.0,23-07-2026 12:10,06-07-2026 10:56,28-07-2026 12:33,,,11-08-2026 16:20,,,,,,,4
2271044.0,20-07-2026 14:54,04-07-2026 15:25,27-07-2026 14:47,18-08-2026 12:21,18-08-2026 12:19,05-08-2026 12:19,27-08-2026 12:17,,,,,,7
2271046.0,23-07-2026 12:10,13-07-2026 16:18,28-07-2026 12:33,,,11-08-2026 16:20,,,,,,,4
2271049.0,23-07-2026 12:10,13-07-2026 16:18,28-07-2026 12:33,,,11-08-2026 16:20,,,,,,,4
2271051.0,24-07-2026 10:19,23-07-2026 13:55,30-07-2026 14:18,,,07-08-2026 13:57,,,,,,,4
2271053.0,23-07-2026 12:10,13-07-2026 16:18,28-07-2026 12:33,,,11-08-2026 16:20,,,,,,,4
2271060.0,22-07-2026 11:54,06-07-2026 10:56,,24-08-2026 14:50,24-08-2026 14:50,05-08-2026 11:50,,,,,,,5
2271062.0,22-07-2026 11:54,13-07-2026 16:18,28-07-2026 15:39,24-08-2026 14:50,24-08-2026 14:50,05-08-2026 11:50,,,,,,,6
2271065.0,22-07-2026 11:54,13-07-2026 16:18,28-07-2026 15:39,24-08-2026 14:50,24-08-2026 14:50,05-08-2026 11:50,,,,,,,6
2271067.0,24-07-2026 10:19,23-07-2026 13:55,31-07-2026 15:55,,,07-08-2026 13:57,,,,,,,4
2271068.0,22-07-2026 11:54,06-07-2026 10:56,28-07-2026 15:39,24-08-2026 14:50,24-08-2026 14:50,05-08-2026 11:50,,,,,,,6
2271071.0,01-08-2026 16:05,07-08-2026 11:47,30-07-2026 14:18,,,07-08-2026 13:57,,,,,,,4
2271072.0,22-07-2026 11:54,06-07-2026 10:56,28-07-2026 15:39,24-08-2026 14:50,24-08-2026 14:50,05-08-2026 11:50,,,,,,,6
2271074.0,23-07-2026 12:10,06-07-2026 10:56,28-07-2026 12:33,,,11-08-2026 16:20,,,,,,,4
2271076.0,24-07-2026 10:19,23-07-2026 13:55,30-07-2026 14:18,,14-08-2026 12:18,06-08-2026 14:04,29-08-2026 10:41,,,,,,6
2271077.0,20-07-2026 13:58,17-07-2026 12:27,27-07-2026 16:02,19-08-2026 15:26,19-08-2026 15:25,12-08-2026 10:43,,,,,,,6
2271079.0,01-08-2026 16:05,27-07-2026 14:43,30-07-2026 14:18,,14-08-2026 12:18,06-08-2026 14:04,29-08-2026 10:41,,,,,,6
2271081.0,29-07-2026 10:34,17-07-2026 12:27,27-07-2026 16:02,19-08-2026 15:26,19-08-2026 15:25,06-08-2026 15:34,,,,,,,6
2271082.0,20-07-2026 13:58,17-07-2026 12:27,27-07-2026 16:02,19-08-2026 15:26,19-08-2026 15:25,06-08-2026 15:34,,,,,,,6
2271083.0,24-07-2026 10:19,23-07-2026 13:55,30-07-2026 14:18,14-08-2026 12:19,14-08-2026 12:18,07-08-2026 13:57,,,,,,,6
2271084.0,20-07-2026 13:58,17-07-2026 12:27,27-07-2026 16:02,19-08-2026 15:26,19-08-2026 15:25,06-08-2026 15:34,,,,,,,6
2271085.0,24-07-2026 10:19,23-07-2026 13:55,30-07-2026 14:18,14-08-2026 12:19,14-08-2026 12:18,07-08-2026 13:57,,,,,,,6
2271086.0,29-07-2026 10:34,17-07-2026 12:27,27-07-2026 16:02,29-08-2026 11:28,29-08-2026 11:29,06-08-2026 15:34,,,,,,,6
2271087.0,24-07-2026 10:19,23-07-2026 13:55,30-07-2026 14:18,,,07-08-2026 13:57,,,,,,,4
2271088.0,20-07-2026 13:58,30-07-2026 13:49,27-07-2026 16:02,19-08-2026 15:26,19-08-2026 15:25,06-08-2026 15:34,,,,,,,6
2271089.0,22-07-2026 11:54,06-07-2026 10:56,,24-08-2026 14:50,24-08-2026 14:50,05-08-2026 11:50,,,,,,,5
2271092.0,29-07-2026 10:34,17-07-2026 12:27,27-07-2026 16:02,29-08-2026 11:28,29-08-2026 11:29,12-08-2026 10:43,,,,,,,6
2271094.0,23-07-2026 12:10,13-07-2026 16:18,28-07-2026 12:33,,,11-08-2026 16:20,,,,,,,4
2271095.0,29-07-2026 10:34,24-07-2026 14:44,04-08-2026 14:03,18-08-2026 12:21,18-08-2026 12:19,05-08-2026 12:19,,,,,,,6
2271096.0,23-07-2026 12:22,04-07-2026 11:47,01-08-2026 12:15,19-08-2026 12:26,19-08-2026 12:24,12-08-2026 12:28,,,,,,,6
2271099.0,22-07-2026 11:54,06-07-2026 10:56,28-07-2026 15:39,24-08-2026 14:50,24-08-2026 14:50,05-08-2026 11:50,,,,,,,6
2271100.0,01-08-2026 16:05,27-07-2026 14:43,31-07-2026 15:55,,14-08-2026 12:18,06-08-2026 14:04,29-08-2026 10:41,,,,,,6
2271102.0,01-08-2026 16:05,27-07-2026 14:43,30-07-2026 14:18,,14-08-2026 12:18,06-08-2026 14:04,29-08-2026 10:41,,,,,,6
2271105.0,22-07-2026 11:54,13-07-2026 16:18,28-07-2026 15:39,24-08-2026 14:50,24-08-2026 14:50,05-08-2026 11:50,,,,,,,6
2271109.0,22-07-2026 11:54,13-07-2026 16:18,28-07-2026 15:39,24-08-2026 14:50,24-08-2026 14:50,05-08-2026 11:50,,,,,,,6
2271113.0,23-07-2026 12:10,13-07-2026 16:18,28-07-2026 12:33,,,11-08-2026 16:20,,,,,,,4
2271117.0,01-08-2026 16:05,27-07-2026 14:43,30-07-2026 14:18,,14-08-2026 12:18,06-08-2026 14:04,29-08-2026 10:41,,,,,,6
2271119.0,23-07-2026 12:10,06-07-2026 10:56,28-07-2026 12:33,,,11-08-2026 16:20,,,,,,,4
2271124.0,24-07-2026 10:19,23-07-2026 13:55,30-07-2026 14:18,,,07-08-2026 13:57,,,,,,,4
2271126.0,22-07-2026 11:54,06-07-2026 10:56,,24-08-2026 14:50,24-08-2026 14:50,05-08-2026 11:50,,,,,,,5
2271129.0,01-08-2026 16:05,27-07-2026 14:43,30-07-2026 14:18,,14-08-2026 12:18,06-08-2026 14:04,29-08-2026 10:41,,,,,,6
2271133.0,20-07-2026 13:58,30-07-2026 13:49,27-07-2026 16:02,19-08-2026 15:26,19-08-2026 15:25,06-08-2026 15:34,,,,,,,6
2271137.0,15-07-2026 10:45,08-07-2026 13:53,29-07-2026 14:37,12-08-2026 12:11,12-08-2026 12:10,,31-08-2026 11:39,,,,,,6
2271139.0,01-08-2026 16:05,27-07-2026 14:43,31-07-2026 15:55,,14-08-2026 12:18,06-08-2026 14:04,29-08-2026 10:41,,,,,,6
2271143.0,27-07-2026 14:51,15-07-2026 14:22,05-08-2026 10:02,24-08-2026 14:31,24-08-2026 14:29,18-08-2026 10:47,,,,,,,6
2271146.0,24-07-2026 10:19,23-07-2026 13:55,30-07-2026 14:18,,14-08-2026 12:18,06-08-2026 14:04,29-08-2026 10:41,,,,,,6
2271152.0,01-08-2026 16:05,27-07-2026 14:43,31-07-2026 15:55,,,06-08-2026 14:04,,,,,,,4
2271155.0,27-07-2026 14:51,15-07-2026 14:22,29-07-2026 14:29,24-08-2026 15:48,19-08-2026 14:16,11-08-2026 10:10,,,,,,,6
2271160.0,22-07-2026 14:25,15-07-2026 14:22,29-07-2026 11:11,19-08-2026 11:04,19-08-2026 11:04,11-08-2026 10:50,,,,,,,6
2271161.0,01-08-2026 16:05,27-07-2026 14:43,30-07-2026 14:18,,14-08-2026 12:18,06-08-2026 14:04,29-08-2026 10:41,,,,,,6
2271167.0,24-07-2026 10:19,23-07-2026 13:55,30-07-2026 14:18,,,07-08-2026 13:57,,,,,,,4
2271168.0,22-07-2026 14:25,06-07-2026 11:18,29-07-2026 11:11,19-08-2026 11:04,19-08-2026 11:04,11-08-2026 10:50,,,,,,,6
2271172.0,01-08-2026 16:05,07-08-2026 11:47,30-07-2026 14:18,,,07-08-2026 13:57,,,,,,,4
2271177.0,24-07-2026 10:19,23-07-2026 13:55,30-07-2026 14:18,,,07-08-2026 13:57,,,,,,,4
2271181.0,24-07-2026 10:19,23-07-2026 13:55,30-07-2026 14:18,,,07-08-2026 13:57,,,,,,,4
2271182.0,,15-07-2026 14:22,29-07-2026 11:11,19-08-2026 11:04,19-08-2026 11:04,,,,,,,,4
2271185.0,24-07-2026 10:19,23-07-2026 13:55,30-07-2026 14:18,,,07-08-2026 13:57,,,,,,,4
2271188.0,,15-07-2026 14:22,29-07-2026 11:11,19-08-2026 11:04,19-08-2026 11:04,,,,,,,,4
2271190.0,21-07-2026 14:11,06-07-2026 15:04,29-07-2026 10:18,18-08-2026 14:35,18-08-2026 14:34,11-08-2026 12:34,,,,,,,6
2271194.0,01-08-2026 16:05,27-07-2026 14:43,31-07-2026 15:55,,14-08-2026 12:18,06-08-2026 14:04,,,,,,,5
2271198.0,22-07-2026 14:25,15-07-2026 14:22,29-07-2026 14:29,24-08-2026 14:31,31-08-2026 12:17,18-08-2026 10:47,,,,,,,6
2271209.0,22-07-2026 14:25,06-07-2026 11:18,29-07-2026 11:11,19-08-2026 11:04,19-08-2026 11:04,11-08-2026 10:50,,,,,,,6
2271220.0,,06-07-2026 11:18,29-07-2026 11:11,19-08-2026 11:04,19-08-2026 11:04,11-08-2026 10:50,,,,,,,5
2271256.0,27-07-2026 14:51,06-07-2026 11:18,29-07-2026 14:29,24-08-2026 15:48,19-08-2026 14:16,11-08-2026 10:10,,,,,,,6
2271264.0,,15-07-2026 14:22,29-07-2026 11:11,19-08-2026 11:04,19-08-2026 11:04,11-08-2026 10:50,,,,,,,5
2271276.0,22-07-2026 14:25,15-07-2026 14:22,29-07-2026 14:29,24-08-2026 15:48,19-08-2026 14:16,11-08-2026 10:10,,,,,,,6
2271541.0,21-07-2026 13:44,13-07-2026 11:43,27-07-2026 13:59,18-08-2026 12:04,18-08-2026 12:04,05-08-2026 13:45,,,,,,,6
2271548.0,15-07-2026 10:45,06-07-2026 14:46,29-07-2026 14:37,12-08-2026 12:11,12-08-2026 12:10,06-08-2026 14:29,,,,,,,6
2271554.0,23-07-2026 12:22,24-07-2026 14:44,29-07-2026 15:20,19-08-2026 12:26,19-08-2026 12:24,12-08-2026 12:28,,,,,,,6
2271555.0,29-07-2026 10:34,04-07-2026 15:25,04-08-2026 14:03,18-08-2026 12:21,18-08-2026 12:19,05-08-2026 12:19,27-08-2026 12:17,,,,,,7
2271556.0,29-07-2026 12:13,24-07-2026 14:44,29-07-2026 15:20,19-08-2026 12:26,19-08-2026 12:24,12-08-2026 12:28,,,,,,,6
2271557.0,23-07-2026 12:22,30-07-2026 13:49,29-07-2026 15:20,19-08-2026 12:26,19-08-2026 12:24,12-08-2026 12:28,,,,,,,6
2271564.0,13-07-2026 12:25,08-07-2026 16:10,27-07-2026 15:33,18-08-2026 10:43,18-08-2026 10:43,05-08-2026 12:25,25-08-2026 12:04,,,,,,7
2271575.0,20-07-2026 13:58,04-07-2026 15:25,27-07-2026 16:02,19-08-2026 15:26,19-08-2026 15:25,06-08-2026 15:34,,,,,,,6
2271578.0,20-07-2026 11:36,30-07-2026 14:40,,14-08-2026 11:48,14-08-2026 11:41,06-08-2026 11:34,,,,,,,5
2271602.0,20-07-2026 11:44,06-07-2026 11:58,28-07-2026 10:46,24-08-2026 12:42,24-08-2026 12:42,13-08-2026 14:50,,,,,,,6
2271608.0,,15-07-2026 14:27,27-07-2026 12:34,24-08-2026 12:04,24-08-2026 12:03,12-08-2026 11:57,31-08-2026 11:49,,,,,,6
2271611.0,22-07-2026 15:50,20-07-2026 14:20,27-07-2026 15:03,18-08-2026 14:55,18-08-2026 14:54,12-08-2026 14:22,,,,,,,6
2271615.0,27-07-2026 12:34,22-07-2026 12:34,06-08-2026 14:11,25-08-2026 14:30,25-08-2026 14:28,13-08-2026 14:57,,,,,,,6
2271616.0,20-07-2026 11:58,15-07-2026 11:05,27-07-2026 12:34,24-08-2026 12:04,24-08-2026 12:03,12-08-2026 11:57,31-08-2026 11:49,,,,,,7
2271619.0,27-07-2026 12:34,22-07-2026 12:34,06-08-2026 14:11,25-08-2026 14:30,25-08-2026 14:28,13-08-2026 14:57,,,,,,,6
2271621.0,20-07-2026 12:39,15-07-2026 11:05,05-08-2026 15:45,19-08-2026 15:02,19-08-2026 14:59,12-08-2026 12:39,,,,,,,6
2271622.0,27-07-2026 12:34,22-07-2026 12:34,06-08-2026 14:11,25-08-2026 14:30,25-08-2026 14:28,07-08-2026 16:27,,,,,,,6
2271624.0,15-07-2026 12:19,08-07-2026 16:10,27-07-2026 12:08,17-08-2026 15:23,17-08-2026 15:22,05-08-2026 12:25,24-08-2026 12:21,,,,,,7
2271626.0,27-07-2026 12:34,22-07-2026 12:34,06-08-2026 14:11,25-08-2026 14:30,25-08-2026 14:28,13-08-2026 14:57,,,,,,,6
2271628.0,31-07-2026 12:38,28-07-2026 15:52,06-08-2026 14:11,25-08-2026 14:30,25-08-2026 14:28,07-08-2026 16:27,,,,,,,6
2271629.0,20-07-2026 11:58,15-07-2026 14:27,27-07-2026 12:34,24-08-2026 12:04,24-08-2026 12:03,12-08-2026 11:57,31-08-2026 11:49,,,,,,7
2271631.0,20-07-2026 11:58,15-07-2026 11:05,27-07-2026 12:34,24-08-2026 12:04,24-08-2026 12:03,12-08-2026 11:57,31-08-2026 11:49,,,,,,7
2271633.0,20-07-2026 13:58,17-07-2026 12:27,27-07-2026 16:02,19-08-2026 15:26,19-08-2026 15:25,06-08-2026 15:34,,,,,,,6
2271637.0,22-07-2026 15:50,20-07-2026 14:20,,,,12-08-2026 14:22,25-08-2026 14:26,,,,,,4
2271640.0,30-07-2026 11:41,10-07-2026 11:54,31-07-2026 13:56,20-08-2026 12:13,20-08-2026 12:13,06-08-2026 10:34,,,,,,,6
2271641.0,27-07-2026 12:34,22-07-2026 12:34,06-08-2026 14:11,25-08-2026 14:30,25-08-2026 14:28,07-08-2026 16:27,,,,,,,6
2271642.0,22-07-2026 15:50,20-07-2026 14:20,27-07-2026 15:03,,19-08-2026 13:41,12-08-2026 14:22,25-08-2026 14:26,,,,,,6
2271643.0,27-07-2026 12:34,06-07-2026 14:04,06-08-2026 14:11,25-08-2026 14:30,25-08-2026 14:28,13-08-2026 14:57,,,,,,,6
2271646.0,27-07-2026 12:34,22-07-2026 12:34,06-08-2026 14:11,25-08-2026 14:30,25-08-2026 14:28,13-08-2026 14:57,,,,,,,6
2271647.0,27-07-2026 12:34,06-07-2026 14:04,06-08-2026 14:11,25-08-2026 14:30,25-08-2026 14:28,13-08-2026 14:57,,,,,,,6
2271648.0,20-07-2026 11:58,15-07-2026 11:05,27-07-2026 12:34,24-08-2026 12:04,24-08-2026 12:03,12-08-2026 11:57,31-08-2026 11:49,,,,,,7
2271649.0,22-07-2026 15:50,20-07-2026 14:20,27-07-2026 15:03,18-08-2026 14:55,18-08-2026 14:54,12-08-2026 14:22,25-08-2026 14:26,,,,,,7
2271650.0,27-07-2026 12:34,22-07-2026 12:34,06-08-2026 14:11,29-08-2026 11:17,29-08-2026 11:11,07-08-2026 16:27,,,,,,,6
2271651.0,18-07-2026 14:06,03-07-2026 11:55,12-08-2026 14:24,24-08-2026 15:27,24-08-2026 15:16,18-08-2026 14:36,,,,,,,6
2271652.0,27-07-2026 12:34,22-07-2026 12:34,06-08-2026 14:11,29-08-2026 11:17,29-08-2026 11:11,07-08-2026 16:27,,,,,,,6
2271653.0,30-07-2026 11:41,10-07-2026 11:54,31-07-2026 13:56,20-08-2026 12:13,20-08-2026 12:13,06-08-2026 10:34,,,,,,,6
2271654.0,13-07-2026 11:51,09-07-2026 11:39,12-08-2026 14:44,,,18-08-2026 14:36,,,,,,,4
2271655.0,31-07-2026 12:38,22-07-2026 12:34,06-08-2026 14:11,25-08-2026 14:30,25-08-2026 14:28,13-08-2026 14:57,,,,,,,6
2271656.0,27-07-2026 12:34,06-07-2026 14:04,06-08-2026 14:11,25-08-2026 14:30,25-08-2026 14:28,13-08-2026 14:57,,,,,,,6
2271657.0,27-07-2026 12:34,22-07-2026 12:34,06-08-2026 14:11,25-08-2026 14:30,25-08-2026 14:28,13-08-2026 14:57,,,,,,,6
2271658.0,27-07-2026 12:34,06-07-2026 14:04,06-08-2026 14:11,25-08-2026 14:30,25-08-2026 14:28,13-08-2026 14:57,,,,,,,6
2271659.0,15-07-2026 11:02,03-07-2026 11:55,12-08-2026 14:44,25-08-2026 15:02,25-08-2026 15:10,,,,,,,,5
2271661.0,27-07-2026 12:34,22-07-2026 12:34,06-08-2026 14:11,25-08-2026 14:30,25-08-2026 14:28,07-08-2026 16:27,,,,,,,6
2271665.0,27-07-2026 12:34,22-07-2026 12:34,06-08-2026 14:11,29-08-2026 11:17,29-08-2026 11:11,13-08-2026 14:57,,,,,,,6
2271669.0,27-07-2026 12:34,22-07-2026 12:34,06-08-2026 14:11,25-08-2026 14:30,25-08-2026 14:28,13-08-2026 14:57,,,,,,,6
2271673.0,27-07-2026 12:34,22-07-2026 12:34,06-08-2026 14:11,25-08-2026 14:30,25-08-2026 14:28,13-08-2026 14:57,,,,,,,6
2271682.0,15-07-2026 11:02,09-07-2026 11:39,12-08-2026 14:44,,,,,,,,,,3
2271690.0,10-07-2026 13:15,03-07-2026 15:45,12-08-2026 14:44,31-08-2026 12:46,31-08-2026 12:26,14-08-2026 12:21,31-08-2026 16:10,,,,,,7
2271693.0,15-07-2026 11:02,03-07-2026 11:55,12-08-2026 14:44,25-08-2026 15:02,25-08-2026 15:10,,,,,,,,5
2271696.0,20-07-2026 11:58,15-07-2026 14:27,27-07-2026 12:34,24-08-2026 12:04,24-08-2026 12:03,12-08-2026 11:57,,,,,,,6
2271717.0,20-07-2026 12:39,15-07-2026 14:27,05-08-2026 15:45,19-08-2026 15:02,19-08-2026 14:59,12-08-2026 12:39,,,,,,,6
2271721.0,20-07-2026 12:39,15-07-2026 14:27,05-08-2026 15:45,,24-08-2026 12:03,12-08-2026 12:39,,,,,,,5
2271724.0,20-07-2026 11:58,15-07-2026 11:05,27-07-2026 12:34,24-08-2026 12:04,24-08-2026 12:03,12-08-2026 11:57,31-08-2026 11:49,,,,,,7
2271825.0,23-07-2026 12:10,06-07-2026 10:56,28-07-2026 12:33,,,11-08-2026 16:20,,,,,,,4
2271828.0,22-07-2026 11:54,06-07-2026 10:56,,24-08-2026 14:50,24-08-2026 14:50,05-08-2026 11:50,,,,,,,5
2271835.0,23-07-2026 12:10,13-07-2026 16:18,28-07-2026 12:33,,,11-08-2026 16:20,,,,,,,4
2271839.0,20-07-2026 12:39,15-07-2026 14:27,,,24-08-2026 12:03,12-08-2026 12:39,,,,,,,4
2271840.0,29-07-2026 10:34,30-07-2026 13:49,27-07-2026 15:28,,,05-08-2026 14:03,27-08-2026 13:53,,,,,,5
2271842.0,22-07-2026 11:54,13-07-2026 16:18,28-07-2026 15:39,24-08-2026 14:50,24-08-2026 14:50,05-08-2026 11:50,,,,,,,6
2271843.0,22-07-2026 15:50,15-07-2026 11:05,27-07-2026 15:03,18-08-2026 14:55,18-08-2026 14:54,12-08-2026 14:22,25-08-2026 14:26,,,,,,7
2271882.0,29-07-2026 12:13,30-07-2026 14:40,,14-08-2026 11:48,14-08-2026 11:41,29-08-2026 15:00,,,,,,,5
2272025.0,23-07-2026 12:10,13-07-2026 16:18,28-07-2026 12:33,,,11-08-2026 16:20,,,,,,,4
2272027.0,20-07-2026 11:58,15-07-2026 11:05,27-07-2026 12:34,24-08-2026 12:04,24-08-2026 12:03,12-08-2026 11:57,31-08-2026 11:49,,,,,,7
2272031.0,22-07-2026 15:50,20-07-2026 14:20,,18-08-2026 14:55,18-08-2026 14:54,12-08-2026 14:22,25-08-2026 14:26,,,,,,6
2272032.0,29-07-2026 12:13,04-07-2026 14:11,30-07-2026 15:33,18-08-2026 14:18,18-08-2026 14:17,12-08-2026 10:43,27-08-2026 13:53,,,,,,7
2272033.0,22-07-2026 15:50,20-07-2026 14:20,27-07-2026 15:03,18-08-2026 14:55,18-08-2026 14:54,12-08-2026 14:22,25-08-2026 14:26,,,,,,7
2272036.0,30-07-2026 11:41,10-07-2026 11:54,31-07-2026 13:56,20-08-2026 12:13,20-08-2026 12:13,06-08-2026 10:34,,,,,,,6
2272039.0,20-07-2026 14:54,04-07-2026 15:25,04-08-2026 14:03,29-08-2026 11:28,29-08-2026 11:29,05-08-2026 12:19,27-08-2026 12:17,,,,,,7
2272040.0,22-07-2026 15:50,20-07-2026 14:20,27-07-2026 15:03,18-08-2026 14:55,18-08-2026 14:54,12-08-2026 14:22,,,,,,,6
2272041.0,30-07-2026 11:41,10-07-2026 11:54,31-07-2026 13:56,20-08-2026 12:13,20-08-2026 12:13,06-08-2026 10:34,,,,,,,6
2272043.0,22-07-2026 11:54,06-07-2026 10:56,,24-08-2026 14:50,24-08-2026 14:50,05-08-2026 11:50,,,,,,,5
2272044.0,30-07-2026 11:41,10-07-2026 11:54,31-07-2026 13:56,20-08-2026 12:13,20-08-2026 12:13,06-08-2026 10:34,,,,,,,6
2272045.0,23-07-2026 12:22,30-07-2026 14:40,29-07-2026 15:20,19-08-2026 15:26,19-08-2026 15:25,29-08-2026 15:00,,,,,,,6
2272046.0,30-07-2026 11:41,10-07-2026 11:54,31-07-2026 13:56,20-08-2026 12:13,20-08-2026 12:13,06-08-2026 10:34,,,,,,,6
2272048.0,20-07-2026 14:54,04-07-2026 15:25,27-07-2026 14:47,18-08-2026 12:21,18-08-2026 12:19,12-08-2026 10:43,27-08-2026 12:17,,,,,,7
2272051.0,23-07-2026 12:22,30-07-2026 13:49,29-07-2026 15:20,19-08-2026 12:26,19-08-2026 12:24,12-08-2026 12:28,,,,,,,6
2272052.0,30-07-2026 11:41,10-07-2026 11:54,31-07-2026 13:56,20-08-2026 12:13,20-08-2026 12:13,06-08-2026 10:34,,,,,,,6
2272053.0,30-07-2026 11:41,10-07-2026 11:54,31-07-2026 13:56,20-08-2026 12:13,20-08-2026 12:13,06-08-2026 10:34,,,,,,,6
2272054.0,13-07-2026 12:25,08-07-2026 12:22,27-07-2026 12:08,18-08-2026 10:43,18-08-2026 10:43,05-08-2026 12:25,25-08-2026 12:04,,,,,,7
2272055.0,30-07-2026 11:41,10-07-2026 11:54,31-07-2026 13:56,20-08-2026 12:13,20-08-2026 12:13,06-08-2026 10:34,,,,,,,6
2272056.0,30-07-2026 11:41,10-07-2026 11:54,31-07-2026 13:56,20-08-2026 12:13,20-08-2026 12:13,06-08-2026 10:34,,,,,,,6
2272061.0,30-07-2026 11:41,10-07-2026 11:54,31-07-2026 13:56,20-08-2026 12:13,20-08-2026 12:13,06-08-2026 10:34,,,,,,,6
2272063.0,30-07-2026 11:41,10-07-2026 11:54,31-07-2026 13:56,20-08-2026 12:13,20-08-2026 12:13,06-08-2026 10:34,,,,,,,6
2272065.0,30-07-2026 11:41,27-07-2026 14:43,31-07-2026 13:56,20-08-2026 12:13,20-08-2026 12:13,06-08-2026 10:34,,,,,,,6
2272066.0,20-07-2026 10:39,03-07-2026 11:04,01-08-2026 15:56,14-08-2026 11:48,14-08-2026 11:41,05-08-2026 10:45,27-08-2026 10:46,,,,,,7
2272067.0,20-07-2026 10:46,06-07-2026 10:57,28-07-2026 10:46,24-08-2026 12:42,24-08-2026 12:42,13-08-2026 14:50,,,,,,,6
2272068.0,30-07-2026 11:41,10-07-2026 11:54,31-07-2026 13:56,20-08-2026 12:13,20-08-2026 12:13,06-08-2026 10:34,,,,,,,6
2272069.0,30-07-2026 11:41,10-07-2026 11:54,31-07-2026 13:56,20-08-2026 12:13,20-08-2026 12:13,06-08-2026 10:34,,,,,,,6
2272073.0,20-07-2026 10:39,03-07-2026 11:04,01-08-2026 15:56,14-08-2026 11:48,14-08-2026 11:41,05-08-2026 10:45,27-08-2026 10:46,,,,,,7
2272075.0,30-07-2026 11:41,10-07-2026 11:54,31-07-2026 13:56,20-08-2026 12:13,20-08-2026 12:13,06-08-2026 10:34,,,,,,,6
2272078.0,30-07-2026 11:41,10-07-2026 11:54,31-07-2026 13:56,20-08-2026 12:13,20-08-2026 12:13,06-08-2026 10:34,,,,,,,6
2272097.0,30-07-2026 11:41,27-07-2026 14:43,31-07-2026 13:56,20-08-2026 12:13,20-08-2026 12:13,06-08-2026 10:34,,,,,,,6
2272103.0,30-07-2026 11:41,10-07-2026 11:54,31-07-2026 13:56,20-08-2026 12:13,20-08-2026 12:13,06-08-2026 10:34,,,,,,,6
2272117.0,23-07-2026 12:10,13-07-2026 16:18,28-07-2026 12:33,,,11-08-2026 16:20,,,,,,,4
2272131.0,22-07-2026 11:54,13-07-2026 16:18,28-07-2026 15:39,24-08-2026 14:50,24-08-2026 14:50,05-08-2026 11:50,,,,,,,6
2272614.0,15-07-2026 13:46,06-07-2026 13:48,29-07-2026 16:00,12-08-2026 14:41,12-08-2026 14:41,11-08-2026 13:57,,,,,,,6
2272674.0,29-07-2026 10:34,24-07-2026 14:44,01-08-2026 12:15,19-08-2026 12:26,19-08-2026 12:24,12-08-2026 12:28,,,,,,,6
2272853.0,24-07-2026 11:53,17-07-2026 12:40,28-07-2026 14:26,25-08-2026 12:26,25-08-2026 12:25,05-08-2026 14:17,,,,,,,6
2273047.0,20-07-2026 13:58,17-07-2026 12:27,27-07-2026 16:02,19-08-2026 15:26,19-08-2026 15:25,06-08-2026 15:34,,,,,,,6
2273116.0,16-07-2026 15:52,06-07-2026 14:35,27-07-2026 14:32,19-08-2026 14:10,19-08-2026 14:09,05-08-2026 13:52,,,,,,,6
2273239.0,20-07-2026 14:54,04-07-2026 15:25,27-07-2026 14:47,18-08-2026 12:21,18-08-2026 12:19,05-08-2026 12:19,,,,,,,6
2273244.0,20-07-2026 14:54,04-07-2026 15:25,04-08-2026 14:03,29-08-2026 11:28,29-08-2026 11:29,05-08-2026 12:19,27-08-2026 12:17,,,,,,7
2273250.0,29-07-2026 10:34,04-07-2026 11:47,01-08-2026 12:15,19-08-2026 12:26,19-08-2026 12:24,12-08-2026 12:28,,,,,,,6
2273271.0,23-07-2026 12:22,04-07-2026 11:47,29-07-2026 15:20,19-08-2026 12:26,19-08-2026 12:24,12-08-2026 12:28,,,,,,,6
2273275.0,29-07-2026 10:34,24-07-2026 14:44,29-07-2026 15:20,29-08-2026 11:28,29-08-2026 11:29,12-08-2026 12:28,,,,,,,6
2273421.0,23-07-2026 12:22,30-07-2026 13:49,29-07-2026 15:20,19-08-2026 12:26,19-08-2026 12:24,12-08-2026 12:28,,,,,,,6
2273456.0,15-07-2026 13:46,06-07-2026 13:48,28-07-2026 11:36,12-08-2026 14:41,12-08-2026 14:41,11-08-2026 13:57,,,,,,,6
2273458.0,15-07-2026 13:46,06-07-2026 13:48,28-07-2026 11:36,12-08-2026 14:41,12-08-2026 14:41,11-08-2026 13:57,,,,,,,6
2273465.0,05-08-2026 14:32,06-07-2026 13:48,27-07-2026 11:44,25-08-2026 11:18,25-08-2026 11:16,11-08-2026 15:25,,,,,,,6
2273468.0,05-08-2026 14:32,06-07-2026 13:48,28-07-2026 11:36,12-08-2026 14:41,12-08-2026 14:41,11-08-2026 13:57,,,,,,,6
2273479.0,15-07-2026 13:46,06-07-2026 13:48,28-07-2026 11:36,12-08-2026 14:41,12-08-2026 14:41,11-08-2026 13:57,,,,,,,6
2273486.0,15-07-2026 13:46,20-07-2026 12:18,28-07-2026 11:36,12-08-2026 14:41,12-08-2026 14:41,11-08-2026 13:57,,,,,,,6
2273494.0,04-08-2026 14:30,13-07-2026 12:22,28-07-2026 10:41,12-08-2026 11:03,12-08-2026 11:02,05-08-2026 12:17,,,,,,,6
2273500.0,15-07-2026 13:46,06-07-2026 13:48,28-07-2026 11:36,12-08-2026 14:41,12-08-2026 14:41,11-08-2026 13:57,,,,,,,6
2273590.0,15-07-2026 13:46,06-07-2026 11:49,28-07-2026 11:36,12-08-2026 14:41,12-08-2026 14:41,11-08-2026 13:57,,,,,,,6
2273594.0,15-07-2026 13:46,06-07-2026 13:48,28-07-2026 11:36,12-08-2026 14:41,12-08-2026 14:41,11-08-2026 13:57,,,,,,,6
2273598.0,15-07-2026 13:46,20-07-2026 12:18,28-07-2026 11:36,12-08-2026 14:41,12-08-2026 14:41,11-08-2026 13:57,,,,,,,6
2273602.0,15-07-2026 13:46,06-07-2026 13:48,28-07-2026 11:36,25-08-2026 15:19,25-08-2026 15:18,24-08-2026 10:39,,,,,,,6
2273621.0,15-07-2026 13:46,06-07-2026 13:48,28-07-2026 11:36,12-08-2026 14:41,12-08-2026 14:41,11-08-2026 13:57,,,,,,,6
2273624.0,15-07-2026 12:23,06-07-2026 11:49,27-07-2026 11:44,25-08-2026 11:18,25-08-2026 11:16,11-08-2026 15:25,,,,,,,6
2274368.0,15-07-2026 13:46,20-07-2026 12:18,28-07-2026 11:36,25-08-2026 15:19,25-08-2026 15:18,24-08-2026 10:39,,,,,,,6
2274381.0,15-07-2026 12:23,06-07-2026 11:49,27-07-2026 11:44,25-08-2026 11:18,25-08-2026 11:16,11-08-2026 15:25,,,,,,,6
2274399.0,15-07-2026 12:23,06-07-2026 11:49,27-07-2026 11:44,25-08-2026 15:19,25-08-2026 15:18,11-08-2026 15:25,,,,,,,6
2274414.0,15-07-2026 12:23,20-07-2026 12:18,27-07-2026 11:44,25-08-2026 11:18,25-08-2026 11:16,11-08-2026 15:25,,,,,,,6
2274522.0,15-07-2026 13:46,06-07-2026 11:49,28-07-2026 11:36,12-08-2026 14:41,12-08-2026 14:41,11-08-2026 13:57,,,,,,,6
2274542.0,15-07-2026 12:23,06-07-2026 11:49,29-07-2026 16:00,25-08-2026 11:18,25-08-2026 11:16,11-08-2026 15:25,,,,,,,6
2274732.0,15-07-2026 13:46,06-07-2026 13:48,28-07-2026 13:32,,,24-08-2026 10:39,,,,,,,4
2274854.0,05-08-2026 14:32,06-07-2026 11:49,27-07-2026 11:44,25-08-2026 11:18,25-08-2026 11:16,11-08-2026 15:25,,,,,,,6
2274870.0,05-08-2026 14:32,20-07-2026 12:18,29-07-2026 16:00,25-08-2026 11:18,25-08-2026 11:16,11-08-2026 15:25,,,,,,,6
2274880.0,15-07-2026 13:46,06-07-2026 13:48,28-07-2026 11:36,12-08-2026 14:41,12-08-2026 14:41,11-08-2026 13:57,,,,,,,6
2274887.0,15-07-2026 13:46,20-07-2026 12:18,28-07-2026 11:36,12-08-2026 14:41,12-08-2026 14:41,11-08-2026 13:57,,,,,,,6
2274895.0,15-07-2026 12:23,06-07-2026 11:49,27-07-2026 11:44,25-08-2026 11:18,25-08-2026 11:16,11-08-2026 15:25,,,,,,,6
2274905.0,15-07-2026 13:46,20-07-2026 12:18,28-07-2026 11:36,12-08-2026 14:41,12-08-2026 14:41,11-08-2026 13:57,,,,,,,6
2274925.0,15-07-2026 13:46,06-07-2026 13:48,28-07-2026 11:36,12-08-2026 14:41,12-08-2026 14:41,11-08-2026 13:57,,,,,,,6
2274935.0,05-08-2026 14:32,06-07-2026 11:49,27-07-2026 11:44,25-08-2026 11:18,25-08-2026 11:16,24-08-2026 10:39,,,,,,,6
2274944.0,16-07-2026 15:21,06-07-2026 13:48,28-07-2026 10:41,12-08-2026 11:03,12-08-2026 11:02,05-08-2026 12:17,,,,,,,6
2274951.0,15-07-2026 13:46,06-07-2026 13:48,28-07-2026 11:36,25-08-2026 15:19,25-08-2026 15:18,24-08-2026 10:39,,,,,,,6
2274957.0,15-07-2026 12:23,06-07-2026 11:49,27-07-2026 11:44,25-08-2026 11:18,25-08-2026 11:16,11-08-2026 15:25,,,,,,,6
2274963.0,15-07-2026 12:23,20-07-2026 12:18,27-07-2026 11:44,25-08-2026 11:18,25-08-2026 11:16,24-08-2026 10:39,,,,,,,6
2274966.0,15-07-2026 12:23,06-07-2026 11:49,27-07-2026 11:44,25-08-2026 11:18,25-08-2026 11:16,11-08-2026 15:25,,,,,,,6
2276845.0,20-07-2026 13:58,17-07-2026 12:27,27-07-2026 16:02,19-08-2026 15:26,19-08-2026 15:25,06-08-2026 15:34,,,,,,,6
2276846.0,23-07-2026 12:22,30-07-2026 14:40,04-08-2026 14:03,19-08-2026 12:26,19-08-2026 12:24,12-08-2026 12:28,,,,,,,6
2276848.0,30-07-2026 11:42,06-07-2026 10:57,27-07-2026 10:50,24-08-2026 10:46,24-08-2026 10:45,13-08-2026 14:50,,,,,,,6
2276849.0,20-07-2026 10:46,31-07-2026 12:35,27-07-2026 11:51,24-08-2026 10:46,24-08-2026 10:45,13-08-2026 14:50,,,,,,,6
2276851.0,30-07-2026 11:42,29-07-2026 11:49,28-07-2026 10:46,29-08-2026 10:41,29-08-2026 10:41,13-08-2026 12:43,,,,,,,6
2276852.0,20-07-2026 10:46,06-07-2026 10:57,27-07-2026 10:50,24-08-2026 12:42,24-08-2026 12:42,07-08-2026 11:03,,,,,,,6
2276853.0,20-07-2026 10:46,06-07-2026 10:57,27-07-2026 10:50,24-08-2026 12:42,24-08-2026 12:42,07-08-2026 11:03,,,,,,,6
2276854.0,30-07-2026 11:42,06-07-2026 10:57,12-08-2026 12:39,29-08-2026 10:41,29-08-2026 10:41,13-08-2026 14:50,,,,,,,6
2276855.0,23-07-2026 12:10,13-07-2026 16:18,28-07-2026 12:33,,,11-08-2026 16:20,,,,,,,4
2276856.0,22-07-2026 11:54,13-07-2026 16:18,28-07-2026 15:39,24-08-2026 14:50,24-08-2026 14:50,05-08-2026 11:50,,,,,,,6
2276857.0,20-07-2026 11:44,06-07-2026 11:58,28-07-2026 10:46,27-08-2026 14:12,27-08-2026 14:12,13-08-2026 12:43,,,,,,,6
2276858.0,23-07-2026 12:10,13-07-2026 16:18,28-07-2026 12:33,,,11-08-2026 16:20,,,,,,,4
2276859.0,20-07-2026 10:46,06-07-2026 10:57,27-07-2026 10:50,24-08-2026 12:42,24-08-2026 12:42,07-08-2026 11:03,,,,,,,6
2276860.0,20-07-2026 11:44,06-07-2026 11:58,27-07-2026 11:51,27-08-2026 14:12,27-08-2026 14:12,13-08-2026 12:43,,,,,,,6
2276862.0,24-07-2026 11:53,17-07-2026 12:40,07-08-2026 12:39,25-08-2026 12:26,25-08-2026 12:25,05-08-2026 14:17,,,,,,,6
2276863.0,23-07-2026 12:10,13-07-2026 16:18,28-07-2026 12:33,,,11-08-2026 16:20,,,,,,,4
2276864.0,20-07-2026 10:46,06-07-2026 10:57,27-07-2026 10:50,24-08-2026 12:42,24-08-2026 12:42,07-08-2026 11:03,,,,,,,6
2276866.0,23-07-2026 12:10,13-07-2026 16:18,28-07-2026 12:33,,,11-08-2026 16:20,,,,,,,4
2276869.0,22-07-2026 15:50,20-07-2026 14:20,27-07-2026 15:03,18-08-2026 14:55,18-08-2026 14:54,12-08-2026 14:22,25-08-2026 14:26,,,,,,7
2276872.0,22-07-2026 15:50,20-07-2026 14:20,27-07-2026 15:03,,,12-08-2026 14:22,,,,,,,4
2276877.0,20-07-2026 11:58,15-07-2026 14:27,27-07-2026 12:34,24-08-2026 12:04,24-08-2026 12:03,12-08-2026 11:57,31-08-2026 11:49,,,,,,7
2276880.0,22-07-2026 15:50,20-07-2026 14:20,27-07-2026 15:03,18-08-2026 14:55,18-08-2026 14:54,12-08-2026 14:22,25-08-2026 14:26,,,,,,7
2276885.0,22-07-2026 15:50,20-07-2026 14:20,27-07-2026 15:03,18-08-2026 14:55,18-08-2026 14:54,12-08-2026 14:22,25-08-2026 14:26,,,,,,7
2276888.0,20-07-2026 11:58,15-07-2026 11:05,27-07-2026 12:34,24-08-2026 12:04,24-08-2026 12:03,12-08-2026 11:57,31-08-2026 11:49,,,,,,7
2276919.0,20-07-2026 12:39,15-07-2026 14:27,05-08-2026 15:45,19-08-2026 15:02,19-08-2026 14:59,12-08-2026 12:39,,,,,,,6
2277166.0,27-07-2026 14:07,15-07-2026 14:22,05-08-2026 10:02,31-08-2026 12:18,31-08-2026 12:17,18-08-2026 10:47,,,,,,,6
2277175.0,27-07-2026 14:51,15-07-2026 14:22,29-07-2026 14:29,24-08-2026 15:48,19-08-2026 14:16,11-08-2026 10:10,,,,,,,6
2277177.0,21-07-2026 14:21,06-07-2026 11:18,05-08-2026 10:02,31-08-2026 12:18,24-08-2026 14:29,18-08-2026 10:47,,,,,,,6
2277178.0,31-07-2026 12:38,23-07-2026 14:56,04-08-2026 14:59,20-08-2026 15:05,20-08-2026 15:02,19-08-2026 15:12,,,,,,,6
2277181.0,21-07-2026 14:21,15-07-2026 14:22,29-07-2026 11:11,19-08-2026 11:04,19-08-2026 11:04,11-08-2026 10:50,,,,,,,6
2277183.0,21-07-2026 14:21,15-07-2026 14:22,29-07-2026 14:29,24-08-2026 15:48,19-08-2026 14:16,11-08-2026 10:10,,,,,,,6
2277187.0,01-08-2026 10:40,21-07-2026 10:38,07-08-2026 11:36,,,20-08-2026 16:01,,,,,,,4
2277188.0,,15-07-2026 14:22,05-08-2026 10:02,24-08-2026 14:31,24-08-2026 14:29,18-08-2026 10:47,,,,,,,5
2277191.0,27-07-2026 14:05,20-07-2026 12:40,04-08-2026 14:59,20-08-2026 15:05,20-08-2026 15:02,19-08-2026 15:12,31-08-2026 14:56,,,,,,7
2277194.0,27-07-2026 14:07,15-07-2026 14:22,05-08-2026 10:02,31-08-2026 12:18,31-08-2026 12:17,18-08-2026 10:47,,,,,,,6
2277195.0,27-07-2026 14:05,20-07-2026 12:40,04-08-2026 14:59,20-08-2026 15:05,20-08-2026 15:02,11-08-2026 12:44,31-08-2026 14:56,,,,,,7
2277196.0,21-07-2026 14:21,06-07-2026 11:18,05-08-2026 10:02,31-08-2026 12:18,31-08-2026 12:17,18-08-2026 10:47,,,,,,,6
2277198.0,24-07-2026 10:47,21-07-2026 09:31,28-07-2026 16:02,25-08-2026 10:57,25-08-2026 10:56,,,,,,,,5
2277199.0,27-07-2026 14:05,20-07-2026 12:40,04-08-2026 14:59,20-08-2026 15:05,20-08-2026 15:02,19-08-2026 15:12,31-08-2026 14:56,,,,,,7
2277200.0,21-07-2026 14:21,15-07-2026 14:22,29-07-2026 11:11,19-08-2026 11:04,19-08-2026 11:04,11-08-2026 10:50,,,,,,,6
2277201.0,24-07-2026 10:47,21-07-2026 09:31,28-07-2026 16:02,25-08-2026 10:57,25-08-2026 10:56,05-08-2026 10:06,,,,,,,6
2277202.0,27-07-2026 14:05,20-07-2026 12:40,04-08-2026 14:59,27-08-2026 16:16,27-08-2026 16:12,11-08-2026 12:44,31-08-2026 14:56,,,,,,7
2277203.0,,15-07-2026 14:22,29-07-2026 11:11,19-08-2026 11:04,19-08-2026 11:04,11-08-2026 10:50,,,,,,,5
2277205.0,27-07-2026 14:05,20-07-2026 12:40,06-08-2026 15:39,20-08-2026 15:05,20-08-2026 15:02,11-08-2026 12:44,31-08-2026 14:56,,,,,,7
2277208.0,21-07-2026 14:21,15-07-2026 14:22,29-07-2026 11:11,19-08-2026 11:04,19-08-2026 11:04,11-08-2026 10:50,,,,,,,6
2277212.0,21-07-2026 14:21,15-07-2026 14:22,05-08-2026 10:02,31-08-2026 12:18,31-08-2026 12:17,,,,,,,,5
2277213.0,27-07-2026 14:05,23-07-2026 14:56,06-08-2026 15:39,27-08-2026 16:16,27-08-2026 16:12,11-08-2026 12:44,31-08-2026 14:56,,,,,,7
2277215.0,29-07-2026 14:52,23-07-2026 14:56,04-08-2026 14:59,20-08-2026 15:05,20-08-2026 15:02,19-08-2026 15:12,,,,,,,6
2277216.0,27-07-2026 14:05,23-07-2026 14:56,04-08-2026 14:59,20-08-2026 15:05,20-08-2026 15:02,11-08-2026 12:44,31-08-2026 14:56,,,,,,7
2277219.0,27-07-2026 14:05,23-07-2026 14:56,29-08-2026 13:55,,,31-08-2026 14:04,,,,,,,4
2277223.0,27-07-2026 14:05,20-07-2026 12:40,04-08-2026 14:59,20-08-2026 15:05,20-08-2026 15:02,12-08-2026 10:55,31-08-2026 14:56,,,,,,7
2277226.0,27-07-2026 14:05,20-07-2026 12:40,04-08-2026 14:59,27-08-2026 16:16,27-08-2026 16:12,11-08-2026 12:44,31-08-2026 14:56,,,,,,7
2277231.0,27-07-2026 14:05,20-07-2026 12:40,04-08-2026 14:59,20-08-2026 15:05,20-08-2026 15:02,19-08-2026 15:12,,,,,,,6
2277234.0,27-07-2026 14:05,23-07-2026 14:56,04-08-2026 14:59,20-08-2026 15:05,20-08-2026 15:02,12-08-2026 10:55,31-08-2026 14:56,,,,,,7
2277240.0,21-07-2026 14:21,06-07-2026 11:18,05-08-2026 10:02,31-08-2026 12:18,24-08-2026 14:29,,,,,,,,5
2277248.0,27-07-2026 14:07,15-07-2026 14:22,05-08-2026 10:02,24-08-2026 14:31,24-08-2026 14:29,18-08-2026 10:47,,,,,,,6
2277253.0,21-07-2026 14:21,06-07-2026 11:18,29-07-2026 14:29,24-08-2026 15:48,19-08-2026 14:16,11-08-2026 10:10,,,,,,,6
2277255.0,20-07-2026 12:31,21-07-2026 12:33,07-08-2026 13:37,25-08-2026 14:55,25-08-2026 14:55,12-08-2026 11:47,,,,,,,6
2277257.0,27-07-2026 14:07,15-07-2026 14:22,29-07-2026 14:29,24-08-2026 14:31,24-08-2026 14:29,18-08-2026 10:47,,,,,,,6
2277277.0,21-07-2026 14:21,15-07-2026 14:22,05-08-2026 10:02,24-08-2026 14:31,24-08-2026 14:29,18-08-2026 10:47,,,,,,,6
2277280.0,,15-07-2026 14:22,29-07-2026 11:11,19-08-2026 11:04,19-08-2026 11:04,11-08-2026 10:50,,,,,,,5
2277285.0,24-07-2026 11:53,17-07-2026 12:40,28-07-2026 14:26,25-08-2026 12:26,25-08-2026 12:25,05-08-2026 14:17,,,,,,,6
2277286.0,21-07-2026 14:21,15-07-2026 14:22,29-07-2026 14:29,24-08-2026 14:31,24-08-2026 14:29,,,,,,,,5
2277289.0,23-07-2026 11:45,06-07-2026 10:57,27-07-2026 14:16,24-08-2026 10:46,24-08-2026 10:45,13-08-2026 14:50,,,,,,,6
2277292.0,23-07-2026 11:45,21-07-2026 14:31,07-08-2026 13:37,24-08-2026 10:46,24-08-2026 10:45,05-08-2026 11:52,,,,,,,6
2277302.0,23-07-2026 11:45,21-07-2026 14:31,27-07-2026 14:16,24-08-2026 10:46,24-08-2026 10:45,05-08-2026 11:52,,,,,,,6
2277306.0,27-07-2026 14:05,20-07-2026 12:40,04-08-2026 14:59,20-08-2026 15:05,20-08-2026 15:02,11-08-2026 12:44,31-08-2026 14:56,,,,,,7
2277323.0,27-07-2026 12:34,22-07-2026 12:34,06-08-2026 14:11,25-08-2026 14:30,25-08-2026 14:28,13-08-2026 14:57,,,,,,,6
2277326.0,27-07-2026 12:34,22-07-2026 12:34,06-08-2026 14:11,25-08-2026 14:30,25-08-2026 14:28,13-08-2026 14:57,,,,,,,6
2277329.0,27-07-2026 12:34,22-07-2026 12:34,06-08-2026 14:11,25-08-2026 14:30,25-08-2026 14:28,07-08-2026 16:27,,,,,,,6
2277332.0,27-07-2026 12:34,22-07-2026 12:34,06-08-2026 14:11,25-08-2026 14:30,25-08-2026 14:28,13-08-2026 14:57,,,,,,,6
2277335.0,27-07-2026 12:34,06-07-2026 14:04,06-08-2026 14:11,25-08-2026 14:30,25-08-2026 14:28,07-08-2026 16:27,,,,,,,6
2277341.0,27-07-2026 12:34,22-07-2026 12:34,06-08-2026 14:11,29-08-2026 11:17,29-08-2026 11:37,07-08-2026 16:27,,,,,,,6
2277353.0,27-07-2026 12:34,22-07-2026 12:34,06-08-2026 14:11,25-08-2026 14:30,25-08-2026 14:28,13-08-2026 14:57,,,,,,,6
2277356.0,27-07-2026 16:01,17-07-2026 10:46,11-08-2026 12:00,24-08-2026 14:45,24-08-2026 14:45,12-08-2026 10:43,,,,,,,6
2277360.0,31-07-2026 12:38,06-07-2026 14:04,14-08-2026 12:41,29-08-2026 11:17,29-08-2026 11:37,19-08-2026 15:12,,,,,,,6
2277362.0,31-07-2026 11:48,17-07-2026 10:46,01-08-2026 11:59,24-08-2026 14:45,24-08-2026 14:45,12-08-2026 10:43,,,,,,,6
2277366.0,31-07-2026 11:48,29-07-2026 12:39,01-08-2026 11:59,24-08-2026 14:45,24-08-2026 14:45,12-08-2026 10:43,,,,,,,6
2277369.0,27-07-2026 16:01,17-07-2026 10:46,11-08-2026 12:00,24-08-2026 14:45,24-08-2026 14:45,12-08-2026 10:43,,,,,,,6
2277381.0,21-07-2026 14:11,21-07-2026 10:46,27-07-2026 10:26,,18-08-2026 10:50,05-08-2026 14:55,,,,,,,5
2277382.0,21-07-2026 14:11,21-07-2026 10:46,27-07-2026 10:26,,18-08-2026 10:50,05-08-2026 14:55,,,,,,,5
2277877.0,20-07-2026 11:58,15-07-2026 11:05,27-07-2026 12:34,,,12-08-2026 11:57,31-08-2026 11:49,,,,,,5
2277883.0,22-07-2026 15:50,20-07-2026 14:20,27-07-2026 15:03,18-08-2026 14:55,18-08-2026 14:54,12-08-2026 14:22,25-08-2026 14:26,,,,,,7
2277884.0,22-07-2026 15:50,15-07-2026 11:05,27-07-2026 15:03,18-08-2026 14:55,18-08-2026 14:54,12-08-2026 14:22,25-08-2026 14:26,,,,,,7
2277885.0,20-07-2026 11:58,15-07-2026 11:05,27-07-2026 12:34,24-08-2026 12:04,24-08-2026 12:03,12-08-2026 11:57,31-08-2026 11:49,,,,,,7
2277886.0,20-07-2026 11:58,15-07-2026 14:27,27-07-2026 12:34,24-08-2026 12:04,24-08-2026 12:03,12-08-2026 11:57,,,,,,,6
2277888.0,,15-07-2026 11:05,27-07-2026 12:34,24-08-2026 12:04,24-08-2026 12:03,12-08-2026 11:57,31-08-2026 11:49,,,,,,6
2277891.0,22-07-2026 15:50,20-07-2026 14:20,27-07-2026 15:03,18-08-2026 14:55,18-08-2026 14:54,12-08-2026 14:22,25-08-2026 14:26,,,,,,7
2277894.0,20-07-2026 11:58,15-07-2026 11:05,27-07-2026 12:34,24-08-2026 12:04,24-08-2026 12:03,12-08-2026 11:57,31-08-2026 11:49,,,,,,7
2277896.0,22-07-2026 15:50,15-07-2026 11:05,27-07-2026 15:03,18-08-2026 14:55,18-08-2026 14:54,,25-08-2026 14:26,,,,,,6
2277897.0,20-07-2026 11:58,15-07-2026 14:27,27-07-2026 12:34,24-08-2026 12:04,24-08-2026 12:03,,31-08-2026 11:49,,,,,,6
2277898.0,22-07-2026 15:50,15-07-2026 11:05,27-07-2026 15:03,18-08-2026 14:55,18-08-2026 14:54,12-08-2026 14:22,25-08-2026 14:26,,,,,,7
2277899.0,20-07-2026 11:58,15-07-2026 14:27,27-07-2026 12:34,24-08-2026 12:04,24-08-2026 12:03,12-08-2026 11:57,31-08-2026 11:49,,,,,,7
2277902.0,20-07-2026 11:58,15-07-2026 11:05,27-07-2026 12:34,24-08-2026 12:04,24-08-2026 12:03,12-08-2026 11:57,31-08-2026 11:49,,,,,,7
2277905.0,,20-07-2026 14:20,27-07-2026 15:03,18-08-2026 14:55,18-08-2026 14:54,12-08-2026 14:22,25-08-2026 14:26,,,,,,6
2277907.0,22-07-2026 15:50,20-07-2026 14:20,,18-08-2026 14:55,18-08-2026 14:54,12-08-2026 14:22,,,,,,,5
2277908.0,22-07-2026 15:50,15-07-2026 11:05,27-07-2026 15:03,18-08-2026 14:55,18-08-2026 14:54,12-08-2026 14:22,25-08-2026 14:26,,,,,,7
2277966.0,23-07-2026 10:39,10-07-2026 10:42,31-07-2026 10:06,19-08-2026 11:06,19-08-2026 11:05,13-08-2026 10:33,,,,,,,6
2277967.0,23-07-2026 10:39,20-07-2026 16:08,20-08-2026 11:03,19-08-2026 11:06,19-08-2026 11:05,07-08-2026 10:55,,,,,,,6
2277970.0,23-07-2026 10:39,10-07-2026 10:42,31-07-2026 10:06,19-08-2026 11:06,19-08-2026 11:05,07-08-2026 10:55,,,,,,,6
2277972.0,30-07-2026 11:33,10-07-2026 10:42,20-08-2026 11:03,19-08-2026 11:06,19-08-2026 11:05,07-08-2026 10:55,,,,,,,6
2277974.0,23-07-2026 10:39,10-07-2026 10:42,31-07-2026 10:06,19-08-2026 11:06,19-08-2026 11:05,07-08-2026 10:55,,,,,,,6
2277977.0,23-07-2026 10:39,10-07-2026 10:42,31-07-2026 10:06,19-08-2026 11:06,19-08-2026 11:05,07-08-2026 10:55,,,,,,,6
2277980.0,23-07-2026 10:39,10-07-2026 10:42,31-07-2026 10:06,19-08-2026 11:06,19-08-2026 11:05,07-08-2026 10:55,,,,,,,6
2277982.0,23-07-2026 10:39,20-07-2026 16:08,20-08-2026 11:03,19-08-2026 11:06,19-08-2026 11:05,13-08-2026 10:33,,,,,,,6
2277984.0,23-07-2026 10:39,10-07-2026 10:42,31-07-2026 10:06,19-08-2026 11:06,19-08-2026 11:05,07-08-2026 10:55,,,,,,,6
2277986.0,23-07-2026 10:39,10-07-2026 10:42,31-07-2026 10:06,19-08-2026 11:06,19-08-2026 11:05,07-08-2026 10:55,,,,,,,6
2277988.0,23-07-2026 10:39,10-07-2026 10:42,31-07-2026 10:06,19-08-2026 11:06,19-08-2026 11:05,07-08-2026 10:55,,,,,,,6
2277989.0,23-07-2026 10:39,20-07-2026 16:08,20-08-2026 11:03,29-08-2026 12:08,29-08-2026 12:07,13-08-2026 10:33,,,,,,,6
2277991.0,23-07-2026 10:39,20-07-2026 16:08,31-07-2026 10:06,19-08-2026 11:06,19-08-2026 11:05,07-08-2026 10:55,,,,,,,6
2277992.0,30-07-2026 11:33,10-07-2026 10:42,31-07-2026 10:06,19-08-2026 11:06,19-08-2026 11:05,07-08-2026 10:55,,,,,,,6
2277993.0,23-07-2026 10:39,10-07-2026 10:42,20-08-2026 11:03,19-08-2026 11:06,19-08-2026 11:05,13-08-2026 10:33,,,,,,,6
2277994.0,30-07-2026 11:33,20-07-2026 16:08,20-08-2026 11:03,19-08-2026 11:06,19-08-2026 11:05,13-08-2026 10:33,,,,,,,6
2277996.0,30-07-2026 11:33,10-07-2026 10:42,31-07-2026 10:06,19-08-2026 11:06,19-08-2026 11:05,07-08-2026 10:55,,,,,,,6
2277997.0,20-07-2026 14:57,16-07-2026 15:00,31-07-2026 11:16,,,14-08-2026 10:50,,,,,,,4
2277998.0,22-07-2026 11:54,13-07-2026 16:18,28-07-2026 15:39,24-08-2026 14:50,24-08-2026 14:50,05-08-2026 11:50,,,,,,,6
2277999.0,23-07-2026 12:10,13-07-2026 16:18,28-07-2026 12:33,,,11-08-2026 16:20,,,,,,,4
2278001.0,22-07-2026 11:54,06-07-2026 10:56,28-07-2026 15:39,24-08-2026 14:50,24-08-2026 14:50,05-08-2026 11:50,,,,,,,6
2278008.0,22-07-2026 11:54,13-07-2026 16:18,28-07-2026 15:39,24-08-2026 14:50,24-08-2026 14:50,05-08-2026 11:50,,,,,,,6
2278013.0,15-07-2026 11:02,03-07-2026 11:55,12-08-2026 14:44,25-08-2026 15:02,25-08-2026 15:10,,,,,,,,5
2278016.0,22-07-2026 11:54,13-07-2026 16:18,28-07-2026 15:39,24-08-2026 14:50,24-08-2026 14:50,05-08-2026 11:50,,,,,,,6
2278018.0,15-07-2026 11:02,03-07-2026 11:55,12-08-2026 14:44,25-08-2026 15:02,25-08-2026 15:10,,,,,,,,5
2278020.0,23-07-2026 12:10,13-07-2026 16:18,28-07-2026 12:33,,,11-08-2026 16:20,,,,,,,4
2278023.0,15-07-2026 11:02,03-07-2026 11:55,12-08-2026 14:44,25-08-2026 15:02,25-08-2026 15:10,,,,,,,,5
2278024.0,22-07-2026 11:54,06-07-2026 10:56,28-07-2026 15:39,24-08-2026 14:50,24-08-2026 14:50,05-08-2026 11:50,,,,,,,6
2278042.0,23-07-2026 10:39,10-07-2026 10:42,31-07-2026 10:06,19-08-2026 11:06,29-08-2026 12:07,07-08-2026 10:55,,,,,,,6
2278079.0,23-07-2026 10:39,10-07-2026 10:42,31-07-2026 10:06,29-08-2026 12:08,19-08-2026 11:05,07-08-2026 10:55,,,,,,,6
2278095.0,23-07-2026 10:39,20-07-2026 16:08,20-08-2026 11:03,19-08-2026 11:06,29-08-2026 12:07,13-08-2026 10:33,,,,,,,6
2278099.0,30-07-2026 11:33,10-07-2026 10:42,31-07-2026 10:06,19-08-2026 11:06,19-08-2026 11:05,07-08-2026 10:55,,,,,,,6
2278101.0,30-07-2026 11:33,20-07-2026 16:08,20-08-2026 11:03,29-08-2026 12:08,29-08-2026 12:07,07-08-2026 10:55,,,,,,,6
2278120.0,30-07-2026 11:33,20-07-2026 16:08,20-08-2026 11:03,19-08-2026 11:06,19-08-2026 11:05,07-08-2026 10:55,,,,,,,6
2278125.0,30-07-2026 11:33,10-07-2026 10:42,31-07-2026 10:06,19-08-2026 11:06,19-08-2026 11:05,07-08-2026 10:55,,,,,,,6
2278129.0,23-07-2026 10:39,20-07-2026 16:08,20-08-2026 11:03,19-08-2026 11:06,19-08-2026 11:05,07-08-2026 10:55,,,,,,,6
2278131.0,23-07-2026 10:39,20-07-2026 16:08,31-07-2026 10:06,29-08-2026 12:08,29-08-2026 12:07,13-08-2026 10:33,,,,,,,6
2278133.0,15-07-2026 11:02,09-07-2026 11:39,12-08-2026 14:44,25-08-2026 15:02,25-08-2026 15:10,,,,,,,,5
2278135.0,15-07-2026 11:02,03-07-2026 11:55,12-08-2026 14:44,25-08-2026 15:02,25-08-2026 15:10,,,,,,,,5
2278136.0,15-07-2026 11:02,03-07-2026 11:55,12-08-2026 14:44,25-08-2026 15:02,25-08-2026 15:10,,,,,,,,5
2278137.0,23-07-2026 10:39,20-07-2026 16:08,31-07-2026 10:06,19-08-2026 11:06,19-08-2026 11:05,07-08-2026 10:55,,,,,,,6
2278138.0,30-07-2026 11:33,20-07-2026 16:08,20-08-2026 11:03,19-08-2026 11:06,19-08-2026 11:05,13-08-2026 10:33,,,,,,,6
2278139.0,30-07-2026 11:33,10-07-2026 10:42,31-07-2026 10:06,29-08-2026 12:08,29-08-2026 12:07,07-08-2026 10:55,,,,,,,6
2278144.0,23-07-2026 10:39,10-07-2026 10:42,31-07-2026 10:06,19-08-2026 11:06,19-08-2026 11:05,07-08-2026 10:55,,,,,,,6
2278145.0,23-07-2026 10:39,10-07-2026 10:42,20-08-2026 11:03,19-08-2026 11:06,19-08-2026 11:05,13-08-2026 10:33,,,,,,,6
2278147.0,30-07-2026 11:33,10-07-2026 10:42,31-07-2026 10:06,19-08-2026 11:06,29-08-2026 12:07,07-08-2026 10:55,,,,,,,6
2278149.0,20-07-2026 14:57,20-07-2026 16:08,31-07-2026 11:16,,,14-08-2026 10:50,,,,,,,4
2278153.0,20-07-2026 14:57,16-07-2026 15:00,31-07-2026 11:16,20-08-2026 15:36,20-08-2026 15:36,13-08-2026 10:33,,,,,,,6
2278174.0,30-07-2026 11:33,16-07-2026 15:00,27-08-2026 11:44,20-08-2026 15:36,20-08-2026 15:36,13-08-2026 10:33,,,,,,,6
2278175.0,30-07-2026 11:33,16-07-2026 15:00,27-08-2026 11:44,20-08-2026 15:36,20-08-2026 15:36,13-08-2026 10:33,,,,,,,6
2278177.0,20-07-2026 14:57,20-07-2026 16:08,27-08-2026 11:44,20-08-2026 15:36,20-08-2026 15:36,13-08-2026 10:33,,,,,,,6
2278179.0,20-07-2026 14:57,20-07-2026 16:08,31-07-2026 11:16,20-08-2026 15:36,20-08-2026 15:36,13-08-2026 10:33,,,,,,,6
2278182.0,23-07-2026 10:39,10-07-2026 10:42,31-07-2026 10:06,29-08-2026 12:08,19-08-2026 11:05,07-08-2026 10:55,,,,,,,6
2278185.0,20-07-2026 14:57,16-07-2026 15:00,31-07-2026 11:16,20-08-2026 15:36,20-08-2026 15:36,13-08-2026 10:33,,,,,,,6
2278188.0,30-07-2026 11:33,16-07-2026 15:00,27-08-2026 11:44,20-08-2026 15:36,20-08-2026 15:36,13-08-2026 10:33,,,,,,,6
2278206.0,30-07-2026 11:33,20-07-2026 16:08,31-07-2026 10:06,19-08-2026 11:06,19-08-2026 11:05,07-08-2026 10:55,,,,,,,6
2278213.0,,24-07-2026 14:44,,29-08-2026 11:28,29-08-2026 11:29,12-08-2026 10:43,27-08-2026 10:46,,,,,,5
2278219.0,20-07-2026 14:57,16-07-2026 15:00,31-07-2026 11:16,20-08-2026 15:36,20-08-2026 15:36,13-08-2026 10:33,,,,,,,6
2278226.0,20-07-2026 14:57,16-07-2026 15:00,31-07-2026 11:16,20-08-2026 15:36,20-08-2026 15:36,14-08-2026 10:50,,,,,,,6
2278233.0,30-07-2026 11:33,20-07-2026 16:08,27-08-2026 11:44,,,14-08-2026 10:50,,,,,,,4
2278239.0,20-07-2026 14:57,16-07-2026 15:00,31-07-2026 11:16,20-08-2026 15:36,20-08-2026 15:36,13-08-2026 10:33,,,,,,,6
2278261.0,20-07-2026 14:57,16-07-2026 15:00,27-08-2026 11:44,20-08-2026 15:36,20-08-2026 15:36,29-08-2026 10:32,,,,,,,6
2278266.0,20-07-2026 14:57,16-07-2026 15:00,27-08-2026 11:44,20-08-2026 15:36,20-08-2026 15:36,14-08-2026 10:50,,,,,,,6
2278268.0,29-07-2026 14:52,20-07-2026 12:40,06-08-2026 15:39,20-08-2026 15:05,20-08-2026 15:02,11-08-2026 12:44,31-08-2026 14:56,,,,,,7
2278270.0,15-07-2026 11:02,03-07-2026 11:55,12-08-2026 14:44,25-08-2026 15:02,25-08-2026 15:10,,,,,,,,5
2278271.0,20-07-2026 14:57,16-07-2026 15:00,31-07-2026 11:16,,,14-08-2026 10:50,,,,,,,4
2278277.0,29-07-2026 14:52,20-07-2026 12:40,04-08-2026 14:59,20-08-2026 15:05,20-08-2026 15:02,11-08-2026 12:44,31-08-2026 14:56,,,,,,7
2278278.0,15-07-2026 11:02,03-07-2026 11:55,12-08-2026 14:44,,25-08-2026 15:10,,,,,,,,4
2278282.0,30-07-2026 11:33,20-07-2026 16:08,31-07-2026 11:16,20-08-2026 15:36,20-08-2026 15:36,13-08-2026 10:33,,,,,,,6
2278291.0,,17-07-2026 10:57,12-08-2026 14:44,25-08-2026 15:02,25-08-2026 15:10,,,,,,,,4
2278297.0,20-07-2026 14:57,16-07-2026 15:00,31-07-2026 11:16,20-08-2026 15:36,20-08-2026 15:36,14-08-2026 10:50,,,,,,,6
2278303.0,15-07-2026 11:02,03-07-2026 11:55,12-08-2026 14:44,,25-08-2026 15:10,,,,,,,,4
2278307.0,20-07-2026 14:57,16-07-2026 15:00,31-07-2026 11:16,,,14-08-2026 10:50,,,,,,,4
2278323.0,18-07-2026 14:06,06-07-2026 12:19,12-08-2026 14:44,31-08-2026 14:50,25-08-2026 12:11,,,,,,,,5
2278327.0,20-07-2026 14:57,16-07-2026 15:00,31-07-2026 11:16,20-08-2026 15:36,20-08-2026 15:36,29-08-2026 10:32,,,,,,,6
2278332.0,,17-07-2026 10:57,12-08-2026 14:44,,,,,,,,,,2
2278338.0,15-07-2026 11:02,03-07-2026 11:55,12-08-2026 14:44,,,,,,,,,,3
2278340.0,18-07-2026 14:06,03-07-2026 11:55,12-08-2026 14:44,25-08-2026 15:02,25-08-2026 15:10,,,,,,,,5
2278363.0,20-07-2026 14:57,20-07-2026 16:08,31-07-2026 11:16,20-08-2026 15:36,20-08-2026 15:36,14-08-2026 10:50,,,,,,,6
2278369.0,20-07-2026 14:57,16-07-2026 15:00,31-07-2026 11:16,20-08-2026 15:36,20-08-2026 15:36,29-08-2026 10:32,,,,,,,6
2278376.0,15-07-2026 11:02,03-07-2026 11:55,12-08-2026 14:44,24-08-2026 15:27,24-08-2026 15:16,18-08-2026 14:36,,,,,,,6
2278378.0,15-07-2026 11:02,03-07-2026 11:55,12-08-2026 14:44,25-08-2026 15:02,25-08-2026 15:10,,,,,,,,5
2278403.0,20-07-2026 14:57,16-07-2026 15:00,31-07-2026 11:16,,,14-08-2026 10:50,,,,,,,4
2278404.0,30-07-2026 11:33,16-07-2026 15:00,31-07-2026 11:16,,,14-08-2026 10:50,,,,,,,4
2278408.0,20-07-2026 14:57,16-07-2026 15:00,31-07-2026 11:16,20-08-2026 15:36,20-08-2026 15:36,14-08-2026 10:50,,,,,,,6
2278414.0,30-07-2026 11:33,16-07-2026 15:00,31-07-2026 11:16,20-08-2026 15:36,20-08-2026 15:36,13-08-2026 10:33,,,,,,,6
2278416.0,30-07-2026 11:33,16-07-2026 15:00,31-07-2026 11:16,20-08-2026 15:36,20-08-2026 15:36,13-08-2026 10:33,,,,,,,6
2278500.0,20-07-2026 14:57,16-07-2026 15:00,31-07-2026 11:16,20-08-2026 15:36,20-08-2026 15:36,13-08-2026 10:33,,,,,,,6
2278503.0,20-07-2026 14:57,16-07-2026 15:00,31-07-2026 11:16,20-08-2026 15:36,20-08-2026 15:36,13-08-2026 10:33,,,,,,,6
2278506.0,30-07-2026 11:33,16-07-2026 15:00,31-07-2026 11:16,20-08-2026 15:36,20-08-2026 15:36,13-08-2026 10:33,,,,,,,6
2278510.0,23-07-2026 10:39,10-07-2026 10:42,31-07-2026 10:06,29-08-2026 12:08,29-08-2026 12:07,07-08-2026 10:55,,,,,,,6
2278651.0,21-07-2026 14:11,21-07-2026 10:46,27-07-2026 10:26,,18-08-2026 10:50,05-08-2026 14:55,,,,,,,5
2278655.0,27-07-2026 14:54,06-07-2026 15:04,29-07-2026 10:18,18-08-2026 14:35,18-08-2026 14:34,11-08-2026 12:34,,,,,,,6
2278657.0,27-07-2026 14:54,21-07-2026 10:46,29-07-2026 10:18,18-08-2026 14:35,18-08-2026 14:34,11-08-2026 12:34,,,,,,,6
2278659.0,21-07-2026 14:11,21-07-2026 10:46,27-07-2026 10:26,,18-08-2026 10:50,05-08-2026 14:55,,,,,,,5
2278660.0,21-07-2026 14:11,06-07-2026 15:04,27-07-2026 10:26,,18-08-2026 10:50,05-08-2026 14:55,,,,,,,5
2278662.0,27-07-2026 14:54,21-07-2026 10:46,29-07-2026 10:18,18-08-2026 14:35,18-08-2026 14:34,11-08-2026 12:34,,,,,,,6
2278663.0,27-07-2026 14:54,06-07-2026 15:04,29-07-2026 10:18,18-08-2026 14:35,18-08-2026 14:34,11-08-2026 12:34,,,,,,,6
2278664.0,21-07-2026 14:11,06-07-2026 15:04,27-07-2026 10:26,,18-08-2026 10:50,05-08-2026 14:55,,,,,,,5
2278665.0,27-07-2026 14:54,06-07-2026 15:04,29-07-2026 10:18,18-08-2026 14:35,18-08-2026 14:34,11-08-2026 12:34,,,,,,,6
2278670.0,27-07-2026 14:54,06-07-2026 15:04,29-07-2026 10:18,18-08-2026 14:35,18-08-2026 14:34,11-08-2026 12:34,,,,,,,6
2278675.0,27-07-2026 14:54,06-07-2026 15:04,29-07-2026 10:18,18-08-2026 14:35,18-08-2026 14:34,11-08-2026 12:34,,,,,,,6
2278679.0,21-07-2026 14:11,21-07-2026 10:46,27-07-2026 10:26,,18-08-2026 10:50,05-08-2026 14:55,,,,,,,5
2278686.0,21-07-2026 14:11,21-07-2026 10:46,27-07-2026 10:26,,18-08-2026 10:50,05-08-2026 14:55,,,,,,,5
2278691.0,27-07-2026 14:54,06-07-2026 15:04,29-07-2026 10:18,18-08-2026 14:35,18-08-2026 14:34,11-08-2026 12:34,,,,,,,6
2278763.0,27-07-2026 14:54,06-07-2026 15:04,29-07-2026 10:18,18-08-2026 14:35,18-08-2026 14:34,11-08-2026 12:34,,,,,,,6
2278764.0,21-07-2026 14:11,21-07-2026 10:46,29-07-2026 10:18,18-08-2026 14:35,18-08-2026 14:34,11-08-2026 12:34,,,,,,,6
2278765.0,27-07-2026 14:54,21-07-2026 10:46,29-07-2026 10:18,18-08-2026 14:35,18-08-2026 14:34,11-08-2026 12:34,,,,,,,6
2278793.0,15-07-2026 13:46,06-07-2026 13:48,29-07-2026 16:00,12-08-2026 14:41,12-08-2026 14:41,11-08-2026 13:57,,,,,,,6
2278794.0,05-08-2026 14:32,20-07-2026 12:18,28-07-2026 11:36,25-08-2026 15:19,25-08-2026 15:18,24-08-2026 10:39,,,,,,,6
2278796.0,15-07-2026 10:30,22-07-2026 11:32,28-07-2026 10:34,13-08-2026 14:27,13-08-2026 14:23,04-08-2026 16:02,,,,,,,6
2278799.0,15-07-2026 10:30,04-07-2026 10:57,28-07-2026 10:34,11-08-2026 10:27,11-08-2026 10:24,04-08-2026 16:02,,,,,,,6
2278801.0,21-07-2026 11:58,04-07-2026 10:57,28-07-2026 10:34,13-08-2026 14:27,13-08-2026 14:23,04-08-2026 16:02,,,,,,,6
2278804.0,06-08-2026 10:34,04-07-2026 10:39,07-08-2026 10:43,,,27-08-2026 10:40,,,,,,,4
2278805.0,21-07-2026 11:58,04-07-2026 10:57,28-07-2026 10:34,13-08-2026 14:27,13-08-2026 14:23,04-08-2026 16:02,,,,,,,6
2278807.0,15-07-2026 10:30,09-07-2026 10:28,28-07-2026 10:34,11-08-2026 10:27,11-08-2026 10:24,04-08-2026 16:02,,,,,,,6
2278809.0,06-08-2026 10:34,04-07-2026 10:39,07-08-2026 10:43,,,27-08-2026 10:40,,,,,,,4
2278813.0,17-07-2026 15:22,20-07-2026 14:44,28-07-2026 10:34,13-08-2026 14:27,13-08-2026 14:23,04-08-2026 16:02,,,,,,,6
2278815.0,15-07-2026 10:30,04-07-2026 10:57,28-07-2026 10:34,11-08-2026 10:27,11-08-2026 10:24,04-08-2026 16:02,,,,,,,6
2278817.0,15-07-2026 10:30,04-07-2026 10:57,29-07-2026 10:36,13-08-2026 14:27,13-08-2026 14:23,04-08-2026 16:02,,,,,,,6
2278818.0,06-08-2026 10:34,04-07-2026 10:39,07-08-2026 10:43,,,27-08-2026 10:40,,,,,,,4
2278819.0,15-07-2026 10:30,04-07-2026 10:57,29-07-2026 10:36,13-08-2026 14:27,13-08-2026 14:23,05-08-2026 10:37,,,,,,,6
2278820.0,13-07-2026 15:23,04-07-2026 10:57,28-07-2026 12:18,13-08-2026 14:27,13-08-2026 14:23,05-08-2026 10:37,27-08-2026 10:35,,,,,,7
2278821.0,06-08-2026 10:34,04-07-2026 10:39,07-08-2026 10:43,,,27-08-2026 10:40,,,,,,,4
2278822.0,13-07-2026 15:23,04-07-2026 10:57,29-07-2026 10:36,13-08-2026 14:27,13-08-2026 14:23,04-08-2026 16:02,27-08-2026 10:35,,,,,,7
2278823.0,15-07-2026 10:30,22-07-2026 11:32,28-07-2026 10:34,11-08-2026 10:27,11-08-2026 10:24,04-08-2026 16:02,,,,,,,6
2278824.0,13-07-2026 15:23,04-07-2026 10:57,29-07-2026 10:36,11-08-2026 10:27,11-08-2026 10:24,07-08-2026 14:46,,,,,,,6
2278825.0,13-07-2026 15:23,04-07-2026 10:57,28-07-2026 12:18,11-08-2026 10:27,11-08-2026 10:24,05-08-2026 10:37,27-08-2026 10:35,,,,,,7
2278828.0,15-07-2026 10:30,04-07-2026 10:57,28-07-2026 10:34,11-08-2026 10:27,11-08-2026 10:24,05-08-2026 10:37,,,,,,,6
2278830.0,29-07-2026 12:17,04-07-2026 10:57,28-07-2026 10:34,11-08-2026 10:27,11-08-2026 10:24,04-08-2026 16:02,,,,,,,6
2278837.0,13-07-2026 10:29,08-07-2026 10:37,27-07-2026 10:36,12-08-2026 10:28,12-08-2026 10:25,04-08-2026 14:34,,,,,,,6
2278842.0,13-07-2026 10:29,06-07-2026 10:33,27-07-2026 10:36,12-08-2026 10:28,12-08-2026 10:25,04-08-2026 14:34,,,,,,,6
2278844.0,17-07-2026 15:22,06-07-2026 10:33,29-07-2026 10:36,12-08-2026 10:28,12-08-2026 10:25,04-08-2026 14:34,,,,,,,6
2278860.0,,15-07-2026 11:05,,,24-08-2026 12:03,,,,,,,,2
2278863.0,17-07-2026 10:29,15-07-2026 12:18,28-07-2026 09:53,11-08-2026 14:35,11-08-2026 12:14,31-08-2026 14:45,27-08-2026 12:13,,,,,,7
2278867.0,15-07-2026 11:29,22-07-2026 11:32,28-07-2026 09:53,11-08-2026 14:35,11-08-2026 12:14,07-08-2026 14:46,27-08-2026 12:13,,,,,,7
2278869.0,,28-07-2026 15:56,05-08-2026 14:21,19-08-2026 16:32,19-08-2026 16:31,12-08-2026 14:59,,,,,,,5
2278870.0,17-07-2026 10:29,15-07-2026 12:18,29-07-2026 09:47,13-08-2026 14:27,13-08-2026 14:23,06-08-2026 09:56,,,,,,,6
2278874.0,17-07-2026 10:29,22-07-2026 11:32,29-07-2026 09:47,18-08-2026 10:34,18-08-2026 10:32,06-08-2026 09:56,,,,,,,6
2278882.0,15-07-2026 11:29,04-07-2026 15:40,28-07-2026 09:53,12-08-2026 14:27,12-08-2026 14:26,07-08-2026 12:25,27-08-2026 12:13,,,,,,7
2278883.0,15-07-2026 11:29,20-07-2026 14:44,28-07-2026 09:53,12-08-2026 14:27,12-08-2026 14:26,07-08-2026 12:25,27-08-2026 12:13,,,,,,7
2278889.0,22-07-2026 15:50,15-07-2026 11:05,27-07-2026 15:03,18-08-2026 14:55,18-08-2026 14:54,12-08-2026 14:22,25-08-2026 14:26,,,,,,7
2278892.0,20-07-2026 12:39,15-07-2026 11:05,,19-08-2026 15:02,19-08-2026 14:59,12-08-2026 12:39,,,,,,,5
2278903.0,22-07-2026 15:50,20-07-2026 14:20,27-07-2026 15:03,18-08-2026 14:55,18-08-2026 14:54,12-08-2026 14:22,25-08-2026 14:26,,,,,,7
2278919.0,22-07-2026 15:50,20-07-2026 14:20,27-07-2026 15:03,18-08-2026 14:55,18-08-2026 14:54,12-08-2026 14:22,25-08-2026 14:26,,,,,,7
2278922.0,22-07-2026 15:50,20-07-2026 14:20,27-07-2026 15:03,18-08-2026 14:55,18-08-2026 14:54,12-08-2026 14:22,25-08-2026 14:26,,,,,,7
2278925.0,15-07-2026 13:46,06-07-2026 13:48,28-07-2026 13:32,,,24-08-2026 10:39,,,,,,,4
2278927.0,22-07-2026 15:50,20-07-2026 14:20,27-07-2026 15:03,18-08-2026 14:55,18-08-2026 14:54,12-08-2026 14:22,25-08-2026 14:26,,,,,,7
2278930.0,15-07-2026 13:46,20-07-2026 12:18,29-07-2026 16:00,12-08-2026 14:41,12-08-2026 14:41,11-08-2026 13:57,,,,,,,6
2278943.0,15-07-2026 13:46,06-07-2026 13:48,28-07-2026 13:32,,,24-08-2026 10:39,,,,,,,4
2278947.0,22-07-2026 15:50,15-07-2026 11:05,27-07-2026 15:03,18-08-2026 14:55,18-08-2026 14:54,,25-08-2026 14:26,,,,,,6
2278958.0,20-07-2026 11:58,15-07-2026 14:27,27-07-2026 12:34,24-08-2026 12:04,24-08-2026 12:03,12-08-2026 11:57,31-08-2026 11:49,,,,,,7
2278970.0,20-07-2026 11:58,15-07-2026 11:05,27-07-2026 12:34,24-08-2026 12:04,24-08-2026 12:03,12-08-2026 11:57,31-08-2026 11:49,,,,,,7
2278974.0,15-07-2026 13:46,06-07-2026 13:48,28-07-2026 13:32,,,24-08-2026 10:39,,,,,,,4
2278977.0,15-07-2026 12:23,06-07-2026 13:48,27-07-2026 11:44,25-08-2026 11:18,25-08-2026 11:16,11-08-2026 15:25,,,,,,,6
2278979.0,20-07-2026 11:58,15-07-2026 11:05,,24-08-2026 12:04,24-08-2026 12:03,12-08-2026 11:57,,,,,,,5
2278985.0,20-07-2026 11:58,15-07-2026 11:05,27-07-2026 12:34,24-08-2026 12:04,24-08-2026 12:03,12-08-2026 11:57,31-08-2026 11:49,,,,,,7
2278997.0,20-07-2026 12:39,15-07-2026 11:05,05-08-2026 15:45,19-08-2026 15:02,19-08-2026 14:59,12-08-2026 12:39,,,,,,,6
2279016.0,22-07-2026 15:50,20-07-2026 14:20,27-07-2026 15:03,18-08-2026 14:55,18-08-2026 14:54,12-08-2026 14:22,,,,,,,6
2279031.0,22-07-2026 15:50,20-07-2026 14:20,27-07-2026 15:03,18-08-2026 14:55,18-08-2026 14:54,12-08-2026 14:22,25-08-2026 14:26,,,,,,7
2279036.0,15-07-2026 13:46,06-07-2026 13:48,28-07-2026 11:36,12-08-2026 14:41,12-08-2026 14:41,11-08-2026 13:57,,,,,,,6
2279051.0,17-07-2026 11:22,06-07-2026 12:08,27-07-2026 11:40,12-08-2026 11:40,11-08-2026 11:29,05-08-2026 11:33,27-08-2026 11:29,,,,,,7
2279065.0,20-07-2026 12:39,15-07-2026 11:05,05-08-2026 15:45,19-08-2026 15:02,19-08-2026 14:59,12-08-2026 12:39,,,,,,,6
2279068.0,15-07-2026 13:46,06-07-2026 13:48,28-07-2026 11:36,12-08-2026 14:41,12-08-2026 14:41,11-08-2026 13:57,,,,,,,6
2279078.0,15-07-2026 13:46,20-07-2026 12:18,29-07-2026 16:00,12-08-2026 14:41,12-08-2026 14:41,11-08-2026 13:57,,,,,,,6
2279092.0,15-07-2026 12:23,06-07-2026 11:49,29-07-2026 16:00,25-08-2026 15:19,25-08-2026 15:18,24-08-2026 10:39,,,,,,,6
2279097.0,15-07-2026 13:46,20-07-2026 12:18,28-07-2026 13:32,,,24-08-2026 10:39,,,,,,,4
2279135.0,20-07-2026 12:39,15-07-2026 14:27,05-08-2026 15:45,19-08-2026 15:02,19-08-2026 14:59,12-08-2026 12:39,,,,,,,6
2279160.0,21-07-2026 14:21,06-07-2026 11:18,29-07-2026 14:29,24-08-2026 15:48,19-08-2026 14:16,11-08-2026 10:10,,,,,,,6
2279163.0,21-07-2026 14:21,06-07-2026 11:18,05-08-2026 10:02,24-08-2026 14:31,24-08-2026 14:29,18-08-2026 10:47,,,,,,,6
2279542.0,15-07-2026 13:46,20-07-2026 12:18,28-07-2026 13:32,,,24-08-2026 10:39,,,,,,,4
2279543.0,15-07-2026 13:46,06-07-2026 13:48,28-07-2026 11:36,12-08-2026 14:41,12-08-2026 14:41,11-08-2026 13:57,,,,,,,6
2279544.0,06-08-2026 10:34,04-07-2026 10:39,07-08-2026 10:43,,,27-08-2026 10:40,,,,,,,4
2279545.0,06-08-2026 10:34,04-07-2026 10:39,07-08-2026 10:43,,,27-08-2026 10:40,,,,,,,4
2279546.0,06-08-2026 10:34,04-07-2026 10:39,07-08-2026 10:43,,,27-08-2026 10:40,,,,,,,4
2279547.0,06-08-2026 10:34,04-07-2026 10:39,07-08-2026 10:43,,,27-08-2026 10:40,,,,,,,4
2279548.0,17-07-2026 15:22,06-07-2026 10:33,27-07-2026 10:36,12-08-2026 10:28,12-08-2026 10:25,04-08-2026 14:34,,,,,,,6
2279549.0,06-08-2026 10:34,04-07-2026 10:39,07-08-2026 10:43,,,27-08-2026 10:40,,,,,,,4
2279550.0,13-07-2026 15:23,06-07-2026 15:30,28-07-2026 12:18,14-08-2026 10:51,14-08-2026 10:48,04-08-2026 15:20,27-08-2026 10:35,,,,,,7
2279551.0,06-08-2026 10:34,21-07-2026 11:41,07-08-2026 10:43,,,27-08-2026 10:40,,,,,,,4
2279553.0,13-07-2026 15:23,08-07-2026 10:37,28-07-2026 12:18,14-08-2026 10:51,14-08-2026 10:48,04-08-2026 15:20,27-08-2026 10:35,,,,,,7
2279554.0,06-08-2026 10:34,21-07-2026 11:41,07-08-2026 10:43,,,27-08-2026 10:40,,,,,,,4
2279558.0,06-08-2026 15:17,21-07-2026 11:41,30-07-2026 10:39,14-08-2026 11:03,14-08-2026 11:02,20-08-2026 10:39,,,,,,,6
2279559.0,06-08-2026 15:17,21-07-2026 11:41,30-07-2026 10:39,14-08-2026 11:03,,20-08-2026 10:39,,,,,,,5
2279560.0,06-08-2026 15:17,21-07-2026 11:41,30-07-2026 10:39,14-08-2026 11:03,14-08-2026 11:02,20-08-2026 10:39,,,,,,,6
2279562.0,06-08-2026 15:17,21-07-2026 11:41,30-07-2026 10:39,14-08-2026 11:03,14-08-2026 11:02,20-08-2026 10:39,,,,,,,6
2279568.0,06-08-2026 15:17,21-07-2026 11:41,30-07-2026 10:39,,14-08-2026 11:02,20-08-2026 10:39,,,,,,,5
2279573.0,06-08-2026 15:17,21-07-2026 11:41,30-07-2026 10:39,14-08-2026 11:03,14-08-2026 11:02,20-08-2026 10:39,,,,,,,6
2279585.0,06-08-2026 15:17,21-07-2026 11:41,30-07-2026 10:39,14-08-2026 11:03,14-08-2026 11:02,20-08-2026 10:39,,,,,,,6
2279589.0,06-08-2026 15:17,21-07-2026 11:41,30-07-2026 10:39,,14-08-2026 11:02,20-08-2026 10:39,,,,,,,5
2279623.0,23-07-2026 11:45,21-07-2026 14:31,07-08-2026 13:37,24-08-2026 10:46,24-08-2026 10:45,05-08-2026 11:52,,,,,,,6
2279627.0,23-07-2026 11:45,21-07-2026 14:31,27-07-2026 14:16,24-08-2026 10:46,24-08-2026 10:45,05-08-2026 11:52,,,,,,,6
2279637.0,15-07-2026 12:19,08-07-2026 16:10,27-07-2026 12:08,17-08-2026 15:23,17-08-2026 15:22,05-08-2026 12:25,24-08-2026 12:21,,,,,,7
2279643.0,23-07-2026 11:45,21-07-2026 14:31,27-07-2026 14:16,24-08-2026 10:46,24-08-2026 10:45,05-08-2026 11:52,,,,,,,6
2279649.0,23-07-2026 11:45,21-07-2026 14:31,27-07-2026 14:16,24-08-2026 10:46,24-08-2026 10:45,05-08-2026 11:52,,,,,,,6
2279652.0,23-07-2026 11:45,21-07-2026 14:31,07-08-2026 13:37,24-08-2026 10:46,24-08-2026 10:45,13-08-2026 14:50,,,,,,,6
2279663.0,27-07-2026 14:54,21-07-2026 10:46,29-07-2026 10:18,18-08-2026 14:35,18-08-2026 14:34,11-08-2026 12:34,,,,,,,6
2279664.0,15-07-2026 12:19,08-07-2026 16:10,27-07-2026 15:33,18-08-2026 10:43,18-08-2026 10:43,05-08-2026 15:48,25-08-2026 12:04,,,,,,7
2279668.0,13-07-2026 12:25,21-07-2026 15:28,27-07-2026 15:33,18-08-2026 10:43,18-08-2026 10:43,05-08-2026 15:48,25-08-2026 12:04,,,,,,7
2279669.0,13-07-2026 12:25,08-07-2026 12:22,27-07-2026 12:08,17-08-2026 15:23,17-08-2026 15:22,05-08-2026 12:25,25-08-2026 12:04,,,,,,7
2279674.0,27-07-2026 15:42,22-07-2026 14:10,06-08-2026 16:27,20-08-2026 10:53,20-08-2026 10:52,14-08-2026 14:08,31-08-2026 12:06,,,,,,7
2279676.0,27-07-2026 15:42,22-07-2026 14:10,06-08-2026 16:27,20-08-2026 10:53,20-08-2026 10:52,14-08-2026 14:08,31-08-2026 12:06,,,,,,7
2279679.0,27-07-2026 15:42,22-07-2026 14:10,29-08-2026 13:55,,,18-08-2026 14:09,,,,,,,4
2279680.0,21-07-2026 14:11,21-07-2026 10:46,27-07-2026 10:26,,18-08-2026 10:50,05-08-2026 14:55,,,,,,,5
2279682.0,20-07-2026 12:31,15-07-2026 11:50,04-08-2026 14:18,25-08-2026 14:55,25-08-2026 14:55,12-08-2026 11:47,,,,,,,6
2279683.0,31-07-2026 12:38,22-07-2026 14:10,06-08-2026 16:27,20-08-2026 10:53,20-08-2026 10:52,14-08-2026 14:08,31-08-2026 12:06,,,,,,7
2279684.0,27-07-2026 15:42,22-07-2026 14:10,06-08-2026 16:27,20-08-2026 10:53,20-08-2026 10:52,14-08-2026 14:08,31-08-2026 12:06,,,,,,7
2279685.0,21-07-2026 14:11,21-07-2026 10:46,27-07-2026 10:26,,18-08-2026 10:50,05-08-2026 14:55,,,,,,,5
2279687.0,27-07-2026 15:42,22-07-2026 14:10,06-08-2026 16:27,20-08-2026 10:53,20-08-2026 10:52,14-08-2026 14:08,31-08-2026 12:06,,,,,,7
2279690.0,22-07-2026 15:03,15-07-2026 11:50,07-08-2026 13:37,25-08-2026 14:55,25-08-2026 14:55,12-08-2026 11:47,,,,,,,6
2279691.0,27-07-2026 15:42,23-07-2026 14:56,06-08-2026 16:27,20-08-2026 10:53,20-08-2026 10:52,14-08-2026 14:08,31-08-2026 12:06,,,,,,7
2279695.0,21-07-2026 14:11,06-07-2026 15:04,27-07-2026 10:26,,18-08-2026 10:50,05-08-2026 14:55,,,,,,,5
2279696.0,22-07-2026 15:03,15-07-2026 11:50,07-08-2026 13:37,25-08-2026 14:55,25-08-2026 14:55,12-08-2026 11:47,,,,,,,6
2279700.0,20-07-2026 12:31,21-07-2026 12:33,04-08-2026 14:18,25-08-2026 14:55,25-08-2026 14:55,13-08-2026 12:43,,,,,,,6
2279703.0,27-07-2026 15:42,22-07-2026 14:10,06-08-2026 16:27,20-08-2026 10:53,20-08-2026 10:52,14-08-2026 14:08,31-08-2026 12:06,,,,,,7
2279707.0,20-07-2026 12:31,15-07-2026 11:50,04-08-2026 14:18,29-08-2026 10:41,29-08-2026 10:41,12-08-2026 11:47,,,,,,,6
2279710.0,27-07-2026 15:42,22-07-2026 14:10,06-08-2026 16:27,20-08-2026 10:53,20-08-2026 10:52,14-08-2026 14:08,31-08-2026 12:06,,,,,,7
2279713.0,20-07-2026 12:31,15-07-2026 11:50,07-08-2026 13:37,25-08-2026 14:55,25-08-2026 14:55,12-08-2026 11:47,,,,,,,6
2279715.0,27-07-2026 15:42,22-07-2026 14:10,06-08-2026 16:27,20-08-2026 10:53,20-08-2026 10:52,14-08-2026 14:08,31-08-2026 12:06,,,,,,7
2279717.0,21-07-2026 14:11,21-07-2026 10:46,27-07-2026 10:26,,18-08-2026 10:50,05-08-2026 14:55,,,,,,,5
2279720.0,20-07-2026 12:31,15-07-2026 11:50,04-08-2026 14:18,25-08-2026 14:55,25-08-2026 14:55,12-08-2026 11:47,,,,,,,6
2279722.0,27-07-2026 15:42,22-07-2026 14:10,06-08-2026 16:27,20-08-2026 10:53,20-08-2026 10:52,14-08-2026 14:08,31-08-2026 12:06,,,,,,7
2279725.0,22-07-2026 15:03,15-07-2026 11:50,04-08-2026 14:18,25-08-2026 14:55,25-08-2026 14:55,12-08-2026 11:47,,,,,,,6
2279728.0,27-07-2026 15:42,22-07-2026 14:10,06-08-2026 16:27,20-08-2026 10:53,20-08-2026 10:52,14-08-2026 14:08,31-08-2026 12:06,,,,,,7
2279732.0,20-07-2026 11:44,06-07-2026 11:58,27-07-2026 11:51,27-08-2026 14:12,27-08-2026 14:12,11-08-2026 15:09,,,,,,,6
2279736.0,27-07-2026 15:42,23-07-2026 14:56,06-08-2026 16:27,20-08-2026 10:53,20-08-2026 10:52,14-08-2026 14:08,31-08-2026 12:06,,,,,,7
2279741.0,20-07-2026 11:44,06-07-2026 11:58,27-07-2026 11:51,27-08-2026 14:12,27-08-2026 14:12,11-08-2026 15:09,,,,,,,6
2279745.0,20-07-2026 11:44,06-07-2026 11:58,27-07-2026 11:51,27-08-2026 14:12,27-08-2026 14:12,11-08-2026 15:09,,,,,,,6
2279752.0,27-07-2026 15:42,22-07-2026 14:10,06-08-2026 16:27,20-08-2026 10:53,20-08-2026 10:52,14-08-2026 14:08,31-08-2026 12:06,,,,,,7
2279753.0,20-07-2026 11:44,06-07-2026 11:58,27-07-2026 11:51,27-08-2026 14:12,27-08-2026 14:12,11-08-2026 15:09,,,,,,,6
2279760.0,31-07-2026 12:38,22-07-2026 14:10,06-08-2026 16:27,20-08-2026 10:53,20-08-2026 10:52,14-08-2026 14:08,31-08-2026 12:06,,,,,,7
2279764.0,27-07-2026 15:42,22-07-2026 14:10,14-08-2026 15:04,20-08-2026 10:53,20-08-2026 10:52,18-08-2026 14:09,31-08-2026 12:06,,,,,,7
2279773.0,27-07-2026 15:42,22-07-2026 14:10,06-08-2026 16:27,20-08-2026 10:53,20-08-2026 10:52,14-08-2026 14:08,31-08-2026 12:06,,,,,,7
2279774.0,27-07-2026 14:54,06-07-2026 15:04,29-07-2026 10:18,18-08-2026 14:35,18-08-2026 14:34,11-08-2026 12:34,,,,,,,6
2279778.0,21-07-2026 14:11,06-07-2026 15:04,27-07-2026 10:26,,18-08-2026 10:50,05-08-2026 14:55,,,,,,,5
2279780.0,27-07-2026 15:42,22-07-2026 14:10,14-08-2026 12:41,20-08-2026 10:53,20-08-2026 10:52,19-08-2026 15:12,31-08-2026 12:06,,,,,,7
2279784.0,27-07-2026 14:54,21-07-2026 10:46,29-07-2026 10:18,18-08-2026 14:35,18-08-2026 14:34,11-08-2026 12:34,,,,,,,6
2279785.0,29-07-2026 14:52,20-07-2026 11:50,06-08-2026 16:27,20-08-2026 10:53,20-08-2026 10:52,14-08-2026 14:08,31-08-2026 12:06,,,,,,7
2279786.0,21-07-2026 14:21,06-07-2026 11:18,29-07-2026 14:29,24-08-2026 15:48,19-08-2026 14:16,11-08-2026 10:10,,,,,,,6
2279788.0,27-07-2026 15:42,22-07-2026 14:10,06-08-2026 16:27,20-08-2026 10:53,20-08-2026 10:52,14-08-2026 14:08,31-08-2026 12:06,,,,,,7
2279791.0,21-07-2026 14:21,15-07-2026 14:22,05-08-2026 10:02,24-08-2026 14:31,24-08-2026 14:29,18-08-2026 10:47,,,,,,,6
2279792.0,31-07-2026 12:38,28-07-2026 15:52,06-08-2026 16:27,20-08-2026 10:53,20-08-2026 10:52,14-08-2026 14:08,31-08-2026 12:06,,,,,,7
2279794.0,21-07-2026 14:11,06-07-2026 15:04,27-07-2026 10:26,,18-08-2026 10:50,05-08-2026 14:55,,,,,,,5
2279796.0,21-07-2026 14:21,15-07-2026 14:22,05-08-2026 10:02,24-08-2026 14:31,24-08-2026 14:29,18-08-2026 10:47,,,,,,,6
2279798.0,27-07-2026 15:42,22-07-2026 14:10,06-08-2026 16:27,20-08-2026 10:53,20-08-2026 10:52,14-08-2026 14:08,31-08-2026 12:06,,,,,,7
2279802.0,27-07-2026 14:54,21-07-2026 10:46,29-07-2026 10:18,18-08-2026 14:35,18-08-2026 14:34,11-08-2026 12:34,,,,,,,6
2279803.0,21-07-2026 14:21,06-07-2026 11:18,29-07-2026 14:29,24-08-2026 15:48,19-08-2026 14:16,11-08-2026 10:10,,,,,,,6
2279807.0,21-07-2026 14:21,15-07-2026 14:22,29-07-2026 11:11,19-08-2026 11:04,19-08-2026 11:04,,,,,,,,5
2279813.0,21-07-2026 14:11,21-07-2026 10:46,27-07-2026 10:26,,18-08-2026 10:50,05-08-2026 14:55,,,,,,,5
2279817.0,30-07-2026 11:42,06-07-2026 11:58,07-08-2026 13:37,27-08-2026 14:12,27-08-2026 14:12,13-08-2026 12:43,,,,,,,6
2279820.0,27-07-2026 14:54,06-07-2026 15:04,29-07-2026 10:18,18-08-2026 14:35,18-08-2026 14:34,11-08-2026 12:34,,,,,,,6
2279826.0,27-07-2026 14:54,06-07-2026 15:04,29-07-2026 10:18,18-08-2026 14:35,18-08-2026 14:34,11-08-2026 12:34,,,,,,,6
2279830.0,,15-07-2026 14:22,05-08-2026 10:02,24-08-2026 14:31,24-08-2026 14:29,18-08-2026 10:47,,,,,,,5
2279834.0,21-07-2026 14:11,06-07-2026 15:04,27-07-2026 10:26,,18-08-2026 10:50,05-08-2026 14:55,,,,,,,5
2279876.0,15-07-2026 10:45,06-07-2026 14:46,29-07-2026 14:37,12-08-2026 12:11,12-08-2026 12:10,06-08-2026 14:29,,,,,,,6
2279877.0,21-07-2026 14:21,06-07-2026 11:18,29-07-2026 11:11,19-08-2026 11:04,19-08-2026 11:04,11-08-2026 10:50,,,,,,,6
2279883.0,15-07-2026 12:19,21-07-2026 15:28,27-07-2026 15:33,18-08-2026 10:43,18-08-2026 10:43,05-08-2026 15:48,25-08-2026 12:04,,,,,,7
2279889.0,21-07-2026 13:44,13-07-2026 11:43,27-07-2026 13:59,12-08-2026 14:24,12-08-2026 14:23,05-08-2026 13:45,31-08-2026 13:48,,,,,,7
2279901.0,27-07-2026 14:54,06-07-2026 15:04,29-07-2026 10:18,18-08-2026 14:35,18-08-2026 14:34,11-08-2026 12:34,,,,,,,6
2279914.0,21-07-2026 14:21,15-07-2026 14:22,29-07-2026 14:29,24-08-2026 14:31,24-08-2026 14:29,18-08-2026 10:47,,,,,,,6
2279916.0,21-07-2026 14:11,21-07-2026 10:46,27-07-2026 10:26,,18-08-2026 10:50,05-08-2026 14:55,,,,,,,5
2279917.0,21-07-2026 13:44,13-07-2026 11:43,27-07-2026 13:59,12-08-2026 14:24,12-08-2026 14:23,05-08-2026 13:45,31-08-2026 13:48,,,,,,7
2279921.0,27-07-2026 14:51,06-07-2026 11:18,29-07-2026 14:29,24-08-2026 15:48,19-08-2026 14:16,11-08-2026 10:10,,,,,,,6
2279922.0,21-07-2026 13:44,13-07-2026 11:43,27-07-2026 13:59,12-08-2026 14:24,12-08-2026 14:23,05-08-2026 13:45,31-08-2026 13:48,,,,,,7
2279923.0,21-07-2026 14:21,06-07-2026 11:18,05-08-2026 10:02,24-08-2026 14:31,24-08-2026 14:29,18-08-2026 10:47,,,,,,,6
2279926.0,22-07-2026 12:24,13-07-2026 11:43,29-07-2026 13:40,12-08-2026 14:24,12-08-2026 14:23,05-08-2026 13:45,31-08-2026 13:48,,,,,,7
2279929.0,21-07-2026 14:11,06-07-2026 15:04,29-07-2026 10:18,18-08-2026 14:35,18-08-2026 14:34,11-08-2026 12:34,,,,,,,6
2279930.0,15-07-2026 10:45,08-07-2026 13:53,29-07-2026 14:37,12-08-2026 12:11,12-08-2026 12:10,06-08-2026 14:29,31-08-2026 11:39,,,,,,7
2279931.0,21-07-2026 14:21,15-07-2026 14:22,05-08-2026 10:02,24-08-2026 14:31,24-08-2026 14:29,,,,,,,,5
2279936.0,21-07-2026 13:44,13-07-2026 11:43,27-07-2026 13:59,12-08-2026 14:24,12-08-2026 14:23,05-08-2026 13:45,31-08-2026 13:48,,,,,,7
2279941.0,21-07-2026 13:44,13-07-2026 11:43,27-07-2026 13:59,12-08-2026 14:24,12-08-2026 14:23,05-08-2026 13:45,31-08-2026 13:48,,,,,,7
2279948.0,27-07-2026 14:07,15-07-2026 14:22,05-08-2026 10:02,31-08-2026 12:18,31-08-2026 12:17,18-08-2026 10:47,,,,,,,6
2279953.0,21-07-2026 14:21,06-07-2026 11:18,29-07-2026 14:29,24-08-2026 15:48,19-08-2026 14:16,11-08-2026 10:10,,,,,,,6
2279963.0,21-07-2026 14:21,06-07-2026 11:18,05-08-2026 10:02,24-08-2026 14:31,24-08-2026 14:29,18-08-2026 10:47,,,,,,,6
2279966.0,21-07-2026 14:21,15-07-2026 14:22,29-07-2026 11:11,19-08-2026 11:04,19-08-2026 11:04,11-08-2026 10:50,,,,,,,6
2279969.0,27-07-2026 14:07,15-07-2026 14:22,29-07-2026 14:29,24-08-2026 14:31,24-08-2026 14:29,18-08-2026 10:47,,,,,,,6
2279970.0,21-07-2026 14:11,06-07-2026 15:04,27-07-2026 10:26,,18-08-2026 10:50,05-08-2026 14:55,,,,,,,5
2279974.0,21-07-2026 14:21,15-07-2026 14:22,29-07-2026 11:11,19-08-2026 11:04,19-08-2026 11:04,11-08-2026 10:50,,,,,,,6
2280042.0,21-07-2026 13:44,13-07-2026 11:43,29-07-2026 13:40,12-08-2026 14:24,12-08-2026 14:23,05-08-2026 13:45,31-08-2026 13:48,,,,,,7
2280047.0,15-07-2026 10:45,06-07-2026 14:46,29-07-2026 14:37,12-08-2026 12:11,12-08-2026 12:10,06-08-2026 14:29,31-08-2026 11:39,,,,,,7
2280051.0,15-07-2026 10:45,06-07-2026 14:46,29-07-2026 14:37,12-08-2026 12:11,12-08-2026 12:10,06-08-2026 14:29,31-08-2026 11:39,,,,,,7
2280057.0,22-07-2026 12:24,06-07-2026 14:46,29-07-2026 14:37,12-08-2026 12:11,12-08-2026 12:10,,31-08-2026 11:39,,,,,,6
2280083.0,22-07-2026 12:24,06-07-2026 14:46,29-07-2026 14:37,12-08-2026 12:11,12-08-2026 12:10,,,,,,,,5
2280085.0,22-07-2026 12:24,01-08-2026 13:41,27-07-2026 13:59,12-08-2026 14:24,12-08-2026 14:23,05-08-2026 13:45,31-08-2026 13:48,,,,,,7
2280090.0,21-07-2026 13:44,13-07-2026 11:43,29-07-2026 13:40,12-08-2026 14:24,12-08-2026 14:23,05-08-2026 13:45,,,,,,,6
2280127.0,13-07-2026 12:25,08-07-2026 12:22,27-07-2026 12:08,17-08-2026 15:23,17-08-2026 15:22,05-08-2026 12:25,25-08-2026 12:04,,,,,,7
2280133.0,13-07-2026 12:25,08-07-2026 16:10,27-07-2026 12:08,17-08-2026 15:23,17-08-2026 15:22,05-08-2026 12:25,25-08-2026 12:04,,,,,,7
2280137.0,15-07-2026 11:02,03-07-2026 11:55,12-08-2026 14:44,25-08-2026 15:02,25-08-2026 15:10,,,,,,,,5
2280138.0,15-07-2026 11:02,03-07-2026 11:55,12-08-2026 14:44,25-08-2026 15:02,25-08-2026 15:10,,,,,,,,5
2280139.0,15-07-2026 11:02,09-07-2026 11:39,12-08-2026 14:44,,25-08-2026 15:10,,,,,,,,4
2280141.0,15-07-2026 11:02,03-07-2026 11:55,12-08-2026 14:44,25-08-2026 15:02,25-08-2026 15:10,,,,,,,,5
2280142.0,15-07-2026 11:02,03-07-2026 11:55,12-08-2026 14:44,25-08-2026 15:02,25-08-2026 15:10,,,,,,,,5
2280145.0,15-07-2026 11:02,03-07-2026 11:55,12-08-2026 14:44,25-08-2026 15:02,25-08-2026 15:10,,,,,,,,5
2280147.0,29-07-2026 12:45,21-07-2026 12:37,04-08-2026 12:13,19-08-2026 11:04,19-08-2026 11:01,12-08-2026 14:21,31-08-2026 15:56,,,,,,7
2280150.0,,17-07-2026 10:57,12-08-2026 14:44,25-08-2026 15:02,,,,,,,,,3
2280152.0,29-07-2026 12:45,21-07-2026 12:37,04-08-2026 12:13,19-08-2026 11:04,19-08-2026 11:01,12-08-2026 14:21,31-08-2026 15:56,,,,,,7
2280153.0,31-07-2026 12:38,21-07-2026 12:37,04-08-2026 12:13,29-08-2026 11:17,29-08-2026 11:11,12-08-2026 14:21,31-08-2026 15:56,,,,,,7
2280154.0,29-07-2026 12:45,21-07-2026 12:37,04-08-2026 12:13,29-08-2026 11:17,29-08-2026 11:11,12-08-2026 14:21,31-08-2026 15:56,,,,,,7
2280155.0,21-07-2026 14:11,21-07-2026 10:46,27-07-2026 10:26,,18-08-2026 10:50,05-08-2026 14:55,,,,,,,5
2280157.0,29-07-2026 12:45,21-07-2026 12:37,04-08-2026 12:13,19-08-2026 11:04,19-08-2026 11:01,12-08-2026 14:21,31-08-2026 15:56,,,,,,7
2280159.0,04-08-2026 14:04,21-07-2026 12:37,14-08-2026 12:41,19-08-2026 11:04,19-08-2026 11:01,12-08-2026 14:21,31-08-2026 15:56,,,,,,7
2280163.0,21-07-2026 14:21,06-07-2026 11:18,29-07-2026 14:29,31-08-2026 12:18,31-08-2026 12:17,18-08-2026 10:47,,,,,,,6
2280166.0,21-07-2026 14:11,21-07-2026 10:46,29-07-2026 10:18,18-08-2026 14:35,18-08-2026 14:34,11-08-2026 12:34,,,,,,,6
2280167.0,21-07-2026 14:21,15-07-2026 14:22,05-08-2026 10:02,24-08-2026 14:31,24-08-2026 14:29,18-08-2026 10:47,,,,,,,6
2280258.0,15-07-2026 11:02,03-07-2026 11:55,12-08-2026 14:44,25-08-2026 15:02,25-08-2026 15:10,,,,,,,,5
2280259.0,23-07-2026 12:10,06-07-2026 10:56,28-07-2026 12:33,,,11-08-2026 16:20,,,,,,,4
2280260.0,15-07-2026 11:02,03-07-2026 11:55,12-08-2026 14:44,,,,,,,,,,3
2280264.0,15-07-2026 11:02,03-07-2026 11:55,12-08-2026 14:44,,,,,,,,,,3
2280265.0,23-07-2026 12:10,06-07-2026 10:56,28-07-2026 12:33,,,11-08-2026 16:20,,,,,,,4
2280267.0,15-07-2026 11:02,03-07-2026 11:55,12-08-2026 14:44,25-08-2026 15:02,25-08-2026 15:10,,,,,,,,5
2280269.0,15-07-2026 14:38,08-07-2026 15:58,12-08-2026 14:44,31-08-2026 14:50,31-08-2026 14:41,13-08-2026 14:48,,,,,,,6
2280271.0,17-07-2026 14:10,08-07-2026 14:19,12-08-2026 14:44,29-08-2026 11:35,29-08-2026 11:15,13-08-2026 14:48,29-08-2026 16:22,,,,,,7
2280272.0,17-07-2026 14:10,08-07-2026 14:19,12-08-2026 14:44,29-08-2026 11:35,29-08-2026 11:15,13-08-2026 14:48,29-08-2026 16:22,,,,,,7
2280273.0,20-07-2026 11:44,29-07-2026 11:49,27-07-2026 11:51,27-08-2026 14:12,27-08-2026 14:12,11-08-2026 15:09,,,,,,,6
2280274.0,23-07-2026 12:10,13-07-2026 16:18,28-07-2026 12:33,,,11-08-2026 16:20,,,,,,,4
2280275.0,30-07-2026 11:42,06-07-2026 11:58,07-08-2026 13:37,27-08-2026 14:12,27-08-2026 14:12,13-08-2026 12:43,,,,,,,6
2280276.0,30-07-2026 11:42,06-07-2026 11:58,27-07-2026 11:51,27-08-2026 14:12,27-08-2026 14:12,11-08-2026 15:09,,,,,,,6
2280277.0,20-07-2026 11:44,29-07-2026 11:49,07-08-2026 13:37,29-08-2026 10:41,29-08-2026 10:41,11-08-2026 15:09,,,,,,,6
2280278.0,22-07-2026 11:54,06-07-2026 10:56,,24-08-2026 14:50,24-08-2026 14:50,05-08-2026 11:50,,,,,,,5
2280280.0,20-07-2026 11:44,06-07-2026 11:58,27-07-2026 11:51,27-08-2026 14:12,27-08-2026 14:12,11-08-2026 15:09,,,,,,,6
2280283.0,20-07-2026 11:44,29-07-2026 11:49,27-07-2026 11:51,27-08-2026 14:12,27-08-2026 14:12,11-08-2026 15:09,,,,,,,6
2280285.0,23-07-2026 12:10,13-07-2026 16:18,28-07-2026 12:33,,,11-08-2026 16:20,,,,,,,4
2280289.0,23-07-2026 12:10,13-07-2026 16:18,28-07-2026 12:33,,,11-08-2026 16:20,,,,,,,4
2280292.0,23-07-2026 12:10,06-07-2026 10:56,28-07-2026 12:33,,,11-08-2026 16:20,,,,,,,4
2280293.0,22-07-2026 15:03,29-07-2026 11:49,04-08-2026 14:18,25-08-2026 14:55,25-08-2026 14:55,12-08-2026 11:47,,,,,,,6
2280297.0,22-07-2026 11:54,13-07-2026 16:18,,24-08-2026 14:50,24-08-2026 14:50,05-08-2026 11:50,,,,,,,5
2280298.0,20-07-2026 11:44,06-07-2026 11:58,28-07-2026 10:46,27-08-2026 14:12,27-08-2026 14:12,13-08-2026 12:43,,,,,,,6
2280302.0,20-07-2026 11:44,29-07-2026 11:49,27-07-2026 11:51,27-08-2026 14:12,27-08-2026 14:12,11-08-2026 15:09,,,,,,,6
2280304.0,22-07-2026 11:54,13-07-2026 16:18,,24-08-2026 14:50,24-08-2026 14:50,05-08-2026 11:50,,,,,,,5
2280306.0,30-07-2026 11:42,29-07-2026 11:49,27-07-2026 11:51,27-08-2026 14:12,27-08-2026 14:12,11-08-2026 15:09,,,,,,,6
2280312.0,20-07-2026 12:31,15-07-2026 11:50,07-08-2026 13:37,25-08-2026 14:55,25-08-2026 14:55,12-08-2026 11:47,,,,,,,6
2280315.0,23-07-2026 11:45,21-07-2026 14:31,27-07-2026 14:16,24-08-2026 10:46,24-08-2026 10:45,05-08-2026 11:52,,,,,,,6
2280320.0,23-07-2026 11:45,21-07-2026 14:31,27-07-2026 14:16,24-08-2026 10:46,24-08-2026 10:45,05-08-2026 11:52,,,,,,,6
2280324.0,23-07-2026 11:45,06-07-2026 10:57,27-07-2026 14:16,24-08-2026 10:46,24-08-2026 10:45,05-08-2026 11:52,,,,,,,6
2280330.0,20-07-2026 12:31,15-07-2026 11:50,04-08-2026 14:18,25-08-2026 14:55,25-08-2026 14:55,12-08-2026 11:47,,,,,,,6
2280332.0,22-07-2026 15:03,15-07-2026 11:50,04-08-2026 14:18,25-08-2026 14:55,25-08-2026 14:55,12-08-2026 11:47,,,,,,,6
2280334.0,20-07-2026 12:31,15-07-2026 11:50,07-08-2026 13:37,25-08-2026 14:55,25-08-2026 14:55,12-08-2026 11:47,,,,,,,6
2280339.0,20-07-2026 12:31,15-07-2026 11:50,04-08-2026 14:18,25-08-2026 14:55,25-08-2026 14:55,13-08-2026 12:43,,,,,,,6
2280340.0,20-07-2026 12:31,15-07-2026 11:50,07-08-2026 13:37,25-08-2026 14:55,25-08-2026 14:55,,,,,,,,5
2280342.0,30-07-2026 11:41,10-07-2026 11:54,31-07-2026 13:56,20-08-2026 12:13,20-08-2026 12:13,06-08-2026 10:34,,,,,,,6
2280343.0,30-07-2026 11:41,10-07-2026 11:54,31-07-2026 13:56,20-08-2026 12:13,20-08-2026 12:13,06-08-2026 10:34,,,,,,,6
2280344.0,30-07-2026 11:41,10-07-2026 11:54,31-07-2026 13:56,20-08-2026 12:13,20-08-2026 12:13,06-08-2026 10:34,,,,,,,6
2280378.0,30-07-2026 11:41,10-07-2026 11:54,31-07-2026 13:56,20-08-2026 12:13,20-08-2026 12:13,06-08-2026 10:34,,,,,,,6
2280379.0,30-07-2026 11:41,10-07-2026 11:54,,,,,,,,,,,2
2280380.0,30-07-2026 11:41,27-07-2026 14:43,31-07-2026 13:56,20-08-2026 12:13,20-08-2026 12:13,06-08-2026 10:34,,,,,,,6
2280381.0,30-07-2026 11:41,10-07-2026 11:54,31-07-2026 13:56,20-08-2026 12:13,20-08-2026 12:13,06-08-2026 10:34,,,,,,,6
2280383.0,30-07-2026 11:41,27-07-2026 14:43,31-07-2026 13:56,20-08-2026 12:13,20-08-2026 12:13,06-08-2026 10:34,,,,,,,6
2280385.0,30-07-2026 11:41,10-07-2026 11:54,31-07-2026 13:56,20-08-2026 12:13,20-08-2026 12:13,06-08-2026 10:34,,,,,,,6
2280387.0,30-07-2026 11:41,10-07-2026 11:54,31-07-2026 13:56,20-08-2026 12:13,20-08-2026 12:13,06-08-2026 10:34,,,,,,,6
2280388.0,01-08-2026 16:05,07-08-2026 11:47,31-07-2026 13:56,20-08-2026 12:13,20-08-2026 12:13,06-08-2026 10:34,,,,,,,6
2280389.0,30-07-2026 11:41,10-07-2026 11:54,31-07-2026 13:56,20-08-2026 12:13,20-08-2026 12:13,06-08-2026 10:34,,,,,,,6
2280391.0,30-07-2026 11:41,27-07-2026 14:43,31-07-2026 13:56,20-08-2026 12:13,20-08-2026 12:13,06-08-2026 10:34,,,,,,,6
2280392.0,30-07-2026 11:41,10-07-2026 11:54,31-07-2026 13:56,20-08-2026 12:13,20-08-2026 12:13,06-08-2026 10:34,,,,,,,6
2280393.0,30-07-2026 11:41,10-07-2026 11:54,31-07-2026 13:56,20-08-2026 12:13,20-08-2026 12:13,06-08-2026 10:34,,,,,,,6
2280449.0,01-08-2026 10:40,21-07-2026 10:38,07-08-2026 11:36,,,20-08-2026 16:01,,,,,,,4
2280452.0,01-08-2026 10:40,31-07-2026 13:54,07-08-2026 11:36,,,20-08-2026 16:01,,,,,,,4
2280454.0,01-08-2026 10:40,21-07-2026 10:38,07-08-2026 11:36,,,20-08-2026 16:01,,,,,,,4
2280456.0,01-08-2026 10:40,21-07-2026 10:38,07-08-2026 11:36,,,20-08-2026 16:01,,,,,,,4
2280458.0,01-08-2026 10:40,21-07-2026 10:38,07-08-2026 11:36,,,20-08-2026 16:01,,,,,,,4
2280464.0,01-08-2026 10:40,21-07-2026 10:38,07-08-2026 11:36,,,20-08-2026 16:01,,,,,,,4
2280466.0,20-07-2026 11:44,29-07-2026 11:49,07-08-2026 13:37,27-08-2026 14:12,27-08-2026 14:12,13-08-2026 12:43,,,,,,,6
2280472.0,01-08-2026 10:40,21-07-2026 10:38,07-08-2026 11:36,,,20-08-2026 16:01,,,,,,,4
2280479.0,23-07-2026 12:10,06-07-2026 10:56,28-07-2026 12:33,,,11-08-2026 16:20,,,,,,,4
2280487.0,01-08-2026 10:40,21-07-2026 10:38,07-08-2026 11:36,,,20-08-2026 16:01,,,,,,,4
2280488.0,22-07-2026 11:54,13-07-2026 16:18,28-07-2026 15:39,24-08-2026 14:50,24-08-2026 14:50,05-08-2026 11:50,,,,,,,6
2280497.0,06-08-2026 15:17,21-07-2026 11:41,07-08-2026 10:43,14-08-2026 11:03,14-08-2026 11:02,27-08-2026 10:40,,,,,,,6
2280501.0,06-08-2026 15:17,21-07-2026 11:41,07-08-2026 10:43,14-08-2026 11:03,14-08-2026 11:02,27-08-2026 10:40,,,,,,,6
2280504.0,06-08-2026 15:17,21-07-2026 11:41,30-07-2026 10:39,14-08-2026 11:03,14-08-2026 11:02,20-08-2026 10:39,,,,,,,6
2280508.0,22-07-2026 11:54,13-07-2026 16:18,,24-08-2026 14:50,24-08-2026 14:50,05-08-2026 11:50,,,,,,,5
2280509.0,06-08-2026 15:17,31-07-2026 10:37,30-07-2026 10:39,14-08-2026 11:03,14-08-2026 11:02,20-08-2026 10:39,,,,,,,6
2280510.0,06-08-2026 15:17,21-07-2026 11:41,30-07-2026 10:39,14-08-2026 11:03,14-08-2026 11:02,20-08-2026 10:39,,,,,,,6
2280513.0,06-08-2026 15:17,21-07-2026 11:41,30-07-2026 10:39,14-08-2026 11:03,14-08-2026 11:02,27-08-2026 10:40,,,,,,,6
2280514.0,22-07-2026 11:54,13-07-2026 16:18,28-07-2026 15:39,24-08-2026 14:50,24-08-2026 14:50,05-08-2026 11:50,,,,,,,6
2280515.0,06-08-2026 15:17,21-07-2026 11:41,30-07-2026 10:39,14-08-2026 11:03,14-08-2026 11:02,20-08-2026 10:39,,,,,,,6
2280521.0,23-07-2026 12:31,06-07-2026 14:04,05-08-2026 14:09,25-08-2026 12:39,25-08-2026 12:37,13-08-2026 14:57,,,,,,,6
2280530.0,31-07-2026 14:04,28-07-2026 15:20,06-08-2026 13:41,,,11-08-2026 15:16,,,,,,,4
2280531.0,18-07-2026 15:29,09-07-2026 15:33,07-08-2026 15:24,,,20-08-2026 14:03,,,,,,,4
2280533.0,18-07-2026 15:29,09-07-2026 15:33,07-08-2026 15:24,,,27-08-2026 15:33,,,,,,,4
2280536.0,23-07-2026 12:31,06-07-2026 14:04,05-08-2026 14:09,25-08-2026 14:30,25-08-2026 14:28,13-08-2026 14:08,,,,,,,6
2280538.0,13-08-2026 14:43,11-08-2026 16:29,14-08-2026 15:20,,,17-08-2026 14:26,,,,,,,4
2280539.0,04-08-2026 14:04,06-07-2026 14:04,05-08-2026 14:09,29-08-2026 11:17,29-08-2026 11:37,13-08-2026 14:08,,,,,,,6
2280542.0,23-07-2026 12:10,13-07-2026 16:18,28-07-2026 12:33,,,11-08-2026 16:20,,,,,,,4
2280546.0,27-07-2026 12:34,22-07-2026 12:34,06-08-2026 14:11,25-08-2026 14:30,25-08-2026 14:28,13-08-2026 14:57,,,,,,,6
2280547.0,13-08-2026 14:43,11-08-2026 16:40,14-08-2026 15:20,,,17-08-2026 14:26,,,,,,,4
2280549.0,23-07-2026 11:53,06-07-2026 10:46,01-08-2026 16:23,25-08-2026 12:39,25-08-2026 12:37,13-08-2026 14:08,,,,,,,6
2280551.0,23-07-2026 11:53,06-07-2026 10:46,01-08-2026 16:23,29-08-2026 11:17,29-08-2026 11:11,13-08-2026 14:08,,,,,,,6
2280553.0,22-07-2026 11:54,13-07-2026 16:18,28-07-2026 15:39,24-08-2026 14:50,24-08-2026 14:50,05-08-2026 11:50,,,,,,,6
2280559.0,22-07-2026 11:54,13-07-2026 16:18,28-07-2026 15:39,24-08-2026 14:50,24-08-2026 14:50,05-08-2026 11:50,,,,,,,6
2280562.0,22-07-2026 11:54,13-07-2026 16:18,28-07-2026 15:39,24-08-2026 14:50,24-08-2026 14:50,05-08-2026 11:50,,,,,,,6
2280566.0,22-07-2026 11:54,13-07-2026 16:18,28-07-2026 15:39,24-08-2026 14:50,24-08-2026 14:50,05-08-2026 11:50,,,,,,,6
2280570.0,24-07-2026 10:46,21-07-2026 11:41,07-08-2026 15:24,,,27-08-2026 15:33,,,,,,,4
2280573.0,18-07-2026 15:29,21-07-2026 11:41,07-08-2026 15:24,,,20-08-2026 14:03,,,,,,,4
2280576.0,27-07-2026 15:42,23-07-2026 14:56,06-08-2026 16:27,20-08-2026 10:53,20-08-2026 10:52,14-08-2026 14:08,,,,,,,6
2280577.0,24-07-2026 10:46,21-07-2026 11:41,07-08-2026 15:24,,,20-08-2026 14:03,,,,,,,4
2280581.0,18-07-2026 15:29,09-07-2026 15:33,07-08-2026 15:24,,,20-08-2026 14:03,,,,,,,4
2280583.0,22-07-2026 11:54,13-07-2026 16:18,28-07-2026 15:39,24-08-2026 14:50,24-08-2026 14:50,05-08-2026 11:50,,,,,,,6
2280585.0,24-07-2026 10:46,09-07-2026 15:33,07-08-2026 15:24,,,20-08-2026 14:03,,,,,,,4
2280586.0,24-07-2026 10:46,09-07-2026 15:33,07-08-2026 15:24,,,20-08-2026 14:03,,,,,,,4
2280587.0,18-07-2026 15:29,21-07-2026 11:41,07-08-2026 15:24,,,20-08-2026 14:03,,,,,,,4
2280588.0,22-07-2026 14:17,28-07-2026 15:56,13-08-2026 12:38,24-08-2026 14:23,24-08-2026 14:20,18-08-2026 11:59,,,,,,,6
2280650.0,24-07-2026 10:46,21-07-2026 11:41,07-08-2026 15:24,,,27-08-2026 15:33,,,,,,,4
2280653.0,18-07-2026 15:29,09-07-2026 15:33,07-08-2026 15:24,,,20-08-2026 14:03,,,,,,,4
2280655.0,18-07-2026 15:29,09-07-2026 15:33,07-08-2026 15:24,,,20-08-2026 14:03,,,,,,,4
2280657.0,24-07-2026 10:46,21-07-2026 11:41,07-08-2026 15:24,,,20-08-2026 14:03,,,,,,,4
2280660.0,24-07-2026 10:46,09-07-2026 15:33,07-08-2026 15:24,,,20-08-2026 14:03,,,,,,,4
2280662.0,24-07-2026 10:46,21-07-2026 11:41,07-08-2026 15:24,,,20-08-2026 14:03,,,,,,,4
2280665.0,24-07-2026 10:46,21-07-2026 11:41,07-08-2026 15:24,,,20-08-2026 14:03,,,,,,,4
2280667.0,24-07-2026 10:46,21-07-2026 11:41,07-08-2026 15:24,,,20-08-2026 14:03,,,,,,,4
2280670.0,23-07-2026 12:10,13-07-2026 16:18,28-07-2026 12:33,,,11-08-2026 16:20,,,,,,,4
2280675.0,22-07-2026 11:54,13-07-2026 16:18,28-07-2026 15:39,24-08-2026 14:50,24-08-2026 14:50,05-08-2026 11:50,,,,,,,6
2280679.0,22-07-2026 11:54,06-07-2026 10:56,28-07-2026 15:39,24-08-2026 14:50,24-08-2026 14:50,05-08-2026 11:50,,,,,,,6
2280684.0,23-07-2026 12:10,06-07-2026 10:56,28-07-2026 12:33,,,11-08-2026 16:20,,,,,,,4
2280686.0,23-07-2026 12:10,13-07-2026 16:18,28-07-2026 12:33,,,11-08-2026 16:20,,,,,,,4
2280697.0,23-07-2026 12:10,13-07-2026 16:18,28-07-2026 12:33,,,11-08-2026 16:20,,,,,,,4
2280700.0,23-07-2026 12:10,06-07-2026 10:56,28-07-2026 12:33,,,11-08-2026 16:20,,,,,,,4
2280701.0,23-07-2026 12:10,13-07-2026 16:18,28-07-2026 12:33,,,11-08-2026 16:20,,,,,,,4
2280702.0,23-07-2026 12:10,13-07-2026 16:18,28-07-2026 12:33,,,11-08-2026 16:20,,,,,,,4
2280703.0,23-07-2026 12:10,06-07-2026 10:56,28-07-2026 12:33,,,11-08-2026 16:20,,,,,,,4
2280704.0,22-07-2026 11:54,06-07-2026 10:56,28-07-2026 15:39,24-08-2026 14:50,24-08-2026 14:50,05-08-2026 11:50,,,,,,,6
2280705.0,23-07-2026 12:10,06-07-2026 10:56,28-07-2026 12:33,,,11-08-2026 16:20,,,,,,,4
2280711.0,20-07-2026 14:57,10-07-2026 10:42,27-08-2026 11:44,,,14-08-2026 10:50,,,,,,,4
2280818.0,,17-07-2026 10:57,12-08-2026 14:44,25-08-2026 15:02,25-08-2026 15:10,,,,,,,,4
2280822.0,22-07-2026 15:12,06-07-2026 14:59,28-07-2026 11:57,25-08-2026 15:23,24-08-2026 15:02,,,,,,,,5
2280825.0,,06-07-2026 14:59,28-07-2026 11:57,25-08-2026 15:23,24-08-2026 15:02,13-08-2026 14:22,,,,,,,5
2280829.0,22-07-2026 15:12,06-07-2026 14:59,28-07-2026 11:57,25-08-2026 15:23,24-08-2026 15:02,13-08-2026 14:22,,,,,,,6
2280854.0,,20-07-2026 15:05,28-07-2026 14:56,25-08-2026 15:23,24-08-2026 15:02,13-08-2026 14:22,,,,,,,5
2280857.0,,20-07-2026 15:05,28-07-2026 14:56,,,,,,,,,,2
2280869.0,,20-07-2026 15:05,28-07-2026 14:56,25-08-2026 15:23,24-08-2026 15:02,13-08-2026 14:22,,,,,,,5
2280873.0,,20-07-2026 15:05,28-07-2026 14:56,25-08-2026 15:23,24-08-2026 15:02,13-08-2026 14:22,,,,,,,5
2280879.0,,20-07-2026 15:05,28-07-2026 14:56,25-08-2026 15:23,24-08-2026 15:02,13-08-2026 14:22,,,,,,,5
2280887.0,17-07-2026 14:10,24-07-2026 11:17,30-07-2026 12:30,19-08-2026 14:26,19-08-2026 14:26,29-08-2026 10:32,,,,,,,6
2280896.0,22-07-2026 15:12,06-07-2026 14:59,28-07-2026 11:57,25-08-2026 15:23,24-08-2026 15:02,,,,,,,,5
2280907.0,17-07-2026 14:10,24-07-2026 11:17,30-07-2026 12:30,19-08-2026 14:26,19-08-2026 14:26,13-08-2026 12:04,,,,,,,6
2280913.0,23-07-2026 14:13,09-07-2026 14:30,30-07-2026 12:30,29-08-2026 12:08,29-08-2026 12:07,13-08-2026 12:04,,,,,,,6
2280916.0,,28-07-2026 15:56,28-07-2026 14:56,,24-08-2026 15:02,13-08-2026 14:22,,,,,,,4
2280941.0,,20-07-2026 15:05,28-07-2026 14:56,,24-08-2026 15:02,13-08-2026 14:22,,,,,,,4
2280948.0,,20-07-2026 15:05,28-07-2026 14:56,25-08-2026 15:23,24-08-2026 15:02,13-08-2026 14:22,,,,,,,5
2280955.0,23-07-2026 14:13,24-07-2026 11:17,30-07-2026 12:30,19-08-2026 14:26,19-08-2026 14:26,29-08-2026 10:32,,,,,,,6
2280957.0,23-07-2026 14:13,09-07-2026 14:30,30-07-2026 12:30,19-08-2026 14:26,19-08-2026 14:26,13-08-2026 12:04,,,,,,,6
2280960.0,17-07-2026 14:10,24-07-2026 11:17,30-07-2026 12:30,19-08-2026 14:26,19-08-2026 14:26,13-08-2026 12:04,,,,,,,6
2280963.0,23-07-2026 14:13,09-07-2026 14:30,30-07-2026 12:30,19-08-2026 14:26,19-08-2026 14:26,29-08-2026 10:32,,,,,,,6
2280966.0,17-07-2026 14:10,09-07-2026 14:30,30-07-2026 12:30,19-08-2026 14:26,19-08-2026 14:26,13-08-2026 12:04,,,,,,,6
2280967.0,19-08-2026 12:31,24-07-2026 11:17,13-08-2026 14:04,20-08-2026 11:57,20-08-2026 11:56,29-08-2026 10:32,,,,,,,6
2280971.0,19-08-2026 12:31,09-07-2026 14:30,13-08-2026 14:04,20-08-2026 11:57,20-08-2026 11:56,29-08-2026 10:32,,,,,,,6
2280973.0,17-07-2026 11:45,10-07-2026 11:52,30-07-2026 14:11,29-08-2026 12:08,29-08-2026 12:07,19-08-2026 16:01,,,,,,,6
2280976.0,17-07-2026 11:45,10-07-2026 11:52,13-08-2026 14:04,20-08-2026 11:57,20-08-2026 11:56,19-08-2026 16:01,,,,,,,6
2280978.0,17-07-2026 11:45,24-07-2026 11:17,13-08-2026 14:04,20-08-2026 11:57,20-08-2026 11:56,19-08-2026 16:01,,,,,,,6
2280981.0,17-07-2026 14:10,09-07-2026 14:30,30-07-2026 12:30,19-08-2026 14:26,19-08-2026 14:26,29-08-2026 10:32,,,,,,,6
2280986.0,19-08-2026 12:31,10-07-2026 11:52,13-08-2026 14:04,20-08-2026 11:57,20-08-2026 11:56,29-08-2026 10:32,,,,,,,6
2281109.0,17-07-2026 11:45,10-07-2026 11:52,13-08-2026 14:04,20-08-2026 11:57,20-08-2026 11:56,19-08-2026 16:01,,,,,,,6
2281110.0,23-07-2026 14:13,09-07-2026 14:30,20-08-2026 14:17,19-08-2026 14:26,19-08-2026 14:26,13-08-2026 12:04,,,,,,,6
2281111.0,23-07-2026 14:13,09-07-2026 14:30,30-07-2026 14:11,29-08-2026 12:08,29-08-2026 12:07,19-08-2026 16:01,,,,,,,6
2281112.0,17-07-2026 11:45,10-07-2026 11:52,13-08-2026 14:04,20-08-2026 11:57,20-08-2026 11:56,29-08-2026 10:32,,,,,,,6
2281113.0,28-07-2026 11:48,31-07-2026 11:28,04-08-2026 15:57,25-08-2026 00:14,17-08-2026 12:09,24-08-2026 11:48,,,,,,,6
2281132.0,28-07-2026 11:48,22-07-2026 14:34,04-08-2026 15:57,25-08-2026 00:14,17-08-2026 12:09,14-08-2026 10:17,,,,,,,6
2281133.0,28-07-2026 11:48,31-07-2026 11:28,04-08-2026 15:57,25-08-2026 00:14,17-08-2026 12:09,14-08-2026 10:17,,,,,,,6
2281134.0,28-07-2026 11:48,22-07-2026 14:34,04-08-2026 15:57,25-08-2026 00:14,17-08-2026 12:09,14-08-2026 10:17,,,,,,,6
2281136.0,28-07-2026 11:48,22-07-2026 14:34,04-08-2026 15:57,25-08-2026 00:14,17-08-2026 12:09,14-08-2026 10:17,,,,,,,6
2281137.0,27-07-2026 14:03,22-07-2026 11:11,04-08-2026 14:32,17-08-2026 10:23,17-08-2026 10:23,24-08-2026 11:48,,,,,,17-08-2026 10:22,7
2281138.0,27-07-2026 14:03,22-07-2026 11:11,04-08-2026 14:32,17-08-2026 10:23,17-08-2026 10:23,12-08-2026 14:34,,,,,,17-08-2026 10:22,7
2281139.0,27-07-2026 14:03,22-07-2026 11:11,04-08-2026 14:32,17-08-2026 10:23,17-08-2026 10:23,12-08-2026 14:34,,,,,,17-08-2026 10:22,7
2281140.0,27-07-2026 14:03,22-07-2026 11:11,04-08-2026 14:32,17-08-2026 10:23,17-08-2026 10:23,12-08-2026 14:34,,,,,,17-08-2026 10:22,7
2281141.0,27-07-2026 14:03,22-07-2026 11:11,04-08-2026 14:32,17-08-2026 10:23,17-08-2026 10:23,12-08-2026 14:34,,,,,,17-08-2026 10:22,7
2281142.0,27-07-2026 14:03,31-07-2026 15:22,04-08-2026 14:32,17-08-2026 10:23,17-08-2026 10:23,12-08-2026 14:34,,,,,,17-08-2026 10:22,7
2281143.0,27-07-2026 14:03,31-07-2026 15:22,04-08-2026 14:32,17-08-2026 10:23,17-08-2026 10:23,24-08-2026 11:48,,,,,,17-08-2026 10:22,7
2281144.0,27-07-2026 14:03,31-07-2026 15:22,04-08-2026 14:32,17-08-2026 10:23,17-08-2026 10:23,12-08-2026 14:34,,,,,,17-08-2026 10:22,7
2281145.0,27-07-2026 14:03,22-07-2026 11:11,04-08-2026 14:32,17-08-2026 10:23,17-08-2026 10:23,12-08-2026 14:34,,,,,,17-08-2026 10:22,7
2281146.0,27-07-2026 14:03,22-07-2026 11:11,04-08-2026 14:32,17-08-2026 10:23,17-08-2026 10:23,12-08-2026 14:34,,,,,,17-08-2026 10:22,7
2281147.0,27-07-2026 14:03,22-07-2026 11:11,04-08-2026 14:32,17-08-2026 10:23,17-08-2026 10:23,12-08-2026 14:34,,,,,,17-08-2026 10:22,7
2281148.0,29-07-2026 10:34,24-07-2026 14:44,04-08-2026 14:03,29-08-2026 11:28,29-08-2026 11:29,05-08-2026 10:45,,,,,,,6
2281149.0,17-07-2026 14:10,24-07-2026 11:17,20-08-2026 14:17,19-08-2026 14:26,19-08-2026 14:26,13-08-2026 12:04,,,,,,,6
2281150.0,27-07-2026 14:03,22-07-2026 11:11,04-08-2026 14:32,17-08-2026 10:23,17-08-2026 10:23,12-08-2026 14:34,,,,,,17-08-2026 10:22,7
2281151.0,17-07-2026 11:45,10-07-2026 11:52,20-08-2026 11:03,20-08-2026 11:57,29-08-2026 12:07,19-08-2026 16:01,,,,,,,6
2281152.0,27-07-2026 14:03,31-07-2026 15:22,04-08-2026 14:32,17-08-2026 10:23,17-08-2026 10:23,24-08-2026 11:48,,,,,,17-08-2026 10:22,7
2281153.0,17-07-2026 11:45,10-07-2026 11:52,13-08-2026 14:04,20-08-2026 11:57,20-08-2026 11:56,19-08-2026 16:01,,,,,,,6
2281154.0,17-07-2026 11:45,10-07-2026 11:52,13-08-2026 14:04,20-08-2026 11:57,20-08-2026 11:56,29-08-2026 10:32,,,,,,,6
2281155.0,27-07-2026 14:03,22-07-2026 11:11,04-08-2026 14:32,17-08-2026 10:23,17-08-2026 10:23,12-08-2026 14:34,,,,,,17-08-2026 10:22,7
2281156.0,17-07-2026 11:45,24-07-2026 11:17,30-07-2026 14:11,20-08-2026 11:57,20-08-2026 11:56,19-08-2026 16:01,,,,,,,6
2281157.0,27-07-2026 14:03,22-07-2026 11:11,04-08-2026 14:32,17-08-2026 10:23,17-08-2026 10:23,12-08-2026 14:34,,,,,,17-08-2026 10:22,7
2281158.0,27-07-2026 14:03,22-07-2026 11:11,04-08-2026 14:32,17-08-2026 10:23,17-08-2026 10:23,12-08-2026 14:34,,,,,,17-08-2026 10:22,7
2281159.0,17-07-2026 11:45,10-07-2026 11:52,13-08-2026 14:04,20-08-2026 11:57,20-08-2026 11:56,29-08-2026 10:32,,,,,,,6
2281160.0,27-07-2026 14:03,22-07-2026 11:11,04-08-2026 14:32,17-08-2026 10:23,17-08-2026 10:23,12-08-2026 14:34,,,,,,17-08-2026 10:22,7
2281161.0,27-07-2026 14:03,22-07-2026 11:11,04-08-2026 14:32,17-08-2026 10:23,17-08-2026 10:23,12-08-2026 14:34,,,,,,17-08-2026 10:22,7
2281162.0,27-07-2026 14:03,22-07-2026 11:11,04-08-2026 14:32,17-08-2026 10:23,17-08-2026 10:23,12-08-2026 14:34,,,,,,17-08-2026 10:22,7
2281163.0,27-07-2026 14:03,22-07-2026 11:11,04-08-2026 14:32,17-08-2026 10:23,17-08-2026 10:23,12-08-2026 14:34,,,,,,17-08-2026 10:22,7
2281164.0,27-07-2026 14:03,22-07-2026 11:11,04-08-2026 14:32,17-08-2026 10:23,17-08-2026 10:23,12-08-2026 14:34,,,,,,17-08-2026 10:22,7
2281165.0,27-07-2026 14:03,22-07-2026 11:11,04-08-2026 14:32,17-08-2026 10:23,17-08-2026 10:23,12-08-2026 14:34,,,,,,17-08-2026 10:22,7
2281166.0,27-07-2026 14:03,31-07-2026 15:22,04-08-2026 14:32,17-08-2026 10:23,17-08-2026 10:23,12-08-2026 14:34,,,,,,17-08-2026 10:22,7
2281167.0,27-07-2026 14:03,31-07-2026 15:22,04-08-2026 14:32,17-08-2026 10:23,17-08-2026 10:23,12-08-2026 14:34,,,,,,17-08-2026 10:22,7
2281168.0,27-07-2026 14:03,22-07-2026 11:11,04-08-2026 14:32,17-08-2026 10:23,17-08-2026 10:23,12-08-2026 14:34,,,,,,17-08-2026 10:22,7
2281169.0,27-07-2026 14:03,22-07-2026 11:11,04-08-2026 14:32,17-08-2026 10:23,17-08-2026 10:23,12-08-2026 14:34,,,,,,17-08-2026 10:22,7
2281170.0,30-07-2026 14:49,20-07-2026 14:51,05-08-2026 16:28,20-08-2026 12:43,20-08-2026 12:40,11-08-2026 16:23,,,,,,,6
2281171.0,04-08-2026 14:04,23-07-2026 14:56,05-08-2026 16:28,20-08-2026 12:43,20-08-2026 12:40,18-08-2026 14:09,,,,,,,6
2281172.0,27-07-2026 14:03,22-07-2026 11:11,04-08-2026 14:32,17-08-2026 10:23,17-08-2026 10:23,12-08-2026 14:34,,,,,,17-08-2026 10:22,7
2281173.0,30-07-2026 14:49,20-07-2026 14:51,05-08-2026 16:28,20-08-2026 12:43,20-08-2026 12:40,13-08-2026 16:29,,,,,,,6
2281174.0,27-07-2026 14:03,22-07-2026 11:11,04-08-2026 14:32,17-08-2026 10:23,17-08-2026 10:23,12-08-2026 14:34,,,,,,17-08-2026 10:22,7
2281175.0,30-07-2026 14:49,20-07-2026 14:51,05-08-2026 16:28,20-08-2026 12:43,20-08-2026 12:40,18-08-2026 14:09,,,,,,,6
2281176.0,27-07-2026 14:03,22-07-2026 11:11,04-08-2026 14:32,17-08-2026 10:23,17-08-2026 10:23,12-08-2026 14:34,,,,,,17-08-2026 10:22,7
2281178.0,30-07-2026 14:49,20-07-2026 14:51,05-08-2026 16:28,20-08-2026 12:43,20-08-2026 12:40,13-08-2026 16:29,,,,,,,6
2281179.0,27-07-2026 14:03,22-07-2026 11:11,04-08-2026 14:32,17-08-2026 10:23,17-08-2026 10:23,12-08-2026 14:34,,,,,,17-08-2026 10:22,7
2281180.0,30-07-2026 14:49,20-07-2026 14:51,05-08-2026 16:28,,,13-08-2026 16:29,,,,,,,4
2281182.0,27-07-2026 14:03,22-07-2026 11:11,06-08-2026 10:36,17-08-2026 14:24,17-08-2026 14:23,13-08-2026 10:26,,,,,,,6
2281183.0,27-07-2026 14:03,22-07-2026 11:11,06-08-2026 10:36,17-08-2026 14:24,17-08-2026 14:23,13-08-2026 10:26,,,,,,,6
2281184.0,27-07-2026 14:03,31-07-2026 15:22,07-08-2026 11:53,17-08-2026 14:24,17-08-2026 14:23,13-08-2026 10:26,,,,,,,6
2281185.0,27-07-2026 14:03,22-07-2026 11:11,06-08-2026 10:36,17-08-2026 14:24,17-08-2026 14:23,12-08-2026 14:34,,,,,,,6
2281186.0,27-07-2026 14:03,22-07-2026 11:11,06-08-2026 10:36,17-08-2026 14:24,17-08-2026 14:23,13-08-2026 10:26,,,,,,,6
2281187.0,27-07-2026 14:03,22-07-2026 11:11,06-08-2026 10:36,17-08-2026 14:24,17-08-2026 14:23,13-08-2026 10:26,,,,,,,6
2281188.0,27-07-2026 14:03,22-07-2026 11:11,06-08-2026 10:36,17-08-2026 14:24,17-08-2026 14:23,12-08-2026 14:34,,,,,,,6
2281189.0,27-07-2026 14:03,22-07-2026 11:11,06-08-2026 10:36,17-08-2026 14:24,17-08-2026 14:23,12-08-2026 14:34,,,,,,,6
2281193.0,27-07-2026 14:03,22-07-2026 11:11,06-08-2026 10:36,17-08-2026 14:24,17-08-2026 14:23,13-08-2026 10:26,,,,,,,6
2281195.0,27-07-2026 14:03,22-07-2026 11:11,06-08-2026 10:36,17-08-2026 14:24,17-08-2026 14:23,13-08-2026 10:26,,,,,,,6
2281196.0,27-07-2026 14:03,22-07-2026 11:11,06-08-2026 10:36,17-08-2026 14:24,17-08-2026 14:23,13-08-2026 10:26,,,,,,,6
2281199.0,27-07-2026 14:03,22-07-2026 11:11,06-08-2026 10:36,17-08-2026 14:24,17-08-2026 14:23,12-08-2026 14:34,,,,,,,6
2281201.0,27-07-2026 14:03,22-07-2026 11:11,06-08-2026 10:36,17-08-2026 14:24,17-08-2026 14:23,12-08-2026 14:34,,,,,,,6
2281202.0,27-07-2026 14:03,31-07-2026 15:22,06-08-2026 10:36,17-08-2026 14:24,17-08-2026 14:23,13-08-2026 10:26,,,,,,,6
2281204.0,27-07-2026 14:03,22-07-2026 11:11,06-08-2026 10:36,17-08-2026 14:24,17-08-2026 14:23,13-08-2026 10:26,,,,,,,6
2281208.0,27-07-2026 14:03,22-07-2026 11:11,06-08-2026 10:36,17-08-2026 14:24,17-08-2026 14:23,13-08-2026 10:26,,,,,,,6
2281210.0,27-07-2026 14:03,22-07-2026 11:11,07-08-2026 11:53,17-08-2026 14:24,17-08-2026 14:23,12-08-2026 14:34,,,,,,,6
2281213.0,27-07-2026 14:03,22-07-2026 11:11,06-08-2026 10:36,17-08-2026 14:24,17-08-2026 14:23,12-08-2026 14:34,,,,,,,6
2281214.0,27-07-2026 14:03,22-07-2026 11:11,06-08-2026 10:36,17-08-2026 14:24,17-08-2026 14:23,13-08-2026 10:26,,,,,,,6
2281216.0,27-07-2026 14:03,22-07-2026 11:11,06-08-2026 10:36,17-08-2026 14:24,17-08-2026 14:23,12-08-2026 14:34,,,,,,,6
2281218.0,19-08-2026 12:31,10-07-2026 11:52,13-08-2026 14:04,20-08-2026 11:57,20-08-2026 11:56,29-08-2026 10:32,,,,,,,6
2281219.0,17-07-2026 11:45,24-07-2026 11:17,13-08-2026 14:04,20-08-2026 11:57,20-08-2026 11:56,19-08-2026 16:01,,,,,,,6
2281239.0,17-07-2026 11:45,24-07-2026 11:17,13-08-2026 14:04,20-08-2026 11:57,20-08-2026 11:56,19-08-2026 16:01,,,,,,,6
2281245.0,28-07-2026 11:48,31-07-2026 11:28,07-08-2026 11:53,25-08-2026 00:14,17-08-2026 12:09,14-08-2026 10:17,,,,,,,6
2281248.0,28-07-2026 11:48,24-08-2026 14:42,27-08-2026 10:24,25-08-2026 00:14,17-08-2026 12:09,24-08-2026 11:48,,,,,,,6
2281253.0,28-07-2026 11:48,22-07-2026 14:34,04-08-2026 15:57,25-08-2026 00:14,17-08-2026 12:09,14-08-2026 10:17,,,,,,,6
2281260.0,28-07-2026 11:48,31-07-2026 11:28,07-08-2026 11:53,25-08-2026 00:14,17-08-2026 12:09,14-08-2026 10:17,,,,,,,6
2281262.0,28-07-2026 14:10,22-07-2026 11:46,01-08-2026 14:20,24-08-2026 14:23,24-08-2026 14:20,31-08-2026 14:04,,,,,,,6
2281268.0,28-07-2026 14:10,27-07-2026 16:20,01-08-2026 14:20,24-08-2026 14:23,24-08-2026 14:20,11-08-2026 14:11,,,,,,,6
2281270.0,28-07-2026 14:10,22-07-2026 11:46,01-08-2026 14:20,24-08-2026 14:23,24-08-2026 14:20,11-08-2026 14:11,,,,,,,6
2281275.0,28-07-2026 11:48,31-07-2026 11:28,04-08-2026 15:57,25-08-2026 00:14,17-08-2026 12:09,24-08-2026 11:48,,,,,,,6
2281276.0,24-07-2026 11:16,21-07-2026 10:51,31-07-2026 14:12,19-08-2026 14:21,19-08-2026 14:18,07-08-2026 14:17,,,,,,,6
2281278.0,28-07-2026 11:48,22-07-2026 14:34,04-08-2026 15:57,25-08-2026 00:14,17-08-2026 12:09,14-08-2026 10:17,,,,,,,6
2281282.0,28-07-2026 14:10,22-07-2026 11:46,01-08-2026 14:20,24-08-2026 14:23,24-08-2026 14:20,11-08-2026 14:11,,,,,,,6
2281286.0,28-07-2026 14:10,27-07-2026 16:20,01-08-2026 14:20,24-08-2026 14:23,24-08-2026 14:20,11-08-2026 14:11,,,,,,,6
2281292.0,28-07-2026 11:54,22-07-2026 11:46,31-07-2026 14:12,24-08-2026 14:23,24-08-2026 14:20,11-08-2026 14:11,,,,,,,6
2281294.0,28-07-2026 11:54,22-07-2026 11:46,31-07-2026 14:12,24-08-2026 14:23,24-08-2026 14:20,11-08-2026 14:11,,,,,,,6
2281297.0,28-07-2026 11:54,22-07-2026 11:46,31-07-2026 14:12,24-08-2026 14:23,24-08-2026 14:20,11-08-2026 14:11,,,,,,,6
2281301.0,28-07-2026 11:54,22-07-2026 11:46,31-07-2026 14:12,24-08-2026 14:23,24-08-2026 14:20,18-08-2026 14:09,,,,,,,6
2281303.0,28-07-2026 11:54,22-07-2026 11:46,31-07-2026 14:12,24-08-2026 14:23,24-08-2026 14:20,11-08-2026 14:11,,,,,,,6
2281308.0,28-07-2026 14:10,22-07-2026 11:46,31-07-2026 14:12,24-08-2026 14:23,24-08-2026 14:20,11-08-2026 14:11,,,,,,,6
2281311.0,28-07-2026 11:54,22-07-2026 11:46,31-07-2026 14:12,24-08-2026 14:23,24-08-2026 14:20,11-08-2026 14:11,,,,,,,6
2281358.0,17-07-2026 11:45,10-07-2026 11:52,13-08-2026 14:04,20-08-2026 11:57,20-08-2026 11:56,19-08-2026 16:01,,,,,,,6
2281482.0,28-07-2026 15:13,23-07-2026 11:41,06-08-2026 12:20,17-08-2026 15:42,17-08-2026 15:42,20-08-2026 10:39,,,,,,,6
2281483.0,28-07-2026 15:13,23-07-2026 11:41,06-08-2026 12:20,17-08-2026 15:42,17-08-2026 15:42,20-08-2026 10:39,,,,,,,6
2281484.0,28-07-2026 15:13,23-07-2026 11:41,06-08-2026 12:20,17-08-2026 15:42,17-08-2026 15:42,20-08-2026 10:39,,,,,,,6
2281485.0,28-07-2026 15:13,23-07-2026 11:41,06-08-2026 12:20,17-08-2026 15:42,17-08-2026 15:42,20-08-2026 10:39,,,,,,,6
2281486.0,28-07-2026 15:13,27-07-2026 11:34,06-08-2026 12:20,17-08-2026 15:42,17-08-2026 15:42,20-08-2026 10:39,,,,,,,6
2281499.0,28-07-2026 15:13,23-07-2026 11:41,07-08-2026 11:53,17-08-2026 15:42,17-08-2026 15:42,20-08-2026 10:39,,,,,,,6
2281500.0,28-07-2026 15:13,27-07-2026 11:34,06-08-2026 12:20,17-08-2026 15:42,17-08-2026 15:42,20-08-2026 10:39,,,,,,,6
2281501.0,28-07-2026 15:13,23-07-2026 11:41,06-08-2026 12:20,17-08-2026 15:42,17-08-2026 15:42,20-08-2026 10:39,,,,,,,6
2281502.0,28-07-2026 15:13,27-07-2026 11:34,07-08-2026 11:53,17-08-2026 15:42,17-08-2026 15:42,20-08-2026 10:39,,,,,,,6
2281503.0,28-07-2026 15:13,23-07-2026 11:41,06-08-2026 12:20,17-08-2026 15:42,17-08-2026 15:42,20-08-2026 10:39,,,,,,,6
2281504.0,28-07-2026 15:13,27-07-2026 11:34,07-08-2026 11:53,17-08-2026 15:42,17-08-2026 15:42,20-08-2026 10:39,,,,,,,6
2281505.0,28-07-2026 15:13,23-07-2026 11:41,06-08-2026 12:20,17-08-2026 15:42,17-08-2026 15:42,20-08-2026 10:39,,,,,,,6
2281507.0,27-07-2026 14:59,31-07-2026 15:22,04-08-2026 12:29,25-08-2026 16:01,25-08-2026 16:02,12-08-2026 11:46,,,,,,,6
2281508.0,28-07-2026 15:13,27-07-2026 11:34,06-08-2026 12:20,17-08-2026 15:42,17-08-2026 15:42,20-08-2026 10:39,,,,,,,6
2281510.0,28-07-2026 15:13,27-07-2026 11:34,06-08-2026 12:20,17-08-2026 15:42,17-08-2026 15:42,20-08-2026 10:39,,,,,,,6
2281511.0,28-07-2026 15:13,23-07-2026 11:41,07-08-2026 11:53,17-08-2026 15:42,17-08-2026 15:42,20-08-2026 10:39,,,,,,,6
2281512.0,28-07-2026 15:13,27-07-2026 11:34,06-08-2026 12:20,17-08-2026 15:42,17-08-2026 15:42,20-08-2026 10:39,,,,,,,6
2281513.0,28-07-2026 15:13,23-07-2026 11:41,07-08-2026 11:53,17-08-2026 15:42,17-08-2026 15:42,20-08-2026 10:39,,,,,,,6
2281551.0,28-07-2026 11:48,22-07-2026 14:34,04-08-2026 15:57,31-08-2026 12:17,17-08-2026 12:09,14-08-2026 10:17,,,,,,,6
2281552.0,28-07-2026 11:48,22-07-2026 14:34,04-08-2026 15:57,25-08-2026 00:14,17-08-2026 12:09,14-08-2026 10:17,,,,,,,6
2281553.0,28-07-2026 11:48,31-07-2026 11:28,04-08-2026 15:57,31-08-2026 12:17,17-08-2026 12:09,14-08-2026 10:17,,,,,,,6
2281554.0,28-07-2026 11:48,31-07-2026 11:28,04-08-2026 15:57,25-08-2026 00:14,17-08-2026 12:09,14-08-2026 10:17,,,,,,,6
2281555.0,28-07-2026 11:48,22-07-2026 14:34,04-08-2026 15:57,25-08-2026 00:14,17-08-2026 12:09,14-08-2026 10:17,,,,,,,6
2281556.0,28-07-2026 11:48,22-07-2026 14:34,04-08-2026 15:57,25-08-2026 00:14,31-08-2026 12:16,14-08-2026 10:17,,,,,,,6
2281557.0,28-07-2026 11:48,31-07-2026 11:28,04-08-2026 15:57,25-08-2026 00:14,31-08-2026 12:16,14-08-2026 10:17,,,,,,,6
2281558.0,28-07-2026 11:48,31-07-2026 11:28,04-08-2026 15:57,25-08-2026 00:14,17-08-2026 12:09,14-08-2026 10:17,,,,,,,6
2281560.0,28-07-2026 11:48,22-07-2026 14:34,04-08-2026 15:57,25-08-2026 00:14,31-08-2026 12:16,14-08-2026 10:17,,,,,,,6
2281562.0,28-07-2026 11:48,22-07-2026 14:34,04-08-2026 15:57,25-08-2026 00:14,17-08-2026 12:09,14-08-2026 10:17,,,,,,,6
2281563.0,28-07-2026 11:48,22-07-2026 14:34,04-08-2026 15:57,31-08-2026 12:17,17-08-2026 12:09,14-08-2026 10:17,,,,,,,6
2281564.0,28-07-2026 11:48,22-07-2026 14:34,04-08-2026 15:57,25-08-2026 00:14,17-08-2026 12:09,14-08-2026 10:17,,,,,,,6
2281568.0,28-07-2026 11:48,31-07-2026 11:28,07-08-2026 11:53,25-08-2026 00:14,31-08-2026 12:16,14-08-2026 10:17,,,,,,,6
2281570.0,28-07-2026 11:48,22-07-2026 14:34,04-08-2026 15:57,25-08-2026 00:14,17-08-2026 12:09,14-08-2026 10:17,,,,,,,6
2281574.0,28-07-2026 11:48,22-07-2026 14:34,04-08-2026 15:57,25-08-2026 00:14,17-08-2026 12:09,14-08-2026 10:17,,,,,,,6
2281577.0,28-07-2026 11:48,24-08-2026 14:42,24-08-2026 13:56,25-08-2026 00:14,17-08-2026 12:09,14-08-2026 10:17,,,,,,,6
2281578.0,28-07-2026 11:48,22-07-2026 14:34,04-08-2026 15:57,25-08-2026 00:14,17-08-2026 12:09,14-08-2026 10:17,,,,,,,6
2281579.0,28-07-2026 11:48,22-07-2026 14:34,04-08-2026 15:57,25-08-2026 00:14,17-08-2026 12:09,14-08-2026 10:17,,,,,,,6
2281581.0,28-07-2026 11:48,22-07-2026 14:34,04-08-2026 15:57,25-08-2026 00:14,17-08-2026 12:09,14-08-2026 10:17,,,,,,,6
2281583.0,28-07-2026 11:48,24-08-2026 14:42,24-08-2026 13:56,25-08-2026 00:14,17-08-2026 12:09,14-08-2026 10:17,,,,,,,6
2281585.0,28-07-2026 11:48,22-07-2026 14:34,04-08-2026 15:57,25-08-2026 00:14,17-08-2026 12:09,14-08-2026 10:17,,,,,,,6
2281626.0,18-07-2026 15:29,09-07-2026 15:33,30-07-2026 15:30,,,27-08-2026 15:33,,,,,,,4
2281628.0,18-07-2026 15:29,09-07-2026 15:33,30-07-2026 15:30,,,27-08-2026 15:33,,,,,,,4
2281630.0,18-07-2026 15:29,09-07-2026 15:33,30-07-2026 15:30,,,27-08-2026 15:33,,,,,,,4
2281636.0,18-07-2026 15:29,09-07-2026 15:33,30-07-2026 15:30,,,27-08-2026 15:33,,,,,,,4
2281638.0,18-07-2026 15:29,09-07-2026 15:33,30-07-2026 15:30,,,27-08-2026 15:33,,,,,,,4
2281640.0,18-07-2026 15:29,09-07-2026 15:33,30-07-2026 15:30,,,27-08-2026 15:33,,,,,,,4
2281643.0,18-07-2026 15:29,09-07-2026 15:33,30-07-2026 15:30,,,27-08-2026 15:33,,,,,,,4
2281645.0,18-07-2026 15:29,09-07-2026 15:33,30-07-2026 15:30,,,27-08-2026 15:33,,,,,,,4
2281697.0,28-07-2026 15:13,23-07-2026 11:41,07-08-2026 13:55,17-08-2026 15:46,17-08-2026 15:45,24-08-2026 11:48,,,,,,,6
2281698.0,28-07-2026 15:13,23-07-2026 11:41,06-08-2026 12:20,17-08-2026 15:46,17-08-2026 15:45,20-08-2026 10:39,,,,,,,6
2281700.0,28-07-2026 15:13,23-07-2026 11:41,06-08-2026 12:20,17-08-2026 15:46,17-08-2026 15:45,20-08-2026 10:39,,,,,,,6
2281702.0,28-07-2026 15:13,23-07-2026 11:41,07-08-2026 13:55,17-08-2026 15:46,17-08-2026 15:45,24-08-2026 11:48,,,,,,,6
2281704.0,28-07-2026 15:13,23-07-2026 11:41,06-08-2026 12:20,17-08-2026 15:46,17-08-2026 15:45,20-08-2026 10:39,,,,,,,6
2281708.0,28-07-2026 15:13,23-07-2026 11:41,07-08-2026 13:55,17-08-2026 15:46,17-08-2026 15:45,24-08-2026 11:48,,,,,,,6
2281710.0,28-07-2026 15:13,23-07-2026 11:41,07-08-2026 13:55,17-08-2026 15:46,17-08-2026 15:45,24-08-2026 11:48,,,,,,,6
2281712.0,28-07-2026 15:13,23-07-2026 11:41,07-08-2026 13:55,17-08-2026 15:46,17-08-2026 15:45,24-08-2026 11:48,,,,,,,6
2281714.0,28-07-2026 15:13,23-07-2026 11:41,07-08-2026 13:55,17-08-2026 15:46,17-08-2026 15:45,20-08-2026 10:39,,,,,,,6
2281716.0,28-07-2026 15:13,23-07-2026 11:41,07-08-2026 13:55,17-08-2026 15:46,17-08-2026 15:45,24-08-2026 11:48,,,,,,,6
2281717.0,28-07-2026 15:13,23-07-2026 11:41,07-08-2026 13:55,17-08-2026 15:46,17-08-2026 15:45,24-08-2026 11:48,,,,,,,6
2281719.0,28-07-2026 15:13,23-07-2026 11:41,07-08-2026 13:55,17-08-2026 15:46,17-08-2026 15:45,24-08-2026 11:48,,,,,,,6
2281721.0,28-07-2026 15:13,27-07-2026 11:34,07-08-2026 13:55,17-08-2026 15:46,17-08-2026 15:45,24-08-2026 11:48,,,,,,,6
2281723.0,28-07-2026 15:13,27-07-2026 11:34,07-08-2026 13:55,17-08-2026 15:46,17-08-2026 15:45,24-08-2026 11:48,,,,,,,6
2281727.0,28-07-2026 15:13,23-07-2026 11:41,07-08-2026 13:55,17-08-2026 15:46,17-08-2026 15:45,24-08-2026 11:48,,,,,,,6
2281729.0,28-07-2026 15:13,23-07-2026 11:41,07-08-2026 13:55,17-08-2026 15:46,17-08-2026 15:45,24-08-2026 11:48,,,,,,,6
2281731.0,28-07-2026 15:13,23-07-2026 11:41,07-08-2026 13:55,17-08-2026 15:46,17-08-2026 15:45,24-08-2026 11:48,,,,,,,6
2281733.0,28-07-2026 15:13,23-07-2026 11:41,07-08-2026 13:55,17-08-2026 15:46,17-08-2026 15:45,20-08-2026 10:39,,,,,,,6
2281735.0,28-07-2026 15:13,23-07-2026 11:41,07-08-2026 13:55,17-08-2026 15:46,17-08-2026 15:45,24-08-2026 11:48,,,,,,,6
2281891.0,28-07-2026 15:13,23-07-2026 11:41,06-08-2026 12:20,17-08-2026 15:42,17-08-2026 15:42,20-08-2026 10:39,,,,,,,6
2281892.0,28-07-2026 15:13,27-07-2026 11:34,06-08-2026 12:20,17-08-2026 15:42,17-08-2026 15:42,20-08-2026 10:39,,,,,,,6
2281893.0,28-07-2026 15:13,23-07-2026 11:41,06-08-2026 12:20,17-08-2026 15:42,17-08-2026 15:42,20-08-2026 10:39,,,,,,,6
2281894.0,28-07-2026 15:13,27-07-2026 11:34,06-08-2026 12:20,17-08-2026 15:42,17-08-2026 15:42,20-08-2026 10:39,,,,,,,6
2281895.0,28-07-2026 15:13,23-07-2026 11:41,06-08-2026 12:20,17-08-2026 15:42,17-08-2026 15:42,20-08-2026 10:39,,,,,,,6
2281896.0,28-07-2026 15:13,23-07-2026 11:41,06-08-2026 12:20,17-08-2026 15:42,17-08-2026 15:42,20-08-2026 10:39,,,,,,,6
2281897.0,13-07-2026 15:23,08-07-2026 10:37,29-07-2026 10:36,14-08-2026 10:51,14-08-2026 10:48,05-08-2026 10:37,27-08-2026 10:35,,,,,,7
2281898.0,28-07-2026 15:13,23-07-2026 11:41,06-08-2026 12:20,17-08-2026 15:42,17-08-2026 15:42,20-08-2026 10:39,,,,,,,6
2281899.0,13-07-2026 15:23,08-07-2026 10:37,31-07-2026 10:35,14-08-2026 10:51,14-08-2026 10:48,04-08-2026 15:20,31-08-2026 11:40,,,,,,7
2281900.0,13-07-2026 15:23,08-07-2026 10:37,28-07-2026 12:18,14-08-2026 10:51,14-08-2026 10:48,04-08-2026 15:20,27-08-2026 10:35,,,,,,7
2281901.0,13-07-2026 15:23,22-07-2026 11:32,28-07-2026 12:18,14-08-2026 10:51,14-08-2026 10:48,05-08-2026 10:37,27-08-2026 10:35,,,,,,7
2281902.0,15-07-2026 10:45,06-07-2026 14:46,29-07-2026 14:37,12-08-2026 12:11,12-08-2026 12:10,06-08-2026 14:29,,,,,,,6
2281903.0,13-07-2026 15:23,20-07-2026 14:44,28-07-2026 12:18,14-08-2026 10:51,14-08-2026 10:48,05-08-2026 10:37,31-08-2026 11:40,,,,,,7
2281904.0,21-07-2026 14:02,22-07-2026 11:32,31-07-2026 10:35,14-08-2026 10:51,14-08-2026 10:48,05-08-2026 10:37,27-08-2026 10:35,,,,,,7
2281906.0,21-07-2026 11:58,08-07-2026 10:37,29-07-2026 10:36,14-08-2026 10:51,14-08-2026 10:48,05-08-2026 10:37,27-08-2026 10:35,,,,,,7
2281908.0,18-07-2026 15:29,09-07-2026 15:33,30-07-2026 15:30,,,27-08-2026 15:33,,,,,,,4
2281909.0,18-07-2026 15:29,09-07-2026 15:33,30-07-2026 15:30,,,27-08-2026 15:33,,,,,,,4
2281910.0,13-07-2026 15:23,08-07-2026 10:37,29-07-2026 10:36,14-08-2026 10:51,14-08-2026 10:48,05-08-2026 10:37,27-08-2026 10:35,,,,,,7
2281911.0,18-07-2026 15:29,09-07-2026 15:33,30-07-2026 15:30,,,27-08-2026 15:33,,,,,,,4
2281912.0,13-07-2026 15:23,08-07-2026 10:37,31-07-2026 10:35,18-08-2026 10:34,18-08-2026 10:32,04-08-2026 15:20,31-08-2026 11:40,,,,,,7
2281913.0,18-07-2026 15:29,09-07-2026 15:33,30-07-2026 15:30,,,27-08-2026 15:33,,,,,,,4
2281914.0,18-07-2026 15:29,31-07-2026 15:24,30-07-2026 15:30,,,27-08-2026 15:33,,,,,,,4
2281915.0,18-07-2026 15:29,09-07-2026 15:33,30-07-2026 15:30,,,27-08-2026 15:33,,,,,,,4
2281916.0,22-07-2026 12:24,06-07-2026 14:46,17-08-2026 13:42,18-08-2026 12:04,18-08-2026 12:04,,31-08-2026 11:39,,,,,,6
2281918.0,18-07-2026 15:29,21-07-2026 11:41,07-08-2026 15:24,,,27-08-2026 15:33,,,,,,,4
2281919.0,18-07-2026 15:29,09-07-2026 15:33,30-07-2026 15:30,,,27-08-2026 15:33,,,,,,,4
2281920.0,24-07-2026 10:46,31-07-2026 15:24,30-07-2026 15:30,,,27-08-2026 15:33,,,,,,,4
2281921.0,18-07-2026 15:29,21-07-2026 11:41,30-07-2026 15:30,,,27-08-2026 15:33,,,,,,,4
2281922.0,15-07-2026 11:29,09-07-2026 13:51,28-07-2026 09:53,12-08-2026 14:27,12-08-2026 14:26,07-08-2026 12:25,27-08-2026 12:13,,,,,,7
2281923.0,21-07-2026 11:58,06-07-2026 10:33,27-07-2026 10:36,11-08-2026 10:27,11-08-2026 10:24,05-08-2026 10:37,,,,,,,6
2281982.0,28-07-2026 15:13,23-07-2026 11:41,06-08-2026 12:20,17-08-2026 15:46,17-08-2026 15:45,20-08-2026 10:39,,,,,,,6
2281983.0,17-07-2026 11:45,10-07-2026 11:52,30-07-2026 14:11,20-08-2026 11:57,20-08-2026 11:56,19-08-2026 16:01,,,,,,,6
2281984.0,28-07-2026 15:13,23-07-2026 11:41,07-08-2026 13:55,17-08-2026 15:46,17-08-2026 15:45,24-08-2026 11:48,,,,,,,6
2281986.0,23-07-2026 14:13,24-07-2026 11:17,30-07-2026 14:11,20-08-2026 11:57,20-08-2026 11:56,19-08-2026 16:01,,,,,,,6
2281987.0,28-07-2026 15:13,27-07-2026 11:34,07-08-2026 13:55,17-08-2026 15:46,17-08-2026 15:45,24-08-2026 11:48,,,,,,,6
2281991.0,19-08-2026 12:31,10-07-2026 11:52,13-08-2026 14:04,20-08-2026 11:57,20-08-2026 11:56,19-08-2026 16:01,,,,,,,6
2281992.0,28-07-2026 15:13,23-07-2026 11:41,07-08-2026 13:55,17-08-2026 15:46,17-08-2026 15:45,20-08-2026 10:39,,,,,,,6
2281994.0,28-07-2026 11:48,31-07-2026 11:28,07-08-2026 11:53,31-08-2026 12:17,31-08-2026 12:16,14-08-2026 10:17,,,,,,,6
2281995.0,17-07-2026 11:45,10-07-2026 11:52,30-07-2026 14:11,20-08-2026 11:57,20-08-2026 11:56,19-08-2026 16:01,,,,,,,6
2281996.0,28-07-2026 15:13,23-07-2026 11:41,07-08-2026 13:55,17-08-2026 15:46,17-08-2026 15:45,20-08-2026 10:39,,,,,,,6
2281999.0,28-07-2026 15:13,23-07-2026 11:41,06-08-2026 12:20,17-08-2026 15:46,17-08-2026 15:45,20-08-2026 10:39,,,,,,,6
2282001.0,17-07-2026 11:22,09-07-2026 13:51,27-07-2026 11:40,12-08-2026 11:40,11-08-2026 11:29,05-08-2026 11:33,27-08-2026 11:29,,,,,,7
2282002.0,11-08-2026 12:08,23-07-2026 11:41,06-08-2026 12:20,17-08-2026 15:46,17-08-2026 15:45,20-08-2026 10:39,,,,,,,6
2282005.0,17-07-2026 11:45,10-07-2026 11:52,13-08-2026 14:04,20-08-2026 11:57,20-08-2026 11:56,19-08-2026 16:01,,,,,,,6
2282007.0,28-07-2026 15:13,27-07-2026 11:34,07-08-2026 13:55,17-08-2026 15:46,17-08-2026 15:45,24-08-2026 11:48,,,,,,,6
2282008.0,17-07-2026 11:45,10-07-2026 11:52,13-08-2026 14:04,20-08-2026 11:57,20-08-2026 11:56,29-08-2026 10:32,,,,,,,6
2282009.0,17-07-2026 11:45,10-07-2026 11:52,30-07-2026 14:11,20-08-2026 11:57,20-08-2026 11:56,19-08-2026 16:01,,,,,,,6
2282012.0,30-07-2026 10:42,23-07-2026 11:41,11-08-2026 10:48,25-08-2026 10:56,25-08-2026 10:55,20-08-2026 14:15,,,,,,,6
2282014.0,17-07-2026 11:45,10-07-2026 11:52,13-08-2026 14:04,20-08-2026 11:57,20-08-2026 11:56,29-08-2026 10:32,,,,,,,6
2282015.0,28-07-2026 11:48,22-07-2026 14:34,07-08-2026 11:53,25-08-2026 00:14,17-08-2026 12:09,24-08-2026 11:48,,,,,,,6
2282016.0,17-07-2026 11:45,10-07-2026 11:52,30-07-2026 14:11,20-08-2026 11:57,20-08-2026 11:56,19-08-2026 16:01,,,,,,,6
2282017.0,31-07-2026 12:02,22-07-2026 14:34,07-08-2026 11:53,31-08-2026 12:17,17-08-2026 12:09,14-08-2026 10:17,,,,,,,6
2282021.0,28-07-2026 15:13,23-07-2026 11:41,07-08-2026 13:55,17-08-2026 15:46,17-08-2026 15:45,24-08-2026 11:48,,,,,,,6
2282023.0,31-07-2026 12:02,22-07-2026 14:34,07-08-2026 11:53,31-08-2026 12:17,31-08-2026 12:16,24-08-2026 11:48,,,,,,,6
2282024.0,28-07-2026 15:13,31-07-2026 15:22,07-08-2026 13:55,17-08-2026 15:46,17-08-2026 15:45,24-08-2026 11:48,,,,,,,6
2282027.0,28-07-2026 15:13,23-07-2026 11:41,06-08-2026 12:20,17-08-2026 15:46,17-08-2026 15:45,20-08-2026 10:39,,,,,,,6
2282032.0,28-07-2026 15:13,23-07-2026 11:41,07-08-2026 13:55,17-08-2026 15:46,17-08-2026 15:45,24-08-2026 11:48,,,,,,,6
2282045.0,31-07-2026 12:02,22-07-2026 14:34,07-08-2026 11:53,31-08-2026 12:17,17-08-2026 12:09,14-08-2026 10:17,,,,,,,6
2282046.0,28-07-2026 11:48,22-07-2026 14:34,07-08-2026 11:53,31-08-2026 12:17,31-08-2026 12:16,24-08-2026 11:48,,,,,,,6
2282047.0,31-07-2026 12:02,31-07-2026 11:28,07-08-2026 11:53,31-08-2026 12:17,31-08-2026 12:16,24-08-2026 11:48,,,,,,,6
2282048.0,28-07-2026 11:48,22-07-2026 14:34,07-08-2026 11:53,31-08-2026 12:17,31-08-2026 12:16,24-08-2026 11:48,,,,,,,6
2282052.0,28-07-2026 11:48,22-07-2026 14:34,07-08-2026 11:53,25-08-2026 00:14,17-08-2026 12:09,24-08-2026 11:48,,,,,,,6
2282056.0,11-08-2026 12:08,22-07-2026 14:34,07-08-2026 11:53,25-08-2026 00:14,17-08-2026 12:09,24-08-2026 11:48,,,,,,,6
2282061.0,31-07-2026 12:02,22-07-2026 14:34,07-08-2026 11:53,31-08-2026 12:17,17-08-2026 12:09,24-08-2026 11:48,,,,,,,6
2282066.0,28-07-2026 11:48,22-07-2026 14:34,07-08-2026 11:53,31-08-2026 12:17,31-08-2026 12:16,24-08-2026 11:48,,,,,,,6
2282070.0,28-07-2026 11:48,22-07-2026 14:34,07-08-2026 11:53,25-08-2026 00:14,17-08-2026 12:09,24-08-2026 11:48,,,,,,,6
2282073.0,25-08-2026 13:37,22-07-2026 14:34,18-08-2026 10:37,31-08-2026 12:17,31-08-2026 12:16,24-08-2026 11:48,,,,,,,6
2282078.0,28-07-2026 11:48,22-07-2026 14:34,07-08-2026 11:53,31-08-2026 12:17,31-08-2026 12:16,14-08-2026 10:17,,,,,,,6
2282082.0,31-07-2026 12:02,31-07-2026 11:28,07-08-2026 11:53,31-08-2026 12:17,31-08-2026 12:16,24-08-2026 11:48,,,,,,,6
2282354.0,15-07-2026 11:02,09-07-2026 11:39,12-08-2026 14:44,25-08-2026 15:02,25-08-2026 15:10,,,,,,,,5
2282355.0,,17-07-2026 10:57,12-08-2026 14:44,25-08-2026 15:02,25-08-2026 15:10,,,,,,,,4
2282356.0,15-07-2026 11:02,09-07-2026 11:39,12-08-2026 14:44,25-08-2026 15:02,25-08-2026 15:10,,,,,,,,5
2282357.0,18-07-2026 14:06,09-07-2026 11:39,12-08-2026 14:44,,25-08-2026 15:10,,,,,,,,4
2282358.0,15-07-2026 14:38,08-07-2026 15:58,12-08-2026 14:44,,,13-08-2026 14:48,,,,,,,4
2282965.0,13-07-2026 15:23,22-07-2026 11:32,31-07-2026 10:35,14-08-2026 10:51,14-08-2026 10:48,31-08-2026 14:45,,,,,,,6
2282966.0,29-07-2026 12:17,08-07-2026 10:37,28-07-2026 12:18,18-08-2026 10:34,18-08-2026 10:32,04-08-2026 15:20,31-08-2026 11:40,,,,,,7
2282968.0,17-07-2026 15:22,08-07-2026 10:37,27-07-2026 10:36,12-08-2026 10:28,12-08-2026 10:25,04-08-2026 14:34,,,,,,,6
2282969.0,13-07-2026 10:29,08-07-2026 10:37,29-07-2026 10:36,12-08-2026 10:28,12-08-2026 10:25,04-08-2026 14:34,,,,,,,6
2282970.0,13-07-2026 10:29,09-07-2026 10:28,27-07-2026 10:36,13-08-2026 14:27,13-08-2026 14:23,04-08-2026 14:34,,,,,,,6
2283013.0,17-07-2026 11:45,24-07-2026 11:17,30-07-2026 14:11,20-08-2026 11:57,20-08-2026 11:56,19-08-2026 16:01,,,,,,,6
2283016.0,17-07-2026 11:45,10-07-2026 11:52,30-07-2026 14:11,20-08-2026 11:57,20-08-2026 11:56,19-08-2026 16:01,,,,,,,6
2283017.0,17-07-2026 11:45,10-07-2026 11:52,30-07-2026 14:11,29-08-2026 12:08,29-08-2026 12:07,19-08-2026 16:01,,,,,,,6
2283018.0,17-07-2026 11:45,10-07-2026 11:52,13-08-2026 14:04,20-08-2026 11:57,20-08-2026 11:56,19-08-2026 16:01,,,,,,,6
2283181.0,20-07-2026 14:03,17-07-2026 11:42,29-07-2026 16:00,18-08-2026 12:22,18-08-2026 12:21,11-08-2026 13:52,31-08-2026 12:02,,,,,,7
2283184.0,20-07-2026 14:03,17-07-2026 11:42,29-07-2026 16:00,18-08-2026 12:22,18-08-2026 12:21,11-08-2026 13:52,31-08-2026 12:02,,,,,,7
2283185.0,20-07-2026 14:03,17-07-2026 11:42,29-07-2026 16:00,18-08-2026 12:22,18-08-2026 12:21,11-08-2026 13:52,31-08-2026 12:02,,,,,,7
2283186.0,20-07-2026 14:03,17-07-2026 11:42,29-07-2026 16:00,18-08-2026 12:22,18-08-2026 12:21,24-08-2026 11:31,31-08-2026 12:02,,,,,,7
2283188.0,20-07-2026 14:03,17-07-2026 11:42,29-07-2026 16:00,18-08-2026 12:22,18-08-2026 12:21,11-08-2026 13:52,31-08-2026 12:02,,,,,,7
2283190.0,20-07-2026 14:03,17-07-2026 11:42,29-07-2026 16:00,18-08-2026 12:22,18-08-2026 12:21,11-08-2026 13:52,31-08-2026 12:02,,,,,,7
2283192.0,20-07-2026 14:03,17-07-2026 11:42,29-07-2026 16:00,18-08-2026 12:22,18-08-2026 12:21,11-08-2026 13:52,31-08-2026 12:02,,,,,,7
2283194.0,20-07-2026 14:03,17-07-2026 11:42,29-07-2026 16:00,18-08-2026 12:22,18-08-2026 12:21,11-08-2026 13:52,31-08-2026 12:02,,,,,,7
2283196.0,20-07-2026 14:03,17-07-2026 11:42,29-07-2026 16:00,18-08-2026 12:22,18-08-2026 12:21,24-08-2026 11:31,31-08-2026 12:02,,,,,,7
2283197.0,20-07-2026 14:03,17-07-2026 11:42,29-07-2026 16:00,18-08-2026 12:22,18-08-2026 12:21,11-08-2026 13:52,31-08-2026 12:02,,,,,,7
2283199.0,20-07-2026 14:03,17-07-2026 11:42,29-07-2026 16:00,18-08-2026 12:22,18-08-2026 12:21,11-08-2026 13:52,31-08-2026 12:02,,,,,,7
2283201.0,20-07-2026 14:03,17-07-2026 11:42,29-07-2026 16:00,18-08-2026 12:22,18-08-2026 12:21,11-08-2026 13:52,31-08-2026 12:02,,,,,,7
2283202.0,20-07-2026 14:03,17-07-2026 11:42,29-07-2026 16:00,18-08-2026 12:22,18-08-2026 12:21,11-08-2026 13:52,31-08-2026 12:02,,,,,,7
2283204.0,20-07-2026 14:03,17-07-2026 11:42,29-07-2026 16:00,18-08-2026 12:22,18-08-2026 12:21,11-08-2026 13:52,31-08-2026 12:02,,,,,,7
2283206.0,20-07-2026 14:03,17-07-2026 11:42,29-07-2026 16:00,18-08-2026 12:22,18-08-2026 12:21,11-08-2026 13:52,31-08-2026 12:02,,,,,,7
2283208.0,20-07-2026 14:03,17-07-2026 11:42,29-07-2026 16:00,18-08-2026 12:22,18-08-2026 12:21,24-08-2026 11:31,31-08-2026 12:02,,,,,,7
2283209.0,20-07-2026 14:03,17-07-2026 11:42,29-07-2026 16:00,18-08-2026 12:22,18-08-2026 12:21,11-08-2026 13:52,31-08-2026 12:02,,,,,,7
2283210.0,20-07-2026 14:03,17-07-2026 11:42,29-07-2026 16:00,18-08-2026 12:22,18-08-2026 12:21,11-08-2026 13:52,,,,,,,6
2283212.0,20-07-2026 14:03,17-07-2026 11:42,25-08-2026 11:25,18-08-2026 12:22,18-08-2026 12:21,11-08-2026 13:52,31-08-2026 12:02,,,,,,7
2283214.0,20-07-2026 14:03,17-07-2026 11:42,29-07-2026 16:00,18-08-2026 12:22,18-08-2026 12:21,11-08-2026 13:52,31-08-2026 12:02,,,,,,7
2283216.0,20-07-2026 14:03,17-07-2026 11:42,29-07-2026 16:00,18-08-2026 12:22,18-08-2026 12:21,24-08-2026 11:31,31-08-2026 12:02,,,,,,7
2283217.0,20-07-2026 14:03,17-07-2026 11:42,29-07-2026 16:00,18-08-2026 12:22,18-08-2026 12:21,11-08-2026 13:52,31-08-2026 12:02,,,,,,7
2283218.0,20-07-2026 14:03,17-07-2026 11:42,29-07-2026 16:00,18-08-2026 12:22,18-08-2026 12:21,11-08-2026 13:52,31-08-2026 12:02,,,,,,7
2283219.0,20-07-2026 14:03,17-07-2026 11:42,29-07-2026 16:00,18-08-2026 12:22,18-08-2026 12:21,11-08-2026 13:52,31-08-2026 12:02,,,,,,7
2283220.0,20-07-2026 14:03,17-07-2026 11:42,29-07-2026 16:00,18-08-2026 12:22,18-08-2026 12:21,11-08-2026 13:52,31-08-2026 12:02,,,,,,7
2283222.0,20-07-2026 14:03,17-07-2026 11:42,29-07-2026 16:00,18-08-2026 12:22,18-08-2026 12:21,24-08-2026 11:31,31-08-2026 12:02,,,,,,7
2283224.0,20-07-2026 14:03,17-07-2026 11:42,29-07-2026 16:00,18-08-2026 12:22,18-08-2026 12:21,11-08-2026 13:52,31-08-2026 12:02,,,,,,7
2283225.0,25-08-2026 10:39,17-07-2026 11:42,29-07-2026 16:00,18-08-2026 12:22,18-08-2026 12:21,24-08-2026 11:31,31-08-2026 12:02,,,,,,7
2283226.0,20-07-2026 14:03,17-07-2026 11:42,29-07-2026 16:00,18-08-2026 12:22,18-08-2026 12:21,24-08-2026 11:31,,,,,,,6
2283228.0,20-07-2026 14:03,17-07-2026 11:42,29-07-2026 16:00,18-08-2026 12:22,18-08-2026 12:21,11-08-2026 13:52,31-08-2026 12:02,,,,,,7
2283229.0,20-07-2026 14:03,17-07-2026 11:42,29-07-2026 16:00,18-08-2026 12:22,18-08-2026 12:21,11-08-2026 13:52,,,,,,,6
2283230.0,20-07-2026 14:03,,29-07-2026 16:00,18-08-2026 12:22,18-08-2026 12:21,11-08-2026 13:52,31-08-2026 12:02,,,,,,6
2283231.0,20-07-2026 14:03,17-07-2026 11:42,29-07-2026 16:00,18-08-2026 12:22,18-08-2026 12:21,11-08-2026 13:52,31-08-2026 12:02,,,,,,7
2283232.0,20-07-2026 14:03,17-07-2026 11:42,29-07-2026 16:00,18-08-2026 12:22,18-08-2026 12:21,11-08-2026 13:52,,,,,,,6
2283233.0,20-07-2026 14:03,,29-07-2026 16:00,18-08-2026 12:22,18-08-2026 12:21,11-08-2026 13:52,,,,,,,5
2283234.0,20-07-2026 14:03,17-07-2026 11:42,29-07-2026 16:00,18-08-2026 12:22,18-08-2026 12:21,11-08-2026 13:52,,,,,,,6
2283278.0,24-07-2026 16:03,16-07-2026 13:51,31-07-2026 10:41,20-08-2026 10:51,20-08-2026 10:50,07-08-2026 15:32,,,,,,,6
2283279.0,24-07-2026 16:03,16-07-2026 13:51,31-07-2026 10:41,,,07-08-2026 15:32,,,,,,,4
2283280.0,24-07-2026 16:03,16-07-2026 13:51,,,,,,,,,,,2
2283281.0,24-07-2026 16:03,16-07-2026 13:51,31-07-2026 10:41,,,,,,,,,,3
2283282.0,24-07-2026 16:03,,,20-08-2026 10:51,,,,,,,,,2
2283284.0,24-07-2026 16:03,16-07-2026 13:51,31-07-2026 10:41,20-08-2026 10:51,20-08-2026 10:50,07-08-2026 15:32,,,,,,,6
2283285.0,,16-07-2026 13:51,31-07-2026 10:41,20-08-2026 10:51,20-08-2026 10:50,07-08-2026 15:32,,,,,,,5
2283286.0,,16-07-2026 13:51,31-07-2026 10:41,20-08-2026 10:51,20-08-2026 10:50,07-08-2026 15:32,,,,,,,5
2283309.0,17-07-2026 11:45,10-07-2026 11:52,13-08-2026 14:04,20-08-2026 11:57,20-08-2026 11:56,19-08-2026 16:01,,,,,,,6
2283310.0,17-07-2026 11:45,10-07-2026 11:52,13-08-2026 14:04,20-08-2026 11:57,20-08-2026 11:56,19-08-2026 16:01,,,,,,,6
2283311.0,28-07-2026 16:19,15-07-2026 12:33,29-07-2026 12:34,,,19-08-2026 14:13,,,,,,,4
2283312.0,28-07-2026 16:19,15-07-2026 12:33,29-07-2026 12:34,,,19-08-2026 14:13,,,,,,,4
2283313.0,17-07-2026 11:45,10-07-2026 11:52,30-07-2026 14:11,20-08-2026 11:57,20-08-2026 11:56,19-08-2026 16:01,,,,,,,6
2283314.0,27-07-2026 14:04,20-07-2026 12:32,12-08-2026 12:36,,,17-08-2026 15:42,,,,,,,4
2283316.0,27-07-2026 14:04,20-07-2026 12:32,12-08-2026 12:36,,,17-08-2026 15:42,,,,,,,4
2283317.0,27-07-2026 14:04,20-07-2026 12:32,12-08-2026 12:36,,,17-08-2026 15:42,,,,,,,4
2283318.0,27-07-2026 14:04,20-07-2026 12:32,12-08-2026 12:36,,,17-08-2026 15:42,,,,,,,4
2283319.0,23-07-2026 11:43,17-07-2026 13:52,30-07-2026 10:42,20-08-2026 14:40,20-08-2026 14:37,,,,,,,,5
2283320.0,23-07-2026 11:43,17-07-2026 13:52,30-07-2026 10:42,20-08-2026 14:40,20-08-2026 14:37,,,,,,,,5
2283321.0,15-07-2026 11:02,09-07-2026 11:39,12-08-2026 14:44,25-08-2026 15:17,25-08-2026 15:10,,,,,,,,5
2283322.0,23-07-2026 11:43,17-07-2026 13:52,30-07-2026 10:42,20-08-2026 14:40,20-08-2026 14:37,07-08-2026 10:28,,,,,,,6
2283323.0,,17-07-2026 10:57,12-08-2026 15:22,,,,,,,,,,2
2283324.0,23-07-2026 11:43,,30-07-2026 10:42,20-08-2026 14:40,20-08-2026 14:37,07-08-2026 10:28,,,,,,,5
2283325.0,23-07-2026 11:43,17-07-2026 13:52,30-07-2026 10:42,20-08-2026 14:40,20-08-2026 14:37,07-08-2026 10:28,,,,,,,6
2283330.0,23-07-2026 11:43,17-07-2026 13:52,30-07-2026 10:42,20-08-2026 14:40,20-08-2026 14:37,07-08-2026 10:28,,,,,,,6
2283331.0,23-07-2026 11:43,17-07-2026 13:52,30-07-2026 10:42,20-08-2026 14:40,20-08-2026 14:37,07-08-2026 10:28,,,,,,,6
2283340.0,23-07-2026 11:43,,30-07-2026 10:42,20-08-2026 14:40,20-08-2026 14:37,07-08-2026 10:28,,,,,,,5
2283342.0,23-07-2026 11:43,,30-07-2026 10:42,,,07-08-2026 10:28,,,,,,,3
2283343.0,30-07-2026 15:52,18-07-2026 14:56,06-08-2026 14:51,20-08-2026 15:36,20-08-2026 15:35,07-08-2026 12:33,,,,,,,6
2283344.0,23-07-2026 11:43,17-07-2026 13:52,30-07-2026 10:42,20-08-2026 14:40,20-08-2026 14:37,07-08-2026 10:28,,,,,,,6
2283346.0,23-07-2026 11:43,17-07-2026 13:52,30-07-2026 10:42,20-08-2026 14:40,20-08-2026 14:37,07-08-2026 10:28,,,,,,,6
2283352.0,23-07-2026 11:43,17-07-2026 13:52,30-07-2026 10:42,20-08-2026 14:40,20-08-2026 14:37,07-08-2026 10:28,,,,,,,6
2283354.0,23-07-2026 11:43,17-07-2026 13:52,30-07-2026 10:42,,,,,,,,,,3
2283355.0,23-07-2026 11:43,17-07-2026 13:52,30-07-2026 10:42,20-08-2026 14:40,20-08-2026 14:37,07-08-2026 10:28,,,,,,,6
2283359.0,23-07-2026 11:43,17-07-2026 13:52,30-07-2026 10:42,20-08-2026 14:40,20-08-2026 14:37,07-08-2026 10:28,,,,,,,6
2283361.0,23-07-2026 11:43,17-07-2026 13:52,30-07-2026 10:42,20-08-2026 14:40,20-08-2026 14:37,07-08-2026 10:28,,,,,,,6
2283366.0,23-07-2026 11:43,17-07-2026 13:52,30-07-2026 10:42,20-08-2026 14:40,20-08-2026 14:37,07-08-2026 10:28,,,,,,,6
2283367.0,23-07-2026 11:43,17-07-2026 13:52,30-07-2026 10:42,20-08-2026 14:40,20-08-2026 14:37,07-08-2026 10:28,,,,,,,6
2283369.0,23-07-2026 11:43,17-07-2026 13:52,30-07-2026 10:42,,,07-08-2026 10:28,,,,,,,4
2283375.0,23-07-2026 11:43,17-07-2026 13:52,30-07-2026 10:42,20-08-2026 14:40,20-08-2026 14:37,07-08-2026 10:28,,,,,,,6
2283379.0,23-07-2026 11:43,17-07-2026 13:52,30-07-2026 14:37,20-08-2026 14:40,20-08-2026 14:37,07-08-2026 10:28,,,,,,,6
2283382.0,23-07-2026 11:43,17-07-2026 13:52,30-07-2026 14:37,20-08-2026 14:40,20-08-2026 14:37,07-08-2026 10:28,,,,,,,6
2283383.0,23-07-2026 11:43,17-07-2026 13:52,30-07-2026 14:37,20-08-2026 14:40,20-08-2026 14:37,07-08-2026 10:28,,,,,,,6
2283384.0,23-07-2026 11:43,17-07-2026 13:52,30-07-2026 14:37,20-08-2026 14:40,20-08-2026 14:37,07-08-2026 10:28,,,,,,,6
2283385.0,30-07-2026 15:52,17-07-2026 14:55,06-08-2026 14:51,20-08-2026 14:14,20-08-2026 14:14,13-08-2026 14:06,,,,,,,6
2283386.0,,17-07-2026 13:52,30-07-2026 14:37,20-08-2026 14:40,20-08-2026 14:37,,,,,,,,4
2283388.0,,17-07-2026 10:57,12-08-2026 14:44,31-08-2026 12:46,31-08-2026 12:26,14-08-2026 12:21,31-08-2026 16:10,,,,,,6
2283389.0,30-07-2026 15:52,18-07-2026 14:56,01-08-2026 10:54,20-08-2026 15:36,20-08-2026 15:35,07-08-2026 12:33,,,,,,,6
2283390.0,,17-07-2026 13:52,,20-08-2026 14:40,20-08-2026 14:37,07-08-2026 10:28,,,,,,,4
2283391.0,30-07-2026 15:52,18-07-2026 14:56,06-08-2026 14:51,20-08-2026 14:14,20-08-2026 14:14,13-08-2026 14:06,,,,,,,6
2283392.0,23-07-2026 11:43,17-07-2026 13:52,30-07-2026 14:37,,,,,,,,,,3
2283393.0,23-07-2026 11:43,17-07-2026 13:52,30-07-2026 14:37,20-08-2026 14:40,20-08-2026 14:37,07-08-2026 10:28,,,,,,,6
2283412.0,30-07-2026 15:52,18-07-2026 14:56,06-08-2026 14:51,20-08-2026 14:14,20-08-2026 14:14,13-08-2026 14:06,,,,,,,6
2283445.0,30-07-2026 14:13,18-07-2026 14:56,01-08-2026 10:54,20-08-2026 15:36,20-08-2026 15:35,07-08-2026 12:33,,,,,,,6
2283446.0,30-07-2026 15:52,18-07-2026 14:56,06-08-2026 14:51,20-08-2026 15:36,20-08-2026 15:35,07-08-2026 12:33,,,,,,,6
2283449.0,24-07-2026 16:03,,30-07-2026 14:37,20-08-2026 14:40,20-08-2026 14:37,,,,,,,,4
2283450.0,23-07-2026 11:43,17-07-2026 13:52,30-07-2026 14:37,,,07-08-2026 10:28,,,,,,,4
2283451.0,23-07-2026 11:43,17-07-2026 13:52,30-07-2026 14:37,,,07-08-2026 10:28,,,,,,,4
2283452.0,23-07-2026 11:43,,30-07-2026 14:37,20-08-2026 14:40,20-08-2026 14:37,07-08-2026 10:28,,,,,,,5
2283453.0,23-07-2026 11:43,,,,,,,,,,,,1
2283454.0,23-07-2026 11:43,17-07-2026 13:52,30-07-2026 14:37,20-08-2026 14:40,20-08-2026 14:37,07-08-2026 10:28,,,,,,,6
2283456.0,23-07-2026 11:43,17-07-2026 13:52,30-07-2026 14:37,20-08-2026 14:40,20-08-2026 14:37,07-08-2026 10:28,,,,,,,6
2283457.0,30-07-2026 14:13,18-07-2026 14:56,01-08-2026 10:54,20-08-2026 15:36,20-08-2026 15:35,07-08-2026 12:33,,,,,,,6
2283459.0,23-07-2026 11:43,17-07-2026 13:52,30-07-2026 14:37,20-08-2026 14:40,20-08-2026 14:37,07-08-2026 10:28,,,,,,,6
2283460.0,23-07-2026 11:43,17-07-2026 13:52,30-07-2026 14:37,20-08-2026 14:40,20-08-2026 14:37,07-08-2026 10:28,,,,,,,6
2283461.0,30-07-2026 14:13,18-07-2026 14:56,01-08-2026 10:54,20-08-2026 14:14,20-08-2026 14:14,13-08-2026 14:06,,,,,,,6
2283463.0,23-07-2026 11:43,17-07-2026 13:52,30-07-2026 14:37,20-08-2026 14:40,20-08-2026 14:37,07-08-2026 10:28,,,,,,,6
2283465.0,23-07-2026 11:43,17-07-2026 13:52,30-07-2026 14:37,20-08-2026 14:40,20-08-2026 14:37,07-08-2026 10:28,,,,,,,6
2283469.0,23-07-2026 11:43,17-07-2026 13:52,30-07-2026 14:37,20-08-2026 14:40,20-08-2026 14:37,07-08-2026 10:28,,,,,,,6
2283473.0,23-07-2026 11:43,17-07-2026 13:52,,20-08-2026 14:40,20-08-2026 14:37,07-08-2026 10:28,,,,,,,5
2283479.0,,16-07-2026 13:51,31-07-2026 10:41,20-08-2026 10:51,20-08-2026 10:50,07-08-2026 15:32,,,,,,,5
2283482.0,24-07-2026 16:03,16-07-2026 13:51,31-07-2026 10:41,20-08-2026 10:51,20-08-2026 10:50,07-08-2026 15:32,,,,,,,6
2283484.0,24-07-2026 16:03,16-07-2026 13:51,,,,07-08-2026 15:32,,,,,,,3
2283487.0,30-07-2026 14:13,18-07-2026 14:56,06-08-2026 14:51,20-08-2026 14:14,20-08-2026 14:14,13-08-2026 14:06,,,,,,,6
2283488.0,,16-07-2026 13:51,31-07-2026 10:41,20-08-2026 10:51,,07-08-2026 15:32,,,,,,,4
2283492.0,24-07-2026 16:03,16-07-2026 13:51,31-07-2026 10:41,20-08-2026 10:51,20-08-2026 10:50,07-08-2026 15:32,,,,,,,6
2283496.0,30-07-2026 14:13,17-07-2026 14:55,01-08-2026 10:54,20-08-2026 14:14,20-08-2026 14:14,13-08-2026 14:06,,,,,,,6
2283500.0,24-07-2026 16:03,,31-07-2026 10:41,20-08-2026 10:51,20-08-2026 10:50,07-08-2026 15:32,,,,,,,5
2283502.0,24-07-2026 16:03,16-07-2026 13:51,31-07-2026 10:41,,,07-08-2026 15:32,,,,,,,4
2283503.0,30-07-2026 14:13,17-07-2026 14:55,06-08-2026 14:51,20-08-2026 14:14,20-08-2026 14:14,13-08-2026 14:06,,,,,,,6
2283505.0,24-07-2026 16:03,16-07-2026 13:51,31-07-2026 10:41,20-08-2026 10:51,20-08-2026 10:50,07-08-2026 15:32,,,,,,,6
2283508.0,30-07-2026 14:13,18-07-2026 14:56,06-08-2026 14:51,20-08-2026 14:14,20-08-2026 14:14,13-08-2026 14:06,,,,,,,6
2283511.0,24-07-2026 16:03,16-07-2026 13:51,31-07-2026 10:41,20-08-2026 10:51,20-08-2026 10:50,07-08-2026 15:32,,,,,,,6
2283513.0,24-07-2026 16:03,16-07-2026 13:51,31-07-2026 10:41,20-08-2026 10:51,20-08-2026 10:50,07-08-2026 15:32,,,,,,,6
2283515.0,24-07-2026 16:03,16-07-2026 13:51,31-07-2026 10:41,20-08-2026 10:51,20-08-2026 10:50,07-08-2026 15:32,,,,,,,6
2283516.0,24-07-2026 16:03,16-07-2026 13:51,31-07-2026 10:41,20-08-2026 10:51,20-08-2026 10:50,07-08-2026 15:32,,,,,,,6
2283518.0,,16-07-2026 13:51,31-07-2026 10:41,20-08-2026 10:51,20-08-2026 10:50,07-08-2026 15:32,,,,,,,5
2283519.0,24-07-2026 16:03,16-07-2026 13:51,31-07-2026 10:41,20-08-2026 10:51,20-08-2026 10:50,07-08-2026 15:32,,,,,,,6
2283521.0,23-07-2026 11:43,17-07-2026 13:52,,,,07-08-2026 10:28,,,,,,,3
2283524.0,,16-07-2026 13:51,31-07-2026 10:41,20-08-2026 10:51,20-08-2026 10:50,07-08-2026 15:32,,,,,,,5
2283526.0,24-07-2026 16:03,16-07-2026 13:51,31-07-2026 10:41,20-08-2026 10:51,20-08-2026 10:50,07-08-2026 15:32,,,,,,,6
2283528.0,24-07-2026 16:03,,31-07-2026 10:41,20-08-2026 10:51,20-08-2026 10:50,07-08-2026 15:32,,,,,,,5
2283531.0,24-07-2026 16:03,16-07-2026 13:51,31-07-2026 10:41,20-08-2026 10:51,20-08-2026 10:50,07-08-2026 15:32,,,,,,,6
2283534.0,24-07-2026 16:03,16-07-2026 13:51,31-07-2026 10:41,20-08-2026 10:51,20-08-2026 10:50,07-08-2026 15:32,,,,,,,6
2283538.0,24-07-2026 16:03,16-07-2026 13:51,31-07-2026 10:41,20-08-2026 10:51,20-08-2026 10:50,07-08-2026 15:32,,,,,,,6
2283540.0,24-07-2026 16:03,16-07-2026 13:51,31-07-2026 10:41,20-08-2026 10:51,20-08-2026 10:50,07-08-2026 15:32,,,,,,,6
2283544.0,,16-07-2026 13:51,31-07-2026 10:41,20-08-2026 10:51,20-08-2026 10:50,07-08-2026 15:32,,,,,,,5
2283548.0,,16-07-2026 13:51,31-07-2026 10:41,20-08-2026 10:51,20-08-2026 10:50,,,,,,,,4
2283551.0,,16-07-2026 13:51,31-07-2026 10:41,20-08-2026 10:51,20-08-2026 10:50,,,,,,,,4
2283552.0,24-07-2026 16:03,16-07-2026 13:51,31-07-2026 10:41,20-08-2026 10:51,20-08-2026 10:50,07-08-2026 15:32,,,,,,,6
2283554.0,,,31-07-2026 10:41,20-08-2026 10:51,20-08-2026 10:50,07-08-2026 15:32,,,,,,,4
2283556.0,24-07-2026 16:03,16-07-2026 13:51,31-07-2026 10:41,20-08-2026 10:51,20-08-2026 10:50,07-08-2026 15:32,,,,,,,6
2283562.0,30-07-2026 15:52,18-07-2026 14:56,01-08-2026 10:54,20-08-2026 15:36,20-08-2026 15:35,,,,,,,,5
2283664.0,16-07-2026 15:21,13-07-2026 12:22,28-07-2026 10:41,12-08-2026 11:03,12-08-2026 11:02,05-08-2026 12:17,,,,,,,6
2283665.0,04-08-2026 14:30,13-07-2026 12:22,28-07-2026 10:41,12-08-2026 11:03,12-08-2026 11:02,05-08-2026 12:17,,,,,,,6
2283666.0,04-08-2026 14:30,13-07-2026 12:22,28-07-2026 10:41,12-08-2026 11:03,12-08-2026 11:02,05-08-2026 12:17,,,,,,,6
2283667.0,16-07-2026 15:21,20-07-2026 14:38,28-07-2026 10:41,24-08-2026 15:40,24-08-2026 15:39,05-08-2026 12:17,,,,,,,6
2283668.0,04-08-2026 14:30,20-07-2026 14:38,28-07-2026 10:41,12-08-2026 11:03,12-08-2026 11:02,11-08-2026 11:34,,,,,,,6
2283669.0,16-07-2026 15:21,13-07-2026 12:22,28-07-2026 10:41,12-08-2026 11:03,12-08-2026 11:02,05-08-2026 12:17,,,,,,,6
2283670.0,16-07-2026 15:21,13-07-2026 12:22,28-07-2026 10:41,24-08-2026 15:40,24-08-2026 15:39,05-08-2026 12:17,,,,,,,6
2283671.0,16-07-2026 15:21,13-07-2026 12:22,28-07-2026 10:41,12-08-2026 11:03,12-08-2026 11:02,11-08-2026 11:34,,,,,,,6
2283673.0,16-07-2026 15:21,13-07-2026 12:22,28-07-2026 10:41,24-08-2026 15:40,24-08-2026 15:39,05-08-2026 12:17,,,,,,,6
2283677.0,16-07-2026 15:21,13-07-2026 12:22,28-07-2026 10:41,12-08-2026 11:03,12-08-2026 11:02,05-08-2026 12:17,,,,,,,6
2283681.0,30-07-2026 14:13,17-07-2026 14:55,01-08-2026 10:54,20-08-2026 15:36,20-08-2026 15:35,07-08-2026 12:33,,,,,,,6
2283685.0,16-07-2026 11:36,20-07-2026 14:38,27-07-2026 16:01,19-08-2026 10:56,19-08-2026 10:56,05-08-2026 16:06,,,,,,,6
2283686.0,04-08-2026 14:30,20-07-2026 14:38,29-07-2026 15:13,19-08-2026 10:56,19-08-2026 10:56,05-08-2026 16:06,,,,,,,6
2283687.0,18-07-2026 10:44,16-07-2026 11:37,,29-08-2026 12:22,29-08-2026 12:19,06-08-2026 13:50,,,,,,,5
2283689.0,18-07-2026 10:44,16-07-2026 11:37,30-07-2026 13:52,29-08-2026 12:22,29-08-2026 12:19,06-08-2026 13:50,,,,,,,6
2283691.0,30-07-2026 15:52,17-07-2026 14:55,06-08-2026 14:51,20-08-2026 14:14,20-08-2026 14:14,13-08-2026 14:06,,,,,,,6
2283692.0,,16-07-2026 11:37,30-07-2026 13:52,29-08-2026 12:22,29-08-2026 12:19,07-08-2026 13:49,,,,,,,5
2283694.0,23-07-2026 11:43,31-07-2026 13:54,30-07-2026 12:15,,,20-08-2026 11:34,,,,,,,4
2283695.0,30-07-2026 14:13,17-07-2026 14:55,01-08-2026 10:54,20-08-2026 15:36,20-08-2026 15:35,07-08-2026 12:33,,,,,,,6
2283696.0,18-07-2026 10:44,16-07-2026 11:37,30-07-2026 13:52,29-08-2026 12:22,29-08-2026 12:19,06-08-2026 13:50,,,,,,,6
2283697.0,01-08-2026 10:40,21-07-2026 10:38,07-08-2026 11:36,,,20-08-2026 16:01,,,,,,,4
2283698.0,18-07-2026 10:44,16-07-2026 11:37,30-07-2026 13:52,29-08-2026 12:22,29-08-2026 12:19,06-08-2026 13:50,,,,,,,6
2283699.0,30-07-2026 14:13,18-07-2026 14:56,01-08-2026 10:54,20-08-2026 15:36,20-08-2026 15:35,07-08-2026 12:33,,,,,,,6
2283700.0,01-08-2026 10:40,31-07-2026 13:54,07-08-2026 11:36,,,20-08-2026 16:01,,,,,,,4
2283701.0,,16-07-2026 11:37,30-07-2026 13:52,,,06-08-2026 13:50,,,,,,,3
2283702.0,30-07-2026 15:52,17-07-2026 14:55,06-08-2026 14:51,20-08-2026 15:36,20-08-2026 15:35,07-08-2026 12:33,,,,,,,6
2283703.0,01-08-2026 10:40,21-07-2026 10:38,07-08-2026 11:36,,,27-08-2026 10:02,,,,,,,4
2283705.0,18-07-2026 10:44,16-07-2026 11:37,30-07-2026 13:52,29-08-2026 12:22,29-08-2026 12:19,06-08-2026 13:50,,,,,,,6
2283706.0,18-07-2026 10:44,16-07-2026 11:37,30-07-2026 13:52,,,06-08-2026 13:50,,,,,,,4
2283717.0,18-07-2026 10:44,16-07-2026 11:37,30-07-2026 13:52,,,07-08-2026 13:49,,,,,,,4
2283739.0,15-07-2026 13:46,20-07-2026 12:18,28-07-2026 11:36,25-08-2026 15:19,25-08-2026 15:18,24-08-2026 10:39,,,,,,,6
2283740.0,18-07-2026 10:44,16-07-2026 11:37,30-07-2026 13:52,,,06-08-2026 13:50,,,,,,,4
2283741.0,18-07-2026 10:44,16-07-2026 11:37,30-07-2026 13:52,,,06-08-2026 13:50,,,,,,,4
2283742.0,18-07-2026 10:44,16-07-2026 11:37,30-07-2026 13:52,,,06-08-2026 13:50,,,,,,,4
2283743.0,18-07-2026 10:44,16-07-2026 11:37,30-07-2026 13:52,,,06-08-2026 13:50,,,,,,,4
2283744.0,18-07-2026 10:44,16-07-2026 11:37,30-07-2026 13:52,,,07-08-2026 13:49,,,,,,,4
2283745.0,18-07-2026 10:44,16-07-2026 11:37,30-07-2026 13:52,,,06-08-2026 13:50,,,,,,,4
2283747.0,18-07-2026 10:44,16-07-2026 11:37,30-07-2026 13:52,,,07-08-2026 13:49,,,,,,,4
2283749.0,18-07-2026 10:44,16-07-2026 11:37,30-07-2026 13:52,29-08-2026 12:22,29-08-2026 12:19,06-08-2026 13:50,,,,,,,6
2283751.0,30-07-2026 15:52,17-07-2026 14:55,01-08-2026 10:54,20-08-2026 14:14,20-08-2026 14:14,13-08-2026 14:06,,,,,,,6
2283754.0,30-07-2026 15:52,18-07-2026 14:56,01-08-2026 10:54,20-08-2026 15:36,20-08-2026 15:35,07-08-2026 12:33,,,,,,,6
2283756.0,30-07-2026 14:13,17-07-2026 14:55,01-08-2026 10:54,20-08-2026 15:36,20-08-2026 15:35,,,,,,,,5
2283758.0,30-07-2026 14:13,17-07-2026 14:55,06-08-2026 14:51,20-08-2026 15:36,20-08-2026 15:35,07-08-2026 12:33,,,,,,,6
2283759.0,30-07-2026 15:52,18-07-2026 14:56,01-08-2026 10:54,20-08-2026 15:36,20-08-2026 15:35,07-08-2026 12:33,,,,,,,6
2283760.0,30-07-2026 14:13,18-07-2026 14:56,06-08-2026 14:51,20-08-2026 14:14,20-08-2026 14:14,13-08-2026 14:06,,,,,,,6
2283785.0,18-07-2026 10:44,16-07-2026 11:37,30-07-2026 13:52,,,06-08-2026 13:50,,,,,,,4
2283788.0,18-07-2026 10:44,16-07-2026 11:37,30-07-2026 13:52,,,07-08-2026 13:49,,,,,,,4
2283789.0,,16-07-2026 11:37,30-07-2026 13:52,29-08-2026 12:22,29-08-2026 12:19,07-08-2026 13:49,,,,,,,5
2283790.0,18-07-2026 10:44,16-07-2026 11:37,30-07-2026 13:52,29-08-2026 12:22,29-08-2026 12:19,06-08-2026 13:50,,,,,,,6
2283791.0,18-07-2026 10:44,16-07-2026 11:37,30-07-2026 13:52,29-08-2026 12:22,29-08-2026 12:19,06-08-2026 13:50,,,,,,,6
2283792.0,18-07-2026 10:44,16-07-2026 11:37,30-07-2026 13:52,,,06-08-2026 13:50,,,,,,,4
2283793.0,18-07-2026 10:44,16-07-2026 11:37,30-07-2026 13:52,,,06-08-2026 13:50,,,,,,,4
2283794.0,18-07-2026 10:44,16-07-2026 11:37,,,,06-08-2026 13:50,,,,,,,3
2283795.0,18-07-2026 10:44,16-07-2026 11:37,30-07-2026 13:52,,,06-08-2026 13:50,,,,,,,4
2283796.0,18-07-2026 10:44,16-07-2026 11:37,30-07-2026 13:52,29-08-2026 12:22,29-08-2026 12:19,06-08-2026 13:50,,,,,,,6
2283798.0,18-07-2026 10:44,16-07-2026 11:37,30-07-2026 13:52,29-08-2026 12:22,29-08-2026 12:19,06-08-2026 13:50,,,,,,,6
2283799.0,18-07-2026 10:44,16-07-2026 11:37,30-07-2026 13:52,,,06-08-2026 13:50,,,,,,,4
2283800.0,18-07-2026 10:44,16-07-2026 11:37,30-07-2026 13:52,,,06-08-2026 13:50,,,,,,,4
2283801.0,,16-07-2026 11:37,30-07-2026 13:52,29-08-2026 12:22,29-08-2026 12:19,06-08-2026 13:50,,,,,,,5
2283803.0,20-07-2026 14:03,17-07-2026 11:42,29-07-2026 16:00,18-08-2026 12:22,18-08-2026 12:21,24-08-2026 11:31,,,,,,,6
2283805.0,20-07-2026 14:03,17-07-2026 11:42,29-07-2026 16:00,18-08-2026 12:22,18-08-2026 12:21,24-08-2026 11:31,,,,,,,6
2283807.0,20-07-2026 14:03,,29-07-2026 16:00,18-08-2026 12:22,18-08-2026 12:21,11-08-2026 13:52,,,,,,,5
2283808.0,25-08-2026 10:39,17-07-2026 11:42,25-08-2026 11:25,18-08-2026 12:22,18-08-2026 12:21,11-08-2026 13:52,31-08-2026 12:02,,,,,,7
2283809.0,24-07-2026 15:39,17-07-2026 15:26,31-07-2026 15:30,29-08-2026 12:22,29-08-2026 12:19,06-08-2026 14:34,,,,,,,6
2283810.0,25-08-2026 10:39,,29-07-2026 16:00,18-08-2026 12:22,18-08-2026 12:21,24-08-2026 11:31,31-08-2026 12:02,,,,,,6
2283811.0,24-07-2026 15:39,17-07-2026 15:26,31-07-2026 15:30,29-08-2026 12:22,29-08-2026 12:19,06-08-2026 14:34,,,,,,,6
2283812.0,24-07-2026 15:39,17-07-2026 15:26,31-07-2026 15:30,,,06-08-2026 14:34,,,,,,,4
2283813.0,24-07-2026 15:39,17-07-2026 15:26,31-07-2026 15:30,29-08-2026 12:22,29-08-2026 12:19,06-08-2026 14:34,,,,,,,6
2283827.0,24-07-2026 15:39,17-07-2026 15:26,31-07-2026 15:30,29-08-2026 12:22,29-08-2026 12:19,06-08-2026 14:34,,,,,,,6
2283828.0,18-07-2026 14:09,17-07-2026 14:33,25-08-2026 11:25,19-08-2026 12:15,19-08-2026 12:15,11-08-2026 10:34,24-08-2026 15:33,,,,,,7
2283829.0,,17-07-2026 15:26,31-07-2026 15:30,,,06-08-2026 14:34,,,,,,,3
2283830.0,24-07-2026 15:39,17-07-2026 15:26,31-07-2026 15:30,,,06-08-2026 14:34,,,,,,,4
2283832.0,24-07-2026 15:39,17-07-2026 15:26,31-07-2026 15:30,29-08-2026 12:22,29-08-2026 12:19,06-08-2026 14:34,,,,,,,6
2283833.0,24-07-2026 15:39,17-07-2026 15:26,31-07-2026 15:30,,,06-08-2026 14:34,,,,,,,4
2283834.0,18-07-2026 14:09,22-07-2026 12:06,28-07-2026 14:36,19-08-2026 12:15,19-08-2026 12:15,11-08-2026 10:34,,,,,,,6
2283835.0,,17-07-2026 15:26,31-07-2026 15:30,29-08-2026 12:22,29-08-2026 12:19,06-08-2026 14:34,,,,,,,5
2283836.0,18-07-2026 14:09,17-07-2026 14:33,28-07-2026 14:36,19-08-2026 12:15,19-08-2026 12:15,11-08-2026 10:34,24-08-2026 15:33,,,,,,7
2283837.0,18-07-2026 14:09,17-07-2026 14:33,28-07-2026 14:36,19-08-2026 12:15,19-08-2026 12:15,11-08-2026 10:34,24-08-2026 15:33,,,,,,7
2283838.0,,16-07-2026 11:37,,29-08-2026 12:22,29-08-2026 12:19,06-08-2026 13:50,,,,,,,4
2283840.0,24-07-2026 15:39,17-07-2026 15:26,31-07-2026 15:30,29-08-2026 12:22,29-08-2026 12:19,06-08-2026 14:34,,,,,,,6
2283842.0,24-07-2026 15:39,17-07-2026 15:26,31-07-2026 15:30,,,06-08-2026 14:34,,,,,,,4
2283843.0,24-07-2026 15:39,17-07-2026 15:26,31-07-2026 15:30,,,06-08-2026 14:34,,,,,,,4
2283844.0,24-07-2026 15:39,24-07-2026 10:40,31-07-2026 15:30,29-08-2026 12:22,29-08-2026 12:19,06-08-2026 14:34,,,,,,,6
2283845.0,,17-07-2026 15:26,31-07-2026 15:30,,,06-08-2026 14:34,,,,,,,3
2283848.0,24-07-2026 15:39,17-07-2026 15:26,31-07-2026 15:30,,,,,,,,,,3
2283850.0,18-07-2026 14:09,17-07-2026 14:33,28-07-2026 14:36,19-08-2026 12:15,19-08-2026 12:15,11-08-2026 10:34,24-08-2026 15:33,,,,,,7
2283851.0,24-07-2026 15:39,24-07-2026 10:40,31-07-2026 15:30,,,06-08-2026 14:34,,,,,,,4
2283852.0,24-07-2026 15:39,17-07-2026 15:26,31-07-2026 15:30,29-08-2026 12:22,29-08-2026 12:19,06-08-2026 14:34,,,,,,,6
2283853.0,18-07-2026 14:09,17-07-2026 14:33,28-07-2026 14:36,19-08-2026 12:15,19-08-2026 12:15,11-08-2026 10:34,24-08-2026 15:33,,,,,,7
2283855.0,24-07-2026 15:39,17-07-2026 15:26,31-07-2026 15:30,29-08-2026 12:22,29-08-2026 12:19,,,,,,,,5
2283856.0,,,,,,06-08-2026 14:34,,,,,,,1
2283858.0,25-08-2026 10:39,17-07-2026 14:33,28-07-2026 14:36,19-08-2026 12:15,19-08-2026 12:15,11-08-2026 10:34,24-08-2026 15:33,,,,,,7
2283861.0,18-07-2026 14:09,17-07-2026 14:33,28-07-2026 14:36,19-08-2026 12:15,19-08-2026 12:15,11-08-2026 10:34,24-08-2026 15:33,,,,,,7
2283863.0,18-07-2026 14:09,22-07-2026 12:06,25-08-2026 11:25,19-08-2026 12:15,19-08-2026 12:15,11-08-2026 10:34,24-08-2026 15:33,,,,,,7
2283868.0,25-08-2026 10:39,,28-07-2026 14:36,19-08-2026 12:15,19-08-2026 12:15,11-08-2026 10:34,24-08-2026 15:33,,,,,,6
2283876.0,18-07-2026 14:09,17-07-2026 14:33,28-07-2026 14:36,19-08-2026 12:15,19-08-2026 12:15,11-08-2026 10:34,24-08-2026 15:33,,,,,,7
2283879.0,18-07-2026 14:09,17-07-2026 14:33,28-07-2026 14:36,19-08-2026 12:15,19-08-2026 12:15,11-08-2026 10:34,24-08-2026 15:33,,,,,,7
2283883.0,28-07-2026 15:41,22-07-2026 12:06,28-07-2026 14:36,19-08-2026 12:15,19-08-2026 12:15,11-08-2026 10:34,,,,,,,6
2284167.0,30-07-2026 15:52,18-07-2026 14:56,06-08-2026 14:51,20-08-2026 15:36,20-08-2026 15:35,07-08-2026 12:33,,,,,,,6
2284168.0,30-07-2026 15:52,17-07-2026 14:55,06-08-2026 14:51,20-08-2026 14:14,20-08-2026 14:14,13-08-2026 14:06,,,,,,,6
2284206.0,30-07-2026 15:52,17-07-2026 14:55,06-08-2026 14:51,20-08-2026 14:14,20-08-2026 14:14,13-08-2026 14:06,,,,,,,6
2284209.0,30-07-2026 15:52,18-07-2026 14:56,06-08-2026 14:51,20-08-2026 15:36,20-08-2026 15:35,07-08-2026 12:33,,,,,,,6
2284211.0,30-07-2026 14:13,18-07-2026 14:56,06-08-2026 14:51,20-08-2026 15:36,20-08-2026 15:35,07-08-2026 12:33,,,,,,,6
2284212.0,30-07-2026 15:52,17-07-2026 14:55,01-08-2026 10:54,20-08-2026 15:36,20-08-2026 15:35,07-08-2026 12:33,,,,,,,6
2284215.0,30-07-2026 14:13,17-07-2026 14:55,01-08-2026 10:54,20-08-2026 15:36,20-08-2026 15:35,,,,,,,,5
2284216.0,30-07-2026 15:52,17-07-2026 14:55,01-08-2026 10:54,20-08-2026 15:36,20-08-2026 15:35,07-08-2026 12:33,,,,,,,6
2284217.0,30-07-2026 14:13,17-07-2026 14:55,01-08-2026 10:54,20-08-2026 14:14,20-08-2026 14:14,13-08-2026 14:06,,,,,,,6
2284219.0,30-07-2026 14:13,18-07-2026 14:56,01-08-2026 10:54,20-08-2026 14:14,20-08-2026 14:14,13-08-2026 14:06,,,,,,,6
2284220.0,30-07-2026 15:52,18-07-2026 14:56,01-08-2026 10:54,20-08-2026 14:14,20-08-2026 14:14,13-08-2026 14:06,,,,,,,6
2284224.0,30-07-2026 14:13,18-07-2026 14:56,06-08-2026 14:51,20-08-2026 14:14,20-08-2026 14:14,13-08-2026 14:06,,,,,,,6
2284227.0,30-07-2026 14:13,18-07-2026 14:56,06-08-2026 14:51,20-08-2026 15:36,20-08-2026 15:35,07-08-2026 12:33,,,,,,,6
2284231.0,30-07-2026 15:52,17-07-2026 14:55,01-08-2026 10:54,20-08-2026 14:14,20-08-2026 14:14,13-08-2026 14:06,,,,,,,6
2284306.0,30-07-2026 14:13,17-07-2026 14:55,01-08-2026 10:54,20-08-2026 14:14,20-08-2026 14:14,13-08-2026 14:06,,,,,,,6
2284308.0,30-07-2026 15:52,17-07-2026 14:55,01-08-2026 10:54,20-08-2026 14:14,20-08-2026 14:14,13-08-2026 14:06,,,,,,,6
2284309.0,30-07-2026 14:13,17-07-2026 14:55,06-08-2026 14:51,20-08-2026 14:14,20-08-2026 14:14,13-08-2026 14:06,,,,,,,6
2284311.0,30-07-2026 14:13,18-07-2026 14:56,06-08-2026 14:51,20-08-2026 15:36,20-08-2026 15:35,,,,,,,,5
2284314.0,30-07-2026 14:13,17-07-2026 14:55,06-08-2026 14:51,20-08-2026 15:36,20-08-2026 15:35,07-08-2026 12:33,,,,,,,6
2284317.0,30-07-2026 15:52,17-07-2026 14:55,06-08-2026 14:51,20-08-2026 15:36,20-08-2026 15:35,,,,,,,,5
2284318.0,30-07-2026 15:52,17-07-2026 14:55,01-08-2026 10:54,20-08-2026 15:36,20-08-2026 15:35,,,,,,,,5
2284319.0,22-07-2026 14:17,13-07-2026 15:46,13-08-2026 12:38,24-08-2026 14:23,24-08-2026 14:20,18-08-2026 11:59,,,,,,,6
2284320.0,22-07-2026 14:17,13-07-2026 15:46,13-08-2026 12:38,,,18-08-2026 11:59,,,,,,,4
2284321.0,22-07-2026 11:52,13-07-2026 12:22,05-08-2026 15:02,24-08-2026 14:23,24-08-2026 14:20,13-08-2026 11:57,,,,,,,6
2284322.0,22-07-2026 11:52,13-07-2026 12:22,05-08-2026 15:02,24-08-2026 14:23,24-08-2026 14:20,13-08-2026 11:57,,,,,,,6
2284323.0,22-07-2026 11:52,13-07-2026 12:22,05-08-2026 15:02,24-08-2026 14:23,24-08-2026 14:20,13-08-2026 11:57,,,,,,,6
2284324.0,22-07-2026 11:52,13-07-2026 12:22,05-08-2026 15:02,24-08-2026 14:23,24-08-2026 14:20,13-08-2026 11:57,,,,,,,6
2284325.0,22-07-2026 14:17,13-07-2026 15:46,13-08-2026 12:38,,,18-08-2026 11:59,,,,,,,4
2284327.0,22-07-2026 14:17,13-07-2026 15:46,13-08-2026 12:38,24-08-2026 14:23,24-08-2026 14:20,18-08-2026 11:59,,,,,,,6
2284330.0,22-07-2026 11:52,13-07-2026 12:22,05-08-2026 15:02,24-08-2026 14:23,24-08-2026 14:20,13-08-2026 11:57,,,,,,,6
2284349.0,30-07-2026 15:52,18-07-2026 14:56,06-08-2026 14:51,20-08-2026 15:36,20-08-2026 15:35,07-08-2026 12:33,,,,,,,6
2284352.0,30-07-2026 15:52,17-07-2026 14:55,01-08-2026 10:54,20-08-2026 15:36,20-08-2026 15:35,07-08-2026 12:33,,,,,,,6
2284353.0,30-07-2026 14:13,17-07-2026 14:55,06-08-2026 14:51,20-08-2026 14:14,20-08-2026 14:14,13-08-2026 14:06,,,,,,,6
2284358.0,30-07-2026 14:13,17-07-2026 14:55,01-08-2026 10:54,20-08-2026 14:14,20-08-2026 14:14,13-08-2026 14:06,,,,,,,6
2284359.0,30-07-2026 15:52,17-07-2026 14:55,01-08-2026 10:54,20-08-2026 15:36,20-08-2026 15:35,07-08-2026 12:33,,,,,,,6
2284365.0,30-07-2026 15:52,17-07-2026 14:55,06-08-2026 14:51,20-08-2026 15:36,20-08-2026 15:35,07-08-2026 12:33,,,,,,,6
2284392.0,24-07-2026 10:19,23-07-2026 13:55,30-07-2026 14:18,,,07-08-2026 13:57,,,,,,,4
2284423.0,30-07-2026 15:52,18-07-2026 14:56,06-08-2026 14:51,20-08-2026 15:36,20-08-2026 15:35,,,,,,,,5
2284433.0,30-07-2026 15:52,18-07-2026 14:56,01-08-2026 10:54,20-08-2026 14:14,20-08-2026 14:14,13-08-2026 14:06,,,,,,,6
2284434.0,30-07-2026 15:52,17-07-2026 14:55,01-08-2026 10:54,20-08-2026 14:14,20-08-2026 14:14,13-08-2026 14:06,,,,,,,6
2284437.0,30-07-2026 14:13,18-07-2026 14:56,06-08-2026 14:51,20-08-2026 15:36,20-08-2026 15:35,07-08-2026 12:33,,,,,,,6
2284469.0,30-07-2026 14:13,18-07-2026 14:56,06-08-2026 14:51,20-08-2026 14:14,20-08-2026 14:14,13-08-2026 14:06,,,,,,,6
2284471.0,30-07-2026 14:13,17-07-2026 14:55,06-08-2026 14:51,20-08-2026 14:14,20-08-2026 14:14,13-08-2026 14:06,,,,,,,6
2284509.0,01-08-2026 16:05,27-07-2026 14:43,31-07-2026 15:55,,14-08-2026 12:18,06-08-2026 14:04,29-08-2026 10:41,,,,,,6
2284514.0,24-07-2026 10:19,23-07-2026 13:55,31-07-2026 15:55,,,07-08-2026 13:57,,,,,,,4
2284517.0,01-08-2026 16:05,27-07-2026 14:43,31-07-2026 15:55,,14-08-2026 12:18,06-08-2026 14:04,,,,,,,5
2284523.0,01-08-2026 16:05,27-07-2026 14:43,31-07-2026 15:55,,14-08-2026 12:18,06-08-2026 14:04,29-08-2026 10:41,,,,,,6
2284535.0,01-08-2026 16:05,27-07-2026 14:43,30-07-2026 14:18,,14-08-2026 12:18,06-08-2026 14:04,29-08-2026 10:41,,,,,,6
2284538.0,01-08-2026 16:05,27-07-2026 14:43,31-07-2026 15:55,,14-08-2026 12:18,06-08-2026 14:04,29-08-2026 10:41,,,,,,6
2284539.0,01-08-2026 16:05,27-07-2026 14:43,31-07-2026 15:55,,14-08-2026 12:18,06-08-2026 14:04,29-08-2026 10:41,,,,,,6
2284583.0,,17-07-2026 12:44,06-08-2026 12:33,29-08-2026 13:20,20-08-2026 11:07,07-08-2026 14:49,,,,,,,5
2284584.0,30-07-2026 13:05,17-07-2026 12:44,06-08-2026 12:33,29-08-2026 13:20,20-08-2026 11:07,07-08-2026 14:49,,,,,,,6
2284586.0,18-07-2026 14:09,17-07-2026 14:33,28-07-2026 14:36,19-08-2026 12:15,19-08-2026 12:15,11-08-2026 10:34,24-08-2026 15:33,,,,,,7
2284587.0,18-07-2026 14:09,17-07-2026 14:33,28-07-2026 14:36,19-08-2026 12:15,19-08-2026 12:15,11-08-2026 10:34,24-08-2026 15:33,,,,,,7
2284588.0,18-07-2026 14:09,17-07-2026 14:33,28-07-2026 14:36,19-08-2026 12:15,19-08-2026 12:15,11-08-2026 10:34,,,,,,,6
2284589.0,18-07-2026 14:09,17-07-2026 14:33,28-07-2026 14:36,19-08-2026 12:15,19-08-2026 12:15,11-08-2026 10:34,,,,,,,6
2284590.0,28-07-2026 15:41,22-07-2026 12:06,28-07-2026 14:36,19-08-2026 12:15,19-08-2026 12:15,11-08-2026 10:34,24-08-2026 15:33,,,,,,7
2284591.0,18-07-2026 14:09,17-07-2026 14:33,28-07-2026 14:36,19-08-2026 12:15,19-08-2026 12:15,11-08-2026 10:34,24-08-2026 15:33,,,,,,7
2284592.0,18-07-2026 14:09,17-07-2026 14:33,28-07-2026 14:36,19-08-2026 12:15,19-08-2026 12:15,11-08-2026 10:34,,,,,,,6
2284593.0,25-08-2026 10:39,17-07-2026 14:33,28-07-2026 14:36,19-08-2026 12:15,19-08-2026 12:15,11-08-2026 10:34,24-08-2026 15:33,,,,,,7
2284594.0,18-07-2026 14:09,17-07-2026 14:33,28-07-2026 14:36,19-08-2026 12:15,19-08-2026 12:15,11-08-2026 10:34,24-08-2026 15:33,,,,,,7
2284595.0,18-07-2026 14:09,17-07-2026 14:33,28-07-2026 14:36,19-08-2026 12:15,19-08-2026 12:15,11-08-2026 10:34,24-08-2026 15:33,,,,,,7
2284596.0,18-07-2026 14:09,17-07-2026 14:33,28-07-2026 14:36,19-08-2026 12:15,19-08-2026 12:15,11-08-2026 10:34,,,,,,,6
2284597.0,18-07-2026 14:09,17-07-2026 14:33,25-08-2026 11:25,19-08-2026 12:15,19-08-2026 12:15,11-08-2026 10:34,24-08-2026 15:33,,,,,,7
2284598.0,18-07-2026 14:09,17-07-2026 14:33,28-07-2026 14:36,19-08-2026 12:15,19-08-2026 12:15,11-08-2026 10:34,24-08-2026 15:33,,,,,,7
2284599.0,18-07-2026 14:09,17-07-2026 14:33,28-07-2026 14:36,19-08-2026 12:15,19-08-2026 12:15,11-08-2026 10:34,24-08-2026 15:33,,,,,,7
2284600.0,18-07-2026 14:09,17-07-2026 14:33,28-07-2026 14:36,19-08-2026 12:15,19-08-2026 12:15,11-08-2026 10:34,24-08-2026 15:33,,,,,,7
2284601.0,18-07-2026 14:09,17-07-2026 14:33,28-07-2026 14:36,19-08-2026 12:15,19-08-2026 12:15,11-08-2026 10:34,24-08-2026 15:33,,,,,,7
2284602.0,18-07-2026 14:09,17-07-2026 14:33,28-07-2026 14:36,19-08-2026 12:15,19-08-2026 12:15,11-08-2026 10:34,24-08-2026 15:33,,,,,,7
2284630.0,30-07-2026 13:05,17-07-2026 12:44,06-08-2026 12:33,29-08-2026 13:20,20-08-2026 11:07,07-08-2026 14:49,,,,,,,6
2284631.0,,,,29-08-2026 13:20,20-08-2026 11:07,,,,,,,,2
2284632.0,30-07-2026 13:05,17-07-2026 12:44,06-08-2026 12:33,29-08-2026 13:20,,07-08-2026 14:49,,,,,,,5
2284633.0,30-07-2026 12:38,24-08-2026 15:36,07-08-2026 14:47,27-08-2026 14:49,27-08-2026 14:50,13-08-2026 12:14,,,,,,,6
2284639.0,30-07-2026 12:38,21-07-2026 11:21,07-08-2026 14:47,27-08-2026 14:49,27-08-2026 14:50,13-08-2026 12:14,,,,,,,6
2284640.0,11-08-2026 12:08,21-07-2026 11:21,04-08-2026 12:29,25-08-2026 16:01,25-08-2026 16:02,12-08-2026 11:46,,,,,,,6
2284643.0,11-08-2026 12:08,31-07-2026 14:22,12-08-2026 10:35,25-08-2026 10:56,25-08-2026 10:55,24-08-2026 10:28,,,,,,,6
2284644.0,30-07-2026 12:38,24-08-2026 15:36,07-08-2026 14:47,27-08-2026 14:49,27-08-2026 14:50,13-08-2026 12:14,,,,,,,6
2284649.0,11-08-2026 12:08,21-07-2026 11:21,18-08-2026 10:37,25-08-2026 16:01,25-08-2026 16:02,24-08-2026 11:48,,,,,,,6
2284652.0,30-07-2026 12:38,21-07-2026 15:43,12-08-2026 10:35,31-08-2026 10:22,31-08-2026 12:16,24-08-2026 10:28,,,,,,,6
2284653.0,27-07-2026 14:59,21-07-2026 14:12,04-08-2026 12:29,25-08-2026 16:01,25-08-2026 16:02,12-08-2026 11:46,,,,,,,6
2284656.0,31-07-2026 13:21,21-07-2026 11:21,06-08-2026 15:09,18-08-2026 14:18,18-08-2026 14:18,14-08-2026 14:14,31-08-2026 15:13,,,,,,7
2284658.0,30-07-2026 12:38,21-07-2026 11:21,07-08-2026 14:47,27-08-2026 14:49,27-08-2026 14:50,13-08-2026 12:14,,,,,,,6
2284660.0,25-08-2026 13:37,24-08-2026 14:42,18-08-2026 10:37,17-08-2026 12:16,17-08-2026 12:16,20-08-2026 12:03,,,,,,,6
2284661.0,29-07-2026 15:00,21-07-2026 15:43,11-08-2026 14:01,18-08-2026 12:17,18-08-2026 12:17,20-08-2026 16:07,,,,,,,6
2284662.0,30-07-2026 12:38,31-07-2026 14:22,12-08-2026 10:35,31-08-2026 10:22,31-08-2026 12:16,24-08-2026 10:28,,,,,,,6
2284663.0,24-07-2026 15:39,17-07-2026 15:26,31-07-2026 15:30,29-08-2026 12:22,29-08-2026 12:19,,,,,,,,5
2284664.0,31-07-2026 13:21,21-07-2026 15:43,06-08-2026 15:09,18-08-2026 14:18,18-08-2026 14:18,14-08-2026 14:14,31-08-2026 15:13,,,,,,7
2284670.0,,,31-07-2026 15:30,29-08-2026 12:22,29-08-2026 12:19,06-08-2026 14:34,,,,,,,4
2284671.0,27-07-2026 14:59,31-07-2026 15:22,04-08-2026 12:29,25-08-2026 16:01,25-08-2026 16:02,12-08-2026 11:46,,,,,,,6
2284674.0,24-07-2026 15:39,17-07-2026 15:26,31-07-2026 15:30,29-08-2026 12:22,29-08-2026 12:19,06-08-2026 14:34,,,,,,,6
2284677.0,30-07-2026 13:54,21-07-2026 15:43,11-08-2026 14:01,18-08-2026 14:18,18-08-2026 14:18,14-08-2026 14:14,31-08-2026 15:13,,,,,,7
2284678.0,30-07-2026 13:54,24-08-2026 15:36,06-08-2026 15:09,18-08-2026 12:17,18-08-2026 12:17,20-08-2026 16:07,,,,,,,6
2284681.0,,17-07-2026 15:26,31-07-2026 15:30,29-08-2026 12:22,29-08-2026 12:19,06-08-2026 14:34,,,,,,,5
2284682.0,29-07-2026 15:00,24-08-2026 15:36,11-08-2026 14:01,18-08-2026 12:17,18-08-2026 12:17,20-08-2026 16:07,,,,,,,6
2284685.0,11-08-2026 12:08,31-07-2026 15:22,04-08-2026 12:29,27-08-2026 14:49,31-08-2026 12:16,14-08-2026 11:25,,,,,,,6
2284687.0,24-07-2026 15:39,17-07-2026 15:26,31-07-2026 15:30,,,06-08-2026 14:34,,,,,,,4
2284688.0,29-07-2026 15:00,24-08-2026 15:36,11-08-2026 14:01,18-08-2026 12:17,18-08-2026 12:17,20-08-2026 16:07,,,,,,,6
2284690.0,30-07-2026 12:38,31-07-2026 14:22,12-08-2026 10:35,25-08-2026 10:56,25-08-2026 10:55,24-08-2026 10:28,,,,,,,6
2284693.0,11-08-2026 12:08,21-07-2026 11:21,12-08-2026 10:35,25-08-2026 10:56,25-08-2026 10:55,24-08-2026 10:28,,,,,,,6
2284694.0,,17-07-2026 15:26,31-07-2026 15:30,29-08-2026 12:22,29-08-2026 12:19,06-08-2026 14:34,,,,,,,5
2284696.0,30-07-2026 12:38,21-07-2026 11:21,07-08-2026 14:47,27-08-2026 14:49,27-08-2026 14:50,13-08-2026 12:14,,,,,,,6
2284698.0,31-07-2026 13:21,21-07-2026 15:43,11-08-2026 14:01,18-08-2026 14:18,18-08-2026 14:18,14-08-2026 14:14,31-08-2026 15:13,,,,,,7
2284700.0,,17-07-2026 15:26,31-07-2026 15:30,29-08-2026 12:22,29-08-2026 12:19,06-08-2026 14:34,,,,,,,5
2284703.0,30-07-2026 12:38,21-07-2026 11:21,12-08-2026 10:35,25-08-2026 10:56,25-08-2026 10:55,24-08-2026 10:28,,,,,,,6
2284704.0,29-07-2026 15:00,21-07-2026 15:43,06-08-2026 15:09,18-08-2026 12:17,18-08-2026 12:17,20-08-2026 16:07,,,,,,,6
2284705.0,24-07-2026 15:39,17-07-2026 15:26,31-07-2026 15:30,,,06-08-2026 14:34,,,,,,,4
2284706.0,11-08-2026 12:08,31-07-2026 15:22,04-08-2026 12:29,25-08-2026 16:01,25-08-2026 16:02,12-08-2026 11:46,,,,,,,6
2284707.0,11-08-2026 12:08,21-07-2026 11:21,07-08-2026 14:47,27-08-2026 14:49,27-08-2026 14:50,13-08-2026 12:14,,,,,,,6
2284708.0,24-07-2026 15:39,17-07-2026 15:26,31-07-2026 15:30,,,,,,,,,,3
2284709.0,27-07-2026 14:59,21-07-2026 14:12,04-08-2026 12:29,25-08-2026 16:01,25-08-2026 16:02,12-08-2026 11:46,,,,,,,6
2284710.0,29-07-2026 15:00,21-07-2026 15:43,06-08-2026 15:09,18-08-2026 12:17,18-08-2026 12:17,20-08-2026 16:07,,,,,,,6
2284711.0,30-07-2026 12:38,21-07-2026 15:43,12-08-2026 10:35,31-08-2026 10:22,31-08-2026 12:16,24-08-2026 10:28,,,,,,,6
2284712.0,30-07-2026 13:05,17-07-2026 12:44,06-08-2026 12:33,29-08-2026 13:20,,07-08-2026 14:49,,,,,,,5
2284713.0,27-07-2026 14:59,21-07-2026 14:12,18-08-2026 10:37,25-08-2026 16:01,25-08-2026 16:02,12-08-2026 11:46,,,,,,,6
2284714.0,24-07-2026 15:39,17-07-2026 15:26,31-07-2026 15:30,29-08-2026 12:22,29-08-2026 12:19,,,,,,,,5
2284715.0,27-07-2026 14:59,21-07-2026 14:12,04-08-2026 12:29,25-08-2026 16:01,25-08-2026 16:02,12-08-2026 11:46,,,,,,,6
2284717.0,29-07-2026 15:00,24-08-2026 15:36,06-08-2026 15:09,18-08-2026 12:17,18-08-2026 12:17,20-08-2026 16:07,,,,,,,6
2284718.0,11-08-2026 12:08,31-07-2026 14:22,12-08-2026 10:35,25-08-2026 10:56,25-08-2026 10:55,24-08-2026 10:28,,,,,,,6
2284719.0,27-07-2026 14:59,21-07-2026 14:12,18-08-2026 10:37,25-08-2026 16:01,25-08-2026 16:02,12-08-2026 11:46,,,,,,,6
2284721.0,31-07-2026 13:21,31-07-2026 14:22,11-08-2026 14:01,18-08-2026 14:18,18-08-2026 14:18,14-08-2026 14:14,31-08-2026 15:13,,,,,,7
2284723.0,27-07-2026 14:59,21-07-2026 14:12,04-08-2026 12:29,25-08-2026 16:01,25-08-2026 16:02,12-08-2026 11:46,,,,,,,6
2284724.0,29-07-2026 15:00,21-07-2026 15:43,06-08-2026 15:09,18-08-2026 12:17,18-08-2026 12:17,20-08-2026 16:07,,,,,,,6
2284727.0,27-07-2026 14:59,31-07-2026 15:22,04-08-2026 12:29,25-08-2026 16:01,25-08-2026 16:02,12-08-2026 11:46,,,,,,,6
2284728.0,24-07-2026 15:39,17-07-2026 15:26,31-07-2026 15:30,29-08-2026 12:22,29-08-2026 12:19,06-08-2026 14:34,,,,,,,6
2284731.0,27-07-2026 14:59,21-07-2026 14:12,04-08-2026 12:29,25-08-2026 16:01,25-08-2026 16:02,12-08-2026 11:46,,,,,,,6
2284735.0,27-07-2026 14:59,21-07-2026 14:12,04-08-2026 12:29,25-08-2026 16:01,25-08-2026 16:02,12-08-2026 11:46,,,,,,,6
2284737.0,30-07-2026 12:38,21-07-2026 11:21,07-08-2026 14:47,27-08-2026 14:49,27-08-2026 14:50,13-08-2026 12:14,,,,,,,6
2284738.0,30-07-2026 14:07,31-07-2026 14:46,01-08-2026 11:48,20-08-2026 16:01,20-08-2026 16:00,07-08-2026 11:54,,23-07-2026 12:12,,,,,7
2284739.0,30-07-2026 12:38,21-07-2026 11:21,07-08-2026 14:47,27-08-2026 14:49,27-08-2026 14:50,13-08-2026 12:14,,,,,,,6
2284740.0,30-07-2026 15:52,17-07-2026 14:56,06-08-2026 11:50,20-08-2026 14:26,20-08-2026 14:26,13-08-2026 14:47,,23-07-2026 12:12,,,,,7
2284743.0,27-07-2026 14:59,21-07-2026 14:12,04-08-2026 12:29,25-08-2026 16:01,25-08-2026 16:02,12-08-2026 11:46,,,,,,,6
2284746.0,30-07-2026 13:54,24-08-2026 15:36,06-08-2026 15:09,18-08-2026 12:17,18-08-2026 12:17,20-08-2026 16:07,,,,,,,6
2284747.0,30-07-2026 14:07,31-07-2026 14:46,01-08-2026 11:48,20-08-2026 16:01,20-08-2026 16:00,13-08-2026 16:07,,23-07-2026 12:12,,,,,7
2284748.0,29-07-2026 15:00,21-07-2026 15:43,06-08-2026 15:09,18-08-2026 12:17,18-08-2026 12:17,20-08-2026 16:07,,,,,,,6
2284750.0,,17-07-2026 14:56,06-08-2026 11:50,20-08-2026 14:26,20-08-2026 14:26,13-08-2026 14:47,,23-07-2026 12:12,,,,,6
2284751.0,30-07-2026 12:38,21-07-2026 11:21,07-08-2026 14:47,27-08-2026 14:49,27-08-2026 14:50,13-08-2026 12:14,,,,,,,6
2284753.0,24-07-2026 15:39,17-07-2026 15:26,01-08-2026 10:56,29-08-2026 12:22,29-08-2026 12:19,06-08-2026 14:34,,,,,,,6
2284754.0,27-07-2026 14:59,31-07-2026 15:22,18-08-2026 10:37,25-08-2026 16:01,25-08-2026 16:02,12-08-2026 11:46,,,,,,,6
2284755.0,27-07-2026 14:59,21-07-2026 14:12,04-08-2026 12:29,25-08-2026 16:01,25-08-2026 16:02,12-08-2026 11:46,,,,,,,6
2284757.0,30-07-2026 12:38,24-08-2026 15:36,07-08-2026 14:47,27-08-2026 14:49,27-08-2026 14:50,13-08-2026 12:14,,,,,,,6
2284760.0,27-07-2026 14:59,31-07-2026 15:22,04-08-2026 12:29,25-08-2026 16:01,25-08-2026 16:02,12-08-2026 11:46,,,,,,,6
2284761.0,29-07-2026 15:00,21-07-2026 15:43,06-08-2026 15:09,18-08-2026 12:17,18-08-2026 12:17,20-08-2026 16:07,,,,,,,6
2284762.0,30-07-2026 15:52,17-07-2026 14:56,06-08-2026 11:50,20-08-2026 14:26,20-08-2026 14:26,13-08-2026 14:47,,23-07-2026 12:12,,,,,7
2284763.0,24-07-2026 15:39,17-07-2026 15:26,31-07-2026 15:30,29-08-2026 12:22,29-08-2026 12:19,06-08-2026 14:34,,,,,,,6
2284766.0,29-07-2026 15:00,21-07-2026 15:43,06-08-2026 15:09,18-08-2026 12:17,18-08-2026 12:17,20-08-2026 16:07,,,,,,,6
2284767.0,27-07-2026 14:59,21-07-2026 14:12,04-08-2026 12:29,25-08-2026 16:01,25-08-2026 16:02,12-08-2026 11:46,,,,,,,6
2284770.0,30-07-2026 12:38,21-07-2026 11:21,07-08-2026 14:47,27-08-2026 14:49,27-08-2026 14:50,13-08-2026 12:14,,,,,,,6
2284771.0,27-07-2026 14:59,21-07-2026 14:12,04-08-2026 12:29,25-08-2026 16:01,25-08-2026 16:02,12-08-2026 11:46,,,,,,,6
2284773.0,,,,20-08-2026 16:01,20-08-2026 16:00,07-08-2026 11:54,,,,,,,3
2284774.0,27-07-2026 14:59,31-07-2026 15:22,04-08-2026 12:29,25-08-2026 16:01,25-08-2026 16:02,12-08-2026 11:46,,,,,,,6
2284776.0,27-07-2026 14:59,21-07-2026 14:12,04-08-2026 12:29,25-08-2026 16:01,25-08-2026 16:02,12-08-2026 11:46,,,,,,,6
2284778.0,30-07-2026 14:07,31-07-2026 14:46,01-08-2026 11:48,20-08-2026 16:01,20-08-2026 16:00,13-08-2026 16:07,,23-07-2026 12:12,,,,,7
2284779.0,30-07-2026 12:38,21-07-2026 11:21,07-08-2026 14:47,27-08-2026 14:49,27-08-2026 14:50,13-08-2026 12:14,,,,,,,6
2284782.0,27-07-2026 14:59,21-07-2026 14:12,04-08-2026 12:29,25-08-2026 16:01,25-08-2026 16:02,12-08-2026 11:46,,,,,,,6
2284784.0,29-07-2026 15:00,21-07-2026 15:43,06-08-2026 15:09,18-08-2026 12:17,18-08-2026 12:17,20-08-2026 16:07,,,,,,,6
2284785.0,29-07-2026 15:00,21-07-2026 15:43,11-08-2026 14:01,18-08-2026 12:17,18-08-2026 12:17,20-08-2026 16:07,,,,,,,6
2284788.0,30-07-2026 14:07,31-07-2026 14:46,01-08-2026 11:48,20-08-2026 16:01,20-08-2026 16:00,13-08-2026 16:07,,23-07-2026 12:12,,,,,7
2284791.0,30-07-2026 15:52,17-07-2026 14:56,06-08-2026 11:50,20-08-2026 14:26,20-08-2026 14:26,13-08-2026 16:07,,23-07-2026 12:12,,,,,7
2284792.0,29-07-2026 15:00,21-07-2026 15:43,11-08-2026 14:01,18-08-2026 12:17,18-08-2026 12:17,20-08-2026 16:07,,,,,,,6
2284797.0,,17-07-2026 14:56,06-08-2026 11:50,20-08-2026 14:26,20-08-2026 14:26,13-08-2026 14:47,,23-07-2026 12:12,,,,,6
2284800.0,30-07-2026 14:07,31-07-2026 14:46,01-08-2026 11:48,20-08-2026 16:01,20-08-2026 16:00,13-08-2026 16:07,,23-07-2026 12:12,,,,,7
2284801.0,30-07-2026 15:52,17-07-2026 14:56,06-08-2026 11:50,20-08-2026 14:26,20-08-2026 14:26,13-08-2026 14:47,,23-07-2026 12:12,,,,,7
2284802.0,29-07-2026 15:00,21-07-2026 15:43,06-08-2026 15:09,18-08-2026 12:17,18-08-2026 12:17,20-08-2026 16:07,,,,,,,6
2284804.0,30-07-2026 12:38,21-07-2026 11:21,07-08-2026 14:47,27-08-2026 14:49,27-08-2026 14:50,13-08-2026 12:14,,,,,,,6
2284805.0,30-07-2026 15:52,17-07-2026 14:56,06-08-2026 11:50,20-08-2026 14:26,20-08-2026 14:26,13-08-2026 14:47,,23-07-2026 12:12,,,,,7
2284806.0,27-07-2026 14:59,31-07-2026 15:22,04-08-2026 12:29,25-08-2026 16:01,25-08-2026 16:02,12-08-2026 11:46,,,,,,,6
2284807.0,27-07-2026 14:59,21-07-2026 14:12,04-08-2026 12:29,25-08-2026 16:01,25-08-2026 16:02,12-08-2026 11:46,,,,,,,6
2284808.0,30-07-2026 14:07,31-07-2026 14:46,01-08-2026 11:48,20-08-2026 16:01,20-08-2026 16:00,07-08-2026 11:54,,23-07-2026 12:12,,,,,7
2284810.0,24-07-2026 15:39,17-07-2026 15:26,31-07-2026 15:30,29-08-2026 12:22,29-08-2026 12:19,,,,,,,,5
2284811.0,27-07-2026 14:59,31-07-2026 15:22,04-08-2026 12:29,25-08-2026 16:01,25-08-2026 16:02,12-08-2026 11:46,,,,,,,6
2284812.0,30-07-2026 15:52,17-07-2026 14:56,06-08-2026 11:50,20-08-2026 14:26,20-08-2026 14:26,13-08-2026 16:07,,23-07-2026 12:12,,,,,7
2284813.0,30-07-2026 13:05,17-07-2026 12:44,06-08-2026 12:33,29-08-2026 13:20,20-08-2026 11:07,07-08-2026 14:49,,,,,,,6
2284815.0,31-07-2026 14:43,17-07-2026 12:35,07-08-2026 16:15,20-08-2026 12:46,20-08-2026 12:45,13-08-2026 16:08,29-08-2026 12:37,,,,,,7
2284816.0,30-07-2026 15:52,17-07-2026 14:56,06-08-2026 11:50,20-08-2026 14:26,20-08-2026 14:26,13-08-2026 14:47,,23-07-2026 12:12,,,,,7
2284817.0,30-07-2026 12:38,21-07-2026 11:21,07-08-2026 14:47,27-08-2026 14:49,27-08-2026 14:50,13-08-2026 12:14,,,,,,,6
2284818.0,30-07-2026 14:07,31-07-2026 14:46,01-08-2026 11:48,20-08-2026 16:01,20-08-2026 16:00,07-08-2026 11:54,,23-07-2026 12:12,,,,,7
2284820.0,27-07-2026 14:59,21-07-2026 14:12,04-08-2026 12:29,25-08-2026 16:01,25-08-2026 16:02,12-08-2026 11:46,,,,,,,6
2284822.0,31-07-2026 16:12,17-07-2026 12:35,07-08-2026 16:15,27-08-2026 11:03,27-08-2026 11:03,13-08-2026 16:08,,,,,,,6
2284823.0,30-07-2026 12:38,21-07-2026 11:21,07-08-2026 14:47,27-08-2026 14:49,27-08-2026 14:50,13-08-2026 12:14,,,,,,,6
2284824.0,27-07-2026 14:59,21-07-2026 14:12,04-08-2026 12:29,25-08-2026 16:01,25-08-2026 16:02,12-08-2026 11:46,,,,,,,6
2284825.0,30-07-2026 15:52,17-07-2026 14:56,06-08-2026 11:50,20-08-2026 14:26,20-08-2026 14:26,13-08-2026 16:07,,23-07-2026 12:12,,,,,7
2284826.0,29-07-2026 15:00,24-08-2026 15:36,11-08-2026 14:01,18-08-2026 12:17,18-08-2026 12:17,20-08-2026 16:07,,,,,,,6
2284828.0,24-07-2026 15:39,17-07-2026 15:26,31-07-2026 15:30,29-08-2026 12:22,29-08-2026 12:19,,,,,,,,5
2284829.0,30-07-2026 13:05,17-07-2026 12:44,06-08-2026 12:33,29-08-2026 13:20,20-08-2026 11:07,07-08-2026 14:49,,,,,,,6
2284832.0,11-08-2026 12:08,31-07-2026 15:22,04-08-2026 12:29,25-08-2026 16:01,25-08-2026 16:02,12-08-2026 11:46,,,,,,,6
2284834.0,30-07-2026 14:07,31-07-2026 14:46,01-08-2026 11:48,20-08-2026 16:01,20-08-2026 16:00,13-08-2026 16:07,,23-07-2026 12:12,,,,,7
2284836.0,27-07-2026 14:59,31-07-2026 15:22,04-08-2026 12:29,25-08-2026 16:01,25-08-2026 16:02,12-08-2026 11:46,,,,,,,6
2284837.0,31-07-2026 16:12,17-07-2026 12:35,07-08-2026 16:15,,,13-08-2026 16:08,29-08-2026 12:37,,,,,,5
2284838.0,,,31-07-2026 15:30,,,06-08-2026 14:34,,,,,,,2
2284839.0,30-07-2026 15:52,17-07-2026 14:56,06-08-2026 11:50,20-08-2026 14:26,20-08-2026 14:26,13-08-2026 16:07,,23-07-2026 12:12,,,,,7
2284840.0,24-07-2026 11:53,17-07-2026 12:40,28-07-2026 14:26,25-08-2026 12:26,25-08-2026 12:25,05-08-2026 14:17,,,,,,,6
2284843.0,30-07-2026 13:05,17-07-2026 12:44,06-08-2026 12:33,29-08-2026 13:20,,07-08-2026 14:49,,,,,,,5
2284844.0,11-08-2026 12:08,31-07-2026 15:22,18-08-2026 10:37,31-08-2026 10:22,31-08-2026 12:16,14-08-2026 11:25,,,,,,,6
2284845.0,27-07-2026 14:59,31-07-2026 15:22,04-08-2026 12:29,25-08-2026 16:01,25-08-2026 16:02,12-08-2026 11:46,,,,,,,6
2284846.0,30-07-2026 13:54,21-07-2026 15:43,06-08-2026 15:09,18-08-2026 12:17,18-08-2026 12:17,20-08-2026 16:07,,,,,,,6
2284848.0,,,,20-08-2026 16:01,20-08-2026 16:00,13-08-2026 16:07,,,,,,,3
2284849.0,27-07-2026 14:59,31-07-2026 15:22,18-08-2026 10:37,25-08-2026 16:01,25-08-2026 16:02,12-08-2026 11:46,,,,,,,6
2284850.0,30-07-2026 15:52,17-07-2026 14:56,06-08-2026 11:50,20-08-2026 14:26,20-08-2026 14:26,13-08-2026 14:47,,23-07-2026 12:12,,,,,7
2284851.0,31-07-2026 14:43,17-07-2026 12:35,07-08-2026 16:15,,,13-08-2026 16:08,,,,,,,4
2284854.0,30-07-2026 12:38,21-07-2026 11:21,07-08-2026 14:47,27-08-2026 14:49,27-08-2026 14:50,13-08-2026 12:14,,,,,,,6
2284856.0,27-07-2026 14:59,21-07-2026 14:12,04-08-2026 12:29,25-08-2026 16:01,25-08-2026 16:02,12-08-2026 11:46,,,,,,,6
2284857.0,31-07-2026 14:43,17-07-2026 12:35,07-08-2026 16:15,27-08-2026 11:03,27-08-2026 11:03,13-08-2026 16:08,,,,,,,6
2284859.0,29-07-2026 15:00,21-07-2026 15:43,06-08-2026 15:09,18-08-2026 12:17,18-08-2026 12:17,20-08-2026 16:07,,,,,,,6
2284860.0,24-07-2026 11:53,17-07-2026 12:40,28-07-2026 14:26,25-08-2026 12:26,25-08-2026 12:25,05-08-2026 14:17,,,,,,,6
2284861.0,27-07-2026 14:59,21-07-2026 14:12,04-08-2026 12:29,25-08-2026 16:01,25-08-2026 16:02,12-08-2026 11:46,,,,,,,6
2284864.0,,31-07-2026 14:46,01-08-2026 11:48,20-08-2026 16:01,20-08-2026 16:00,07-08-2026 11:54,,23-07-2026 12:12,,,,,6
2284867.0,31-07-2026 14:43,17-07-2026 12:35,07-08-2026 16:15,27-08-2026 11:03,27-08-2026 11:03,13-08-2026 16:08,,,,,,,6
2284871.0,30-07-2026 14:07,31-07-2026 14:46,01-08-2026 11:48,20-08-2026 16:01,20-08-2026 16:00,07-08-2026 11:54,,23-07-2026 12:12,,,,,7
2284872.0,30-07-2026 12:38,21-07-2026 11:21,07-08-2026 14:47,27-08-2026 14:49,27-08-2026 14:50,13-08-2026 12:14,,,,,,,6
2284873.0,27-07-2026 14:59,31-07-2026 15:22,04-08-2026 12:29,25-08-2026 16:01,25-08-2026 16:02,12-08-2026 11:46,,,,,,,6
2284876.0,30-07-2026 14:07,31-07-2026 14:46,01-08-2026 11:48,20-08-2026 16:01,20-08-2026 16:00,13-08-2026 16:07,,23-07-2026 12:12,,,,,7
2284877.0,31-07-2026 14:43,17-07-2026 12:35,07-08-2026 16:15,27-08-2026 11:03,27-08-2026 11:03,13-08-2026 16:08,,,,,,,6
2284879.0,30-07-2026 12:38,21-07-2026 11:21,07-08-2026 14:47,27-08-2026 14:49,27-08-2026 14:50,13-08-2026 12:14,,,,,,,6
2284880.0,30-07-2026 15:52,17-07-2026 14:56,06-08-2026 11:50,20-08-2026 14:26,20-08-2026 14:26,13-08-2026 14:47,,23-07-2026 12:12,,,,,7
2284881.0,11-08-2026 12:08,24-08-2026 15:36,06-08-2026 15:09,18-08-2026 12:17,18-08-2026 12:17,20-08-2026 16:07,,,,,,,6
2284883.0,31-07-2026 14:43,17-07-2026 12:35,07-08-2026 16:15,27-08-2026 11:03,27-08-2026 11:03,13-08-2026 16:08,,,,,,,6
2284885.0,30-07-2026 14:07,31-07-2026 14:46,01-08-2026 11:48,,,07-08-2026 11:54,,23-07-2026 12:12,,,,,5
2284886.0,30-07-2026 12:38,21-07-2026 11:21,07-08-2026 14:47,27-08-2026 14:49,27-08-2026 14:50,13-08-2026 12:14,,,,,,,6
2284887.0,30-07-2026 12:38,21-07-2026 11:21,07-08-2026 14:47,27-08-2026 14:49,27-08-2026 14:50,13-08-2026 12:14,,,,,,,6
2284888.0,,17-07-2026 14:56,06-08-2026 11:50,20-08-2026 14:26,20-08-2026 14:26,13-08-2026 14:47,,23-07-2026 12:12,,,,,6
2284889.0,29-07-2026 15:00,24-08-2026 15:36,11-08-2026 14:01,18-08-2026 12:17,18-08-2026 12:17,20-08-2026 16:07,,,,,,,6
2284890.0,30-07-2026 13:05,17-07-2026 12:44,06-08-2026 12:33,29-08-2026 13:20,20-08-2026 11:07,07-08-2026 14:49,,,,,,,6
2284891.0,24-07-2026 11:53,29-07-2026 11:49,28-07-2026 14:26,25-08-2026 12:26,25-08-2026 12:25,13-08-2026 12:43,,,,,,,6
2284892.0,31-07-2026 14:43,17-07-2026 12:35,07-08-2026 16:15,27-08-2026 11:03,27-08-2026 11:03,13-08-2026 16:08,,,,,,,6
2284893.0,27-07-2026 14:59,21-07-2026 14:12,04-08-2026 12:29,31-08-2026 10:22,31-08-2026 12:16,24-08-2026 11:48,,,,,,,6
2284895.0,30-07-2026 12:38,21-07-2026 11:21,07-08-2026 14:47,27-08-2026 14:49,27-08-2026 14:50,13-08-2026 12:14,,,,,,,6
2284896.0,30-07-2026 14:07,31-07-2026 14:46,01-08-2026 11:48,20-08-2026 16:01,20-08-2026 16:00,13-08-2026 16:07,,23-07-2026 12:12,,,,,7
2284897.0,11-08-2026 12:08,31-07-2026 15:22,18-08-2026 10:37,31-08-2026 10:22,31-08-2026 12:16,14-08-2026 11:25,,,,,,,6
2284898.0,30-07-2026 15:52,17-07-2026 14:56,06-08-2026 11:50,20-08-2026 14:26,20-08-2026 14:26,13-08-2026 14:47,,23-07-2026 12:12,,,,,7
2284899.0,29-07-2026 15:00,21-07-2026 15:43,06-08-2026 15:09,18-08-2026 12:17,18-08-2026 12:17,20-08-2026 16:07,,,,,,,6
2284900.0,31-07-2026 14:43,17-07-2026 12:35,07-08-2026 16:15,,,13-08-2026 16:08,,,,,,,4
2284901.0,30-07-2026 13:05,17-07-2026 12:44,06-08-2026 12:33,29-08-2026 13:20,,07-08-2026 14:49,,,,,,,5
2284902.0,11-08-2026 12:08,31-07-2026 15:22,18-08-2026 10:37,31-08-2026 10:22,31-08-2026 12:16,14-08-2026 11:25,,,,,,,6
2284903.0,29-07-2026 15:00,24-08-2026 15:36,11-08-2026 14:01,18-08-2026 12:17,18-08-2026 12:17,20-08-2026 16:07,,,,,,,6
2284904.0,24-07-2026 11:53,17-07-2026 12:40,28-07-2026 14:26,25-08-2026 12:26,25-08-2026 12:25,13-08-2026 12:43,,,,,,,6
2284905.0,29-07-2026 15:00,21-07-2026 15:43,06-08-2026 15:09,18-08-2026 12:17,18-08-2026 12:17,20-08-2026 16:07,,,,,,,6
2284906.0,,,31-07-2026 15:30,29-08-2026 12:22,29-08-2026 12:19,06-08-2026 14:34,,,,,,,4
2284907.0,29-07-2026 15:00,21-07-2026 15:43,11-08-2026 14:01,18-08-2026 12:17,18-08-2026 12:17,20-08-2026 16:07,,,,,,,6
2284908.0,30-07-2026 14:07,31-07-2026 14:46,01-08-2026 11:48,20-08-2026 16:01,20-08-2026 16:00,13-08-2026 16:07,,23-07-2026 12:12,,,,,7
2284909.0,11-08-2026 12:08,21-07-2026 14:12,18-08-2026 10:37,31-08-2026 10:22,31-08-2026 12:16,14-08-2026 11:25,,,,,,,6
2284910.0,31-07-2026 16:12,17-07-2026 12:35,07-08-2026 16:15,20-08-2026 12:46,20-08-2026 12:45,13-08-2026 16:08,29-08-2026 12:37,,,,,,7
2284911.0,27-07-2026 14:59,31-07-2026 15:22,18-08-2026 10:37,31-08-2026 10:22,31-08-2026 12:16,14-08-2026 11:25,,,,,,,6
2284912.0,29-07-2026 15:00,21-07-2026 15:43,06-08-2026 15:09,18-08-2026 12:17,18-08-2026 12:17,20-08-2026 16:07,,,,,,,6
2284913.0,11-08-2026 12:08,21-07-2026 14:12,18-08-2026 10:37,31-08-2026 10:22,31-08-2026 12:16,14-08-2026 11:25,,,,,,,6
2284914.0,30-07-2026 12:38,24-08-2026 15:36,07-08-2026 14:47,27-08-2026 14:49,27-08-2026 14:50,13-08-2026 12:14,,,,,,,6
2284915.0,30-07-2026 14:07,31-07-2026 14:46,01-08-2026 11:48,20-08-2026 16:01,20-08-2026 16:00,07-08-2026 11:54,,23-07-2026 12:12,,,,,7
2284916.0,31-07-2026 14:43,17-07-2026 12:35,07-08-2026 16:15,20-08-2026 12:46,20-08-2026 12:45,13-08-2026 16:08,,,,,,,6
2284917.0,,,,,,06-08-2026 14:34,,,,,,,1
2284918.0,11-08-2026 12:08,31-07-2026 15:22,18-08-2026 10:37,31-08-2026 10:22,31-08-2026 12:16,14-08-2026 11:25,,,,,,,6
2284919.0,29-07-2026 15:00,24-08-2026 15:36,11-08-2026 14:01,18-08-2026 12:17,18-08-2026 12:17,20-08-2026 16:07,,,,,,,6
2284920.0,30-07-2026 15:52,17-07-2026 14:56,06-08-2026 11:50,20-08-2026 14:26,20-08-2026 14:26,13-08-2026 14:47,,23-07-2026 12:12,,,,,7
2284922.0,31-07-2026 14:43,17-07-2026 12:35,07-08-2026 16:15,20-08-2026 12:46,20-08-2026 12:45,13-08-2026 16:08,29-08-2026 12:37,,,,,,7
2284923.0,27-07-2026 14:59,21-07-2026 14:12,04-08-2026 12:29,27-08-2026 14:49,27-08-2026 14:50,14-08-2026 11:25,,,,,,,6
2284924.0,29-07-2026 15:00,21-07-2026 15:43,06-08-2026 15:09,18-08-2026 12:17,18-08-2026 12:17,20-08-2026 16:07,,,,,,,6
2284925.0,30-07-2026 14:07,31-07-2026 14:46,01-08-2026 11:48,,,07-08-2026 11:54,,23-07-2026 12:12,,,,,5
2284926.0,30-07-2026 12:38,21-07-2026 11:21,07-08-2026 14:47,27-08-2026 14:49,27-08-2026 14:50,13-08-2026 12:14,,,,,,,6
2284927.0,11-08-2026 12:08,21-07-2026 14:12,18-08-2026 10:37,31-08-2026 10:22,31-08-2026 12:16,14-08-2026 11:25,,,,,,,6
2284929.0,30-07-2026 12:38,24-08-2026 15:36,07-08-2026 14:47,27-08-2026 14:49,27-08-2026 14:50,13-08-2026 12:14,,,,,,,6
2284930.0,11-08-2026 12:08,21-07-2026 14:12,18-08-2026 10:37,31-08-2026 10:22,31-08-2026 12:16,14-08-2026 11:25,,,,,,,6
2284931.0,27-07-2026 14:59,31-07-2026 15:22,04-08-2026 12:29,25-08-2026 16:01,25-08-2026 16:02,12-08-2026 11:46,,,,,,,6
2284932.0,31-07-2026 14:43,17-07-2026 12:35,07-08-2026 16:15,27-08-2026 11:03,27-08-2026 11:03,13-08-2026 16:08,,,,,,,6
2284933.0,29-07-2026 15:00,21-07-2026 15:43,11-08-2026 14:01,18-08-2026 12:17,18-08-2026 12:17,20-08-2026 16:07,,,,,,,6
2284934.0,27-07-2026 14:59,21-07-2026 14:12,18-08-2026 10:37,31-08-2026 10:22,31-08-2026 12:16,14-08-2026 11:25,,,,,,,6
2284935.0,30-07-2026 15:52,17-07-2026 14:56,06-08-2026 11:50,20-08-2026 14:26,20-08-2026 14:26,13-08-2026 14:47,,23-07-2026 12:12,,,,,7
2284936.0,21-07-2026 11:32,17-07-2026 10:04,05-08-2026 14:58,18-08-2026 14:14,18-08-2026 14:14,13-08-2026 13:58,31-08-2026 16:02,,,,,,7
2284937.0,24-07-2026 15:39,17-07-2026 15:26,31-07-2026 15:30,,,06-08-2026 14:34,,,,,,,4
2284938.0,27-07-2026 14:59,21-07-2026 14:12,04-08-2026 12:29,27-08-2026 14:49,27-08-2026 14:50,24-08-2026 11:48,,,,,,,6
2284939.0,30-07-2026 14:07,31-07-2026 14:46,01-08-2026 11:48,20-08-2026 16:01,20-08-2026 16:00,07-08-2026 11:54,,23-07-2026 12:12,,,,,7
2284940.0,30-07-2026 13:05,17-07-2026 12:44,06-08-2026 12:33,29-08-2026 13:20,20-08-2026 11:07,07-08-2026 14:49,,,,,,,6
2284941.0,11-08-2026 12:08,31-07-2026 15:22,18-08-2026 10:37,31-08-2026 10:22,31-08-2026 12:16,14-08-2026 11:25,,,,,,,6
2284942.0,31-07-2026 14:43,30-07-2026 11:38,07-08-2026 16:15,20-08-2026 12:46,20-08-2026 12:45,13-08-2026 16:08,29-08-2026 12:37,,,,,,7
2284949.0,21-07-2026 11:32,17-07-2026 10:04,05-08-2026 14:58,17-08-2026 14:07,17-08-2026 14:05,13-08-2026 13:58,31-08-2026 16:02,,,,,,7
2284950.0,29-07-2026 15:00,21-07-2026 15:43,06-08-2026 15:09,18-08-2026 12:17,18-08-2026 12:17,20-08-2026 16:07,,,,,,,6
2284951.0,,31-07-2026 14:46,01-08-2026 11:48,,,07-08-2026 11:54,,23-07-2026 12:12,,,,,4
2284952.0,11-08-2026 12:08,21-07-2026 14:12,18-08-2026 10:37,31-08-2026 10:22,31-08-2026 12:16,14-08-2026 11:25,,,,,,,6
2284953.0,11-08-2026 12:08,21-07-2026 14:12,18-08-2026 10:37,31-08-2026 10:22,31-08-2026 12:16,14-08-2026 11:25,,,,,,,6
2284954.0,31-07-2026 16:12,17-07-2026 12:35,07-08-2026 16:15,,,13-08-2026 16:08,,,,,,,4
2284955.0,21-07-2026 11:32,17-07-2026 10:04,05-08-2026 14:58,18-08-2026 14:14,17-08-2026 14:05,13-08-2026 13:58,31-08-2026 16:02,,,,,,7
2284956.0,24-07-2026 15:39,24-07-2026 10:40,31-07-2026 15:30,,,,,,,,,,3
2284957.0,27-07-2026 14:59,21-07-2026 14:12,18-08-2026 10:37,27-08-2026 14:49,27-08-2026 14:50,14-08-2026 11:25,,,,,,,6
2284959.0,30-07-2026 13:05,17-07-2026 12:44,06-08-2026 12:33,29-08-2026 13:20,,07-08-2026 14:49,,,,,,,5
2284960.0,31-07-2026 16:12,18-07-2026 12:37,06-08-2026 12:40,27-08-2026 11:03,27-08-2026 11:03,,,,,,,,5
2284961.0,11-08-2026 12:08,21-07-2026 14:12,18-08-2026 10:37,31-08-2026 10:22,31-08-2026 12:16,14-08-2026 11:25,,,,,,,6
2284962.0,24-07-2026 15:39,17-07-2026 15:26,31-07-2026 15:30,29-08-2026 12:22,29-08-2026 12:19,06-08-2026 14:34,,,,,,,6
2284963.0,27-07-2026 14:59,21-07-2026 14:12,18-08-2026 10:37,27-08-2026 14:49,27-08-2026 14:50,14-08-2026 11:25,,,,,,,6
2284964.0,21-07-2026 11:32,17-07-2026 10:04,05-08-2026 14:58,18-08-2026 14:14,18-08-2026 14:14,13-08-2026 13:58,31-08-2026 16:02,,,,,,7
2284965.0,27-07-2026 14:59,21-07-2026 14:12,18-08-2026 10:37,27-08-2026 14:49,27-08-2026 14:50,14-08-2026 11:25,,,,,,,6
2284967.0,23-07-2026 11:45,21-07-2026 14:31,27-07-2026 14:16,24-08-2026 10:46,24-08-2026 10:45,05-08-2026 11:52,,,,,,,6
2284968.0,31-07-2026 16:12,18-07-2026 12:37,,27-08-2026 11:03,27-08-2026 11:03,14-08-2026 12:35,,,,,,,5
2284969.0,28-07-2026 15:41,22-07-2026 12:06,29-07-2026 10:07,18-08-2026 14:14,18-08-2026 14:14,13-08-2026 13:58,31-08-2026 16:02,,,,,,7
2284970.0,30-07-2026 14:07,31-07-2026 14:46,01-08-2026 11:48,20-08-2026 16:01,20-08-2026 16:00,07-08-2026 11:54,,23-07-2026 12:12,,,,,7
2284972.0,24-07-2026 15:39,17-07-2026 15:26,31-07-2026 15:30,,,06-08-2026 14:34,,,,,,,4
2284973.0,11-08-2026 12:08,21-07-2026 14:12,18-08-2026 10:37,31-08-2026 10:22,31-08-2026 12:16,14-08-2026 11:25,,,,,,,6
2284974.0,29-07-2026 15:00,21-07-2026 15:43,06-08-2026 15:09,18-08-2026 12:17,18-08-2026 12:17,20-08-2026 16:07,,,,,,,6
2284975.0,31-07-2026 16:12,17-07-2026 12:35,07-08-2026 16:15,20-08-2026 12:46,20-08-2026 12:45,13-08-2026 16:08,,,,,,,6
2284976.0,28-07-2026 15:41,22-07-2026 12:06,29-07-2026 10:07,18-08-2026 14:14,18-08-2026 14:14,13-08-2026 13:58,,,,,,,6
2284977.0,11-08-2026 12:08,21-07-2026 14:12,18-08-2026 10:37,31-08-2026 10:22,31-08-2026 12:16,14-08-2026 11:25,,,,,,,6
2284978.0,,17-07-2026 14:56,06-08-2026 11:50,20-08-2026 14:26,20-08-2026 14:26,13-08-2026 16:07,,23-07-2026 12:12,,,,,6
2284979.0,30-07-2026 11:42,29-07-2026 11:49,28-07-2026 14:26,25-08-2026 12:26,25-08-2026 12:25,05-08-2026 14:17,,,,,,,6
2284980.0,11-08-2026 12:08,31-07-2026 15:22,18-08-2026 10:37,31-08-2026 10:22,31-08-2026 12:16,14-08-2026 11:25,,,,,,,6
2284981.0,31-07-2026 16:12,18-07-2026 12:37,,27-08-2026 11:03,27-08-2026 11:03,,,,,,,,4
2284982.0,31-07-2026 14:43,17-07-2026 12:35,07-08-2026 16:15,20-08-2026 12:46,20-08-2026 12:45,13-08-2026 16:08,29-08-2026 12:37,,,,,,7
2284983.0,30-07-2026 14:07,31-07-2026 14:46,01-08-2026 11:48,20-08-2026 16:01,20-08-2026 16:00,13-08-2026 16:07,,23-07-2026 12:12,,,,,7
2284984.0,27-07-2026 14:59,21-07-2026 14:12,04-08-2026 12:29,27-08-2026 14:49,27-08-2026 14:50,14-08-2026 11:25,,,,,,,6
2284986.0,29-07-2026 15:00,21-07-2026 15:43,11-08-2026 14:01,18-08-2026 12:17,18-08-2026 12:17,20-08-2026 16:07,,,,,,,6
2284987.0,11-08-2026 12:08,21-07-2026 14:12,18-08-2026 10:37,31-08-2026 10:22,31-08-2026 12:16,14-08-2026 11:25,,,,,,,6
2284988.0,31-07-2026 16:12,17-07-2026 12:35,07-08-2026 16:15,20-08-2026 12:46,20-08-2026 12:45,13-08-2026 16:08,29-08-2026 12:37,,,,,,7
2284990.0,31-07-2026 16:12,18-07-2026 12:37,06-08-2026 12:40,27-08-2026 11:03,27-08-2026 11:03,14-08-2026 12:35,,,,,,,6
2284991.0,30-07-2026 12:38,24-08-2026 15:36,07-08-2026 14:47,27-08-2026 14:49,27-08-2026 14:50,13-08-2026 12:14,,,,,,,6
2284992.0,21-07-2026 11:32,17-07-2026 10:04,05-08-2026 14:58,18-08-2026 14:14,18-08-2026 14:14,13-08-2026 13:58,31-08-2026 16:02,,,,,,7
2284993.0,30-07-2026 14:07,31-07-2026 14:46,01-08-2026 11:48,20-08-2026 16:01,20-08-2026 16:00,07-08-2026 11:54,,23-07-2026 12:12,,,,,7
2284994.0,24-07-2026 11:53,17-07-2026 12:40,28-07-2026 14:26,25-08-2026 12:26,25-08-2026 12:25,05-08-2026 14:17,,,,,,,6
2284995.0,31-07-2026 16:12,17-07-2026 12:35,07-08-2026 16:15,,,13-08-2026 16:08,29-08-2026 12:37,,,,,,5
2284996.0,11-08-2026 12:08,21-07-2026 14:12,18-08-2026 10:37,31-08-2026 10:22,31-08-2026 12:16,14-08-2026 11:25,,,,,,,6
2284997.0,11-08-2026 12:08,21-07-2026 14:12,18-08-2026 10:37,31-08-2026 10:22,31-08-2026 12:16,14-08-2026 11:25,,,,,,,6
2284998.0,29-07-2026 15:00,24-08-2026 15:36,11-08-2026 14:01,18-08-2026 12:17,18-08-2026 12:17,20-08-2026 16:07,,,,,,,6
2284999.0,21-07-2026 11:32,17-07-2026 10:04,05-08-2026 14:58,18-08-2026 14:14,18-08-2026 14:14,13-08-2026 13:58,,,,,,,6
2285000.0,31-07-2026 14:43,17-07-2026 12:35,07-08-2026 16:15,27-08-2026 11:03,27-08-2026 11:03,13-08-2026 16:08,,,,,,,6
2285001.0,30-07-2026 14:07,31-07-2026 14:46,01-08-2026 11:48,,20-08-2026 16:00,07-08-2026 11:54,,23-07-2026 12:12,,,,,6
2285004.0,30-07-2026 12:38,21-07-2026 11:21,07-08-2026 14:47,27-08-2026 14:49,27-08-2026 14:50,13-08-2026 12:14,,,,,,,6
2285007.0,21-07-2026 11:32,17-07-2026 10:04,05-08-2026 14:58,18-08-2026 14:14,18-08-2026 14:14,13-08-2026 13:58,31-08-2026 16:02,,,,,,7
2285008.0,11-08-2026 12:08,21-07-2026 14:12,18-08-2026 10:37,31-08-2026 10:22,31-08-2026 12:16,14-08-2026 11:25,,,,,,,6
2285009.0,30-07-2026 13:05,17-07-2026 12:44,06-08-2026 12:33,29-08-2026 13:20,20-08-2026 11:07,07-08-2026 14:49,,,,,,,6
2285011.0,,31-07-2026 14:46,01-08-2026 11:48,20-08-2026 16:01,20-08-2026 16:00,07-08-2026 11:54,,23-07-2026 12:12,,,,,6
2285012.0,,17-07-2026 14:56,06-08-2026 11:50,20-08-2026 14:26,20-08-2026 14:26,13-08-2026 14:47,,23-07-2026 12:12,,,,,6
2285013.0,31-07-2026 14:43,17-07-2026 12:35,07-08-2026 16:15,27-08-2026 11:03,27-08-2026 11:03,13-08-2026 16:08,,,,,,,6
2285014.0,30-07-2026 12:38,24-08-2026 15:36,07-08-2026 14:47,27-08-2026 14:49,27-08-2026 14:50,13-08-2026 12:14,,,,,,,6
2285015.0,21-07-2026 11:32,17-07-2026 10:04,05-08-2026 14:58,18-08-2026 14:14,18-08-2026 14:14,24-08-2026 11:31,31-08-2026 16:02,,,,,,7
2285019.0,29-07-2026 15:00,24-08-2026 15:36,11-08-2026 14:01,18-08-2026 12:17,18-08-2026 12:17,20-08-2026 16:07,,,,,,,6
2285021.0,27-07-2026 14:59,21-07-2026 14:12,18-08-2026 10:37,31-08-2026 10:22,31-08-2026 12:16,14-08-2026 11:25,,,,,,,6
2285022.0,,17-07-2026 12:44,06-08-2026 12:33,29-08-2026 13:20,,07-08-2026 14:49,,,,,,,4
2285023.0,21-07-2026 11:32,17-07-2026 10:04,05-08-2026 14:58,18-08-2026 14:14,18-08-2026 14:14,13-08-2026 13:58,31-08-2026 16:02,,,,,,7
2285024.0,,31-07-2026 14:46,01-08-2026 11:48,20-08-2026 16:01,20-08-2026 16:00,13-08-2026 16:07,,23-07-2026 12:12,,,,,6
2285025.0,11-08-2026 12:08,21-07-2026 14:12,18-08-2026 10:37,31-08-2026 10:22,31-08-2026 12:16,14-08-2026 11:25,,,,,,,6
2285026.0,30-07-2026 12:38,21-07-2026 11:21,07-08-2026 14:47,27-08-2026 14:49,27-08-2026 14:50,13-08-2026 12:14,,,,,,,6
2285029.0,,31-07-2026 14:46,01-08-2026 11:48,20-08-2026 16:01,20-08-2026 16:00,07-08-2026 11:54,,23-07-2026 12:12,,,,,6
2285030.0,21-07-2026 11:32,22-07-2026 12:06,05-08-2026 14:58,18-08-2026 14:14,18-08-2026 14:14,13-08-2026 13:58,,,,,,,6
2285031.0,30-07-2026 15:52,17-07-2026 14:56,06-08-2026 11:50,20-08-2026 14:26,20-08-2026 14:26,13-08-2026 14:47,,23-07-2026 12:12,,,,,7
2285034.0,21-07-2026 11:32,17-07-2026 10:04,05-08-2026 14:58,18-08-2026 14:14,18-08-2026 14:14,13-08-2026 13:58,31-08-2026 16:02,,,,,,7
2285036.0,30-07-2026 14:07,31-07-2026 14:46,01-08-2026 11:48,20-08-2026 16:01,20-08-2026 16:00,07-08-2026 11:54,,23-07-2026 12:12,,,,,7
2285037.0,31-07-2026 16:12,17-07-2026 12:35,07-08-2026 16:15,20-08-2026 12:46,20-08-2026 12:45,13-08-2026 16:08,29-08-2026 12:37,,,,,,7
2285038.0,30-07-2026 15:52,17-07-2026 14:56,06-08-2026 11:50,20-08-2026 14:26,20-08-2026 14:26,13-08-2026 14:47,,23-07-2026 12:12,,,,,7
2285040.0,21-07-2026 11:32,17-07-2026 10:04,05-08-2026 14:58,18-08-2026 14:14,18-08-2026 14:14,13-08-2026 13:58,31-08-2026 16:02,,,,,,7
2285046.0,30-07-2026 13:05,17-07-2026 12:44,06-08-2026 12:33,29-08-2026 13:20,20-08-2026 11:07,07-08-2026 14:49,,,,,,,6
2285052.0,30-07-2026 13:05,17-07-2026 12:44,06-08-2026 12:33,29-08-2026 13:20,20-08-2026 11:07,07-08-2026 14:49,,,,,,,6
2285087.0,30-07-2026 14:07,31-07-2026 14:46,01-08-2026 11:48,20-08-2026 16:01,20-08-2026 16:00,07-08-2026 11:54,,23-07-2026 12:12,,,,,7
2285088.0,31-07-2026 16:12,18-07-2026 12:37,,27-08-2026 11:03,27-08-2026 11:03,14-08-2026 12:35,,,,,,,5
2285090.0,30-07-2026 12:38,24-08-2026 15:36,07-08-2026 14:47,27-08-2026 14:49,27-08-2026 14:50,13-08-2026 12:14,,,,,,,6
2285092.0,31-07-2026 14:43,18-07-2026 12:37,06-08-2026 12:40,27-08-2026 11:03,27-08-2026 11:03,,,,,,,,5
2285093.0,30-07-2026 14:07,31-07-2026 14:46,01-08-2026 11:48,,,07-08-2026 11:54,,23-07-2026 12:12,,,,,5
2285095.0,31-07-2026 16:12,18-07-2026 12:37,06-08-2026 12:40,27-08-2026 11:03,27-08-2026 11:03,13-08-2026 16:08,,,,,,,6
2285096.0,24-07-2026 11:53,29-07-2026 11:49,28-07-2026 14:26,25-08-2026 12:26,25-08-2026 12:25,05-08-2026 14:17,,,,,,,6
2285097.0,31-07-2026 14:43,18-07-2026 12:37,06-08-2026 12:40,20-08-2026 12:46,20-08-2026 12:45,13-08-2026 16:08,29-08-2026 12:37,,,,,,7
2285098.0,30-07-2026 11:42,17-07-2026 12:40,28-07-2026 14:26,25-08-2026 12:26,25-08-2026 12:25,05-08-2026 14:17,,,,,,,6
2285100.0,31-07-2026 14:43,18-07-2026 12:37,06-08-2026 12:40,27-08-2026 11:03,27-08-2026 11:03,,,,,,,,5
2285101.0,24-07-2026 11:53,17-07-2026 12:40,28-07-2026 14:26,25-08-2026 12:26,25-08-2026 12:25,13-08-2026 12:43,,,,,,,6
2285105.0,31-07-2026 16:12,18-07-2026 12:37,06-08-2026 12:40,27-08-2026 11:03,27-08-2026 11:03,,,,,,,,5
2285107.0,31-07-2026 14:43,18-07-2026 12:37,06-08-2026 12:40,,,14-08-2026 12:35,,,,,,,4
2285111.0,11-08-2026 12:08,31-07-2026 14:22,12-08-2026 10:35,25-08-2026 10:56,31-08-2026 12:16,24-08-2026 10:28,,,,,,,6
2285112.0,11-08-2026 12:08,31-07-2026 14:22,12-08-2026 10:35,25-08-2026 10:56,25-08-2026 10:55,24-08-2026 10:28,,,,,,,6
2285115.0,11-08-2026 12:08,31-07-2026 14:22,12-08-2026 10:35,25-08-2026 10:56,25-08-2026 10:55,24-08-2026 10:28,,,,,,,6
2285117.0,30-07-2026 12:38,21-07-2026 11:21,12-08-2026 10:35,25-08-2026 10:56,25-08-2026 10:55,24-08-2026 10:28,,,,,,,6
2285120.0,11-08-2026 12:08,21-07-2026 11:21,12-08-2026 10:35,25-08-2026 10:56,25-08-2026 10:55,24-08-2026 10:28,,,,,,,6
2285125.0,11-08-2026 12:08,21-07-2026 11:21,12-08-2026 10:35,25-08-2026 10:56,25-08-2026 10:55,24-08-2026 10:28,,,,,,,6
2285129.0,11-08-2026 12:08,21-07-2026 11:21,12-08-2026 10:35,25-08-2026 10:56,25-08-2026 10:55,24-08-2026 10:28,,,,,,,6
2285130.0,30-07-2026 12:38,24-08-2026 15:36,07-08-2026 14:47,27-08-2026 14:49,27-08-2026 14:50,13-08-2026 12:14,,,,,,,6
2285131.0,30-07-2026 12:38,21-07-2026 11:21,12-08-2026 10:35,25-08-2026 10:56,25-08-2026 10:55,24-08-2026 10:28,,,,,,,6
2285132.0,11-08-2026 12:08,31-07-2026 14:22,12-08-2026 10:35,25-08-2026 10:56,25-08-2026 10:55,24-08-2026 10:28,,,,,,,6
2285134.0,11-08-2026 12:08,21-07-2026 11:21,12-08-2026 10:35,25-08-2026 10:56,25-08-2026 10:55,24-08-2026 10:28,,,,,,,6
2285136.0,30-07-2026 12:38,21-07-2026 11:21,12-08-2026 10:35,25-08-2026 10:56,25-08-2026 10:55,24-08-2026 10:28,,,,,,,6
2285137.0,30-07-2026 12:38,21-07-2026 11:21,12-08-2026 10:35,31-08-2026 10:22,31-08-2026 12:16,24-08-2026 10:28,,,,,,,6
2285138.0,11-08-2026 12:08,21-07-2026 11:21,12-08-2026 10:35,25-08-2026 10:56,25-08-2026 10:55,24-08-2026 10:28,,,,,,,6
2285139.0,11-08-2026 12:08,21-07-2026 11:21,12-08-2026 10:35,25-08-2026 10:56,25-08-2026 10:55,24-08-2026 10:28,,,,,,,6
2285142.0,25-08-2026 13:37,24-08-2026 15:36,27-08-2026 10:24,25-08-2026 10:56,25-08-2026 10:55,24-08-2026 10:28,,,,,,,6
2285143.0,31-07-2026 13:21,21-07-2026 15:43,06-08-2026 15:09,18-08-2026 14:18,18-08-2026 14:18,14-08-2026 14:14,31-08-2026 15:13,,,,,,7
2285144.0,11-08-2026 12:08,21-07-2026 11:21,12-08-2026 10:35,25-08-2026 10:56,25-08-2026 10:55,24-08-2026 10:28,,,,,,,6
2285147.0,30-07-2026 13:54,21-07-2026 15:43,06-08-2026 15:09,18-08-2026 14:18,18-08-2026 14:18,14-08-2026 14:14,31-08-2026 15:13,,,,,,7
2285149.0,30-07-2026 13:54,21-07-2026 15:43,06-08-2026 15:09,18-08-2026 14:18,18-08-2026 14:18,14-08-2026 14:14,31-08-2026 15:13,,,,,,7
2285152.0,31-07-2026 13:21,21-07-2026 15:43,11-08-2026 14:01,18-08-2026 14:18,18-08-2026 14:18,14-08-2026 14:14,31-08-2026 15:13,,,,,,7
2285153.0,30-07-2026 15:52,17-07-2026 14:56,06-08-2026 11:50,20-08-2026 14:26,20-08-2026 14:26,13-08-2026 14:47,,23-07-2026 12:12,,,,,7
2285157.0,31-07-2026 13:21,31-07-2026 14:22,06-08-2026 15:09,18-08-2026 14:18,18-08-2026 14:18,14-08-2026 14:14,31-08-2026 15:13,,,,,,7
2285159.0,01-08-2026 12:39,30-07-2026 11:38,,20-08-2026 12:46,20-08-2026 12:45,14-08-2026 12:35,29-08-2026 12:37,,,,,,6
2285161.0,31-07-2026 13:21,31-07-2026 14:22,06-08-2026 15:09,18-08-2026 14:18,18-08-2026 14:18,14-08-2026 14:14,31-08-2026 15:13,,,,,,7
2285162.0,15-07-2026 12:23,20-07-2026 12:18,29-07-2026 16:00,25-08-2026 11:18,25-08-2026 11:16,11-08-2026 15:25,,,,,,,6
2285164.0,21-07-2026 11:32,17-07-2026 10:04,05-08-2026 14:58,18-08-2026 14:14,18-08-2026 14:14,13-08-2026 13:58,31-08-2026 16:02,,,,,,7
2285165.0,01-08-2026 12:39,,06-08-2026 12:40,27-08-2026 11:03,27-08-2026 11:03,14-08-2026 12:35,,,,,,,5
2285166.0,30-07-2026 15:52,17-07-2026 14:56,06-08-2026 11:50,20-08-2026 14:26,20-08-2026 14:26,13-08-2026 16:07,,23-07-2026 12:12,,,,,7
2285167.0,21-07-2026 11:32,17-07-2026 10:04,05-08-2026 14:58,18-08-2026 14:14,18-08-2026 14:14,13-08-2026 13:58,,,,,,,6
2285168.0,15-07-2026 12:23,20-07-2026 12:18,27-07-2026 11:44,25-08-2026 11:18,25-08-2026 11:16,11-08-2026 15:25,,,,,,,6
2285169.0,31-07-2026 13:21,21-07-2026 15:43,06-08-2026 15:09,18-08-2026 14:18,18-08-2026 14:18,14-08-2026 14:14,31-08-2026 15:13,,,,,,7
2285170.0,21-07-2026 11:32,17-07-2026 10:04,05-08-2026 14:58,18-08-2026 14:14,18-08-2026 14:14,13-08-2026 13:58,,,,,,,6
2285171.0,15-07-2026 12:23,20-07-2026 12:18,27-07-2026 11:44,25-08-2026 11:18,25-08-2026 11:16,11-08-2026 15:25,,,,,,,6
2285173.0,30-07-2026 15:52,17-07-2026 14:56,06-08-2026 11:50,20-08-2026 14:26,20-08-2026 14:26,13-08-2026 14:47,,23-07-2026 12:12,,,,,7
2285174.0,01-08-2026 12:39,30-07-2026 11:38,06-08-2026 12:40,20-08-2026 12:46,20-08-2026 12:45,14-08-2026 12:35,29-08-2026 12:37,,,,,,7
2285175.0,21-07-2026 11:32,22-07-2026 12:06,05-08-2026 14:58,18-08-2026 14:14,18-08-2026 14:14,13-08-2026 13:58,31-08-2026 16:02,,,,,,7
2285176.0,05-08-2026 14:32,20-07-2026 12:18,27-07-2026 11:44,25-08-2026 11:18,25-08-2026 11:16,11-08-2026 15:25,,,,,,,6
2285177.0,31-07-2026 13:21,31-07-2026 14:22,06-08-2026 15:09,18-08-2026 14:18,18-08-2026 14:18,14-08-2026 14:14,31-08-2026 15:13,,,,,,7
2285178.0,30-07-2026 15:52,17-07-2026 14:56,06-08-2026 11:50,20-08-2026 14:26,20-08-2026 14:26,13-08-2026 14:47,,23-07-2026 12:12,,,,,7
2285179.0,01-08-2026 12:39,30-07-2026 11:38,,27-08-2026 11:03,27-08-2026 11:03,14-08-2026 12:35,,,,,,,5
2285180.0,21-07-2026 11:32,17-07-2026 10:04,05-08-2026 14:58,18-08-2026 14:14,18-08-2026 14:14,13-08-2026 13:58,31-08-2026 16:02,,,,,,7
2285181.0,05-08-2026 14:32,20-07-2026 12:18,27-07-2026 11:44,25-08-2026 11:18,25-08-2026 11:16,11-08-2026 15:25,,,,,,,6
2285183.0,01-08-2026 12:39,30-07-2026 11:38,06-08-2026 12:40,27-08-2026 11:03,27-08-2026 11:03,14-08-2026 12:35,,,,,,,6
2285184.0,30-07-2026 15:52,17-07-2026 14:56,06-08-2026 11:50,20-08-2026 14:26,20-08-2026 14:26,13-08-2026 16:07,,23-07-2026 12:12,,,,,7
2285185.0,28-07-2026 15:41,22-07-2026 12:06,29-07-2026 10:07,18-08-2026 14:14,18-08-2026 14:14,13-08-2026 13:58,25-08-2026 13:49,,,,,,7
2285186.0,15-07-2026 12:23,20-07-2026 12:18,27-07-2026 11:44,25-08-2026 15:19,25-08-2026 11:16,11-08-2026 15:25,,,,,,,6
2285187.0,31-07-2026 13:21,21-07-2026 15:43,06-08-2026 15:09,18-08-2026 14:18,18-08-2026 14:18,14-08-2026 14:14,31-08-2026 15:13,,,,,,7
2285188.0,21-07-2026 11:32,17-07-2026 10:04,05-08-2026 14:58,18-08-2026 14:14,18-08-2026 14:14,13-08-2026 13:58,31-08-2026 16:02,,,,,,7
2285189.0,01-08-2026 12:39,30-07-2026 11:38,06-08-2026 12:40,27-08-2026 11:03,27-08-2026 11:03,14-08-2026 12:35,,,,,,,6
2285190.0,05-08-2026 14:32,20-07-2026 12:18,29-07-2026 16:00,25-08-2026 11:18,25-08-2026 11:16,11-08-2026 15:25,,,,,,,6
2285192.0,21-07-2026 11:32,17-07-2026 10:04,05-08-2026 14:58,18-08-2026 14:14,18-08-2026 14:14,13-08-2026 13:58,31-08-2026 16:02,,,,,,7
2285194.0,05-08-2026 14:32,20-07-2026 12:18,28-07-2026 11:36,12-08-2026 14:41,12-08-2026 14:41,11-08-2026 13:57,,,,,,,6
2285196.0,01-08-2026 12:39,,06-08-2026 12:40,,,14-08-2026 12:35,,,,,,,3
2285197.0,21-07-2026 11:32,17-07-2026 10:04,05-08-2026 14:58,18-08-2026 14:14,18-08-2026 14:14,13-08-2026 13:58,31-08-2026 16:02,,,,,,7
2285198.0,30-07-2026 15:52,17-07-2026 14:56,06-08-2026 11:50,20-08-2026 14:26,20-08-2026 14:26,13-08-2026 14:47,,23-07-2026 12:12,,,,,7
2285200.0,11-08-2026 12:08,21-07-2026 11:21,12-08-2026 10:35,25-08-2026 10:56,25-08-2026 10:55,24-08-2026 10:28,,,,,,,6
2285201.0,16-07-2026 15:21,28-07-2026 14:24,28-07-2026 10:41,24-08-2026 15:40,24-08-2026 15:39,05-08-2026 12:17,,,,,,,6
2285202.0,31-07-2026 13:21,21-07-2026 15:43,06-08-2026 15:09,18-08-2026 14:18,18-08-2026 14:18,14-08-2026 14:14,31-08-2026 15:13,,,,,,7
2285205.0,31-07-2026 14:43,18-07-2026 12:37,06-08-2026 12:40,27-08-2026 11:03,27-08-2026 11:03,13-08-2026 16:08,,,,,,,6
2285206.0,24-07-2026 11:53,17-07-2026 12:40,07-08-2026 12:39,25-08-2026 12:26,25-08-2026 12:25,05-08-2026 14:17,,,,,,,6
2285207.0,21-07-2026 11:32,17-07-2026 10:04,05-08-2026 14:58,18-08-2026 14:14,18-08-2026 14:14,13-08-2026 13:58,31-08-2026 16:02,,,,,,7
2285209.0,,17-07-2026 14:56,06-08-2026 11:50,20-08-2026 14:26,20-08-2026 14:26,13-08-2026 14:47,,23-07-2026 12:12,,,,,6
2285210.0,01-08-2026 12:39,30-07-2026 11:38,06-08-2026 12:40,20-08-2026 12:46,20-08-2026 12:45,14-08-2026 12:35,29-08-2026 12:37,,,,,,7
2285212.0,30-07-2026 12:38,21-07-2026 11:21,12-08-2026 10:35,25-08-2026 10:56,25-08-2026 10:55,24-08-2026 10:28,,,,,,,6
2285214.0,23-07-2026 11:45,29-07-2026 11:49,28-07-2026 14:26,25-08-2026 12:26,25-08-2026 12:25,05-08-2026 14:17,,,,,,,6
2285215.0,31-07-2026 14:43,18-07-2026 12:37,,27-08-2026 11:03,27-08-2026 11:03,13-08-2026 16:08,,,,,,,5
2285216.0,30-07-2026 15:52,17-07-2026 14:56,06-08-2026 11:50,20-08-2026 14:26,20-08-2026 14:26,13-08-2026 14:47,,23-07-2026 12:12,,,,,7
2285217.0,30-07-2026 12:38,24-08-2026 15:36,07-08-2026 14:47,27-08-2026 14:49,27-08-2026 14:50,13-08-2026 12:14,,,,,,,6
2285218.0,21-07-2026 11:32,17-07-2026 10:04,05-08-2026 14:58,18-08-2026 14:14,18-08-2026 14:14,13-08-2026 13:58,31-08-2026 16:02,,,,,,7
2285219.0,01-08-2026 12:39,30-07-2026 11:38,,,,14-08-2026 12:35,29-08-2026 12:37,,,,,,4
2285220.0,30-07-2026 11:42,17-07-2026 12:40,28-07-2026 14:26,25-08-2026 12:26,25-08-2026 12:25,13-08-2026 12:43,,,,,,,6
2285221.0,30-07-2026 13:54,31-07-2026 14:22,11-08-2026 14:01,18-08-2026 14:18,18-08-2026 14:18,14-08-2026 14:14,31-08-2026 15:13,,,,,,7
2285222.0,01-08-2026 12:39,30-07-2026 11:38,06-08-2026 12:40,20-08-2026 12:46,20-08-2026 12:45,14-08-2026 12:35,29-08-2026 12:37,,,,,,7
2285223.0,31-07-2026 14:43,18-07-2026 12:37,06-08-2026 12:40,27-08-2026 11:03,27-08-2026 11:03,14-08-2026 12:35,,,,,,,6
2285225.0,31-07-2026 13:21,21-07-2026 15:43,06-08-2026 15:09,18-08-2026 14:18,18-08-2026 14:18,14-08-2026 14:14,31-08-2026 15:13,,,,,,7
2285227.0,,28-07-2026 15:56,05-08-2026 14:21,19-08-2026 16:32,19-08-2026 16:31,12-08-2026 14:59,,,,,,,5
2285232.0,01-08-2026 12:39,,,20-08-2026 12:46,20-08-2026 12:45,14-08-2026 12:35,29-08-2026 12:37,,,,,,5
2285233.0,31-07-2026 14:43,18-07-2026 12:37,06-08-2026 12:40,20-08-2026 12:46,20-08-2026 12:45,13-08-2026 16:08,29-08-2026 12:37,,,,,,7
2285235.0,01-08-2026 12:39,,06-08-2026 12:40,20-08-2026 12:46,20-08-2026 12:45,14-08-2026 12:35,29-08-2026 12:37,,,,,,6
2285236.0,31-07-2026 16:12,18-07-2026 12:37,,20-08-2026 12:46,20-08-2026 12:45,,29-08-2026 12:37,,,,,,5
2285237.0,25-08-2026 10:39,17-07-2026 10:04,05-08-2026 14:58,18-08-2026 14:14,18-08-2026 14:14,24-08-2026 11:31,31-08-2026 16:02,,,,,,7
2285239.0,01-08-2026 12:39,30-07-2026 11:38,06-08-2026 12:40,20-08-2026 12:46,20-08-2026 12:45,14-08-2026 12:35,29-08-2026 12:37,,,,,,7
2285240.0,21-07-2026 11:32,17-07-2026 10:04,05-08-2026 14:58,18-08-2026 14:14,18-08-2026 14:14,13-08-2026 13:58,31-08-2026 16:02,,,,,,7
2285241.0,31-07-2026 14:43,18-07-2026 12:37,,27-08-2026 11:03,27-08-2026 11:03,14-08-2026 12:35,,,,,,,5
2285242.0,01-08-2026 12:36,30-07-2026 10:55,06-08-2026 15:58,27-08-2026 11:03,27-08-2026 11:03,13-08-2026 10:19,29-08-2026 12:58,,,,,,7
2285245.0,21-07-2026 11:32,22-07-2026 12:06,05-08-2026 14:58,17-08-2026 14:07,17-08-2026 14:05,11-08-2026 11:34,25-08-2026 13:49,,,,,,7
2285246.0,01-08-2026 12:36,30-07-2026 10:55,06-08-2026 15:58,27-08-2026 11:03,27-08-2026 11:03,13-08-2026 10:19,,,,,,,6
2285248.0,01-08-2026 12:36,30-07-2026 10:55,06-08-2026 15:58,27-08-2026 11:03,27-08-2026 11:03,13-08-2026 10:19,29-08-2026 12:58,,,,,,7
2285250.0,21-07-2026 11:32,17-07-2026 10:04,05-08-2026 14:58,17-08-2026 14:07,18-08-2026 14:14,13-08-2026 13:58,,,,,,,6
2285252.0,01-08-2026 12:36,30-07-2026 10:55,06-08-2026 15:58,27-08-2026 11:03,27-08-2026 11:03,13-08-2026 10:19,29-08-2026 12:58,,,,,,7
2285253.0,31-07-2026 14:43,18-07-2026 12:37,06-08-2026 12:40,27-08-2026 11:03,27-08-2026 11:03,14-08-2026 12:35,,,,,,,6
2285254.0,01-08-2026 12:36,30-07-2026 10:55,06-08-2026 15:58,27-08-2026 11:03,27-08-2026 11:03,13-08-2026 10:19,29-08-2026 12:58,,,,,,7
2285255.0,01-08-2026 12:39,30-07-2026 11:38,,20-08-2026 12:46,20-08-2026 12:45,14-08-2026 12:35,29-08-2026 12:37,,,,,,6
2285256.0,21-07-2026 11:32,22-07-2026 12:06,05-08-2026 14:58,18-08-2026 14:14,18-08-2026 14:14,13-08-2026 13:58,31-08-2026 16:02,,,,,,7
2285257.0,,17-07-2026 12:44,06-08-2026 12:33,29-08-2026 13:20,20-08-2026 11:07,07-08-2026 14:49,,,,,,,5
2285258.0,30-07-2026 13:54,21-07-2026 15:43,06-08-2026 15:09,18-08-2026 14:18,18-08-2026 14:18,14-08-2026 14:14,31-08-2026 15:13,,,,,,7
2285259.0,01-08-2026 12:36,30-07-2026 10:55,06-08-2026 15:58,27-08-2026 11:03,27-08-2026 11:03,13-08-2026 10:19,29-08-2026 12:58,,,,,,7
2285261.0,31-07-2026 16:12,18-07-2026 12:37,,27-08-2026 11:03,27-08-2026 11:03,13-08-2026 16:08,,,,,,,5
2285262.0,20-07-2026 11:44,29-07-2026 11:49,27-07-2026 11:51,27-08-2026 14:12,27-08-2026 14:12,11-08-2026 15:09,,,,,,,6
2285264.0,,30-07-2026 10:55,06-08-2026 15:58,27-08-2026 11:03,27-08-2026 11:03,13-08-2026 10:19,,,,,,,5
2285266.0,01-08-2026 12:36,30-07-2026 10:55,06-08-2026 15:58,27-08-2026 11:03,27-08-2026 11:03,13-08-2026 10:19,29-08-2026 12:58,,,,,,7
2285267.0,31-07-2026 16:12,18-07-2026 12:37,,27-08-2026 11:03,27-08-2026 11:03,13-08-2026 16:08,,,,,,,5
2285268.0,01-08-2026 12:36,30-07-2026 10:55,06-08-2026 15:58,27-08-2026 11:03,27-08-2026 11:03,13-08-2026 10:19,29-08-2026 12:58,,,,,,7
2285270.0,30-07-2026 13:05,17-07-2026 12:44,06-08-2026 12:33,29-08-2026 13:20,,07-08-2026 14:49,,,,,,,5
2285271.0,30-07-2026 13:54,31-07-2026 14:22,11-08-2026 14:01,18-08-2026 14:18,18-08-2026 14:18,14-08-2026 14:14,31-08-2026 15:13,,,,,,7
2285272.0,20-07-2026 10:46,16-07-2026 12:06,27-07-2026 10:50,24-08-2026 12:42,24-08-2026 12:42,07-08-2026 11:03,,,,,,,6
2285274.0,31-07-2026 16:12,17-07-2026 12:35,07-08-2026 16:15,20-08-2026 12:46,20-08-2026 12:45,13-08-2026 16:08,29-08-2026 12:37,,,,,,7
2285275.0,01-08-2026 12:36,30-07-2026 10:55,06-08-2026 15:58,27-08-2026 11:03,27-08-2026 11:03,13-08-2026 10:19,,,,,,,6
2285276.0,01-08-2026 12:36,30-07-2026 10:55,06-08-2026 15:58,27-08-2026 11:03,27-08-2026 11:03,13-08-2026 10:19,29-08-2026 12:58,,,,,,7
2285277.0,30-07-2026 13:05,17-07-2026 12:44,06-08-2026 12:33,29-08-2026 13:20,20-08-2026 11:07,07-08-2026 14:49,,,,,,,6
2285278.0,01-08-2026 12:39,30-07-2026 11:38,06-08-2026 12:40,20-08-2026 12:46,20-08-2026 12:45,14-08-2026 12:35,29-08-2026 12:37,,,,,,7
2285281.0,30-07-2026 13:05,17-07-2026 12:44,06-08-2026 12:33,29-08-2026 13:20,20-08-2026 11:07,07-08-2026 14:49,,,,,,,6
2285282.0,01-08-2026 12:36,30-07-2026 10:55,06-08-2026 15:58,27-08-2026 11:03,27-08-2026 11:03,13-08-2026 10:19,29-08-2026 12:58,,,,,,7
2285283.0,31-07-2026 16:12,17-07-2026 12:35,07-08-2026 16:15,20-08-2026 12:46,20-08-2026 12:45,13-08-2026 16:08,29-08-2026 12:37,,,,,,7
2285284.0,31-07-2026 14:43,17-07-2026 12:35,07-08-2026 16:15,20-08-2026 12:46,20-08-2026 12:45,13-08-2026 16:08,,,,,,,6
2285285.0,,,06-08-2026 12:33,29-08-2026 13:20,20-08-2026 11:07,07-08-2026 14:49,,,,,,,4
2285286.0,01-08-2026 12:39,,06-08-2026 12:40,20-08-2026 12:46,20-08-2026 12:45,14-08-2026 12:35,29-08-2026 12:37,,,,,,6
2285287.0,,30-07-2026 10:55,06-08-2026 15:58,27-08-2026 11:03,27-08-2026 11:03,13-08-2026 10:19,29-08-2026 12:58,,,,,,6
2285288.0,01-08-2026 12:39,30-07-2026 11:38,06-08-2026 12:40,,,14-08-2026 12:35,29-08-2026 12:37,,,,,,5
2285289.0,30-07-2026 13:05,17-07-2026 12:44,06-08-2026 12:33,29-08-2026 13:20,20-08-2026 11:07,07-08-2026 14:49,,,,,,,6
2285290.0,31-07-2026 14:43,17-07-2026 12:35,07-08-2026 16:15,,,13-08-2026 16:08,,,,,,,4
2285291.0,,30-07-2026 10:55,06-08-2026 15:58,27-08-2026 11:03,27-08-2026 11:03,13-08-2026 10:19,29-08-2026 12:58,,,,,,6
2285292.0,31-07-2026 14:43,18-07-2026 12:37,06-08-2026 12:40,20-08-2026 12:46,20-08-2026 12:45,,29-08-2026 12:37,,,,,,6
2285293.0,31-07-2026 14:43,18-07-2026 12:37,,27-08-2026 11:03,27-08-2026 11:03,,,,,,,,4
2285294.0,31-07-2026 14:43,18-07-2026 12:37,,20-08-2026 12:46,20-08-2026 12:45,,29-08-2026 12:37,,,,,,5
2285295.0,31-07-2026 14:43,18-07-2026 12:37,06-08-2026 12:40,20-08-2026 12:46,20-08-2026 12:45,14-08-2026 12:35,29-08-2026 12:37,,,,,,7
2285296.0,01-08-2026 12:36,30-07-2026 10:55,06-08-2026 15:58,,,13-08-2026 10:19,29-08-2026 12:58,,,,,,5
2285297.0,01-08-2026 12:39,30-07-2026 11:38,,20-08-2026 12:46,20-08-2026 12:45,14-08-2026 12:35,29-08-2026 12:37,,,,,,6
2285298.0,,17-07-2026 14:56,06-08-2026 11:50,20-08-2026 14:26,20-08-2026 14:26,13-08-2026 14:47,,23-07-2026 12:12,,,,,6
2285299.0,01-08-2026 12:36,30-07-2026 10:55,06-08-2026 15:58,27-08-2026 11:03,27-08-2026 11:03,13-08-2026 10:19,29-08-2026 12:58,,,,,,7
2285300.0,30-07-2026 13:05,17-07-2026 12:44,06-08-2026 12:33,29-08-2026 13:20,20-08-2026 11:07,07-08-2026 14:49,,,,,,,6
2285301.0,01-08-2026 12:39,,,20-08-2026 12:46,20-08-2026 12:45,14-08-2026 12:35,29-08-2026 12:37,,,,,,5
2285302.0,21-07-2026 11:32,17-07-2026 10:04,05-08-2026 14:58,18-08-2026 14:14,18-08-2026 14:14,13-08-2026 13:58,,,,,,,6
2285305.0,01-08-2026 12:36,30-07-2026 10:55,06-08-2026 15:58,27-08-2026 11:03,27-08-2026 11:03,13-08-2026 10:19,29-08-2026 12:58,,,,,,7
2285306.0,01-08-2026 12:39,,06-08-2026 12:40,20-08-2026 12:46,20-08-2026 12:45,14-08-2026 12:35,29-08-2026 12:37,,,,,,6
2285307.0,21-07-2026 11:32,17-07-2026 10:04,05-08-2026 14:58,18-08-2026 14:14,18-08-2026 14:14,13-08-2026 13:58,31-08-2026 16:02,,,,,,7
2285309.0,30-07-2026 15:52,17-07-2026 14:56,06-08-2026 11:50,20-08-2026 14:26,20-08-2026 14:26,13-08-2026 16:07,,23-07-2026 12:12,,,,,7
2285310.0,30-07-2026 13:05,17-07-2026 12:44,06-08-2026 12:33,29-08-2026 13:20,20-08-2026 11:07,07-08-2026 14:49,,,,,,,6
2285312.0,01-08-2026 12:36,30-07-2026 10:55,06-08-2026 15:58,27-08-2026 11:03,27-08-2026 11:03,13-08-2026 10:19,29-08-2026 12:58,,,,,,7
2285314.0,21-07-2026 11:32,17-07-2026 10:04,05-08-2026 14:58,18-08-2026 14:14,18-08-2026 14:14,13-08-2026 13:58,,,,,,,6
2285315.0,01-08-2026 12:36,30-07-2026 10:55,06-08-2026 15:58,27-08-2026 11:03,27-08-2026 11:03,13-08-2026 10:19,29-08-2026 12:58,,,,,,7
2285316.0,31-07-2026 13:21,31-07-2026 14:22,11-08-2026 14:01,18-08-2026 14:18,18-08-2026 14:18,14-08-2026 14:14,31-08-2026 15:13,,,,,,7
2285319.0,01-08-2026 12:36,30-07-2026 10:55,06-08-2026 15:58,,,13-08-2026 10:19,,,,,,,4
2285320.0,30-07-2026 13:05,17-07-2026 12:44,06-08-2026 12:33,29-08-2026 13:20,20-08-2026 11:07,07-08-2026 14:49,,,,,,,6
2285321.0,31-07-2026 16:12,17-07-2026 12:35,07-08-2026 16:15,20-08-2026 12:46,20-08-2026 12:45,13-08-2026 16:08,29-08-2026 12:37,,,,,,7
2285322.0,01-08-2026 12:36,30-07-2026 10:55,06-08-2026 15:58,27-08-2026 11:03,27-08-2026 11:03,13-08-2026 10:19,,,,,,,6
2285323.0,21-07-2026 11:32,17-07-2026 10:04,05-08-2026 14:58,18-08-2026 14:14,18-08-2026 14:14,13-08-2026 13:58,31-08-2026 16:02,,,,,,7
2285326.0,31-07-2026 13:21,21-07-2026 15:43,06-08-2026 15:09,18-08-2026 14:18,18-08-2026 14:18,14-08-2026 14:14,31-08-2026 15:13,,,,,,7
2285327.0,30-07-2026 15:52,17-07-2026 14:56,06-08-2026 11:50,20-08-2026 14:26,20-08-2026 14:26,13-08-2026 14:47,,23-07-2026 12:12,,,,,7
2285328.0,01-08-2026 12:36,30-07-2026 10:55,06-08-2026 15:58,27-08-2026 11:03,27-08-2026 11:03,13-08-2026 10:19,29-08-2026 12:58,,,,,,7
2285330.0,23-07-2026 11:45,21-07-2026 14:31,27-07-2026 14:16,24-08-2026 10:46,24-08-2026 10:45,13-08-2026 14:50,,,,,,,6
2285332.0,28-07-2026 15:41,22-07-2026 12:06,29-07-2026 10:07,18-08-2026 14:14,18-08-2026 14:14,24-08-2026 11:31,,,,,,,6
2285337.0,21-07-2026 11:32,17-07-2026 10:04,05-08-2026 14:58,18-08-2026 14:14,18-08-2026 14:14,13-08-2026 13:58,31-08-2026 16:02,,,,,,7
2285338.0,,17-07-2026 12:44,06-08-2026 12:33,29-08-2026 13:20,20-08-2026 11:07,07-08-2026 14:49,,,,,,,5
2285341.0,31-07-2026 13:21,21-07-2026 15:43,06-08-2026 15:09,18-08-2026 14:18,18-08-2026 14:18,14-08-2026 14:14,31-08-2026 15:13,,,,,,7
2285344.0,,30-07-2026 10:55,06-08-2026 15:58,27-08-2026 11:03,27-08-2026 11:03,13-08-2026 10:19,,,,,,,5
2285347.0,,17-07-2026 14:56,06-08-2026 11:50,20-08-2026 14:26,20-08-2026 14:26,13-08-2026 16:07,,23-07-2026 12:12,,,,,6
2285350.0,30-07-2026 13:05,17-07-2026 12:44,06-08-2026 12:33,29-08-2026 13:20,,07-08-2026 14:49,,,,,,,5
2285351.0,31-07-2026 13:21,21-07-2026 15:43,06-08-2026 15:09,18-08-2026 14:18,18-08-2026 14:18,14-08-2026 14:14,31-08-2026 15:13,,,,,,7
2285354.0,20-07-2026 12:31,15-07-2026 11:50,04-08-2026 14:18,25-08-2026 14:55,25-08-2026 14:55,12-08-2026 11:47,,,,,,,6
2285355.0,01-08-2026 12:36,30-07-2026 10:55,06-08-2026 15:58,27-08-2026 11:03,27-08-2026 11:03,13-08-2026 10:19,29-08-2026 12:58,,,,,,7
2285359.0,,17-07-2026 12:44,06-08-2026 12:33,29-08-2026 13:20,,07-08-2026 14:49,,,,,,,4
2285360.0,31-07-2026 13:21,31-07-2026 14:22,11-08-2026 14:01,18-08-2026 14:18,18-08-2026 14:18,14-08-2026 14:14,31-08-2026 15:13,,,,,,7
2285362.0,01-08-2026 12:36,30-07-2026 10:55,06-08-2026 15:58,27-08-2026 11:03,27-08-2026 11:03,13-08-2026 10:19,,,,,,,6
2285365.0,,17-07-2026 14:56,06-08-2026 11:50,20-08-2026 14:26,20-08-2026 14:26,13-08-2026 14:47,,23-07-2026 12:12,,,,,6
2285366.0,20-07-2026 10:52,15-07-2026 14:22,28-07-2026 10:49,19-08-2026 14:33,19-08-2026 14:32,11-08-2026 12:21,25-08-2026 15:31,,,,,,7
2285370.0,30-07-2026 15:52,17-07-2026 14:56,06-08-2026 11:50,20-08-2026 14:26,20-08-2026 14:26,13-08-2026 14:47,,23-07-2026 12:12,,,,,7
2285371.0,01-08-2026 12:36,30-07-2026 10:55,06-08-2026 15:58,27-08-2026 11:03,27-08-2026 11:03,13-08-2026 10:19,,,,,,,6
2285374.0,20-07-2026 10:52,15-07-2026 14:22,28-07-2026 10:49,19-08-2026 14:33,19-08-2026 14:32,11-08-2026 12:21,25-08-2026 15:31,,,,,,7
2285375.0,,30-07-2026 10:55,06-08-2026 15:58,27-08-2026 11:03,27-08-2026 11:03,13-08-2026 10:19,29-08-2026 12:58,,,,,,6
2285376.0,30-07-2026 15:52,17-07-2026 14:56,06-08-2026 11:50,20-08-2026 14:26,20-08-2026 14:26,13-08-2026 14:47,,23-07-2026 12:12,,,,,7
2285379.0,30-07-2026 13:05,17-07-2026 12:44,06-08-2026 12:33,29-08-2026 13:20,20-08-2026 11:07,07-08-2026 14:49,,,,,,,6
2285382.0,30-07-2026 13:05,17-07-2026 12:44,06-08-2026 12:33,29-08-2026 13:20,20-08-2026 11:07,07-08-2026 14:49,,,,,,,6
2285383.0,31-07-2026 13:21,21-07-2026 15:43,06-08-2026 15:09,18-08-2026 14:18,18-08-2026 14:18,14-08-2026 14:14,31-08-2026 15:13,,,,,,7
2285384.0,20-07-2026 10:52,15-07-2026 14:22,05-08-2026 14:58,19-08-2026 14:33,19-08-2026 14:32,11-08-2026 12:21,25-08-2026 15:31,,,,,,7
2285386.0,,17-07-2026 14:56,06-08-2026 11:50,20-08-2026 14:26,20-08-2026 14:26,13-08-2026 14:47,,23-07-2026 12:12,,,,,6
2285388.0,21-07-2026 11:32,17-07-2026 10:04,05-08-2026 14:58,18-08-2026 14:14,18-08-2026 14:14,24-08-2026 11:31,31-08-2026 16:02,,,,,,7
2285389.0,20-07-2026 10:52,15-07-2026 14:22,28-07-2026 10:49,19-08-2026 14:33,19-08-2026 14:32,11-08-2026 12:21,25-08-2026 15:31,,,,,,7
2285390.0,30-07-2026 13:54,21-07-2026 15:43,06-08-2026 15:09,18-08-2026 14:18,18-08-2026 14:18,14-08-2026 14:14,31-08-2026 15:13,,,,,,7
2285394.0,21-07-2026 11:32,22-07-2026 12:06,05-08-2026 14:58,18-08-2026 14:14,18-08-2026 14:14,13-08-2026 13:58,,,,,,,6
2285396.0,21-07-2026 11:32,17-07-2026 10:04,05-08-2026 14:58,18-08-2026 14:14,18-08-2026 14:14,13-08-2026 13:58,31-08-2026 16:02,,,,,,7
2285398.0,31-07-2026 13:21,31-07-2026 14:22,11-08-2026 14:01,18-08-2026 14:18,18-08-2026 14:18,14-08-2026 14:14,31-08-2026 15:13,,,,,,7
2285399.0,30-07-2026 15:52,17-07-2026 14:56,06-08-2026 11:50,20-08-2026 14:26,20-08-2026 14:26,13-08-2026 16:07,,23-07-2026 12:12,,,,,7
2285400.0,25-08-2026 10:39,15-07-2026 14:22,28-07-2026 10:49,19-08-2026 14:33,19-08-2026 14:32,11-08-2026 12:21,25-08-2026 15:31,,,,,,7
2285401.0,01-08-2026 12:36,30-07-2026 10:55,06-08-2026 15:58,27-08-2026 11:03,27-08-2026 11:03,13-08-2026 10:19,29-08-2026 12:58,,,,,,7
2285402.0,28-07-2026 15:41,22-07-2026 12:06,29-07-2026 10:07,18-08-2026 14:14,18-08-2026 14:14,24-08-2026 11:31,31-08-2026 16:02,,,,,,7
2285403.0,31-07-2026 13:21,31-07-2026 14:22,06-08-2026 15:09,18-08-2026 14:18,18-08-2026 14:18,14-08-2026 14:14,31-08-2026 15:13,,,,,,7
2285404.0,,17-07-2026 14:56,06-08-2026 11:50,20-08-2026 14:26,20-08-2026 14:26,13-08-2026 14:47,,23-07-2026 12:12,,,,,6
2285405.0,20-07-2026 10:52,15-07-2026 14:22,28-07-2026 10:49,19-08-2026 14:33,19-08-2026 14:32,11-08-2026 12:21,25-08-2026 15:31,,,,,,7
2285406.0,21-07-2026 11:32,17-07-2026 10:04,05-08-2026 14:58,18-08-2026 14:14,18-08-2026 14:14,13-08-2026 13:58,31-08-2026 16:02,,,,,,7
2285408.0,30-07-2026 13:54,31-07-2026 14:22,06-08-2026 15:09,18-08-2026 14:18,18-08-2026 14:18,14-08-2026 14:14,31-08-2026 15:13,,,,,,7
2285409.0,20-07-2026 10:52,15-07-2026 14:22,28-07-2026 10:49,19-08-2026 14:33,19-08-2026 14:32,11-08-2026 12:21,25-08-2026 15:31,,,,,,7
2285410.0,21-07-2026 11:32,17-07-2026 10:04,05-08-2026 14:58,18-08-2026 14:14,18-08-2026 14:14,13-08-2026 13:58,25-08-2026 13:49,,,,,,7
2285411.0,31-07-2026 13:21,21-07-2026 15:43,06-08-2026 15:09,18-08-2026 14:18,18-08-2026 14:18,14-08-2026 14:14,31-08-2026 15:13,,,,,,7
2285416.0,20-07-2026 10:52,15-07-2026 14:22,28-07-2026 10:49,19-08-2026 14:33,19-08-2026 14:32,11-08-2026 12:21,25-08-2026 15:31,,,,,,7
2285420.0,20-07-2026 10:52,15-07-2026 14:22,28-07-2026 10:49,19-08-2026 14:33,19-08-2026 14:32,11-08-2026 12:21,,,,,,,6
2285421.0,28-07-2026 15:41,22-07-2026 12:06,29-07-2026 10:07,17-08-2026 14:07,17-08-2026 14:05,11-08-2026 11:34,25-08-2026 13:49,,,,,,7
2285423.0,01-08-2026 12:36,30-07-2026 10:55,06-08-2026 15:58,27-08-2026 11:03,27-08-2026 11:03,13-08-2026 10:19,29-08-2026 12:58,,,,,,7
2285425.0,25-08-2026 10:39,15-07-2026 14:22,28-07-2026 10:49,19-08-2026 14:33,19-08-2026 14:32,11-08-2026 12:21,25-08-2026 15:31,,,,,,7
2285426.0,28-07-2026 15:41,22-07-2026 12:06,29-07-2026 10:07,17-08-2026 14:07,17-08-2026 14:05,11-08-2026 11:34,25-08-2026 13:49,,,,,,7
2285432.0,28-07-2026 15:41,22-07-2026 12:06,29-07-2026 10:07,17-08-2026 14:07,17-08-2026 14:05,11-08-2026 11:34,25-08-2026 13:49,,,,,,7
2285433.0,20-07-2026 10:52,15-07-2026 14:22,28-07-2026 10:49,19-08-2026 14:33,19-08-2026 14:32,11-08-2026 12:21,25-08-2026 15:31,,,,,,7
2285434.0,01-08-2026 12:36,30-07-2026 10:55,06-08-2026 15:58,,,13-08-2026 10:19,29-08-2026 12:58,,,,,,5
2285441.0,20-07-2026 10:52,15-07-2026 14:22,28-07-2026 10:49,19-08-2026 14:33,19-08-2026 14:32,11-08-2026 12:21,25-08-2026 15:31,,,,,,7
2285443.0,01-08-2026 12:36,30-07-2026 10:55,06-08-2026 15:58,27-08-2026 11:03,27-08-2026 11:03,13-08-2026 10:19,,,,,,,6
2285449.0,20-07-2026 10:52,15-07-2026 14:22,28-07-2026 10:49,19-08-2026 14:33,19-08-2026 14:32,11-08-2026 12:21,25-08-2026 15:31,,,,,,7
2285457.0,29-07-2026 11:44,23-07-2026 13:14,11-08-2026 10:48,25-08-2026 10:56,25-08-2026 10:55,20-08-2026 14:15,,,,,,,6
2285458.0,20-07-2026 10:52,15-07-2026 14:22,28-07-2026 10:49,19-08-2026 14:33,19-08-2026 14:32,11-08-2026 12:21,25-08-2026 15:31,,,,,,7
2285459.0,01-08-2026 12:36,30-07-2026 10:55,06-08-2026 15:58,27-08-2026 11:03,27-08-2026 11:03,13-08-2026 10:19,29-08-2026 12:58,,,,,,7
2285469.0,20-07-2026 10:52,15-07-2026 14:22,05-08-2026 14:58,19-08-2026 14:33,19-08-2026 14:32,11-08-2026 12:21,25-08-2026 15:31,,,,,,7
2285470.0,25-08-2026 13:37,23-07-2026 13:14,11-08-2026 10:48,25-08-2026 10:56,25-08-2026 10:55,20-08-2026 12:03,,,,,,,6
2285476.0,30-07-2026 10:42,24-08-2026 14:42,11-08-2026 10:48,25-08-2026 10:56,25-08-2026 10:55,20-08-2026 12:03,,,,,,,6
2285482.0,25-08-2026 13:37,24-08-2026 14:42,11-08-2026 10:48,25-08-2026 10:56,25-08-2026 10:55,20-08-2026 12:03,,,,,,,6
2285484.0,28-07-2026 15:41,22-07-2026 12:06,29-07-2026 10:07,17-08-2026 14:07,17-08-2026 14:05,11-08-2026 11:34,25-08-2026 13:49,,,,,,7
2285487.0,28-07-2026 15:13,23-07-2026 11:41,06-08-2026 12:20,17-08-2026 15:42,17-08-2026 15:42,20-08-2026 10:39,,,,,,,6
2285490.0,30-07-2026 14:13,17-07-2026 14:55,06-08-2026 14:51,20-08-2026 15:36,20-08-2026 15:35,07-08-2026 12:33,,,,,,,6
2285494.0,23-07-2026 11:45,21-07-2026 14:31,27-07-2026 14:16,24-08-2026 10:46,24-08-2026 10:45,05-08-2026 11:52,,,,,,,6
2285502.0,20-07-2026 10:52,15-07-2026 14:22,28-07-2026 10:49,19-08-2026 14:33,19-08-2026 14:32,11-08-2026 12:21,25-08-2026 15:31,,,,,,7
2285504.0,28-07-2026 15:41,22-07-2026 12:06,29-07-2026 10:07,17-08-2026 14:07,17-08-2026 14:05,11-08-2026 11:34,25-08-2026 13:49,,,,,,7
2285505.0,20-07-2026 10:52,15-07-2026 14:22,28-07-2026 10:49,19-08-2026 14:33,19-08-2026 14:32,11-08-2026 12:21,25-08-2026 15:31,,,,,,7
2285508.0,28-07-2026 15:41,22-07-2026 12:06,29-07-2026 10:07,17-08-2026 14:07,17-08-2026 14:05,11-08-2026 11:34,25-08-2026 13:49,,,,,,7
2285509.0,23-07-2026 11:45,21-07-2026 14:31,27-07-2026 14:16,24-08-2026 10:46,24-08-2026 10:45,05-08-2026 11:52,,,,,,,6
2285511.0,28-07-2026 15:13,27-07-2026 11:34,11-08-2026 14:01,18-08-2026 12:17,18-08-2026 12:17,20-08-2026 16:07,,,,,,,6
2285512.0,20-07-2026 10:52,15-07-2026 14:22,28-07-2026 10:49,19-08-2026 14:33,19-08-2026 14:32,11-08-2026 12:21,25-08-2026 15:31,,,,,,7
2285515.0,28-07-2026 15:41,22-07-2026 12:06,29-07-2026 10:07,17-08-2026 14:07,17-08-2026 14:05,11-08-2026 11:34,25-08-2026 13:49,,,,,,7
2285516.0,29-07-2026 14:55,23-07-2026 13:14,11-08-2026 10:48,17-08-2026 12:16,17-08-2026 12:16,20-08-2026 12:03,,,,,,,6
2285517.0,25-08-2026 13:37,23-07-2026 13:14,11-08-2026 10:48,25-08-2026 10:56,25-08-2026 10:55,20-08-2026 12:03,,,,,,,6
2285518.0,20-07-2026 10:52,15-07-2026 14:22,28-07-2026 10:49,19-08-2026 14:33,19-08-2026 14:32,11-08-2026 12:21,25-08-2026 15:31,,,,,,7
2285519.0,20-07-2026 10:46,16-07-2026 12:06,27-07-2026 10:50,24-08-2026 12:42,24-08-2026 12:42,07-08-2026 11:03,,,,,,,6
2285521.0,28-07-2026 15:41,22-07-2026 12:06,29-07-2026 10:07,17-08-2026 14:07,17-08-2026 14:05,11-08-2026 11:34,25-08-2026 13:49,,,,,,7
2285522.0,31-07-2026 12:02,31-07-2026 11:28,07-08-2026 11:53,17-08-2026 12:16,17-08-2026 12:16,20-08-2026 12:03,,,,,,,6
2285523.0,28-07-2026 15:13,27-07-2026 11:34,18-08-2026 10:37,17-08-2026 12:16,17-08-2026 12:16,12-08-2026 11:46,,,,,,,6
2285524.0,30-07-2026 15:52,18-07-2026 14:56,06-08-2026 14:51,20-08-2026 14:14,20-08-2026 14:14,13-08-2026 14:06,,,,,,,6
2285525.0,20-07-2026 10:52,15-07-2026 14:22,28-07-2026 10:49,19-08-2026 14:33,19-08-2026 14:32,11-08-2026 12:21,25-08-2026 15:31,,,,,,7
2285526.0,29-07-2026 14:55,23-07-2026 13:14,11-08-2026 10:48,17-08-2026 12:16,17-08-2026 12:16,20-08-2026 12:03,,,,,,,6
2285527.0,29-07-2026 14:55,23-07-2026 13:14,11-08-2026 10:48,17-08-2026 12:16,17-08-2026 12:16,20-08-2026 12:03,,,,,,,6
2285529.0,29-07-2026 11:44,23-07-2026 13:14,11-08-2026 10:48,25-08-2026 10:56,25-08-2026 10:55,20-08-2026 14:15,,,,,,,6
2285530.0,28-07-2026 15:41,22-07-2026 12:06,29-07-2026 10:07,17-08-2026 14:07,17-08-2026 14:05,11-08-2026 11:34,25-08-2026 13:49,,,,,,7
2285531.0,20-07-2026 10:46,16-07-2026 12:06,27-07-2026 10:50,24-08-2026 12:42,24-08-2026 12:42,07-08-2026 11:03,,,,,,,6
2285532.0,29-07-2026 14:55,23-07-2026 13:14,11-08-2026 10:48,17-08-2026 12:16,17-08-2026 12:16,20-08-2026 12:03,,,,,,,6
2285533.0,29-07-2026 14:55,23-07-2026 13:14,11-08-2026 10:48,17-08-2026 12:16,17-08-2026 12:16,20-08-2026 12:03,,,,,,,6
2285534.0,25-08-2026 13:37,23-07-2026 13:14,11-08-2026 10:48,25-08-2026 10:56,25-08-2026 10:55,20-08-2026 12:03,,,,,,,6
2285536.0,20-07-2026 10:52,15-07-2026 14:22,28-07-2026 10:49,19-08-2026 14:33,19-08-2026 14:32,11-08-2026 12:21,25-08-2026 15:31,,,,,,7
2285537.0,30-07-2026 15:52,18-07-2026 14:56,06-08-2026 14:51,20-08-2026 14:14,20-08-2026 14:14,13-08-2026 14:06,,,,,,,6
2285538.0,11-08-2026 12:08,24-08-2026 15:36,18-08-2026 10:37,27-08-2026 14:49,27-08-2026 14:50,13-08-2026 12:14,,,,,,,6
2285539.0,29-07-2026 11:44,23-07-2026 13:14,11-08-2026 10:48,25-08-2026 10:56,25-08-2026 10:55,20-08-2026 14:15,,,,,,,6
2285540.0,29-07-2026 14:55,23-07-2026 13:14,11-08-2026 10:48,17-08-2026 12:16,17-08-2026 12:16,20-08-2026 12:03,,,,,,,6
2285541.0,20-07-2026 10:46,16-07-2026 12:06,27-07-2026 10:50,24-08-2026 12:42,24-08-2026 12:42,07-08-2026 11:03,,,,,,,6
2285542.0,,22-07-2026 12:06,,,,,,,,,,,1
2285544.0,29-07-2026 14:55,23-07-2026 13:14,11-08-2026 10:48,17-08-2026 12:16,17-08-2026 12:16,20-08-2026 12:03,,,,,,,6
2285545.0,20-07-2026 10:52,15-07-2026 14:22,28-07-2026 10:49,19-08-2026 14:33,19-08-2026 14:32,11-08-2026 12:21,25-08-2026 15:31,,,,,,7
2285547.0,28-07-2026 15:13,23-07-2026 11:41,06-08-2026 12:20,17-08-2026 15:42,17-08-2026 15:42,20-08-2026 10:39,,,,,,,6
2285548.0,29-07-2026 14:55,23-07-2026 13:14,18-08-2026 10:37,17-08-2026 12:16,17-08-2026 12:16,20-08-2026 12:03,,,,,,,6
2285549.0,20-07-2026 10:52,15-07-2026 14:22,28-07-2026 10:49,19-08-2026 14:33,19-08-2026 14:32,11-08-2026 12:21,25-08-2026 15:31,,,,,,7
2285550.0,30-07-2026 10:42,23-07-2026 13:14,11-08-2026 10:48,25-08-2026 10:56,25-08-2026 10:55,20-08-2026 12:03,,,,,,,6
2285551.0,29-07-2026 14:55,23-07-2026 13:14,11-08-2026 10:48,17-08-2026 12:16,17-08-2026 12:16,20-08-2026 12:03,,,,,,,6
2285552.0,29-07-2026 14:55,23-07-2026 13:14,11-08-2026 10:48,17-08-2026 12:16,17-08-2026 12:16,20-08-2026 12:03,,,,,,,6
2285553.0,20-07-2026 10:46,21-07-2026 10:42,27-07-2026 10:50,24-08-2026 12:42,24-08-2026 12:42,07-08-2026 11:03,,,,,,,6
2285555.0,20-07-2026 10:52,15-07-2026 14:22,28-07-2026 10:49,19-08-2026 14:33,19-08-2026 14:32,11-08-2026 12:21,25-08-2026 15:31,,,,,,7
2285558.0,28-07-2026 15:41,22-07-2026 12:06,29-07-2026 10:07,17-08-2026 14:07,17-08-2026 14:05,11-08-2026 11:34,25-08-2026 13:49,,,,,,7
2285559.0,29-07-2026 14:55,23-07-2026 13:14,11-08-2026 10:48,17-08-2026 12:16,17-08-2026 12:16,20-08-2026 12:03,,,,,,,6
2285560.0,28-07-2026 15:13,31-07-2026 15:22,07-08-2026 13:55,17-08-2026 15:46,17-08-2026 15:45,24-08-2026 11:48,,,,,,,6
2285561.0,20-07-2026 10:52,15-07-2026 14:22,28-07-2026 10:49,19-08-2026 14:33,19-08-2026 14:32,11-08-2026 12:21,25-08-2026 15:31,,,,,,7
2285562.0,30-07-2026 11:42,16-07-2026 12:06,27-07-2026 10:50,24-08-2026 12:42,24-08-2026 12:42,13-08-2026 14:50,,,,,,,6
2285563.0,28-07-2026 15:13,27-07-2026 11:34,07-08-2026 11:53,17-08-2026 12:16,17-08-2026 12:16,20-08-2026 12:03,,,,,,,6
2285564.0,29-07-2026 11:44,23-07-2026 13:14,11-08-2026 10:48,25-08-2026 10:56,25-08-2026 10:55,20-08-2026 14:15,,,,,,,6
2285566.0,29-07-2026 14:55,23-07-2026 13:14,11-08-2026 10:48,17-08-2026 12:16,17-08-2026 12:16,20-08-2026 12:03,,,,,,,6
2285567.0,28-07-2026 15:41,22-07-2026 12:06,29-07-2026 10:07,17-08-2026 14:07,17-08-2026 14:05,11-08-2026 11:34,25-08-2026 13:49,,,,,,7
2285569.0,29-07-2026 11:44,23-07-2026 13:14,11-08-2026 10:48,25-08-2026 10:56,25-08-2026 10:55,20-08-2026 14:15,,,,,,,6
2285571.0,29-07-2026 14:55,24-08-2026 14:42,18-08-2026 10:37,17-08-2026 12:16,17-08-2026 12:16,20-08-2026 12:03,,,,,,,6
2285572.0,25-08-2026 10:39,15-07-2026 14:22,28-07-2026 10:49,19-08-2026 14:33,19-08-2026 14:32,11-08-2026 12:21,25-08-2026 15:31,,,,,,7
2285573.0,20-07-2026 10:46,31-07-2026 12:35,27-07-2026 14:16,25-08-2026 14:55,25-08-2026 14:55,,,,,,,,5
2285574.0,29-07-2026 11:44,23-07-2026 13:14,11-08-2026 10:48,25-08-2026 10:56,25-08-2026 10:55,20-08-2026 14:15,,,,,,,6
2285577.0,29-07-2026 14:55,23-07-2026 13:14,18-08-2026 10:37,17-08-2026 12:16,17-08-2026 12:16,20-08-2026 12:03,,,,,,,6
2285579.0,20-07-2026 10:52,15-07-2026 14:22,28-07-2026 10:49,19-08-2026 14:33,19-08-2026 14:32,11-08-2026 12:21,25-08-2026 15:31,,,,,,7
2285581.0,29-07-2026 11:44,23-07-2026 13:14,11-08-2026 10:48,25-08-2026 10:56,25-08-2026 10:55,20-08-2026 14:15,,,,,,,6
2285583.0,29-07-2026 11:44,23-07-2026 13:14,11-08-2026 10:48,25-08-2026 10:56,25-08-2026 10:55,20-08-2026 14:15,,,,,,,6
2285584.0,20-07-2026 10:52,15-07-2026 14:22,28-07-2026 10:49,19-08-2026 14:33,19-08-2026 14:32,11-08-2026 12:21,25-08-2026 15:31,,,,,,7
2285585.0,29-07-2026 14:55,24-08-2026 14:42,11-08-2026 10:48,17-08-2026 12:16,17-08-2026 12:16,20-08-2026 12:03,,,,,,,6
2285587.0,20-07-2026 10:52,15-07-2026 14:22,28-07-2026 10:49,19-08-2026 14:33,19-08-2026 14:32,11-08-2026 12:21,25-08-2026 15:31,,,,,,7
2285588.0,29-07-2026 14:55,23-07-2026 13:14,18-08-2026 10:37,17-08-2026 12:16,17-08-2026 12:16,20-08-2026 12:03,,,,,,,6
2285589.0,20-07-2026 10:46,16-07-2026 12:06,27-07-2026 10:50,24-08-2026 12:42,24-08-2026 12:42,07-08-2026 11:03,,,,,,,6
2285591.0,28-07-2026 15:41,22-07-2026 12:06,29-07-2026 10:07,17-08-2026 14:07,17-08-2026 14:05,11-08-2026 11:34,25-08-2026 13:49,,,,,,7
2285592.0,29-07-2026 14:55,24-08-2026 14:42,11-08-2026 10:48,17-08-2026 12:16,17-08-2026 12:16,20-08-2026 12:03,,,,,,,6
2285593.0,29-07-2026 11:44,23-07-2026 13:14,11-08-2026 10:48,25-08-2026 10:56,25-08-2026 10:55,20-08-2026 14:15,,,,,,,6
2285594.0,20-07-2026 10:52,15-07-2026 14:22,28-07-2026 10:49,19-08-2026 14:33,19-08-2026 14:32,11-08-2026 12:21,25-08-2026 15:31,,,,,,7
2285595.0,29-07-2026 14:55,23-07-2026 13:14,11-08-2026 10:48,17-08-2026 12:16,17-08-2026 12:16,20-08-2026 12:03,,,,,,,6
2285596.0,30-07-2026 15:52,17-07-2026 14:55,01-08-2026 10:54,20-08-2026 14:14,20-08-2026 14:14,13-08-2026 14:06,,,,,,,6
2285597.0,29-07-2026 14:55,23-07-2026 13:14,11-08-2026 10:48,17-08-2026 12:16,17-08-2026 12:16,20-08-2026 12:03,,,,,,,6
2285599.0,20-07-2026 10:46,17-07-2026 12:40,27-07-2026 10:50,24-08-2026 12:42,24-08-2026 12:42,13-08-2026 14:50,,,,,,,6
2285600.0,28-07-2026 15:13,27-07-2026 11:34,07-08-2026 13:55,17-08-2026 12:16,17-08-2026 12:16,20-08-2026 12:03,,,,,,,6
2285601.0,28-07-2026 15:41,22-07-2026 12:06,29-07-2026 10:07,17-08-2026 14:07,17-08-2026 14:05,11-08-2026 11:34,25-08-2026 13:49,,,,,,7
2285602.0,29-07-2026 14:55,24-08-2026 14:42,18-08-2026 10:37,17-08-2026 12:16,17-08-2026 12:16,20-08-2026 12:03,,,,,,,6
2285603.0,20-07-2026 10:52,15-07-2026 14:22,28-07-2026 10:49,19-08-2026 14:33,19-08-2026 14:32,11-08-2026 12:21,25-08-2026 15:31,,,,,,7
2285604.0,29-07-2026 14:55,23-07-2026 13:14,11-08-2026 10:48,17-08-2026 12:16,17-08-2026 12:16,20-08-2026 12:03,,,,,,,6
2285605.0,20-07-2026 10:46,16-07-2026 12:06,27-07-2026 10:50,24-08-2026 12:42,24-08-2026 12:42,07-08-2026 11:03,,,,,,,6
2285606.0,29-07-2026 14:55,23-07-2026 13:14,11-08-2026 10:48,17-08-2026 12:16,17-08-2026 12:16,20-08-2026 12:03,,,,,,,6
2285607.0,28-07-2026 15:41,22-07-2026 12:06,29-07-2026 10:07,17-08-2026 14:07,17-08-2026 14:05,11-08-2026 11:34,25-08-2026 13:49,,,,,,7
2285609.0,20-07-2026 10:52,,05-08-2026 14:58,19-08-2026 14:33,19-08-2026 14:32,11-08-2026 12:21,25-08-2026 15:31,,,,,,6
2285610.0,29-07-2026 14:55,23-07-2026 13:14,11-08-2026 10:48,17-08-2026 12:16,17-08-2026 12:16,20-08-2026 12:03,,,,,,,6
2285611.0,29-07-2026 14:55,24-08-2026 14:42,11-08-2026 10:48,17-08-2026 12:16,17-08-2026 12:16,20-08-2026 12:03,,,,,,,6
2285612.0,20-07-2026 10:46,21-07-2026 10:42,27-07-2026 10:50,24-08-2026 12:42,24-08-2026 12:42,07-08-2026 11:03,,,,,,,6
2285613.0,29-07-2026 14:55,23-07-2026 13:14,11-08-2026 10:48,17-08-2026 12:16,17-08-2026 12:16,20-08-2026 12:03,,,,,,,6
2285614.0,28-07-2026 15:41,22-07-2026 12:06,29-07-2026 10:07,17-08-2026 14:07,17-08-2026 14:05,11-08-2026 11:34,25-08-2026 13:49,,,,,,7
2285615.0,30-07-2026 14:13,17-07-2026 14:55,01-08-2026 10:54,20-08-2026 14:14,20-08-2026 14:14,13-08-2026 14:06,,,,,,,6
2285617.0,30-07-2026 10:42,24-08-2026 14:42,11-08-2026 10:48,25-08-2026 10:56,25-08-2026 10:55,20-08-2026 12:03,,,,,,,6
2285618.0,20-07-2026 10:52,15-07-2026 14:22,28-07-2026 10:49,19-08-2026 14:33,19-08-2026 14:32,11-08-2026 12:21,25-08-2026 15:31,,,,,,7
2285619.0,28-07-2026 15:41,22-07-2026 12:06,29-07-2026 10:07,17-08-2026 14:07,17-08-2026 14:05,11-08-2026 11:34,25-08-2026 13:49,,,,,,7
2285620.0,20-07-2026 10:46,16-07-2026 12:06,27-07-2026 10:50,24-08-2026 12:42,24-08-2026 12:42,07-08-2026 11:03,,,,,,,6
2285621.0,29-07-2026 14:55,23-07-2026 13:14,11-08-2026 10:48,17-08-2026 12:16,17-08-2026 12:16,20-08-2026 12:03,,,,,,,6
2285622.0,20-07-2026 10:52,15-07-2026 14:22,28-07-2026 10:49,19-08-2026 14:33,19-08-2026 14:32,11-08-2026 12:21,25-08-2026 15:31,,,,,,7
2285623.0,30-07-2026 10:42,24-08-2026 14:42,11-08-2026 10:48,25-08-2026 10:56,25-08-2026 10:55,20-08-2026 12:03,,,,,,,6
2285624.0,22-07-2026 15:03,16-07-2026 12:06,07-08-2026 13:37,25-08-2026 14:55,25-08-2026 14:55,12-08-2026 11:47,,,,,,,6
2285625.0,28-07-2026 15:41,22-07-2026 12:06,29-07-2026 10:07,17-08-2026 14:07,17-08-2026 14:05,11-08-2026 11:34,25-08-2026 13:49,,,,,,7
2285626.0,20-07-2026 10:52,15-07-2026 14:22,28-07-2026 10:49,19-08-2026 14:33,19-08-2026 14:32,11-08-2026 12:21,25-08-2026 15:31,,,,,,7
2285627.0,25-08-2026 10:39,15-07-2026 14:22,28-07-2026 10:49,19-08-2026 14:33,19-08-2026 14:32,11-08-2026 12:21,25-08-2026 15:31,,,,,,7
2285628.0,20-07-2026 12:31,15-07-2026 11:50,07-08-2026 13:37,25-08-2026 14:55,25-08-2026 14:55,12-08-2026 11:47,,,,,,,6
2285629.0,,22-07-2026 12:06,,,,,,,,,,,1
2285631.0,20-07-2026 10:52,15-07-2026 14:22,28-07-2026 10:49,19-08-2026 14:33,19-08-2026 14:32,11-08-2026 12:21,,,,,,,6
2285632.0,28-07-2026 15:41,22-07-2026 12:06,29-07-2026 10:07,17-08-2026 14:07,17-08-2026 14:05,11-08-2026 11:34,25-08-2026 13:49,,,,,,7
2285633.0,20-07-2026 10:52,15-07-2026 14:22,28-07-2026 10:49,19-08-2026 14:33,19-08-2026 14:32,11-08-2026 12:21,25-08-2026 15:31,,,,,,7
2285635.0,20-07-2026 10:52,15-07-2026 14:22,28-07-2026 10:49,19-08-2026 14:33,19-08-2026 14:32,11-08-2026 12:21,25-08-2026 15:31,,,,,,7
2285636.0,30-07-2026 14:13,18-07-2026 14:56,01-08-2026 10:54,20-08-2026 15:36,20-08-2026 15:35,07-08-2026 12:33,,,,,,,6
2285637.0,20-07-2026 10:52,15-07-2026 14:22,28-07-2026 10:49,19-08-2026 14:33,19-08-2026 14:32,11-08-2026 12:21,25-08-2026 15:31,,,,,,7
2285639.0,30-07-2026 15:52,17-07-2026 14:55,01-08-2026 10:54,20-08-2026 15:36,20-08-2026 15:35,07-08-2026 12:33,,,,,,,6
2285640.0,20-07-2026 10:52,15-07-2026 14:22,28-07-2026 10:49,19-08-2026 14:33,19-08-2026 14:32,11-08-2026 12:21,25-08-2026 15:31,,,,,,7
2285641.0,20-07-2026 10:46,21-07-2026 10:42,27-07-2026 10:50,24-08-2026 12:42,24-08-2026 12:42,07-08-2026 11:03,,,,,,,6
2285643.0,30-07-2026 14:13,17-07-2026 14:55,06-08-2026 14:51,20-08-2026 14:14,20-08-2026 14:14,13-08-2026 14:06,,,,,,,6
2285644.0,30-07-2026 14:13,18-07-2026 14:56,06-08-2026 14:51,20-08-2026 14:14,20-08-2026 14:14,13-08-2026 14:06,,,,,,,6
2285730.0,,17-07-2026 10:57,12-08-2026 14:44,,,13-08-2026 14:48,,,,,,,3
2285732.0,,17-07-2026 10:57,12-08-2026 14:44,,,18-08-2026 14:36,,,,,,,3
2285736.0,,17-07-2026 10:57,12-08-2026 14:44,31-08-2026 14:50,31-08-2026 14:41,13-08-2026 14:48,,,,,,,5
2285738.0,,17-07-2026 10:57,12-08-2026 14:44,,,,,,,,,,2
2285804.0,24-07-2026 11:53,29-07-2026 11:49,07-08-2026 12:39,29-08-2026 10:41,29-08-2026 10:41,13-08-2026 12:43,,,,,,,6
2285892.0,20-07-2026 11:58,15-07-2026 14:27,27-07-2026 12:34,24-08-2026 12:04,24-08-2026 12:03,12-08-2026 11:57,31-08-2026 11:49,,,,,,7
2285896.0,20-07-2026 11:58,15-07-2026 14:27,27-07-2026 12:34,24-08-2026 12:04,24-08-2026 12:03,12-08-2026 11:57,31-08-2026 11:49,,,,,,7
2285908.0,20-07-2026 11:58,15-07-2026 14:27,27-07-2026 12:34,24-08-2026 12:04,24-08-2026 12:03,12-08-2026 11:57,31-08-2026 11:49,,,,,,7
2285911.0,20-07-2026 11:58,15-07-2026 14:27,,24-08-2026 12:04,24-08-2026 12:03,12-08-2026 11:57,31-08-2026 11:49,,,,,,6
2285913.0,20-07-2026 11:58,15-07-2026 14:27,27-07-2026 12:34,24-08-2026 12:04,24-08-2026 12:03,12-08-2026 11:57,31-08-2026 11:49,,,,,,7
2285918.0,20-07-2026 12:39,15-07-2026 14:27,05-08-2026 15:45,19-08-2026 15:02,19-08-2026 14:59,,,,,,,,5
2285924.0,20-07-2026 12:39,15-07-2026 14:27,05-08-2026 15:45,19-08-2026 15:02,19-08-2026 14:59,,,,,,,,5
2285929.0,20-07-2026 12:39,15-07-2026 14:27,05-08-2026 15:45,19-08-2026 15:02,19-08-2026 14:59,,,,,,,,5
2285949.0,20-07-2026 12:39,15-07-2026 14:27,05-08-2026 15:45,19-08-2026 15:02,19-08-2026 14:59,12-08-2026 12:39,,,,,,,6
2285954.0,20-07-2026 12:39,15-07-2026 14:27,05-08-2026 15:45,19-08-2026 15:02,19-08-2026 14:59,12-08-2026 12:39,,,,,,,6
2285965.0,20-07-2026 11:58,15-07-2026 14:27,27-07-2026 12:34,24-08-2026 12:04,24-08-2026 12:03,12-08-2026 11:57,31-08-2026 11:49,,,,,,7
2285967.0,20-07-2026 11:58,15-07-2026 14:27,27-07-2026 12:34,,24-08-2026 12:03,12-08-2026 11:57,,,,,,,5
2285983.0,20-07-2026 11:58,15-07-2026 14:27,27-07-2026 12:34,24-08-2026 12:04,,12-08-2026 11:57,31-08-2026 11:49,,,,,,6
2285988.0,20-07-2026 11:58,15-07-2026 14:27,27-07-2026 12:34,24-08-2026 12:04,24-08-2026 12:03,12-08-2026 11:57,,,,,,,6
2285989.0,20-07-2026 11:58,15-07-2026 14:27,27-07-2026 12:34,,,12-08-2026 11:57,,,,,,,4
2285990.0,20-07-2026 11:58,15-07-2026 14:27,,,,,,,,,,,2
2285991.0,20-07-2026 12:39,15-07-2026 14:27,,,24-08-2026 12:03,12-08-2026 12:39,,,,,,,4
2285992.0,20-07-2026 12:39,15-07-2026 14:27,05-08-2026 15:45,,24-08-2026 12:03,12-08-2026 12:39,,,,,,,5
2285993.0,20-07-2026 12:39,15-07-2026 14:27,05-08-2026 15:45,,24-08-2026 12:03,12-08-2026 12:39,,,,,,,5
2285994.0,20-07-2026 12:39,15-07-2026 14:27,05-08-2026 15:45,19-08-2026 15:02,19-08-2026 14:59,12-08-2026 12:39,,,,,,,6
2285995.0,20-07-2026 12:39,15-07-2026 14:27,,19-08-2026 15:02,19-08-2026 14:59,12-08-2026 12:39,,,,,,,5
2285997.0,20-07-2026 12:39,15-07-2026 14:27,05-08-2026 15:45,19-08-2026 15:02,19-08-2026 14:59,12-08-2026 12:39,,,,,,,6
2285999.0,,15-07-2026 14:27,,,24-08-2026 12:03,12-08-2026 12:39,,,,,,,3
2286019.0,21-07-2026 11:58,20-07-2026 14:44,28-07-2026 10:34,11-08-2026 10:27,11-08-2026 10:24,04-08-2026 16:02,,,,,,,6
2286022.0,21-07-2026 11:58,22-07-2026 11:32,29-07-2026 10:36,13-08-2026 14:27,13-08-2026 14:23,07-08-2026 14:46,,,,,,,6
2286024.0,21-07-2026 11:58,22-07-2026 11:32,28-07-2026 10:34,18-08-2026 10:34,18-08-2026 10:32,04-08-2026 16:02,,,,,,,6
2286026.0,29-07-2026 12:17,20-07-2026 14:44,28-07-2026 10:34,13-08-2026 14:27,13-08-2026 14:23,05-08-2026 10:37,,,,,,,6
2286059.0,21-07-2026 11:58,20-07-2026 14:44,31-07-2026 10:35,14-08-2026 10:51,14-08-2026 10:48,04-08-2026 15:20,27-08-2026 10:35,,,,,,7
2286063.0,17-07-2026 15:22,22-07-2026 11:32,27-07-2026 10:36,12-08-2026 10:28,12-08-2026 10:25,07-08-2026 14:46,,,,,,,6
2286065.0,17-07-2026 15:22,20-07-2026 14:44,29-07-2026 10:36,12-08-2026 10:28,12-08-2026 10:25,04-08-2026 14:34,,,,,,,6
2286075.0,17-07-2026 10:29,20-07-2026 14:44,29-07-2026 09:47,11-08-2026 14:35,11-08-2026 12:14,06-08-2026 09:56,,,,,,,6
2286078.0,17-07-2026 10:29,20-07-2026 14:44,29-07-2026 09:47,13-08-2026 14:27,13-08-2026 14:23,06-08-2026 09:56,,,,,,,6
2286081.0,17-07-2026 10:29,20-07-2026 14:44,29-07-2026 09:47,11-08-2026 14:35,11-08-2026 12:14,06-08-2026 09:56,,,,,,,6
2286507.0,,17-07-2026 10:57,12-08-2026 14:44,,25-08-2026 15:10,,,,,,,,3
2286563.0,,16-07-2026 13:51,31-07-2026 10:41,20-08-2026 10:51,20-08-2026 10:50,07-08-2026 15:32,,,,,,,5
2286744.0,20-07-2026 14:57,20-07-2026 16:08,31-07-2026 11:16,20-08-2026 15:36,20-08-2026 15:36,13-08-2026 10:33,,,,,,,6
2286747.0,20-07-2026 14:57,20-07-2026 16:08,31-07-2026 11:16,20-08-2026 15:36,20-08-2026 15:36,13-08-2026 10:33,,,,,,,6
2286749.0,20-07-2026 14:57,20-07-2026 16:08,31-07-2026 11:16,20-08-2026 15:36,20-08-2026 15:36,13-08-2026 10:33,,,,,,,6
2286754.0,20-07-2026 14:57,20-07-2026 16:08,31-07-2026 11:16,20-08-2026 15:36,20-08-2026 15:36,13-08-2026 10:33,,,,,,,6
2286760.0,20-07-2026 14:57,20-07-2026 16:08,31-07-2026 11:16,20-08-2026 15:36,20-08-2026 15:36,13-08-2026 10:33,,,,,,,6
2286766.0,20-07-2026 14:57,20-07-2026 16:08,31-07-2026 11:16,20-08-2026 15:36,20-08-2026 15:36,13-08-2026 10:33,,,,,,,6
2286770.0,30-07-2026 11:33,20-07-2026 16:08,31-07-2026 11:16,20-08-2026 15:36,20-08-2026 15:36,13-08-2026 10:33,,,,,,,6
2286773.0,20-07-2026 14:57,20-07-2026 16:08,31-07-2026 11:16,20-08-2026 15:36,20-08-2026 15:36,13-08-2026 10:33,,,,,,,6
2286779.0,20-07-2026 14:57,20-07-2026 16:08,31-07-2026 11:16,20-08-2026 15:36,20-08-2026 15:36,13-08-2026 10:33,,,,,,,6
2286785.0,30-07-2026 11:33,20-07-2026 16:08,27-08-2026 11:44,20-08-2026 15:36,20-08-2026 15:36,13-08-2026 10:33,,,,,,,6
2286791.0,20-07-2026 14:57,20-07-2026 16:08,31-07-2026 11:16,20-08-2026 15:36,20-08-2026 15:36,13-08-2026 10:33,,,,,,,6
2286804.0,18-07-2026 10:44,,30-07-2026 13:52,29-08-2026 12:22,29-08-2026 12:19,06-08-2026 13:50,,,,,,,5
2286810.0,18-07-2026 10:44,,30-07-2026 13:52,29-08-2026 12:22,29-08-2026 12:19,06-08-2026 13:50,,,,,,,5
2286821.0,18-07-2026 10:44,,30-07-2026 13:52,,,06-08-2026 13:50,,,,,,,3
2286826.0,18-07-2026 10:44,,30-07-2026 13:52,29-08-2026 12:22,29-08-2026 12:19,06-08-2026 13:50,,,,,,,5
2286967.0,20-07-2026 11:36,17-07-2026 14:59,01-08-2026 12:15,,,06-08-2026 11:34,,,,,,,4
2286973.0,21-07-2026 11:42,17-07-2026 14:59,01-08-2026 12:15,,,06-08-2026 11:34,27-08-2026 14:42,,,,,,5
2286982.0,20-07-2026 11:36,17-07-2026 14:59,01-08-2026 12:15,,,06-08-2026 11:34,,,,,,,4
2286992.0,,17-07-2026 10:57,12-08-2026 14:44,,,,,,,,,,2
2287007.0,,17-07-2026 10:57,12-08-2026 14:44,,,,,,,,,,2
2287014.0,20-07-2026 11:36,17-07-2026 14:59,29-07-2026 15:20,14-08-2026 11:48,14-08-2026 11:41,12-08-2026 12:28,,,,,,,6
2287022.0,20-07-2026 11:36,17-07-2026 14:59,,14-08-2026 11:48,14-08-2026 11:41,06-08-2026 11:34,,,,,,,5
2287032.0,20-07-2026 11:36,17-07-2026 14:59,,14-08-2026 11:48,14-08-2026 11:41,29-08-2026 15:00,,,,,,,5
2287057.0,20-07-2026 10:39,30-07-2026 13:49,01-08-2026 15:56,29-08-2026 11:28,29-08-2026 11:29,29-08-2026 15:00,,,,,,,6
2287109.0,24-07-2026 16:03,,31-07-2026 10:41,20-08-2026 10:51,20-08-2026 10:50,07-08-2026 15:32,,,,,,,5
2287239.0,27-07-2026 15:42,23-07-2026 14:56,06-08-2026 16:27,20-08-2026 10:53,20-08-2026 10:52,14-08-2026 14:08,31-08-2026 12:06,,,,,,7
2287245.0,27-07-2026 14:05,23-07-2026 14:56,04-08-2026 14:59,,,19-08-2026 15:12,,,,,,,4
2287252.0,29-07-2026 14:52,23-07-2026 14:56,06-08-2026 16:27,20-08-2026 10:53,20-08-2026 10:52,14-08-2026 14:08,31-08-2026 12:06,,,,,,7
2287257.0,27-07-2026 15:42,22-07-2026 14:10,06-08-2026 16:27,20-08-2026 10:53,20-08-2026 10:52,14-08-2026 14:08,31-08-2026 12:06,,,,,,7
2287271.0,27-07-2026 15:42,23-07-2026 14:56,06-08-2026 16:27,20-08-2026 10:53,20-08-2026 10:52,14-08-2026 14:08,31-08-2026 12:06,,,,,,7
2287282.0,27-07-2026 14:05,20-07-2026 12:40,04-08-2026 14:59,20-08-2026 15:05,20-08-2026 15:02,11-08-2026 12:44,31-08-2026 14:56,,,,,,7
2287288.0,29-07-2026 14:52,28-07-2026 15:52,04-08-2026 14:59,20-08-2026 15:05,20-08-2026 15:02,11-08-2026 12:44,31-08-2026 14:56,,,,,,7
2287290.0,23-07-2026 14:13,24-07-2026 11:17,30-07-2026 14:11,20-08-2026 11:57,20-08-2026 11:56,19-08-2026 16:01,,,,,,,6
2287298.0,27-07-2026 14:05,20-07-2026 12:40,04-08-2026 14:59,20-08-2026 15:05,20-08-2026 15:02,11-08-2026 12:44,31-08-2026 14:56,,,,,,7
2287303.0,27-07-2026 14:05,20-07-2026 12:40,04-08-2026 14:59,20-08-2026 15:05,20-08-2026 15:02,19-08-2026 15:12,31-08-2026 14:56,,,,,,7
2287304.0,19-08-2026 12:31,24-07-2026 11:17,13-08-2026 14:04,20-08-2026 11:57,20-08-2026 11:56,29-08-2026 10:32,,,,,,,6
2287308.0,27-07-2026 14:05,20-07-2026 12:40,04-08-2026 14:59,20-08-2026 15:05,20-08-2026 15:02,19-08-2026 15:12,31-08-2026 14:56,,,,,,7
2287311.0,19-08-2026 12:31,24-07-2026 11:17,13-08-2026 14:04,20-08-2026 11:57,20-08-2026 11:56,29-08-2026 10:32,,,,,,,6
2287314.0,27-07-2026 14:05,20-07-2026 12:40,04-08-2026 14:59,20-08-2026 15:05,20-08-2026 15:02,11-08-2026 12:44,,,,,,,6
2287320.0,27-07-2026 14:05,20-07-2026 12:40,04-08-2026 14:59,20-08-2026 15:05,20-08-2026 15:02,11-08-2026 12:44,31-08-2026 14:56,,,,,,7
2287327.0,29-07-2026 14:52,20-07-2026 12:40,04-08-2026 14:59,20-08-2026 15:05,20-08-2026 15:02,11-08-2026 12:44,,,,,,,6
2287334.0,27-07-2026 14:05,20-07-2026 12:40,04-08-2026 14:59,20-08-2026 15:05,20-08-2026 15:02,12-08-2026 10:55,,,,,,,6
2287337.0,27-07-2026 14:05,20-07-2026 12:40,04-08-2026 14:59,20-08-2026 15:05,20-08-2026 15:02,11-08-2026 12:44,31-08-2026 14:56,,,,,,7
2287340.0,27-07-2026 14:05,23-07-2026 14:56,04-08-2026 14:59,20-08-2026 15:05,20-08-2026 15:02,12-08-2026 10:55,31-08-2026 14:56,,,,,,7
2287484.0,05-08-2026 14:32,20-07-2026 12:18,28-07-2026 11:36,12-08-2026 14:41,12-08-2026 14:41,11-08-2026 13:57,,,,,,,6
2287493.0,05-08-2026 14:32,20-07-2026 12:18,28-07-2026 11:36,25-08-2026 15:19,25-08-2026 15:18,24-08-2026 10:39,,,,,,,6
2287525.0,05-08-2026 14:32,20-07-2026 12:18,27-07-2026 11:44,25-08-2026 11:18,25-08-2026 11:16,11-08-2026 15:25,,,,,,,6
2287543.0,05-08-2026 14:32,20-07-2026 12:18,27-07-2026 11:44,25-08-2026 11:18,25-08-2026 11:16,24-08-2026 10:39,,,,,,,6
2287546.0,05-08-2026 14:32,20-07-2026 12:18,27-07-2026 11:44,25-08-2026 11:18,25-08-2026 11:16,11-08-2026 15:25,,,,,,,6
2287740.0,20-07-2026 13:58,30-07-2026 13:49,27-07-2026 16:02,19-08-2026 15:26,19-08-2026 15:25,06-08-2026 15:34,,,,,,,6
2287788.0,29-07-2026 10:34,24-07-2026 14:44,27-07-2026 16:02,19-08-2026 15:26,19-08-2026 15:25,06-08-2026 15:34,,,,,,,6
2287800.0,,,30-07-2026 14:37,20-08-2026 10:51,20-08-2026 10:50,07-08-2026 15:32,,,,,,,4
2287834.0,24-07-2026 16:03,,30-07-2026 13:52,,,07-08-2026 13:49,,,,,,,3
2288372.0,20-07-2026 11:44,29-07-2026 11:49,27-07-2026 11:51,27-08-2026 14:12,27-08-2026 14:12,11-08-2026 15:09,,,,,,,6
2288375.0,20-07-2026 11:44,29-07-2026 11:49,27-07-2026 11:51,27-08-2026 14:12,27-08-2026 14:12,11-08-2026 15:09,,,,,,,6
2288381.0,20-07-2026 11:44,29-07-2026 11:49,27-07-2026 11:51,27-08-2026 14:12,27-08-2026 14:12,11-08-2026 15:09,,,,,,,6
2288385.0,20-07-2026 11:44,29-07-2026 11:49,27-07-2026 11:51,27-08-2026 14:12,27-08-2026 14:12,13-08-2026 12:43,,,,,,,6
2288431.0,20-07-2026 12:31,21-07-2026 12:33,04-08-2026 14:18,25-08-2026 14:55,25-08-2026 14:55,12-08-2026 11:47,,,,,,,6
2288433.0,20-07-2026 12:31,21-07-2026 12:33,04-08-2026 14:18,25-08-2026 14:55,25-08-2026 14:55,12-08-2026 11:47,,,,,,,6
2288435.0,20-07-2026 12:31,21-07-2026 12:33,07-08-2026 13:37,25-08-2026 14:55,25-08-2026 14:55,12-08-2026 11:47,,,,,,,6
2288436.0,20-07-2026 12:31,21-07-2026 12:33,04-08-2026 14:18,25-08-2026 14:55,25-08-2026 14:55,12-08-2026 11:47,,,,,,,6
2288437.0,20-07-2026 12:31,21-07-2026 12:33,04-08-2026 14:18,25-08-2026 14:55,25-08-2026 14:55,12-08-2026 11:47,,,,,,,6
2288438.0,20-07-2026 12:31,21-07-2026 12:33,04-08-2026 14:18,25-08-2026 14:55,25-08-2026 14:55,12-08-2026 11:47,,,,,,,6
2288439.0,20-07-2026 12:31,21-07-2026 12:33,04-08-2026 14:18,25-08-2026 14:55,25-08-2026 14:55,13-08-2026 12:43,,,,,,,6
2288481.0,28-07-2026 09:54,21-07-2026 12:03,30-07-2026 13:44,17-08-2026 12:12,17-08-2026 12:11,11-08-2026 11:40,,,,,,,6
2288495.0,28-07-2026 09:54,21-07-2026 12:03,30-07-2026 13:44,17-08-2026 12:12,17-08-2026 12:11,11-08-2026 11:40,,,,,,,6
2288500.0,28-07-2026 10:39,21-07-2026 12:03,30-07-2026 13:44,17-08-2026 12:12,17-08-2026 12:11,11-08-2026 11:40,,,,,,,6
2288502.0,28-07-2026 10:39,21-07-2026 12:03,,17-08-2026 12:12,17-08-2026 12:11,11-08-2026 11:40,,,,,,,5
2288504.0,28-07-2026 09:54,21-07-2026 12:03,30-07-2026 13:44,,,11-08-2026 11:40,,,,,,,4
2288507.0,28-07-2026 09:54,21-07-2026 12:03,30-07-2026 13:44,17-08-2026 12:12,17-08-2026 12:11,11-08-2026 11:40,,,,,,,6
2288552.0,28-07-2026 10:39,21-07-2026 12:03,30-07-2026 13:44,17-08-2026 12:12,17-08-2026 12:11,11-08-2026 11:40,,,,,,,6
2288555.0,28-07-2026 10:39,21-07-2026 12:03,,17-08-2026 12:12,17-08-2026 12:11,,,,,,,,4
2288578.0,25-08-2026 10:39,,28-07-2026 10:49,19-08-2026 14:33,19-08-2026 14:32,11-08-2026 12:21,25-08-2026 15:31,,,,,,6
2288584.0,05-08-2026 14:32,28-07-2026 14:24,27-07-2026 11:44,25-08-2026 11:18,25-08-2026 11:16,11-08-2026 15:25,,,,,,,6
2288587.0,28-07-2026 15:41,22-07-2026 12:06,28-07-2026 14:36,19-08-2026 12:15,19-08-2026 12:15,11-08-2026 10:34,24-08-2026 15:33,,,,,,7
2288609.0,30-07-2026 11:33,20-07-2026 16:08,31-07-2026 11:16,20-08-2026 15:36,20-08-2026 15:36,13-08-2026 10:33,,,,,,,6
2288655.0,05-08-2026 14:32,28-07-2026 14:24,27-07-2026 11:44,25-08-2026 11:18,25-08-2026 15:18,11-08-2026 15:25,,,,,,,6
2288664.0,05-08-2026 14:32,28-07-2026 14:24,28-07-2026 11:36,12-08-2026 14:41,12-08-2026 14:41,24-08-2026 10:39,,,,,,,6
2288672.0,04-08-2026 14:30,28-07-2026 14:24,28-07-2026 10:41,12-08-2026 11:03,12-08-2026 11:02,05-08-2026 12:17,,,,,,,6
2288674.0,24-07-2026 10:47,21-07-2026 09:31,28-07-2026 16:02,25-08-2026 10:57,25-08-2026 10:56,,,,,,,,5
2288676.0,24-07-2026 10:47,21-07-2026 09:31,28-07-2026 16:02,25-08-2026 10:57,25-08-2026 10:56,05-08-2026 10:06,,,,,,,6
2288680.0,05-08-2026 14:32,28-07-2026 14:24,29-07-2026 16:00,12-08-2026 14:41,12-08-2026 14:41,11-08-2026 13:57,,,,,,,6
2288850.0,28-07-2026 09:54,21-07-2026 12:03,,17-08-2026 12:12,17-08-2026 12:11,11-08-2026 11:40,,,,,,,5
2288853.0,28-07-2026 10:39,21-07-2026 12:03,30-07-2026 13:44,17-08-2026 12:12,17-08-2026 12:11,,,,,,,,5
2288857.0,28-07-2026 10:39,21-07-2026 12:03,30-07-2026 13:44,17-08-2026 12:12,17-08-2026 12:11,,,,,,,,5
2288858.0,28-07-2026 09:54,21-07-2026 12:03,30-07-2026 13:44,17-08-2026 12:12,17-08-2026 12:11,11-08-2026 11:40,,,,,,,6
2288860.0,04-08-2026 14:30,28-07-2026 14:24,27-07-2026 16:01,19-08-2026 10:56,19-08-2026 10:56,05-08-2026 16:06,,,,,,,6
2288861.0,04-08-2026 14:30,28-07-2026 14:24,27-07-2026 16:01,19-08-2026 10:56,19-08-2026 10:56,05-08-2026 16:06,,,,,,,6
2288863.0,04-08-2026 14:30,28-07-2026 14:24,27-07-2026 16:01,19-08-2026 10:56,19-08-2026 10:56,05-08-2026 16:06,,,,,,,6
2288865.0,24-07-2026 11:36,22-07-2026 10:13,28-07-2026 15:24,,,,,,,,,,3
2288866.0,24-07-2026 11:36,22-07-2026 10:13,28-07-2026 15:24,,,13-08-2026 11:37,,,,,,,4
2288867.0,24-07-2026 11:36,22-07-2026 10:13,28-07-2026 15:24,,,13-08-2026 12:19,,,,,,,4
2288868.0,24-07-2026 11:36,22-07-2026 10:13,28-07-2026 15:24,,,11-08-2026 13:50,,,,,,,4
2288870.0,24-07-2026 11:36,22-07-2026 10:13,28-07-2026 15:24,,,,,,,,,,3
2288874.0,24-07-2026 11:36,22-07-2026 10:13,28-07-2026 15:24,,,,,,,,,,3
2288877.0,24-07-2026 11:36,22-07-2026 10:13,28-07-2026 15:24,,,13-08-2026 11:37,,,,,,,4
2288879.0,24-07-2026 11:36,22-07-2026 10:13,28-07-2026 15:24,,,13-08-2026 11:37,,,,,,,4
2288881.0,24-07-2026 11:36,22-07-2026 10:13,28-07-2026 15:24,,,13-08-2026 12:19,,,,,,,4
2288896.0,28-07-2026 09:54,21-07-2026 12:03,30-07-2026 13:44,17-08-2026 12:12,17-08-2026 12:11,11-08-2026 11:40,,,,,,,6
2288899.0,28-07-2026 10:39,21-07-2026 12:03,30-07-2026 13:44,17-08-2026 12:12,17-08-2026 12:11,11-08-2026 11:40,,,,,,,6
2288900.0,28-07-2026 10:39,21-07-2026 12:03,,17-08-2026 12:12,17-08-2026 12:11,11-08-2026 11:40,,,,,,,5
2288901.0,28-07-2026 09:54,21-07-2026 12:03,30-07-2026 13:44,17-08-2026 12:12,17-08-2026 12:11,,,,,,,,5
2288902.0,28-07-2026 10:39,21-07-2026 12:03,30-07-2026 13:44,17-08-2026 12:12,17-08-2026 12:11,11-08-2026 11:40,,,,,,,6
2288903.0,28-07-2026 10:39,21-07-2026 12:03,30-07-2026 13:44,17-08-2026 12:12,17-08-2026 12:11,11-08-2026 11:40,,,,,,,6
2288904.0,28-07-2026 09:54,21-07-2026 12:03,30-07-2026 13:44,17-08-2026 12:12,17-08-2026 12:11,11-08-2026 11:40,,,,,,,6
2288906.0,28-07-2026 09:54,21-07-2026 12:03,30-07-2026 13:44,17-08-2026 12:12,17-08-2026 12:11,11-08-2026 11:40,,,,,,,6
2288907.0,28-07-2026 09:54,21-07-2026 12:03,30-07-2026 13:44,17-08-2026 12:12,17-08-2026 12:11,11-08-2026 11:40,,,,,,,6
2288908.0,28-07-2026 10:39,21-07-2026 12:03,30-07-2026 13:44,17-08-2026 12:12,,,,,,,,,4
2288911.0,28-07-2026 09:54,21-07-2026 12:03,30-07-2026 13:44,17-08-2026 12:12,17-08-2026 12:11,11-08-2026 11:40,,,,,,,6
2288912.0,28-07-2026 10:39,21-07-2026 12:03,,17-08-2026 12:12,17-08-2026 12:11,11-08-2026 11:40,,,,,,,5
2288913.0,24-07-2026 14:34,21-07-2026 12:35,31-07-2026 12:09,17-08-2026 14:00,17-08-2026 14:00,,,,,,,,5
2288914.0,24-07-2026 14:34,21-07-2026 12:35,31-07-2026 12:09,17-08-2026 14:00,17-08-2026 14:00,06-08-2026 14:02,,,,,,,6
2288919.0,30-07-2026 11:42,21-07-2026 10:42,27-07-2026 10:50,24-08-2026 12:42,24-08-2026 12:42,07-08-2026 11:03,,,,,,,6
2288920.0,30-07-2026 11:42,21-07-2026 10:42,27-07-2026 10:50,24-08-2026 12:42,24-08-2026 12:42,13-08-2026 14:50,,,,,,,6
2288922.0,30-07-2026 11:42,21-07-2026 10:42,27-07-2026 10:50,24-08-2026 12:42,24-08-2026 12:42,07-08-2026 11:03,,,,,,,6
2288924.0,30-07-2026 11:42,21-07-2026 10:42,27-07-2026 10:50,24-08-2026 12:42,24-08-2026 12:42,07-08-2026 11:03,,,,,,,6
2288948.0,30-07-2026 11:42,21-07-2026 10:42,27-07-2026 10:50,29-08-2026 10:41,29-08-2026 10:41,07-08-2026 11:03,,,,,,,6
2288950.0,30-07-2026 11:42,21-07-2026 10:42,27-07-2026 10:50,29-08-2026 10:41,29-08-2026 10:41,07-08-2026 11:03,,,,,,,6
2288952.0,30-07-2026 11:42,21-07-2026 10:42,27-07-2026 10:50,24-08-2026 12:42,24-08-2026 12:42,07-08-2026 11:03,,,,,,,6
2288954.0,30-07-2026 11:42,21-07-2026 10:42,28-07-2026 10:46,24-08-2026 12:42,24-08-2026 12:42,13-08-2026 14:50,,,,,,,6
2288957.0,30-07-2026 11:42,21-07-2026 10:42,27-07-2026 10:50,24-08-2026 12:42,24-08-2026 12:42,07-08-2026 11:03,,,,,,,6
2288959.0,30-07-2026 11:42,21-07-2026 10:42,27-07-2026 10:50,24-08-2026 12:42,24-08-2026 12:42,07-08-2026 11:03,,,,,,,6
2288962.0,24-07-2026 14:34,21-07-2026 12:35,31-07-2026 12:09,17-08-2026 14:00,17-08-2026 14:00,06-08-2026 14:02,,,,,,,6
2288964.0,30-07-2026 11:42,21-07-2026 10:42,28-07-2026 10:46,24-08-2026 12:42,24-08-2026 12:42,07-08-2026 11:03,,,,,,,6
2288967.0,,21-07-2026 12:35,31-07-2026 12:09,17-08-2026 14:00,17-08-2026 14:00,06-08-2026 14:02,,,,,,,5
2288968.0,30-07-2026 11:42,21-07-2026 10:42,27-07-2026 10:50,24-08-2026 12:42,24-08-2026 12:42,07-08-2026 11:03,,,,,,,6
2288970.0,30-07-2026 11:42,21-07-2026 10:42,27-07-2026 10:50,24-08-2026 12:42,24-08-2026 12:42,07-08-2026 11:03,,,,,,,6
2288973.0,24-07-2026 14:34,21-07-2026 12:35,31-07-2026 12:09,17-08-2026 14:00,17-08-2026 14:00,06-08-2026 14:02,,,,,,,6
2288976.0,,21-07-2026 12:35,31-07-2026 12:09,17-08-2026 14:00,17-08-2026 14:00,06-08-2026 14:02,,,,,,,5
2288979.0,24-07-2026 14:34,21-07-2026 12:35,31-07-2026 12:09,17-08-2026 14:00,17-08-2026 14:00,06-08-2026 14:02,,,,,,,6
2288982.0,24-07-2026 14:34,21-07-2026 12:35,31-07-2026 12:09,17-08-2026 14:00,17-08-2026 14:00,06-08-2026 14:02,,,,,,,6
2288985.0,24-07-2026 14:34,21-07-2026 12:35,31-07-2026 12:09,17-08-2026 14:00,17-08-2026 14:00,06-08-2026 14:02,,,,,,,6
2288987.0,28-07-2026 15:41,22-07-2026 12:06,28-07-2026 14:36,19-08-2026 12:15,19-08-2026 12:15,11-08-2026 10:34,24-08-2026 15:33,,,,,,7
2288989.0,28-07-2026 09:54,21-07-2026 12:03,30-07-2026 13:44,,,,,,,,,,3
2288990.0,28-07-2026 15:41,22-07-2026 12:06,28-07-2026 14:36,19-08-2026 12:15,19-08-2026 12:15,11-08-2026 10:34,24-08-2026 15:33,,,,,,7
2288993.0,28-07-2026 15:41,22-07-2026 12:06,28-07-2026 14:36,19-08-2026 12:15,19-08-2026 12:15,11-08-2026 10:34,24-08-2026 15:33,,,,,,7
2288996.0,24-07-2026 14:34,21-07-2026 12:35,31-07-2026 12:09,17-08-2026 14:00,17-08-2026 14:00,06-08-2026 14:02,,,,,,,6
2288997.0,28-07-2026 15:41,22-07-2026 12:06,28-07-2026 14:36,19-08-2026 12:15,19-08-2026 12:15,11-08-2026 10:34,24-08-2026 15:33,,,,,,7
2288998.0,24-07-2026 14:34,21-07-2026 12:35,31-07-2026 12:09,17-08-2026 14:00,17-08-2026 14:00,06-08-2026 14:02,,,,,,,6
2289004.0,24-07-2026 14:34,21-07-2026 12:35,31-07-2026 12:09,17-08-2026 14:00,17-08-2026 14:00,06-08-2026 14:02,,,,,,,6
2289005.0,,21-07-2026 12:35,31-07-2026 12:09,17-08-2026 14:00,17-08-2026 14:00,06-08-2026 14:02,,,,,,,5
2289006.0,24-07-2026 14:34,21-07-2026 12:35,31-07-2026 12:09,17-08-2026 14:00,17-08-2026 14:00,06-08-2026 14:02,,,,,,,6
2289010.0,24-07-2026 14:34,21-07-2026 12:35,31-07-2026 12:09,17-08-2026 14:00,17-08-2026 14:00,06-08-2026 14:02,,,,,,,6
2289013.0,24-07-2026 14:34,21-07-2026 12:35,31-07-2026 12:09,17-08-2026 14:00,17-08-2026 14:00,,,,,,,,5
2289015.0,22-07-2026 14:09,21-07-2026 16:13,29-07-2026 15:51,25-08-2026 12:39,25-08-2026 12:38,17-08-2026 09:58,,,,,,,6
2289018.0,25-08-2026 10:39,,28-07-2026 10:49,19-08-2026 14:33,19-08-2026 14:32,11-08-2026 12:21,25-08-2026 15:31,,,,,,6
2289020.0,,21-07-2026 12:35,31-07-2026 12:09,17-08-2026 14:00,17-08-2026 14:00,06-08-2026 14:02,,,,,,,5
2289021.0,25-08-2026 10:39,,28-07-2026 10:49,19-08-2026 14:33,19-08-2026 14:32,11-08-2026 12:21,25-08-2026 15:31,,,,,,6
2289023.0,27-07-2026 16:20,21-07-2026 16:13,29-07-2026 14:06,25-08-2026 15:04,25-08-2026 15:04,18-08-2026 10:02,,,,,,,6
2289024.0,24-07-2026 14:34,21-07-2026 12:35,31-07-2026 12:09,17-08-2026 14:00,17-08-2026 14:00,06-08-2026 14:02,,,,,,,6
2289026.0,24-07-2026 14:34,21-07-2026 12:35,31-07-2026 12:09,17-08-2026 14:00,17-08-2026 14:00,06-08-2026 14:02,,,,,,,6
2289027.0,24-07-2026 14:34,21-07-2026 12:35,31-07-2026 12:09,17-08-2026 14:00,17-08-2026 14:00,06-08-2026 14:02,,,,,,,6
2289028.0,24-07-2026 14:34,21-07-2026 12:35,31-07-2026 12:09,17-08-2026 14:00,17-08-2026 14:00,06-08-2026 14:02,,,,,,,6
2289029.0,24-07-2026 14:34,21-07-2026 12:35,31-07-2026 12:09,17-08-2026 14:00,17-08-2026 14:00,06-08-2026 14:02,,,,,,,6
2289030.0,27-07-2026 16:20,21-07-2026 16:13,29-07-2026 14:06,25-08-2026 15:04,25-08-2026 15:04,18-08-2026 10:02,,,,,,,6
2289031.0,21-07-2026 14:02,22-07-2026 11:32,28-07-2026 12:18,14-08-2026 10:51,14-08-2026 10:48,04-08-2026 15:20,27-08-2026 10:35,,,,,,7
2289032.0,21-07-2026 14:02,22-07-2026 11:32,28-07-2026 12:18,18-08-2026 10:34,18-08-2026 10:32,04-08-2026 15:20,31-08-2026 11:40,,,,,,7
2289033.0,24-07-2026 14:34,21-07-2026 12:35,31-07-2026 12:09,17-08-2026 14:00,17-08-2026 14:00,06-08-2026 14:02,,,,,,,6
2289035.0,,,,,,06-08-2026 14:02,,,,,,,1
2289036.0,21-07-2026 14:02,22-07-2026 11:32,28-07-2026 12:18,14-08-2026 10:51,14-08-2026 10:48,04-08-2026 15:20,27-08-2026 10:35,,,,,,7
2289037.0,24-07-2026 14:34,21-07-2026 12:35,31-07-2026 12:09,17-08-2026 14:00,17-08-2026 14:00,06-08-2026 14:02,,,,,,,6
2289038.0,21-07-2026 14:02,22-07-2026 11:32,31-07-2026 10:35,14-08-2026 10:51,14-08-2026 10:48,04-08-2026 15:20,31-08-2026 11:40,,,,,,7
2289039.0,,21-07-2026 12:35,31-07-2026 12:09,17-08-2026 14:00,17-08-2026 14:00,06-08-2026 14:02,,,,,,,5
2289040.0,24-07-2026 14:34,21-07-2026 12:35,31-07-2026 12:09,17-08-2026 14:00,17-08-2026 14:00,06-08-2026 14:02,,,,,,,6
2289041.0,,21-07-2026 12:35,31-07-2026 12:09,17-08-2026 14:00,17-08-2026 14:00,06-08-2026 14:02,,,,,,,5
2289042.0,24-07-2026 14:34,21-07-2026 12:35,31-07-2026 12:09,17-08-2026 14:00,17-08-2026 14:00,06-08-2026 14:02,,,,,,,6
2289043.0,,21-07-2026 12:35,31-07-2026 12:09,17-08-2026 14:00,17-08-2026 14:00,06-08-2026 14:02,,,,,,,5
2289064.0,21-07-2026 14:02,22-07-2026 11:32,29-07-2026 10:36,11-08-2026 10:27,11-08-2026 10:24,04-08-2026 16:02,,,,,,,6
2289066.0,25-08-2026 10:39,,29-07-2026 16:00,18-08-2026 12:22,18-08-2026 12:21,24-08-2026 11:31,31-08-2026 12:02,,,,,,6
2289070.0,28-07-2026 09:54,23-07-2026 11:08,30-07-2026 13:44,17-08-2026 12:12,17-08-2026 12:11,,,,,,,,5
2289073.0,28-07-2026 09:54,23-07-2026 11:08,30-07-2026 13:44,17-08-2026 12:12,17-08-2026 12:11,11-08-2026 11:40,,,,,,,6
2289075.0,28-07-2026 09:54,23-07-2026 11:08,30-07-2026 13:44,17-08-2026 12:12,17-08-2026 12:11,11-08-2026 11:40,,,,,,,6
2289077.0,28-07-2026 09:54,23-07-2026 11:08,30-07-2026 13:44,,,,,,,,,,3
2289079.0,28-07-2026 09:54,23-07-2026 11:08,30-07-2026 13:44,17-08-2026 12:12,17-08-2026 12:11,11-08-2026 11:40,,,,,,,6
2289080.0,28-07-2026 09:54,23-07-2026 11:08,30-07-2026 13:44,17-08-2026 12:12,17-08-2026 12:11,11-08-2026 11:40,,,,,,,6
2289082.0,28-07-2026 09:54,23-07-2026 11:08,30-07-2026 13:44,17-08-2026 12:12,17-08-2026 12:11,11-08-2026 11:40,,,,,,,6
2289086.0,28-07-2026 09:54,23-07-2026 11:08,30-07-2026 13:44,,,,,,,,,,3
2289088.0,28-07-2026 09:54,23-07-2026 11:08,30-07-2026 13:44,17-08-2026 12:12,17-08-2026 12:11,,,,,,,,5
2289091.0,28-07-2026 09:54,23-07-2026 11:08,30-07-2026 13:44,17-08-2026 12:12,17-08-2026 12:11,11-08-2026 11:40,,,,,,,6
2289093.0,28-07-2026 09:54,23-07-2026 11:08,30-07-2026 13:44,17-08-2026 12:12,17-08-2026 12:11,11-08-2026 11:40,,,,,,,6
2289099.0,28-07-2026 09:54,23-07-2026 11:08,30-07-2026 13:44,17-08-2026 12:12,17-08-2026 12:11,,,,,,,,5
2289101.0,28-07-2026 09:54,23-07-2026 11:08,30-07-2026 13:44,17-08-2026 12:12,17-08-2026 12:11,11-08-2026 11:40,,,,,,,6
2289103.0,28-07-2026 09:54,23-07-2026 11:08,30-07-2026 13:44,17-08-2026 12:12,17-08-2026 12:11,11-08-2026 11:40,,,,,,,6
2289105.0,28-07-2026 09:54,23-07-2026 11:08,30-07-2026 13:44,17-08-2026 12:12,17-08-2026 12:11,11-08-2026 11:40,,,,,,,6
2289109.0,28-07-2026 09:54,23-07-2026 11:08,30-07-2026 13:44,17-08-2026 12:12,17-08-2026 12:11,11-08-2026 11:40,,,,,,,6
2289110.0,28-07-2026 09:54,23-07-2026 11:08,,17-08-2026 12:12,17-08-2026 12:11,11-08-2026 11:40,,,,,,,5
2289112.0,28-07-2026 09:54,23-07-2026 11:08,30-07-2026 13:44,17-08-2026 12:12,17-08-2026 12:11,11-08-2026 11:40,,,,,,,6
2289114.0,28-07-2026 09:54,23-07-2026 11:08,30-07-2026 13:44,17-08-2026 12:12,17-08-2026 12:11,,,,,,,,5
2289116.0,28-07-2026 09:54,23-07-2026 11:08,30-07-2026 13:44,17-08-2026 12:12,17-08-2026 12:11,11-08-2026 11:40,,,,,,,6
2289118.0,28-07-2026 09:54,23-07-2026 11:08,30-07-2026 13:44,17-08-2026 12:12,17-08-2026 12:11,,,,,,,,5
2289120.0,28-07-2026 09:54,23-07-2026 11:08,30-07-2026 13:44,17-08-2026 12:12,17-08-2026 12:11,11-08-2026 11:40,,,,,,,6
2289121.0,28-07-2026 09:54,23-07-2026 11:08,30-07-2026 13:44,17-08-2026 12:12,17-08-2026 12:11,11-08-2026 11:40,,,,,,,6
2289125.0,28-07-2026 09:54,23-07-2026 11:08,30-07-2026 13:44,17-08-2026 12:12,17-08-2026 12:11,,,,,,,,5
2289128.0,28-07-2026 09:54,23-07-2026 11:08,30-07-2026 13:44,17-08-2026 12:12,17-08-2026 12:11,11-08-2026 11:40,,,,,,,6
2289131.0,28-07-2026 09:54,23-07-2026 11:08,30-07-2026 13:44,17-08-2026 12:12,17-08-2026 12:11,11-08-2026 11:40,,,,,,,6
2289210.0,24-07-2026 10:38,22-07-2026 11:23,28-07-2026 14:26,,,11-08-2026 13:50,,,,,,,4
2289212.0,24-07-2026 10:38,22-07-2026 11:23,28-07-2026 14:26,,,,,,,,,,3
2289216.0,24-07-2026 10:38,22-07-2026 11:23,28-07-2026 14:26,,,11-08-2026 13:50,,,,,,,4
2289222.0,24-07-2026 10:38,22-07-2026 11:23,28-07-2026 14:26,,,11-08-2026 13:50,,,,,,,4
2289232.0,24-07-2026 10:38,22-07-2026 11:23,28-07-2026 14:26,,,11-08-2026 13:50,,,,,,,4
2289236.0,24-07-2026 10:38,22-07-2026 11:23,28-07-2026 14:26,,,11-08-2026 13:50,,,,,,,4
2289240.0,24-07-2026 10:38,22-07-2026 11:23,28-07-2026 14:26,,,11-08-2026 13:50,,,,,,,4
2289247.0,24-07-2026 10:38,22-07-2026 11:23,28-07-2026 14:26,,,11-08-2026 13:50,,,,,,,4
2289249.0,24-07-2026 10:38,22-07-2026 11:23,28-07-2026 14:26,,,11-08-2026 13:50,,,,,,,4
2289255.0,24-07-2026 10:38,22-07-2026 11:23,28-07-2026 14:26,,,11-08-2026 13:50,,,,,,,4
2289256.0,24-07-2026 13:45,23-07-2026 14:05,30-07-2026 11:36,,,06-08-2026 12:24,,,,,,,4
2289258.0,24-07-2026 10:38,22-07-2026 11:23,28-07-2026 14:26,,,,,,,,,,3
2289262.0,24-07-2026 10:38,22-07-2026 11:23,28-07-2026 14:26,,,,,,,,,,3
2289265.0,24-07-2026 13:45,23-07-2026 14:05,30-07-2026 11:36,,,06-08-2026 12:24,,,,,,,4
2289268.0,24-07-2026 10:38,22-07-2026 11:23,28-07-2026 14:26,,,11-08-2026 13:50,,,,,,,4
2289274.0,24-07-2026 14:34,23-07-2026 12:11,31-07-2026 12:09,17-08-2026 14:00,17-08-2026 14:00,06-08-2026 14:02,,,,,,,6
2289276.0,24-07-2026 10:38,22-07-2026 11:23,28-07-2026 14:26,,,11-08-2026 13:50,,,,,,,4
2289277.0,,23-07-2026 12:11,31-07-2026 12:09,17-08-2026 14:00,17-08-2026 14:00,06-08-2026 14:02,,,,,,,5
2289279.0,24-07-2026 10:38,22-07-2026 11:23,28-07-2026 14:26,,,11-08-2026 13:50,,,,,,,4
2289282.0,24-07-2026 10:38,22-07-2026 11:23,28-07-2026 14:26,,,11-08-2026 13:50,,,,,,,4
2289289.0,,23-07-2026 12:11,31-07-2026 12:09,17-08-2026 14:00,17-08-2026 14:00,06-08-2026 14:02,,,,,,,5
2289290.0,,23-07-2026 12:11,31-07-2026 12:09,17-08-2026 14:00,17-08-2026 14:00,06-08-2026 14:02,,,,,,,5
2289292.0,24-07-2026 10:38,22-07-2026 11:23,28-07-2026 14:26,,,,,,,,,,3
2289294.0,24-07-2026 14:34,23-07-2026 12:11,31-07-2026 12:09,17-08-2026 14:00,17-08-2026 14:00,,,,,,,,5
2289295.0,24-07-2026 10:38,22-07-2026 11:23,28-07-2026 14:26,,,11-08-2026 13:50,,,,,,,4
2289299.0,24-07-2026 13:45,,30-07-2026 11:36,,,06-08-2026 12:24,,,,,,,3
2289300.0,24-07-2026 10:38,22-07-2026 11:23,28-07-2026 14:26,,,11-08-2026 13:50,,,,,,,4
2289302.0,24-07-2026 10:38,22-07-2026 11:23,28-07-2026 14:26,,,11-08-2026 13:50,,,,,,,4
2289304.0,24-07-2026 13:45,,30-07-2026 11:36,,,,,,,,,,2
2289305.0,24-07-2026 13:45,23-07-2026 14:05,30-07-2026 11:36,,,06-08-2026 12:24,,,,,,,4
2289309.0,24-07-2026 13:45,23-07-2026 14:05,30-07-2026 11:36,,,06-08-2026 12:24,,,,,,,4
2289311.0,24-07-2026 13:45,23-07-2026 14:05,30-07-2026 11:36,,,06-08-2026 12:24,,,,,,,4
2289318.0,24-07-2026 13:45,23-07-2026 14:05,30-07-2026 11:36,,,06-08-2026 12:24,,,,,,,4
2289321.0,24-07-2026 13:45,23-07-2026 14:05,30-07-2026 11:36,,,06-08-2026 12:24,,,,,,,4
2289325.0,,22-07-2026 11:23,30-07-2026 10:36,,,,,,,,,,2
2289362.0,,22-07-2026 11:23,30-07-2026 10:36,,,,,,,,,,2
2289365.0,,22-07-2026 11:23,30-07-2026 10:36,,,,,,,,,,2
2289421.0,24-07-2026 13:45,22-07-2026 13:44,28-07-2026 13:42,17-08-2026 13:50,17-08-2026 13:49,06-08-2026 12:24,,,,,,,6
2289423.0,24-07-2026 13:45,22-07-2026 13:44,28-07-2026 13:42,17-08-2026 13:50,17-08-2026 13:49,,,,,,,,5
2289424.0,24-07-2026 13:45,22-07-2026 13:44,28-07-2026 13:42,17-08-2026 13:50,17-08-2026 13:49,,,,,,,,5
2289437.0,24-07-2026 13:45,22-07-2026 13:44,28-07-2026 13:42,17-08-2026 13:50,17-08-2026 13:49,06-08-2026 12:24,,,,,,,6
2289438.0,24-07-2026 13:45,22-07-2026 13:44,28-07-2026 13:42,17-08-2026 13:50,17-08-2026 13:49,06-08-2026 12:24,,,,,,,6
2289439.0,24-07-2026 13:45,22-07-2026 13:44,28-07-2026 13:42,17-08-2026 13:50,17-08-2026 13:49,,,,,,,,5
2289440.0,24-07-2026 13:45,22-07-2026 13:44,28-07-2026 13:42,17-08-2026 13:50,17-08-2026 13:49,,,,,,,,5
2289441.0,24-07-2026 13:45,22-07-2026 13:44,28-07-2026 13:42,17-08-2026 13:50,17-08-2026 13:49,,,,,,,,5
2289442.0,24-07-2026 13:45,22-07-2026 13:44,28-07-2026 13:42,17-08-2026 13:50,17-08-2026 13:49,06-08-2026 12:24,,,,,,,6
2289443.0,24-07-2026 13:45,22-07-2026 13:44,28-07-2026 13:42,17-08-2026 13:50,17-08-2026 13:49,06-08-2026 12:24,,,,,,,6
2289445.0,24-07-2026 13:45,22-07-2026 13:44,28-07-2026 13:42,17-08-2026 13:50,17-08-2026 13:49,06-08-2026 12:24,,,,,,,6
2289446.0,24-07-2026 13:45,22-07-2026 13:44,28-07-2026 13:42,17-08-2026 13:50,17-08-2026 13:49,13-08-2026 13:46,,,,,,,6
2289447.0,24-07-2026 13:45,22-07-2026 13:44,28-07-2026 13:42,17-08-2026 13:50,17-08-2026 13:49,06-08-2026 12:24,,,,,,,6
2289448.0,24-07-2026 13:45,22-07-2026 13:44,28-07-2026 13:42,17-08-2026 13:50,17-08-2026 13:49,06-08-2026 12:24,,,,,,,6
2289449.0,24-07-2026 13:45,22-07-2026 13:44,28-07-2026 13:42,17-08-2026 13:50,17-08-2026 13:49,06-08-2026 12:24,,,,,,,6
2289450.0,24-07-2026 14:34,23-07-2026 11:08,31-07-2026 11:34,17-08-2026 12:07,17-08-2026 12:06,11-08-2026 15:21,,,,,,,6
2289452.0,24-07-2026 14:34,23-07-2026 11:08,31-07-2026 11:34,17-08-2026 12:07,17-08-2026 12:06,,,,,,,,5
2289453.0,24-07-2026 14:34,23-07-2026 11:08,31-07-2026 11:34,,,,,,,,,,3
2289454.0,28-07-2026 10:39,23-07-2026 11:08,31-07-2026 11:34,17-08-2026 12:07,17-08-2026 12:06,,,,,,,,5
2289455.0,24-07-2026 14:34,23-07-2026 11:08,31-07-2026 11:34,17-08-2026 12:07,17-08-2026 12:06,11-08-2026 15:21,,,,,,,6
2289456.0,24-07-2026 14:34,23-07-2026 11:08,31-07-2026 11:34,17-08-2026 12:07,17-08-2026 12:06,11-08-2026 15:21,,,,,,,6
2289457.0,24-07-2026 14:34,23-07-2026 11:08,31-07-2026 11:34,17-08-2026 12:07,17-08-2026 12:06,11-08-2026 15:21,,,,,,,6
2289458.0,24-07-2026 14:34,23-07-2026 11:08,31-07-2026 11:34,17-08-2026 12:07,17-08-2026 12:06,11-08-2026 15:21,,,,,,,6
2289459.0,24-07-2026 14:34,23-07-2026 11:08,31-07-2026 11:34,17-08-2026 12:07,17-08-2026 12:06,,,,,,,,5
2289460.0,28-07-2026 10:39,23-07-2026 11:08,31-07-2026 11:34,17-08-2026 12:07,17-08-2026 12:06,11-08-2026 15:21,,,,,,,6
2289461.0,24-07-2026 14:34,23-07-2026 11:08,31-07-2026 11:34,17-08-2026 12:07,17-08-2026 12:06,11-08-2026 15:21,,,,,,,6
2289462.0,24-07-2026 14:34,23-07-2026 11:08,31-07-2026 11:34,17-08-2026 12:07,17-08-2026 12:06,11-08-2026 15:21,,,,,,,6
2289463.0,24-07-2026 14:34,23-07-2026 11:08,31-07-2026 11:34,17-08-2026 12:07,17-08-2026 12:06,11-08-2026 15:21,,,,,,,6
2289464.0,28-07-2026 10:39,23-07-2026 11:08,31-07-2026 11:34,17-08-2026 12:07,17-08-2026 12:06,11-08-2026 15:21,,,,,,,6
2289465.0,24-07-2026 14:34,23-07-2026 11:08,31-07-2026 11:34,,,,,,,,,,3
2289477.0,,22-07-2026 11:23,30-07-2026 10:36,,,,,,,,,,2
2289483.0,,22-07-2026 11:23,30-07-2026 10:36,,,,,,,,,,2
2289490.0,,22-07-2026 11:23,30-07-2026 10:36,,,,,,,,,,2
2289494.0,24-07-2026 13:45,22-07-2026 13:44,28-07-2026 13:42,17-08-2026 13:50,17-08-2026 13:49,,,,,,,,5
2289496.0,24-07-2026 13:45,22-07-2026 13:44,28-07-2026 13:42,17-08-2026 13:50,17-08-2026 13:49,06-08-2026 12:24,,,,,,,6
2289497.0,24-07-2026 13:45,22-07-2026 13:44,28-07-2026 13:42,17-08-2026 13:50,17-08-2026 13:49,06-08-2026 12:24,,,,,,,6
2289498.0,24-07-2026 13:45,22-07-2026 13:44,28-07-2026 13:42,17-08-2026 13:50,17-08-2026 13:49,06-08-2026 12:24,,,,,,,6
2289500.0,24-07-2026 13:45,22-07-2026 13:44,28-07-2026 13:42,17-08-2026 13:50,17-08-2026 13:49,,,,,,,,5
2289501.0,24-07-2026 13:45,22-07-2026 13:44,28-07-2026 13:42,17-08-2026 13:50,17-08-2026 13:49,06-08-2026 12:24,,,,,,,6
2289508.0,24-07-2026 11:36,22-07-2026 10:13,28-07-2026 15:24,,,13-08-2026 11:37,,,,,,,4
2289510.0,24-07-2026 11:36,22-07-2026 10:13,28-07-2026 15:24,,,13-08-2026 11:37,,,,,,,4
2289511.0,24-07-2026 11:36,22-07-2026 10:13,28-07-2026 15:24,,,13-08-2026 11:37,,,,,,,4
2289512.0,24-07-2026 11:36,22-07-2026 10:13,28-07-2026 15:24,,,13-08-2026 12:19,,,,,,,4
2289514.0,24-07-2026 11:36,22-07-2026 10:13,28-07-2026 15:24,,,13-08-2026 12:19,,,,,,,4
2289515.0,24-07-2026 11:36,22-07-2026 10:13,28-07-2026 15:24,,,13-08-2026 12:19,,,,,,,4
2289516.0,24-07-2026 11:36,22-07-2026 10:13,28-07-2026 15:24,,,13-08-2026 12:19,,,,,,,4
2289517.0,24-07-2026 11:36,22-07-2026 10:13,28-07-2026 15:24,,,13-08-2026 12:19,,,,,,,4
2289518.0,24-07-2026 11:36,22-07-2026 10:13,28-07-2026 15:24,,,13-08-2026 12:19,,,,,,,4
2289519.0,24-07-2026 11:36,22-07-2026 10:13,28-07-2026 15:24,,,13-08-2026 12:19,,,,,,,4
2289520.0,24-07-2026 11:36,22-07-2026 10:13,,,,13-08-2026 12:19,,,,,,,3
2289521.0,24-07-2026 11:36,22-07-2026 10:13,28-07-2026 15:24,,,,,,,,,,3
2289522.0,24-07-2026 11:36,22-07-2026 10:13,28-07-2026 15:24,,,13-08-2026 12:19,,,,,,,4
2289523.0,24-07-2026 11:36,22-07-2026 10:13,,,,13-08-2026 12:19,,,,,,,3
2289524.0,24-07-2026 11:36,22-07-2026 10:13,28-07-2026 15:24,,,13-08-2026 12:19,,,,,,,4
2289545.0,24-07-2026 13:45,23-07-2026 14:05,30-07-2026 11:36,,,13-08-2026 13:46,,,,,,,4
2289547.0,24-07-2026 13:45,23-07-2026 14:05,30-07-2026 11:36,,,06-08-2026 12:24,,,,,,,4
2289550.0,24-07-2026 13:45,23-07-2026 14:05,30-07-2026 11:36,,,06-08-2026 12:24,,,,,,,4
2289552.0,24-07-2026 13:45,23-07-2026 14:05,30-07-2026 11:36,,,06-08-2026 12:24,,,,,,,4
2289553.0,24-07-2026 10:38,22-07-2026 10:13,28-07-2026 15:24,,,13-08-2026 11:37,,,,,,,4
2289555.0,24-07-2026 10:38,22-07-2026 10:13,28-07-2026 15:24,,,13-08-2026 11:37,,,,,,,4
2289556.0,24-07-2026 13:45,,30-07-2026 11:36,,,06-08-2026 12:24,,,,,,,3
2289559.0,24-07-2026 10:38,22-07-2026 10:13,28-07-2026 15:24,,,,,,,,,,3
2289562.0,24-07-2026 10:38,22-07-2026 10:13,28-07-2026 15:24,,,13-08-2026 11:37,,,,,,,4
2289567.0,24-07-2026 13:45,23-07-2026 14:05,30-07-2026 11:36,,,06-08-2026 12:24,,,,,,,4
2289568.0,24-07-2026 10:38,22-07-2026 10:13,,,,13-08-2026 11:37,,,,,,,3
2289570.0,24-07-2026 10:38,22-07-2026 10:13,28-07-2026 15:24,,,13-08-2026 11:37,,,,,,,4
2289575.0,24-07-2026 10:38,22-07-2026 10:13,28-07-2026 15:24,,,13-08-2026 11:37,,,,,,,4
2289581.0,24-07-2026 10:38,22-07-2026 10:13,,,,,,,,,,,2
2289582.0,24-07-2026 13:45,,30-07-2026 11:36,,,13-08-2026 13:46,,,,,,,3
2289588.0,24-07-2026 13:45,,30-07-2026 11:36,,,06-08-2026 12:24,,,,,,,3
2289592.0,24-07-2026 13:45,,30-07-2026 11:36,,,06-08-2026 12:24,,,,,,,3
2289597.0,24-07-2026 13:45,23-07-2026 14:05,30-07-2026 11:36,,,06-08-2026 12:24,,,,,,,4
2289598.0,24-07-2026 10:38,,,,,13-08-2026 11:37,,,,,,,2
2289600.0,24-07-2026 10:38,,28-07-2026 15:24,,,13-08-2026 11:37,,,,,,,3
2289603.0,24-07-2026 10:38,,,,,13-08-2026 11:37,,,,,,,2
2289608.0,24-07-2026 10:38,,28-07-2026 15:24,,,,,,,,,,2
2289615.0,24-07-2026 10:38,,28-07-2026 15:24,,,13-08-2026 11:37,,,,,,,3
2289620.0,24-07-2026 10:38,,28-07-2026 15:24,,,13-08-2026 11:37,,,,,,,3
2289691.0,24-07-2026 10:38,,28-07-2026 14:26,,,,,,,,,,2
2289694.0,24-07-2026 10:38,,28-07-2026 14:26,,,,,,,,,,2
2289747.0,24-07-2026 10:38,,28-07-2026 14:26,,,,,,,,,,2
2289751.0,24-07-2026 10:38,,28-07-2026 14:26,,,,,,,,,,2
2289820.0,27-07-2026 15:42,22-07-2026 14:10,06-08-2026 16:27,20-08-2026 10:53,20-08-2026 10:52,14-08-2026 14:08,31-08-2026 12:06,,,,,,7
2289822.0,27-07-2026 15:42,22-07-2026 14:10,06-08-2026 16:27,20-08-2026 10:53,20-08-2026 10:52,14-08-2026 14:08,31-08-2026 12:06,,,,,,7
2289824.0,27-07-2026 15:42,22-07-2026 14:10,06-08-2026 16:27,20-08-2026 10:53,20-08-2026 10:52,14-08-2026 14:08,,,,,,,6
2289825.0,27-07-2026 15:42,22-07-2026 14:10,06-08-2026 16:27,20-08-2026 10:53,20-08-2026 10:52,14-08-2026 14:08,31-08-2026 12:06,,,,,,7
2289826.0,27-07-2026 15:42,22-07-2026 14:10,14-08-2026 15:04,20-08-2026 10:53,20-08-2026 10:52,19-08-2026 15:12,31-08-2026 12:06,,,,,,7
2289827.0,27-07-2026 15:42,22-07-2026 14:10,06-08-2026 16:27,20-08-2026 10:53,20-08-2026 10:52,18-08-2026 14:09,,,,,,,6
2289850.0,22-07-2026 15:03,29-07-2026 11:49,07-08-2026 13:37,25-08-2026 14:55,25-08-2026 14:55,12-08-2026 11:47,,,,,,,6
2289897.0,24-07-2026 11:36,23-07-2026 14:05,30-07-2026 10:36,,,13-08-2026 13:46,,,,,,,4
2289900.0,24-07-2026 11:36,23-07-2026 14:05,30-07-2026 10:36,,,13-08-2026 13:46,,,,,,,4
2289905.0,24-07-2026 11:36,23-07-2026 14:05,30-07-2026 10:36,,,13-08-2026 13:46,,,,,,,4
2289913.0,24-07-2026 11:36,23-07-2026 14:05,30-07-2026 10:36,,,13-08-2026 13:46,,,,,,,4
2289923.0,24-07-2026 11:36,23-07-2026 14:05,30-07-2026 10:36,,,13-08-2026 13:46,,,,,,,4
2289926.0,24-07-2026 11:36,23-07-2026 14:05,30-07-2026 10:36,,,13-08-2026 13:46,,,,,,,4
2289930.0,24-07-2026 11:36,23-07-2026 14:05,30-07-2026 10:36,,,13-08-2026 13:46,,,,,,,4
2289938.0,24-07-2026 11:36,23-07-2026 14:05,30-07-2026 10:36,,,13-08-2026 13:46,,,,,,,4
2289946.0,24-07-2026 11:36,23-07-2026 14:05,30-07-2026 10:36,,,,,,,,,,3
2289950.0,24-07-2026 11:36,23-07-2026 14:05,30-07-2026 10:36,,,13-08-2026 13:46,,,,,,,4
2289953.0,24-07-2026 11:36,23-07-2026 14:05,30-07-2026 10:36,,,13-08-2026 13:46,,,,,,,4
2289966.0,24-07-2026 11:36,23-07-2026 14:05,30-07-2026 10:36,,,,,,,,,,3
2290091.0,24-07-2026 10:46,31-07-2026 15:24,07-08-2026 15:24,,,20-08-2026 14:03,,,,,,,4
2290092.0,24-07-2026 10:46,31-07-2026 15:24,07-08-2026 15:24,,,20-08-2026 14:03,,,,,,,4
2290093.0,24-07-2026 10:46,31-07-2026 15:24,07-08-2026 15:24,,,27-08-2026 15:33,,,,,,,4
2290094.0,24-07-2026 10:46,31-07-2026 15:24,07-08-2026 15:24,,,20-08-2026 14:03,,,,,,,4
2290096.0,24-07-2026 10:46,31-07-2026 15:24,30-07-2026 15:30,,,27-08-2026 15:33,,,,,,,4
2290097.0,24-07-2026 10:46,31-07-2026 15:24,30-07-2026 15:30,,,27-08-2026 15:33,,,,,,,4
2290098.0,24-07-2026 10:46,31-07-2026 15:24,30-07-2026 15:30,,,27-08-2026 15:33,,,,,,,4
2290099.0,01-08-2026 10:40,31-07-2026 13:54,07-08-2026 11:36,,,20-08-2026 16:01,,,,,,,4
2290100.0,01-08-2026 10:40,31-07-2026 13:54,07-08-2026 11:36,,,20-08-2026 16:01,,,,,,,4
2290118.0,28-07-2026 11:35,23-07-2026 12:11,31-07-2026 11:34,17-08-2026 12:07,17-08-2026 12:06,11-08-2026 15:21,,,,,,,6
2290121.0,28-07-2026 11:35,23-07-2026 12:11,31-07-2026 11:34,17-08-2026 12:07,17-08-2026 12:06,,,,,,,,5
2290123.0,28-07-2026 11:35,23-07-2026 12:11,31-07-2026 11:34,17-08-2026 12:07,17-08-2026 12:06,,,,,,,,5
2290124.0,28-07-2026 11:35,23-07-2026 12:11,31-07-2026 11:34,17-08-2026 12:07,17-08-2026 12:06,,,,,,,,5
2290125.0,28-07-2026 11:35,23-07-2026 12:11,31-07-2026 11:34,17-08-2026 12:07,17-08-2026 12:06,,,,,,,,5
2290127.0,28-07-2026 11:35,23-07-2026 12:11,31-07-2026 11:34,17-08-2026 12:07,17-08-2026 12:06,11-08-2026 15:21,,,,,,,6
2290128.0,28-07-2026 11:35,23-07-2026 12:11,31-07-2026 11:34,17-08-2026 12:07,17-08-2026 12:06,11-08-2026 15:21,,,,,,,6
2290131.0,28-07-2026 11:35,23-07-2026 12:11,31-07-2026 11:34,17-08-2026 12:07,17-08-2026 12:06,11-08-2026 15:21,,,,,,,6
2290135.0,28-07-2026 11:35,23-07-2026 12:11,31-07-2026 11:34,17-08-2026 12:07,17-08-2026 12:06,11-08-2026 15:21,,,,,,,6
2290145.0,28-07-2026 11:35,23-07-2026 12:11,31-07-2026 11:34,17-08-2026 12:07,17-08-2026 12:06,11-08-2026 15:21,,,,,,,6
2290147.0,28-07-2026 11:35,23-07-2026 12:11,31-07-2026 11:34,17-08-2026 12:07,17-08-2026 12:06,,,,,,,,5
2290152.0,28-07-2026 11:35,23-07-2026 12:11,31-07-2026 11:34,17-08-2026 12:07,17-08-2026 12:06,11-08-2026 15:21,,,,,,,6
2290153.0,28-07-2026 11:35,23-07-2026 12:11,31-07-2026 11:34,17-08-2026 12:07,17-08-2026 12:06,11-08-2026 15:21,,,,,,,6
2290154.0,28-07-2026 11:35,23-07-2026 12:11,31-07-2026 11:34,17-08-2026 12:07,17-08-2026 12:06,11-08-2026 15:21,,,,,,,6
2290156.0,28-07-2026 11:35,23-07-2026 12:11,31-07-2026 11:34,17-08-2026 12:07,17-08-2026 12:06,11-08-2026 15:21,,,,,,,6
2290157.0,28-07-2026 11:35,23-07-2026 12:11,,17-08-2026 12:07,17-08-2026 12:06,,,,,,,,4
2290158.0,28-07-2026 11:35,23-07-2026 12:11,31-07-2026 11:34,17-08-2026 12:07,17-08-2026 12:06,11-08-2026 15:21,,,,,,,6
2290159.0,28-07-2026 11:35,23-07-2026 12:11,,17-08-2026 12:07,17-08-2026 12:06,11-08-2026 15:21,,,,,,,5
2290160.0,28-07-2026 11:35,23-07-2026 12:11,31-07-2026 11:34,17-08-2026 12:07,17-08-2026 12:06,11-08-2026 15:21,,,,,,,6
2290161.0,28-07-2026 11:35,23-07-2026 12:11,31-07-2026 11:34,17-08-2026 12:07,17-08-2026 12:06,11-08-2026 15:21,,,,,,,6
2290162.0,28-07-2026 11:35,23-07-2026 12:11,31-07-2026 11:34,17-08-2026 12:07,17-08-2026 12:06,11-08-2026 15:21,,,,,,,6
2290164.0,28-07-2026 11:35,23-07-2026 12:11,31-07-2026 11:34,17-08-2026 12:07,17-08-2026 12:06,,,,,,,,5
2290165.0,28-07-2026 11:35,23-07-2026 12:11,31-07-2026 11:34,17-08-2026 12:07,17-08-2026 12:06,11-08-2026 15:21,,,,,,,6
2290622.0,01-08-2026 10:40,31-07-2026 12:13,06-08-2026 13:53,,,07-08-2026 13:56,,,,,,,4
2291808.0,31-07-2026 13:29,28-07-2026 15:20,05-08-2026 14:03,,,11-08-2026 13:34,,,,,,,4
2291819.0,31-07-2026 14:09,28-07-2026 14:05,06-08-2026 16:28,,,11-08-2026 14:11,,,,,,,4
2291823.0,,28-07-2026 14:05,18-08-2026 15:05,25-08-2026 15:53,25-08-2026 15:52,17-08-2026 15:29,,,,,,,5
2291828.0,31-07-2026 14:09,30-07-2026 15:24,06-08-2026 16:28,,,17-08-2026 14:26,,,,,,,4
2291831.0,31-07-2026 13:29,28-07-2026 14:14,05-08-2026 14:03,,,11-08-2026 13:34,,,,,,,4
2291835.0,31-07-2026 13:29,28-07-2026 14:14,05-08-2026 14:03,,,17-08-2026 14:26,,,,,,,4
2291839.0,31-07-2026 14:09,28-07-2026 14:09,06-08-2026 16:28,,,17-08-2026 14:26,,,,,,,4
2291843.0,31-07-2026 14:09,28-07-2026 14:05,06-08-2026 16:28,,,11-08-2026 14:11,,,,,,,4
2291846.0,31-07-2026 14:09,28-07-2026 14:09,06-08-2026 16:28,,,17-08-2026 14:26,,,,,,,4
2291857.0,30-07-2026 11:42,29-07-2026 11:49,27-07-2026 14:16,25-08-2026 12:26,25-08-2026 12:25,05-08-2026 14:17,,,,,,,6
2291887.0,31-07-2026 14:09,28-07-2026 14:05,06-08-2026 16:28,,,17-08-2026 14:26,,,,,,,4
2291902.0,31-07-2026 14:09,28-07-2026 14:09,06-08-2026 16:28,,,17-08-2026 14:26,,,,,,,4
2291920.0,31-07-2026 14:09,28-07-2026 14:05,06-08-2026 16:28,,,17-08-2026 14:26,,,,,,,4
2291937.0,31-07-2026 14:09,28-07-2026 14:09,06-08-2026 16:28,,,11-08-2026 14:11,,,,,,,4
2291952.0,31-07-2026 14:09,28-07-2026 14:09,06-08-2026 16:28,,,11-08-2026 14:11,,,,,,,4
2291960.0,31-07-2026 14:09,28-07-2026 14:05,06-08-2026 16:28,,,17-08-2026 14:26,,,,,,,4
2291980.0,31-07-2026 14:09,28-07-2026 14:05,06-08-2026 16:28,,,11-08-2026 14:11,,,,,,,4
2292035.0,29-07-2026 11:57,27-07-2026 16:20,04-08-2026 16:27,18-08-2026 16:20,18-08-2026 16:18,11-08-2026 16:23,,,,,,,6
2292040.0,31-07-2026 12:38,28-07-2026 15:52,04-08-2026 12:13,18-08-2026 12:14,18-08-2026 12:12,12-08-2026 12:45,,,,,,,6
2292049.0,31-07-2026 14:09,28-07-2026 14:09,06-08-2026 16:28,,,11-08-2026 14:11,,,,,,,4
2292050.0,31-07-2026 14:09,28-07-2026 14:05,06-08-2026 16:28,,,11-08-2026 14:11,,,,,,,4
2292568.0,06-08-2026 15:17,31-07-2026 10:37,30-07-2026 10:39,14-08-2026 11:03,,20-08-2026 10:39,,,,,,,5
2292569.0,06-08-2026 15:17,31-07-2026 10:37,30-07-2026 10:39,14-08-2026 11:03,14-08-2026 11:02,20-08-2026 10:39,,,,,,,6
2292573.0,06-08-2026 15:17,31-07-2026 10:37,30-07-2026 10:39,14-08-2026 11:03,14-08-2026 11:02,20-08-2026 10:39,,,,,,,6
2292576.0,06-08-2026 15:17,31-07-2026 10:37,30-07-2026 10:39,14-08-2026 11:03,14-08-2026 11:02,20-08-2026 10:39,,,,,,,6
2292596.0,06-08-2026 15:17,31-07-2026 10:37,30-07-2026 10:39,14-08-2026 11:03,14-08-2026 11:02,20-08-2026 10:39,,,,,,,6
2292599.0,06-08-2026 15:17,31-07-2026 10:37,07-08-2026 10:43,14-08-2026 11:03,14-08-2026 11:02,20-08-2026 10:39,,,,,,,6
2292606.0,06-08-2026 15:17,31-07-2026 10:37,30-07-2026 10:39,14-08-2026 11:03,14-08-2026 11:02,20-08-2026 10:39,,,,,,,6
2292610.0,06-08-2026 15:17,31-07-2026 10:37,30-07-2026 10:39,,,27-08-2026 10:40,,,,,,,4
2292615.0,06-08-2026 15:17,31-07-2026 10:37,30-07-2026 10:39,14-08-2026 11:03,14-08-2026 11:02,20-08-2026 10:39,,,,,,,6
2292618.0,06-08-2026 15:17,31-07-2026 10:37,30-07-2026 10:39,14-08-2026 11:03,14-08-2026 11:02,20-08-2026 10:39,,,,,,,6
2292620.0,06-08-2026 15:17,31-07-2026 10:37,07-08-2026 10:43,,,20-08-2026 10:39,,,,,,,4
2292623.0,06-08-2026 10:34,31-07-2026 10:37,07-08-2026 10:43,,,27-08-2026 10:40,,,,,,,4
2292629.0,06-08-2026 10:34,31-07-2026 10:37,07-08-2026 10:43,,,27-08-2026 10:40,,,,,,,4
2292635.0,06-08-2026 10:34,31-07-2026 10:37,07-08-2026 10:43,,,27-08-2026 10:40,,,,,,,4
2292641.0,06-08-2026 10:34,31-07-2026 10:37,07-08-2026 10:43,,,27-08-2026 10:40,,,,,,,4
2292647.0,06-08-2026 10:34,31-07-2026 10:37,07-08-2026 10:43,,,27-08-2026 10:40,,,,,,,4
2292656.0,06-08-2026 10:34,31-07-2026 10:37,07-08-2026 10:43,,,27-08-2026 10:40,,,,,,,4
2292660.0,06-08-2026 10:34,31-07-2026 10:37,07-08-2026 10:43,,,27-08-2026 10:40,,,,,,,4
2292663.0,06-08-2026 10:34,31-07-2026 10:37,07-08-2026 10:43,,,27-08-2026 10:40,,,,,,,4
2292687.0,06-08-2026 10:34,31-07-2026 10:37,07-08-2026 10:43,,,27-08-2026 10:40,,,,,,,4
2292689.0,06-08-2026 10:34,31-07-2026 10:37,07-08-2026 10:43,,,27-08-2026 10:40,,,,,,,4
2292691.0,06-08-2026 10:34,31-07-2026 10:37,07-08-2026 10:43,,,27-08-2026 10:40,,,,,,,4
2293073.0,28-07-2026 14:56,27-07-2026 16:20,01-08-2026 15:26,18-08-2026 12:14,18-08-2026 12:12,12-08-2026 12:45,,,,,,,6
2293076.0,31-07-2026 12:38,28-07-2026 15:52,01-08-2026 15:26,18-08-2026 12:14,18-08-2026 12:12,12-08-2026 12:45,,,,,,,6
2293077.0,28-07-2026 14:56,27-07-2026 16:20,01-08-2026 15:26,18-08-2026 12:14,18-08-2026 12:12,12-08-2026 12:45,,,,,,,6
2293079.0,31-07-2026 12:38,28-07-2026 15:52,01-08-2026 15:26,29-08-2026 11:17,29-08-2026 11:37,12-08-2026 12:45,,,,,,,6
2293082.0,28-07-2026 14:56,27-07-2026 16:20,01-08-2026 15:26,18-08-2026 12:14,18-08-2026 12:12,12-08-2026 12:45,,,,,,,6
2293084.0,28-07-2026 14:56,27-07-2026 16:20,01-08-2026 15:26,18-08-2026 12:14,18-08-2026 12:12,12-08-2026 12:45,,,,,,,6
2293088.0,28-07-2026 14:56,27-07-2026 16:20,01-08-2026 15:26,18-08-2026 12:14,18-08-2026 12:12,12-08-2026 12:45,,,,,,,6
2293090.0,31-07-2026 12:38,27-07-2026 16:20,01-08-2026 15:26,18-08-2026 12:14,18-08-2026 12:12,12-08-2026 14:21,,,,,,,6
2293099.0,28-07-2026 14:56,27-07-2026 16:20,01-08-2026 15:26,29-08-2026 11:17,29-08-2026 11:11,12-08-2026 12:45,,,,,,,6
2293103.0,12-08-2026 15:46,28-07-2026 15:52,14-08-2026 12:41,29-08-2026 11:17,29-08-2026 11:37,18-08-2026 14:09,,,,,,,6
2293169.0,29-07-2026 12:45,28-07-2026 15:52,14-08-2026 12:41,19-08-2026 11:04,19-08-2026 11:01,12-08-2026 14:21,,,,,,,6
2293171.0,31-07-2026 12:38,28-07-2026 15:52,01-08-2026 15:26,29-08-2026 11:17,29-08-2026 11:37,12-08-2026 12:45,,,,,,,6
2293175.0,29-07-2026 12:45,28-07-2026 15:52,04-08-2026 12:13,29-08-2026 11:17,29-08-2026 11:37,12-08-2026 14:21,31-08-2026 15:56,,,,,,7
2293178.0,29-07-2026 12:45,28-07-2026 15:52,04-08-2026 12:13,19-08-2026 11:04,19-08-2026 11:01,12-08-2026 14:21,31-08-2026 15:56,,,,,,7
2293180.0,29-07-2026 12:45,28-07-2026 15:52,04-08-2026 12:13,19-08-2026 11:04,19-08-2026 11:01,12-08-2026 14:21,31-08-2026 15:56,,,,,,7
2293188.0,31-07-2026 12:38,28-07-2026 15:52,14-08-2026 12:41,19-08-2026 11:04,19-08-2026 11:01,12-08-2026 14:21,31-08-2026 15:56,,,,,,7
2293189.0,29-07-2026 12:45,28-07-2026 15:52,14-08-2026 12:41,19-08-2026 11:04,19-08-2026 11:01,18-08-2026 14:09,31-08-2026 15:56,,,,,,7
2293198.0,29-07-2026 12:45,28-07-2026 15:52,04-08-2026 12:13,29-08-2026 11:17,29-08-2026 11:11,12-08-2026 14:21,31-08-2026 15:56,,,,,,7
2293200.0,29-07-2026 12:45,28-07-2026 15:52,04-08-2026 12:13,19-08-2026 11:04,19-08-2026 11:01,12-08-2026 14:21,31-08-2026 15:56,,,,,,7
2293201.0,18-08-2026 14:56,28-07-2026 15:52,29-08-2026 13:55,,,31-08-2026 14:04,,,,,,,4
2293202.0,29-07-2026 11:57,27-07-2026 16:20,04-08-2026 16:27,18-08-2026 16:20,18-08-2026 16:18,11-08-2026 16:23,,,,,,,6
2293205.0,29-07-2026 11:57,27-07-2026 16:20,14-08-2026 15:04,18-08-2026 16:20,18-08-2026 16:18,13-08-2026 16:29,,,,,,,6
2293206.0,29-07-2026 11:57,27-07-2026 16:20,04-08-2026 16:27,18-08-2026 16:20,18-08-2026 16:18,11-08-2026 16:23,,,,,,,6
2293208.0,29-07-2026 11:57,27-07-2026 16:20,04-08-2026 16:27,18-08-2026 16:20,18-08-2026 16:18,11-08-2026 16:23,,,,,,,6
2293210.0,29-07-2026 11:57,27-07-2026 16:20,05-08-2026 16:28,27-08-2026 16:16,27-08-2026 16:12,19-08-2026 15:12,,,,,,,6
2293211.0,29-07-2026 11:57,27-07-2026 16:20,04-08-2026 16:27,18-08-2026 16:20,18-08-2026 16:18,11-08-2026 16:23,,,,,,,6
2293214.0,30-07-2026 14:49,27-07-2026 16:20,06-08-2026 15:39,20-08-2026 12:43,20-08-2026 12:40,13-08-2026 16:29,,,,,,,6
2293215.0,30-07-2026 14:49,27-07-2026 16:20,05-08-2026 16:28,20-08-2026 12:43,20-08-2026 12:40,13-08-2026 16:29,,,,,,,6
2293216.0,30-07-2026 14:49,27-07-2026 16:20,05-08-2026 16:28,20-08-2026 12:43,20-08-2026 12:40,13-08-2026 16:29,,,,,,,6
2293218.0,30-07-2026 14:49,27-07-2026 16:20,05-08-2026 16:28,20-08-2026 12:43,20-08-2026 12:40,13-08-2026 16:29,,,,,,,6
2293220.0,30-07-2026 14:49,27-07-2026 16:20,05-08-2026 16:28,20-08-2026 12:43,20-08-2026 12:40,11-08-2026 16:23,,,,,,,6
2293223.0,30-07-2026 14:49,27-07-2026 16:20,05-08-2026 16:28,20-08-2026 12:43,20-08-2026 12:40,13-08-2026 16:29,,,,,,,6
2293225.0,31-07-2026 12:38,27-07-2026 16:20,06-08-2026 15:39,,,18-08-2026 14:09,,,,,,,4
2293227.0,30-07-2026 14:49,27-07-2026 16:20,06-08-2026 15:39,20-08-2026 12:43,20-08-2026 12:40,13-08-2026 16:29,,,,,,,6
2293229.0,31-07-2026 12:38,27-07-2026 16:20,05-08-2026 16:28,20-08-2026 12:43,20-08-2026 12:40,13-08-2026 16:29,,,,,,,6
2293240.0,31-07-2026 12:38,28-07-2026 15:52,01-08-2026 16:23,25-08-2026 12:39,25-08-2026 12:37,07-08-2026 16:27,,,,,,,6
2293241.0,04-08-2026 14:04,28-07-2026 15:52,06-08-2026 14:11,25-08-2026 12:39,25-08-2026 12:37,13-08-2026 14:08,,,,,,,6
2293242.0,31-07-2026 12:38,28-07-2026 15:52,01-08-2026 16:23,25-08-2026 12:39,25-08-2026 12:37,13-08-2026 14:08,,,,,,,6
2293243.0,31-07-2026 12:38,28-07-2026 15:52,05-08-2026 14:09,25-08-2026 12:39,25-08-2026 12:37,07-08-2026 16:27,,,,,,,6
2293245.0,31-07-2026 12:38,28-07-2026 15:52,05-08-2026 14:09,25-08-2026 12:39,25-08-2026 12:37,07-08-2026 16:27,,,,,,,6
2293252.0,12-08-2026 15:46,07-08-2026 15:36,14-08-2026 12:41,25-08-2026 12:39,25-08-2026 12:37,19-08-2026 15:12,,,,,,,6
2293254.0,31-07-2026 12:38,28-07-2026 15:52,06-08-2026 14:11,25-08-2026 14:30,25-08-2026 14:28,13-08-2026 14:57,,,,,,,6
2293257.0,31-07-2026 12:38,28-07-2026 15:52,06-08-2026 14:11,25-08-2026 14:30,25-08-2026 14:28,13-08-2026 14:57,,,,,,,6
2293258.0,31-07-2026 14:09,28-07-2026 14:05,06-08-2026 16:28,,,11-08-2026 14:11,,,,,,,4
2293260.0,27-07-2026 12:34,07-08-2026 15:36,29-08-2026 13:55,,,31-08-2026 14:04,,,,,,,4
2293261.0,31-07-2026 14:09,28-07-2026 14:09,06-08-2026 16:28,,,17-08-2026 14:26,,,,,,,4
2293263.0,31-07-2026 12:38,28-07-2026 15:52,06-08-2026 14:11,25-08-2026 14:30,25-08-2026 14:28,07-08-2026 16:27,,,,,,,6
2293264.0,31-07-2026 14:09,28-07-2026 14:05,06-08-2026 16:28,,,17-08-2026 14:26,,,,,,,4
2293266.0,31-07-2026 14:09,28-07-2026 14:09,06-08-2026 16:28,,,17-08-2026 14:26,,,,,,,4
2293269.0,31-07-2026 14:09,28-07-2026 14:09,06-08-2026 16:28,,,17-08-2026 14:26,,,,,,,4
2293270.0,29-07-2026 14:52,28-07-2026 15:52,29-08-2026 13:55,,,11-08-2026 12:44,,,,,,,4
2293272.0,31-07-2026 14:09,28-07-2026 14:09,06-08-2026 16:28,,,11-08-2026 14:11,,,,,,,4
2293274.0,31-07-2026 14:09,30-07-2026 15:24,06-08-2026 16:28,,,11-08-2026 14:11,,,,,,,4
2293275.0,30-07-2026 12:35,28-07-2026 15:52,05-08-2026 15:01,24-08-2026 15:36,25-08-2026 15:48,11-08-2026 15:01,,,,,,,6
2293277.0,31-07-2026 14:09,28-07-2026 14:05,06-08-2026 16:28,,,17-08-2026 14:26,,,,,,,4
2293278.0,30-07-2026 12:35,28-07-2026 15:52,06-08-2026 15:39,24-08-2026 15:36,25-08-2026 15:48,11-08-2026 12:44,,,,,,,6
2293280.0,31-07-2026 14:09,28-07-2026 14:09,06-08-2026 16:28,,,11-08-2026 14:11,,,,,,,4
2293282.0,31-07-2026 15:20,28-07-2026 14:05,07-08-2026 17:05,,,11-08-2026 14:22,,,,,,,4
2293284.0,31-07-2026 14:04,28-07-2026 14:09,06-08-2026 13:41,,,11-08-2026 15:16,,,,,,,4
2293286.0,31-07-2026 15:20,28-07-2026 14:05,07-08-2026 17:05,,,11-08-2026 14:22,,,,,,,4
2293287.0,31-07-2026 15:20,28-07-2026 14:09,07-08-2026 17:05,,,11-08-2026 14:22,,,,,,,4
2293288.0,31-07-2026 14:04,28-07-2026 14:05,06-08-2026 13:41,,,11-08-2026 15:16,,,,,,,4
2293289.0,31-07-2026 14:04,28-07-2026 14:09,06-08-2026 13:41,,,18-08-2026 16:51,,,,,,,4
2293291.0,13-08-2026 15:11,28-07-2026 14:09,06-08-2026 13:41,,,18-08-2026 16:51,,,,,,,4
2293292.0,31-07-2026 14:04,28-07-2026 14:05,06-08-2026 13:41,,,18-08-2026 16:51,,,,,,,4
2293293.0,31-07-2026 14:04,28-07-2026 14:05,06-08-2026 13:41,,,11-08-2026 15:16,,,,,,,4
2293294.0,31-07-2026 14:04,28-07-2026 14:09,06-08-2026 13:41,,,18-08-2026 16:51,,,,,,,4
2293295.0,31-07-2026 14:04,28-07-2026 14:09,06-08-2026 13:41,,,18-08-2026 16:51,,,,,,,4
2293296.0,31-07-2026 14:04,28-07-2026 14:09,06-08-2026 13:41,,,11-08-2026 15:16,,,,,,,4
2293297.0,31-07-2026 14:04,30-07-2026 15:24,06-08-2026 13:41,,,11-08-2026 15:16,,,,,,,4
2293298.0,13-08-2026 14:43,28-07-2026 14:09,06-08-2026 16:28,,,17-08-2026 14:26,,,,,,,4
2293299.0,31-07-2026 14:04,28-07-2026 14:09,07-08-2026 17:05,,,18-08-2026 16:51,,,,,,,4
2293416.0,27-07-2026 11:58,,05-08-2026 15:08,25-08-2026 14:31,25-08-2026 14:30,18-08-2026 14:49,,,,,,,5
2293417.0,30-07-2026 14:13,,01-08-2026 10:54,20-08-2026 14:14,20-08-2026 14:14,13-08-2026 14:06,,,,,,,5
2293419.0,27-07-2026 11:58,,05-08-2026 15:08,25-08-2026 14:31,25-08-2026 14:30,18-08-2026 14:49,,,,,,,5
2293421.0,30-07-2026 15:52,,01-08-2026 10:54,20-08-2026 14:14,20-08-2026 14:14,13-08-2026 14:06,,,,,,,5
2293424.0,27-07-2026 11:58,,05-08-2026 15:08,25-08-2026 14:31,25-08-2026 14:30,18-08-2026 14:49,,,,,,,5
2293426.0,30-07-2026 14:13,,06-08-2026 14:51,20-08-2026 14:14,20-08-2026 14:14,13-08-2026 14:06,,,,,,,5
2293429.0,30-07-2026 14:13,,01-08-2026 10:54,20-08-2026 15:36,20-08-2026 15:35,,,,,,,,4
2293432.0,28-07-2026 15:54,,05-08-2026 10:58,25-08-2026 12:12,25-08-2026 12:10,18-08-2026 11:56,,,,,,,5
2293436.0,30-07-2026 14:13,,01-08-2026 10:54,20-08-2026 14:14,20-08-2026 14:14,13-08-2026 14:06,,,,,,,5
2293437.0,28-07-2026 15:54,,05-08-2026 10:58,31-08-2026 12:18,31-08-2026 12:17,,,,,,,,4
2293443.0,30-07-2026 15:52,,01-08-2026 10:54,20-08-2026 15:36,20-08-2026 15:35,,,,,,,,4
2293444.0,28-07-2026 15:54,,05-08-2026 10:58,25-08-2026 12:12,25-08-2026 12:10,18-08-2026 11:56,,,,,,,5
2293623.0,31-07-2026 15:14,28-07-2026 15:24,14-08-2026 15:20,,31-08-2026 13:43,11-08-2026 13:35,,,,,,,5
2293625.0,31-07-2026 15:14,28-07-2026 15:24,06-08-2026 15:22,,31-08-2026 13:43,11-08-2026 13:35,,,,,,,5
2293626.0,31-07-2026 15:14,30-07-2026 15:24,06-08-2026 15:22,,31-08-2026 13:43,11-08-2026 13:35,,,,,,,5
2293627.0,31-07-2026 15:14,28-07-2026 15:24,06-08-2026 15:22,,31-08-2026 13:43,11-08-2026 13:35,,,,,,,5
2293629.0,31-07-2026 15:14,28-07-2026 15:24,06-08-2026 15:22,,31-08-2026 13:43,11-08-2026 13:35,,,,,,,5
2293631.0,31-07-2026 15:14,28-07-2026 15:24,06-08-2026 15:22,,31-08-2026 13:43,11-08-2026 13:35,,,,,,,5
2293633.0,31-07-2026 15:14,28-07-2026 15:24,06-08-2026 15:22,,31-08-2026 13:43,17-08-2026 14:26,,,,,,,5
2293635.0,31-07-2026 15:14,28-07-2026 15:24,06-08-2026 15:22,,31-08-2026 13:43,11-08-2026 13:35,,,,,,,5
2293637.0,31-07-2026 15:14,28-07-2026 15:24,06-08-2026 15:22,,31-08-2026 13:43,11-08-2026 13:35,,,,,,,5
2293638.0,31-07-2026 15:14,28-07-2026 15:24,06-08-2026 15:22,,,17-08-2026 14:26,,,,,,,4
2293706.0,29-07-2026 10:34,30-07-2026 13:49,27-07-2026 16:02,19-08-2026 15:26,19-08-2026 15:25,12-08-2026 10:43,,,,,,,6
2293707.0,29-07-2026 12:13,30-07-2026 14:40,,,,06-08-2026 11:34,,,,,,,3
2293726.0,29-07-2026 10:34,30-07-2026 13:49,29-07-2026 15:20,29-08-2026 11:28,29-08-2026 11:29,06-08-2026 15:34,,,,,,,6
2293727.0,29-07-2026 10:34,30-07-2026 13:49,29-07-2026 15:20,29-08-2026 11:28,29-08-2026 11:29,06-08-2026 15:34,,,,,,,6
2293728.0,29-07-2026 10:34,30-07-2026 13:49,04-08-2026 14:03,19-08-2026 15:26,19-08-2026 15:25,06-08-2026 15:34,,,,,,,6
2293729.0,29-07-2026 10:34,30-07-2026 13:49,04-08-2026 14:03,19-08-2026 12:26,19-08-2026 12:24,12-08-2026 10:43,,,,,,,6
2293730.0,29-07-2026 10:34,30-07-2026 13:49,29-07-2026 15:20,19-08-2026 15:26,19-08-2026 15:25,06-08-2026 15:34,,,,,,,6
2293732.0,29-07-2026 12:13,30-07-2026 14:40,,,,06-08-2026 11:34,27-08-2026 12:17,,,,,,4
2293742.0,29-07-2026 12:13,30-07-2026 14:40,27-07-2026 15:28,,,12-08-2026 10:43,27-08-2026 13:57,,,,,,5
2293745.0,,,05-08-2026 15:56,25-08-2026 14:31,25-08-2026 14:30,18-08-2026 14:49,,,,,,,4
2293746.0,,,05-08-2026 15:56,31-08-2026 12:18,31-08-2026 12:17,18-08-2026 14:49,,,,,,,4
2293747.0,,,05-08-2026 15:08,25-08-2026 14:31,25-08-2026 14:30,18-08-2026 15:51,,,,,,,4
2293751.0,,,05-08-2026 15:08,25-08-2026 14:31,25-08-2026 14:30,18-08-2026 14:49,,,,,,,4
2293755.0,,,05-08-2026 15:56,31-08-2026 12:18,31-08-2026 12:17,18-08-2026 14:49,,,,,,,4
2293757.0,,,05-08-2026 15:56,31-08-2026 12:18,31-08-2026 12:17,18-08-2026 14:49,,,,,,,4
2293768.0,,,05-08-2026 15:08,25-08-2026 14:31,25-08-2026 14:30,18-08-2026 15:51,,,,,,,4
2293771.0,,,05-08-2026 15:08,31-08-2026 12:18,31-08-2026 12:17,18-08-2026 15:51,,,,,,,4
2293796.0,31-07-2026 15:14,28-07-2026 15:24,06-08-2026 15:22,,31-08-2026 13:43,11-08-2026 13:35,,,,,,,5
2293798.0,13-08-2026 14:43,28-07-2026 15:24,06-08-2026 15:22,,31-08-2026 13:43,11-08-2026 13:35,,,,,,,5
2293799.0,31-07-2026 15:14,28-07-2026 15:24,06-08-2026 15:22,,31-08-2026 13:43,11-08-2026 13:35,,,,,,,5
2293800.0,31-07-2026 15:14,28-07-2026 15:24,06-08-2026 15:22,,,11-08-2026 13:35,,,,,,,4
2293801.0,31-07-2026 15:14,28-07-2026 15:24,06-08-2026 15:22,,31-08-2026 13:43,11-08-2026 13:35,,,,,,,5
2293803.0,31-07-2026 15:14,28-07-2026 15:24,06-08-2026 15:22,,,11-08-2026 13:35,,,,,,,4
2293806.0,13-08-2026 14:43,28-07-2026 15:24,06-08-2026 15:22,,31-08-2026 13:43,11-08-2026 13:35,,,,,,,5
2293807.0,13-08-2026 14:43,28-07-2026 15:24,06-08-2026 15:22,,31-08-2026 13:43,11-08-2026 13:35,,,,,,,5
2293808.0,31-07-2026 15:14,30-07-2026 15:24,14-08-2026 15:20,,31-08-2026 13:43,17-08-2026 14:26,,,,,,,5
2293809.0,31-07-2026 15:14,28-07-2026 15:24,06-08-2026 15:22,,31-08-2026 13:43,11-08-2026 13:35,,,,,,,5
2293810.0,31-07-2026 15:14,28-07-2026 15:24,06-08-2026 15:22,,31-08-2026 13:43,11-08-2026 13:35,,,,,,,5
2293811.0,31-07-2026 15:14,28-07-2026 15:24,14-08-2026 15:20,,,17-08-2026 14:26,,,,,,,4
2293812.0,31-07-2026 15:14,30-07-2026 15:24,06-08-2026 15:22,,31-08-2026 13:43,11-08-2026 13:35,,,,,,,5
2293813.0,31-07-2026 15:14,28-07-2026 15:24,06-08-2026 15:22,,31-08-2026 13:43,11-08-2026 13:35,,,,,,,5
2293814.0,31-07-2026 15:14,28-07-2026 15:24,06-08-2026 15:22,,31-08-2026 13:43,11-08-2026 13:35,,,,,,,5
2293815.0,31-07-2026 15:14,28-07-2026 15:24,06-08-2026 15:22,,31-08-2026 13:43,17-08-2026 14:26,,,,,,,5
2293816.0,31-07-2026 15:14,30-07-2026 15:24,06-08-2026 15:22,,31-08-2026 13:43,11-08-2026 13:35,,,,,,,5
2293817.0,31-07-2026 15:14,30-07-2026 15:24,06-08-2026 15:22,,31-08-2026 13:43,11-08-2026 13:35,,,,,,,5
2293818.0,31-07-2026 15:14,30-07-2026 15:24,06-08-2026 15:22,,31-08-2026 13:43,11-08-2026 13:35,,,,,,,5
2293819.0,31-07-2026 15:14,30-07-2026 15:24,06-08-2026 15:22,,31-08-2026 13:43,11-08-2026 13:35,,,,,,,5
2293821.0,31-07-2026 15:14,30-07-2026 15:24,06-08-2026 15:22,,31-08-2026 13:43,17-08-2026 14:26,,,,,,,5
2293822.0,31-07-2026 15:14,30-07-2026 15:24,14-08-2026 15:20,,31-08-2026 13:43,11-08-2026 13:35,,,,,,,5
2293823.0,31-07-2026 15:14,30-07-2026 15:24,06-08-2026 15:22,,,11-08-2026 13:35,,,,,,,4
2293824.0,31-07-2026 15:14,30-07-2026 15:24,06-08-2026 15:22,,31-08-2026 13:43,11-08-2026 13:35,,,,,,,5
2293825.0,31-07-2026 15:14,30-07-2026 15:24,06-08-2026 15:22,,31-08-2026 13:43,11-08-2026 13:35,,,,,,,5
2293827.0,13-08-2026 14:43,30-07-2026 15:24,06-08-2026 15:22,,31-08-2026 13:43,11-08-2026 13:35,,,,,,,5
2293833.0,31-07-2026 15:14,30-07-2026 15:24,06-08-2026 15:22,,31-08-2026 13:43,11-08-2026 13:35,,,,,,,5
2293835.0,13-08-2026 14:43,30-07-2026 15:24,06-08-2026 15:22,,31-08-2026 13:43,11-08-2026 13:35,,,,,,,5
2293909.0,31-07-2026 13:29,28-07-2026 14:14,05-08-2026 14:03,,,11-08-2026 13:34,,,,,,,4
2293910.0,31-07-2026 13:29,28-07-2026 15:20,05-08-2026 14:03,,,11-08-2026 13:34,,,,,,,4
2293930.0,31-07-2026 13:29,28-07-2026 14:14,05-08-2026 14:03,,,11-08-2026 13:34,,,,,,,4
2293932.0,31-07-2026 14:09,28-07-2026 14:14,06-08-2026 16:28,,,11-08-2026 14:11,,,,,,,4
2293934.0,31-07-2026 13:29,30-07-2026 15:24,05-08-2026 14:03,,,11-08-2026 13:34,,,,,,,4
2293936.0,31-07-2026 13:29,28-07-2026 15:20,05-08-2026 14:03,,,17-08-2026 14:26,,,,,,,4
2293938.0,31-07-2026 13:29,28-07-2026 15:20,05-08-2026 14:03,,,11-08-2026 13:34,,,,,,,4
2293940.0,31-07-2026 15:14,28-07-2026 14:14,14-08-2026 15:20,,31-08-2026 13:43,11-08-2026 13:35,,,,,,,5
2293942.0,31-07-2026 15:20,28-07-2026 14:14,07-08-2026 17:05,,,11-08-2026 14:22,,,,,,,4
2293944.0,31-07-2026 15:20,28-07-2026 14:14,07-08-2026 17:05,,,11-08-2026 14:22,,,,,,,4
2293945.0,31-07-2026 13:29,30-07-2026 15:24,05-08-2026 14:03,,,11-08-2026 13:34,,,,,,,4
2293946.0,31-07-2026 13:29,28-07-2026 15:20,05-08-2026 14:03,,,11-08-2026 13:34,,,,,,,4
2293948.0,31-07-2026 13:29,28-07-2026 14:14,05-08-2026 14:03,,,11-08-2026 13:34,,,,,,,4
2293950.0,31-07-2026 15:20,28-07-2026 14:14,07-08-2026 17:05,,,11-08-2026 14:22,,,,,,,4
2293951.0,31-07-2026 14:04,30-07-2026 15:24,06-08-2026 13:41,,,11-08-2026 15:16,,,,,,,4
2293953.0,31-07-2026 13:29,28-07-2026 15:20,05-08-2026 14:03,,,11-08-2026 13:34,,,,,,,4
2293955.0,31-07-2026 13:29,28-07-2026 15:20,05-08-2026 14:03,,,11-08-2026 13:34,,,,,,,4
2293956.0,31-07-2026 13:29,28-07-2026 14:14,05-08-2026 14:03,,,11-08-2026 13:34,,,,,,,4
2293957.0,31-07-2026 14:04,28-07-2026 14:09,06-08-2026 13:41,,,11-08-2026 15:16,,,,,,,4
2293960.0,31-07-2026 15:20,28-07-2026 14:14,07-08-2026 17:05,,,11-08-2026 14:22,,,,,,,4
2293962.0,31-07-2026 13:29,28-07-2026 14:14,05-08-2026 14:03,,,17-08-2026 14:26,,,,,,,4
2293963.0,31-07-2026 15:14,28-07-2026 15:20,06-08-2026 15:22,,31-08-2026 13:43,11-08-2026 13:35,,,,,,,5
2293965.0,31-07-2026 14:04,28-07-2026 14:09,06-08-2026 13:41,,,11-08-2026 15:16,,,,,,,4
2293968.0,31-07-2026 15:20,28-07-2026 14:14,07-08-2026 17:05,,,11-08-2026 14:22,,,,,,,4
2293970.0,31-07-2026 14:04,28-07-2026 14:09,06-08-2026 13:41,,,11-08-2026 15:16,,,,,,,4
2293973.0,31-07-2026 13:29,28-07-2026 14:14,05-08-2026 14:03,,,11-08-2026 13:34,,,,,,,4
2293990.0,31-07-2026 13:29,28-07-2026 14:14,05-08-2026 14:03,,,11-08-2026 13:34,,,,,,,4
2294002.0,31-07-2026 13:29,28-07-2026 14:14,05-08-2026 14:03,,,17-08-2026 14:26,,,,,,,4
2294005.0,31-07-2026 15:20,28-07-2026 14:14,07-08-2026 17:05,,,11-08-2026 14:22,,,,,,,4
2294006.0,31-07-2026 15:14,28-07-2026 14:14,06-08-2026 15:22,,31-08-2026 13:43,11-08-2026 13:35,,,,,,,5
2294008.0,31-07-2026 13:29,28-07-2026 14:14,05-08-2026 14:03,,,11-08-2026 13:34,,,,,,,4
2294010.0,31-07-2026 15:20,28-07-2026 15:20,07-08-2026 17:05,,,11-08-2026 14:22,,,,,,,4
2294014.0,31-07-2026 13:29,28-07-2026 15:20,05-08-2026 14:03,,,11-08-2026 14:22,,,,,,,4
2294015.0,31-07-2026 13:29,28-07-2026 14:14,05-08-2026 14:03,,,11-08-2026 13:34,,,,,,,4
2294019.0,31-07-2026 14:04,28-07-2026 14:05,06-08-2026 13:41,,,11-08-2026 15:16,,,,,,,4
2294020.0,31-07-2026 15:14,28-07-2026 14:14,06-08-2026 15:22,,31-08-2026 13:43,11-08-2026 13:35,,,,,,,5
2294024.0,31-07-2026 15:20,28-07-2026 15:20,07-08-2026 17:05,,,11-08-2026 14:22,,,,,,,4
2294025.0,31-07-2026 14:04,28-07-2026 14:14,07-08-2026 17:05,,,11-08-2026 14:11,,,,,,,4
2294028.0,31-07-2026 15:20,28-07-2026 15:20,07-08-2026 17:05,,,11-08-2026 14:22,,,,,,,4
2294030.0,31-07-2026 15:20,28-07-2026 15:20,07-08-2026 17:05,,,11-08-2026 14:22,,,,,,,4
2294031.0,31-07-2026 14:04,28-07-2026 14:05,06-08-2026 13:41,,,18-08-2026 16:51,,,,,,,4
2294032.0,13-08-2026 14:43,28-07-2026 15:20,05-08-2026 14:03,,,11-08-2026 13:34,,,,,,,4
2294034.0,31-07-2026 14:04,28-07-2026 14:05,06-08-2026 13:41,,,18-08-2026 16:51,,,,,,,4
2294035.0,13-08-2026 15:11,28-07-2026 15:20,06-08-2026 13:41,,,11-08-2026 15:16,,,,,,,4
2294036.0,13-08-2026 14:43,28-07-2026 14:09,06-08-2026 13:41,,,17-08-2026 14:26,,,,,,,4
2294037.0,31-07-2026 13:29,30-07-2026 15:24,05-08-2026 14:03,,,11-08-2026 13:34,,,,,,,4
2294038.0,31-07-2026 14:04,28-07-2026 14:05,06-08-2026 13:41,,,18-08-2026 16:51,,,,,,,4
2294039.0,31-07-2026 14:04,28-07-2026 14:09,06-08-2026 13:41,,,11-08-2026 15:16,,,,,,,4
2294041.0,31-07-2026 13:29,28-07-2026 14:14,05-08-2026 14:03,,,11-08-2026 13:34,,,,,,,4
2294042.0,31-07-2026 14:04,28-07-2026 14:09,06-08-2026 13:41,,,11-08-2026 15:16,,,,,,,4
2294044.0,31-07-2026 14:04,28-07-2026 14:05,06-08-2026 13:41,,,11-08-2026 15:16,,,,,,,4
2294046.0,13-08-2026 15:11,28-07-2026 15:20,05-08-2026 14:03,,,11-08-2026 15:16,,,,,,,4
2294048.0,13-08-2026 15:11,28-07-2026 14:09,06-08-2026 13:41,,,11-08-2026 15:16,,,,,,,4
2294050.0,31-07-2026 13:29,28-07-2026 15:20,05-08-2026 14:03,,,11-08-2026 13:34,,,,,,,4
2294051.0,31-07-2026 14:04,28-07-2026 14:05,06-08-2026 13:41,,,11-08-2026 15:16,,,,,,,4
2294056.0,13-08-2026 14:43,28-07-2026 15:20,05-08-2026 14:03,,,11-08-2026 13:34,,,,,,,4
2294070.0,31-07-2026 14:04,28-07-2026 14:09,06-08-2026 13:41,,,18-08-2026 16:51,,,,,,,4
2294071.0,31-07-2026 14:04,28-07-2026 14:14,06-08-2026 13:41,,,18-08-2026 16:51,,,,,,,4
2294077.0,31-07-2026 14:09,30-07-2026 15:24,06-08-2026 16:28,,,11-08-2026 14:11,,,,,,,4
2294079.0,31-07-2026 14:04,28-07-2026 14:05,06-08-2026 13:41,,,11-08-2026 15:16,,,,,,,4
2294083.0,31-07-2026 14:09,28-07-2026 14:05,06-08-2026 16:28,,,11-08-2026 14:11,,,,,,,4
2294088.0,31-07-2026 14:09,28-07-2026 14:09,06-08-2026 16:28,,,11-08-2026 14:11,,,,,,,4
2294093.0,31-07-2026 14:09,28-07-2026 14:09,06-08-2026 16:28,,,17-08-2026 14:26,,,,,,,4
2294106.0,31-07-2026 14:09,30-07-2026 15:24,06-08-2026 16:28,,,11-08-2026 14:11,,,,,,,4
2294119.0,13-08-2026 15:11,28-07-2026 14:14,06-08-2026 13:41,,,11-08-2026 15:16,,,,,,,4
2294123.0,31-07-2026 15:20,28-07-2026 14:14,07-08-2026 17:05,,,11-08-2026 14:22,,,,,,,4
2294124.0,31-07-2026 14:04,28-07-2026 14:05,06-08-2026 13:41,,,17-08-2026 14:26,,,,,,,4
2294126.0,31-07-2026 14:04,28-07-2026 14:14,06-08-2026 13:41,,,18-08-2026 16:51,,,,,,,4
2294128.0,31-07-2026 15:20,28-07-2026 14:14,07-08-2026 17:05,,,11-08-2026 14:22,,,,,,,4
2294133.0,31-07-2026 15:20,28-07-2026 15:20,07-08-2026 17:05,,31-08-2026 13:43,11-08-2026 13:35,,,,,,,5
2294136.0,31-07-2026 14:09,28-07-2026 14:05,06-08-2026 16:28,,,11-08-2026 14:11,,,,,,,4
2294137.0,31-07-2026 15:20,30-07-2026 15:24,07-08-2026 17:05,,,11-08-2026 14:22,,,,,,,4
2294140.0,31-07-2026 13:29,28-07-2026 15:20,05-08-2026 14:03,,,11-08-2026 13:34,,,,,,,4
2294143.0,31-07-2026 14:09,28-07-2026 14:09,06-08-2026 16:28,,,11-08-2026 14:11,,,,,,,4
2294146.0,31-07-2026 15:20,28-07-2026 14:14,07-08-2026 17:05,,,11-08-2026 14:22,,,,,,,4
2294149.0,31-07-2026 14:09,28-07-2026 14:05,06-08-2026 16:28,,,11-08-2026 14:11,,,,,,,4
2294150.0,31-07-2026 13:29,28-07-2026 15:20,05-08-2026 14:03,,,17-08-2026 14:26,,,,,,,4
2294154.0,31-07-2026 14:09,30-07-2026 15:24,06-08-2026 16:28,,,11-08-2026 14:11,,,,,,,4
2294156.0,31-07-2026 14:09,28-07-2026 14:05,06-08-2026 16:28,,,11-08-2026 14:11,,,,,,,4
2294158.0,31-07-2026 14:04,28-07-2026 15:20,06-08-2026 13:41,,,18-08-2026 16:51,,,,,,,4
2294161.0,13-08-2026 14:43,28-07-2026 14:05,06-08-2026 16:28,,,11-08-2026 14:11,,,,,,,4
2294166.0,31-07-2026 15:20,28-07-2026 15:20,07-08-2026 17:05,,,11-08-2026 14:22,,,,,,,4
2294173.0,31-07-2026 13:29,28-07-2026 14:14,05-08-2026 14:03,,,18-08-2026 16:51,,,,,,,4
2294179.0,31-07-2026 13:29,28-07-2026 14:14,05-08-2026 14:03,,,17-08-2026 14:26,,,,,,,4
2294184.0,31-07-2026 13:29,28-07-2026 14:14,05-08-2026 14:03,,,11-08-2026 13:34,,,,,,,4
2294185.0,31-07-2026 15:20,30-07-2026 15:24,14-08-2026 15:20,,,11-08-2026 13:35,,,,,,,4
2294188.0,31-07-2026 14:04,28-07-2026 15:20,06-08-2026 13:41,,,18-08-2026 16:51,,,,,,,4
2294192.0,31-07-2026 15:20,28-07-2026 15:20,07-08-2026 17:05,,,11-08-2026 14:22,,,,,,,4
2294193.0,31-07-2026 14:04,28-07-2026 15:20,06-08-2026 13:41,,,18-08-2026 16:51,,,,,,,4
2294209.0,,28-07-2026 15:56,05-08-2026 14:21,19-08-2026 16:32,19-08-2026 16:31,12-08-2026 14:59,,,,,,,5
2294211.0,,28-07-2026 15:56,05-08-2026 14:21,19-08-2026 16:32,19-08-2026 16:31,,,,,,,,4
2294212.0,,28-07-2026 15:56,,24-08-2026 12:04,,12-08-2026 14:59,,,,,,,3
2294214.0,,28-07-2026 15:56,05-08-2026 14:21,19-08-2026 16:32,19-08-2026 16:31,12-08-2026 14:59,,,,,,,5
2294215.0,,28-07-2026 15:56,05-08-2026 14:21,19-08-2026 16:32,19-08-2026 16:31,12-08-2026 14:59,,,,,,,5
2294216.0,,28-07-2026 15:56,05-08-2026 14:21,19-08-2026 16:32,19-08-2026 16:31,12-08-2026 14:59,,,,,,,5
2294218.0,,28-07-2026 15:56,05-08-2026 14:21,19-08-2026 16:32,19-08-2026 16:31,,,,,,,,4
2294219.0,,28-07-2026 15:56,05-08-2026 14:21,19-08-2026 16:32,19-08-2026 16:31,12-08-2026 14:59,,,,,,,5
2294221.0,,28-07-2026 15:56,05-08-2026 14:21,19-08-2026 16:32,19-08-2026 16:31,12-08-2026 14:59,,,,,,,5
2294222.0,,28-07-2026 15:56,05-08-2026 14:21,19-08-2026 16:32,19-08-2026 16:31,12-08-2026 14:59,,,,,,,5
2294224.0,,28-07-2026 15:56,05-08-2026 14:21,19-08-2026 16:32,19-08-2026 16:31,12-08-2026 14:59,,,,,,,5
2294227.0,,28-07-2026 15:56,05-08-2026 14:21,19-08-2026 16:32,19-08-2026 16:31,12-08-2026 14:59,,,,,,,5
2294229.0,,28-07-2026 15:56,05-08-2026 14:21,19-08-2026 16:32,19-08-2026 16:31,,,,,,,,4
2294233.0,,28-07-2026 15:56,05-08-2026 14:21,24-08-2026 12:04,,12-08-2026 14:59,,,,,,,4
2294234.0,,28-07-2026 15:56,05-08-2026 14:21,19-08-2026 16:32,19-08-2026 16:31,12-08-2026 14:59,,,,,,,5
2294239.0,,28-07-2026 15:56,05-08-2026 14:21,19-08-2026 16:32,19-08-2026 16:31,12-08-2026 14:59,,,,,,,5
2294243.0,,28-07-2026 15:56,,19-08-2026 16:32,19-08-2026 16:31,12-08-2026 14:59,,,,,,,4
2294244.0,,28-07-2026 15:56,05-08-2026 14:21,19-08-2026 16:32,19-08-2026 16:31,12-08-2026 14:59,,,,,,,5
2294249.0,,28-07-2026 15:56,05-08-2026 14:21,19-08-2026 16:32,19-08-2026 16:31,12-08-2026 14:59,,,,,,,5
2294251.0,,28-07-2026 15:56,05-08-2026 14:21,19-08-2026 16:32,19-08-2026 16:31,12-08-2026 14:59,,,,,,,5
2294253.0,,28-07-2026 15:56,05-08-2026 14:21,19-08-2026 16:32,19-08-2026 16:31,12-08-2026 14:59,,,,,,,5
2294254.0,,28-07-2026 15:56,05-08-2026 14:21,19-08-2026 16:32,19-08-2026 16:31,12-08-2026 14:59,,,,,,,5
2294257.0,,28-07-2026 15:56,05-08-2026 14:21,19-08-2026 16:32,19-08-2026 16:31,12-08-2026 14:59,,,,,,,5
2294259.0,,28-07-2026 15:56,05-08-2026 14:21,19-08-2026 16:32,19-08-2026 16:31,12-08-2026 14:59,,,,,,,5
2294270.0,,28-07-2026 15:56,05-08-2026 14:21,19-08-2026 16:32,19-08-2026 16:31,12-08-2026 14:59,,,,,,,5
2294302.0,31-07-2026 15:20,30-07-2026 15:24,07-08-2026 17:05,,31-08-2026 13:43,11-08-2026 13:35,,,,,,,5
2294480.0,30-07-2026 14:25,29-07-2026 12:39,12-08-2026 12:39,25-08-2026 10:57,25-08-2026 10:56,,,,,,,,5
2294481.0,30-07-2026 14:25,29-07-2026 12:39,12-08-2026 12:39,18-08-2026 11:04,18-08-2026 11:03,11-08-2026 10:50,,,,,,,6
2294482.0,30-07-2026 14:25,29-07-2026 12:39,12-08-2026 12:39,18-08-2026 11:04,18-08-2026 11:03,11-08-2026 10:50,,,,,,,6
2294483.0,30-07-2026 14:25,29-07-2026 12:39,12-08-2026 12:39,18-08-2026 11:04,18-08-2026 11:03,11-08-2026 10:50,,,,,,,6
2294484.0,30-07-2026 14:25,29-07-2026 12:39,12-08-2026 12:39,18-08-2026 11:04,18-08-2026 11:03,11-08-2026 10:50,,,,,,,6
2294485.0,30-07-2026 14:25,29-07-2026 12:39,12-08-2026 12:39,18-08-2026 11:04,18-08-2026 11:03,11-08-2026 10:50,,,,,,,6
2294486.0,30-07-2026 14:25,29-07-2026 12:39,12-08-2026 12:39,18-08-2026 11:04,18-08-2026 11:03,11-08-2026 10:50,,,,,,,6
2294487.0,30-07-2026 14:25,29-07-2026 12:39,,29-08-2026 10:41,29-08-2026 10:41,,,,,,,,4
2294596.0,30-07-2026 14:25,29-07-2026 12:39,12-08-2026 12:39,25-08-2026 10:57,25-08-2026 10:56,05-08-2026 10:06,,,,,,,6
2294597.0,30-07-2026 14:25,29-07-2026 12:39,12-08-2026 12:39,29-08-2026 10:41,29-08-2026 10:41,05-08-2026 10:06,,,,,,,6
2294598.0,30-07-2026 14:25,29-07-2026 12:39,05-08-2026 15:59,18-08-2026 14:52,18-08-2026 14:52,,,,,,,,5
2294600.0,30-07-2026 14:25,29-07-2026 12:39,05-08-2026 15:59,18-08-2026 14:52,18-08-2026 14:52,,,,,,,,5
2294601.0,30-07-2026 14:25,29-07-2026 12:39,05-08-2026 15:59,18-08-2026 14:52,18-08-2026 14:52,12-08-2026 14:34,,,,,,,6
2294602.0,30-07-2026 14:25,29-07-2026 12:39,05-08-2026 15:59,18-08-2026 14:52,18-08-2026 14:52,12-08-2026 14:34,,,,,,,6
2294603.0,30-07-2026 14:25,29-07-2026 12:39,,18-08-2026 14:52,18-08-2026 14:52,12-08-2026 14:34,,,,,,,5
2294620.0,31-07-2026 11:48,29-07-2026 12:39,11-08-2026 12:00,18-08-2026 12:21,18-08-2026 12:20,13-08-2026 11:06,,,,,,,6
2294622.0,31-07-2026 11:48,29-07-2026 12:39,04-08-2026 11:53,18-08-2026 12:21,18-08-2026 12:20,13-08-2026 11:06,,,,,,,6
2294624.0,31-07-2026 11:48,29-07-2026 12:39,04-08-2026 11:53,18-08-2026 12:21,18-08-2026 12:20,13-08-2026 11:06,,,,,,,6
2294644.0,05-08-2026 14:32,04-08-2026 13:46,29-07-2026 16:00,25-08-2026 15:19,25-08-2026 15:18,24-08-2026 10:39,,,,,,,6
2294648.0,05-08-2026 14:32,04-08-2026 13:46,29-07-2026 16:00,12-08-2026 14:41,12-08-2026 14:41,11-08-2026 13:57,,,,,,,6
2294650.0,05-08-2026 14:32,04-08-2026 13:46,29-07-2026 16:00,12-08-2026 14:41,12-08-2026 14:41,11-08-2026 13:57,,,,,,,6
2294653.0,05-08-2026 14:32,04-08-2026 13:46,29-07-2026 16:00,25-08-2026 15:19,25-08-2026 15:18,24-08-2026 10:39,,,,,,,6
2294654.0,31-07-2026 11:48,29-07-2026 12:39,11-08-2026 12:00,24-08-2026 14:45,24-08-2026 14:45,12-08-2026 10:43,,,,,,,6
2294657.0,05-08-2026 14:32,04-08-2026 13:46,29-07-2026 16:00,12-08-2026 14:41,12-08-2026 14:41,11-08-2026 13:57,,,,,,,6
2294658.0,31-07-2026 11:48,29-07-2026 12:39,01-08-2026 11:59,24-08-2026 14:45,24-08-2026 14:45,12-08-2026 10:43,,,,,,,6
2294660.0,31-07-2026 11:48,29-07-2026 12:39,01-08-2026 11:59,24-08-2026 14:45,24-08-2026 14:45,12-08-2026 10:43,,,,,,,6
2294664.0,31-07-2026 11:48,29-07-2026 12:39,11-08-2026 12:00,24-08-2026 14:45,24-08-2026 14:45,12-08-2026 10:43,,,,,,,6
2294666.0,31-07-2026 11:48,29-07-2026 12:39,01-08-2026 11:59,24-08-2026 14:45,24-08-2026 14:45,12-08-2026 10:43,,,,,,,6
2294669.0,05-08-2026 14:32,04-08-2026 13:46,29-07-2026 16:00,12-08-2026 14:41,12-08-2026 14:41,11-08-2026 13:57,,,,,,,6
2295137.0,13-08-2026 16:09,30-07-2026 14:23,31-07-2026 10:35,13-08-2026 14:27,11-08-2026 10:24,05-08-2026 10:37,,,,,,,6
2295139.0,13-08-2026 16:09,30-07-2026 14:23,31-07-2026 10:35,12-08-2026 11:40,11-08-2026 11:29,05-08-2026 11:33,27-08-2026 11:29,,,,,,7
2295140.0,13-08-2026 16:09,30-07-2026 14:23,31-07-2026 10:35,11-08-2026 10:27,11-08-2026 10:24,05-08-2026 10:37,,,,,,,6
2295141.0,13-08-2026 16:09,30-07-2026 14:23,31-07-2026 10:35,18-08-2026 10:34,18-08-2026 10:32,05-08-2026 10:37,27-08-2026 10:35,,,,,,7
2295144.0,13-08-2026 16:09,30-07-2026 14:23,31-07-2026 10:35,12-08-2026 10:28,12-08-2026 10:25,31-08-2026 14:45,,,,,,,6
2295145.0,13-08-2026 16:09,30-07-2026 14:23,31-07-2026 10:35,12-08-2026 10:28,12-08-2026 10:25,04-08-2026 14:34,,,,,,,6
2295170.0,31-07-2026 15:20,30-07-2026 15:24,07-08-2026 17:05,,,11-08-2026 13:34,,,,,,,4
2295172.0,31-07-2026 15:20,30-07-2026 15:24,07-08-2026 17:05,,,11-08-2026 14:22,,,,,,,4
2295173.0,31-07-2026 15:20,30-07-2026 15:24,07-08-2026 17:05,,,11-08-2026 14:22,,,,,,,4
2295175.0,31-07-2026 13:29,30-07-2026 15:24,07-08-2026 17:05,,,11-08-2026 13:34,,,,,,,4
2295177.0,31-07-2026 13:29,30-07-2026 15:24,07-08-2026 17:05,,,11-08-2026 13:34,,,,,,,4
2295180.0,31-07-2026 15:20,30-07-2026 15:24,07-08-2026 17:05,,,17-08-2026 14:26,,,,,,,4
2295216.0,31-07-2026 13:29,30-07-2026 15:24,07-08-2026 17:05,,,11-08-2026 13:34,,,,,,,4
2295231.0,31-07-2026 13:29,30-07-2026 15:24,07-08-2026 17:05,,,11-08-2026 14:22,,,,,,,4
2295233.0,31-07-2026 15:20,30-07-2026 15:24,07-08-2026 17:05,,,11-08-2026 13:34,,,,,,,4
2295263.0,31-07-2026 13:29,30-07-2026 15:24,07-08-2026 17:05,,,11-08-2026 13:34,,,,,,,4
2295264.0,31-07-2026 15:20,30-07-2026 15:24,07-08-2026 17:05,,,11-08-2026 14:22,,,,,,,4
2295668.0,,31-08-2026 15:25,,,,27-08-2026 10:02,,,,,,,2
2295993.0,05-08-2026 14:32,04-08-2026 13:46,11-08-2026 10:40,25-08-2026 11:18,25-08-2026 11:16,11-08-2026 15:25,,,,,,,6
2297572.0,,19-08-2026 14:28,,,,29-08-2026 15:00,,,,,,,2
2297660.0,12-08-2026 15:46,07-08-2026 15:36,14-08-2026 15:04,,,,,,,,,,3
2297670.0,12-08-2026 15:46,07-08-2026 15:36,14-08-2026 15:04,19-08-2026 14:21,19-08-2026 14:18,18-08-2026 14:09,,,,,,,6
2299355.0,12-08-2026 15:46,07-08-2026 15:36,14-08-2026 15:04,24-08-2026 15:36,25-08-2026 15:48,11-08-2026 12:44,,,,,,,6
2299358.0,12-08-2026 15:46,07-08-2026 15:36,14-08-2026 15:04,24-08-2026 15:36,25-08-2026 15:48,11-08-2026 15:01,,,,,,,6
2299375.0,12-08-2026 15:46,07-08-2026 15:36,14-08-2026 12:41,29-08-2026 11:17,29-08-2026 11:37,18-08-2026 14:09,,,,,,,6
2299382.0,12-08-2026 15:46,07-08-2026 15:36,14-08-2026 12:41,29-08-2026 11:17,29-08-2026 11:11,19-08-2026 15:12,,,,,,,6
2299394.0,12-08-2026 15:46,07-08-2026 15:36,14-08-2026 12:41,19-08-2026 11:04,19-08-2026 11:01,18-08-2026 14:09,31-08-2026 15:56,,,,,,7
2299399.0,12-08-2026 15:46,07-08-2026 15:36,14-08-2026 12:41,29-08-2026 11:17,29-08-2026 11:37,18-08-2026 14:09,31-08-2026 15:56,,,,,,7
2299415.0,12-08-2026 15:46,07-08-2026 15:36,29-08-2026 13:55,,,31-08-2026 14:04,,,,,,,4
2299429.0,12-08-2026 15:46,07-08-2026 15:36,14-08-2026 15:04,20-08-2026 12:43,20-08-2026 12:40,18-08-2026 14:09,,,,,,,6
2302057.0,14-08-2026 13:24,12-08-2026 14:05,18-08-2026 13:56,,,24-08-2026 15:54,,,,,,,4
2302058.0,14-08-2026 13:24,12-08-2026 14:05,17-08-2026 16:50,,,24-08-2026 16:32,,,,,,,4
2302059.0,14-08-2026 13:24,12-08-2026 14:05,18-08-2026 13:56,,,24-08-2026 15:54,,,,,,,4
2302060.0,14-08-2026 13:24,12-08-2026 14:05,17-08-2026 16:50,,,24-08-2026 16:32,,,,,,,4
2302061.0,14-08-2026 13:24,12-08-2026 14:05,18-08-2026 13:56,,,24-08-2026 15:54,,,,,,,4
2302062.0,14-08-2026 13:24,12-08-2026 14:05,18-08-2026 13:56,,,24-08-2026 15:54,,,,,,,4
2302063.0,14-08-2026 13:24,12-08-2026 14:05,17-08-2026 13:58,,,19-08-2026 14:24,,,,,,,4
2302064.0,14-08-2026 13:24,12-08-2026 14:05,18-08-2026 13:56,,,24-08-2026 16:32,,,,,,,4
2302065.0,14-08-2026 13:24,12-08-2026 14:05,17-08-2026 13:58,,,19-08-2026 14:24,,,,,,,4
2302066.0,13-08-2026 13:20,11-08-2026 15:19,18-08-2026 15:05,25-08-2026 15:53,25-08-2026 15:52,17-08-2026 15:29,,,,,,,6
2302067.0,13-08-2026 13:20,11-08-2026 15:19,18-08-2026 15:05,25-08-2026 15:53,25-08-2026 15:52,17-08-2026 15:29,,,,,,,6
2302068.0,13-08-2026 13:20,11-08-2026 15:19,18-08-2026 15:05,25-08-2026 15:53,25-08-2026 15:52,17-08-2026 15:29,,,,,,,6
2302069.0,13-08-2026 13:20,11-08-2026 15:19,18-08-2026 15:05,25-08-2026 15:53,25-08-2026 15:52,17-08-2026 15:29,,,,,,,6
2302070.0,13-08-2026 13:20,11-08-2026 15:19,18-08-2026 15:05,,,17-08-2026 15:29,,,,,,,4
2302071.0,13-08-2026 13:20,11-08-2026 15:19,18-08-2026 15:05,25-08-2026 15:53,25-08-2026 15:52,17-08-2026 15:29,,,,,,,6
2302072.0,14-08-2026 13:24,12-08-2026 14:05,18-08-2026 15:05,,,20-08-2026 13:16,,,,,,,4
2302075.0,14-08-2026 13:24,12-08-2026 14:05,18-08-2026 15:05,,,19-08-2026 13:22,,,,,,,4
2302076.0,14-08-2026 13:24,12-08-2026 14:05,18-08-2026 15:05,,,19-08-2026 13:22,,,,,,,4
2302250.0,14-08-2026 13:24,12-08-2026 14:05,18-08-2026 15:05,,,19-08-2026 13:22,,,,,,,4
2302254.0,14-08-2026 13:24,12-08-2026 14:05,18-08-2026 15:05,,,19-08-2026 13:22,,,,,,,4
2302255.0,14-08-2026 13:24,12-08-2026 14:05,18-08-2026 15:05,,,19-08-2026 13:22,,,,,,,4
2302256.0,14-08-2026 13:24,12-08-2026 14:05,18-08-2026 15:05,,,19-08-2026 13:22,,,,,,,4
2302257.0,14-08-2026 13:24,12-08-2026 14:05,18-08-2026 15:05,,,20-08-2026 13:16,,,,,,,4
2302258.0,14-08-2026 13:24,12-08-2026 14:05,18-08-2026 15:05,,,19-08-2026 13:22,,,,,,,4
2302289.0,14-08-2026 13:24,12-08-2026 14:05,18-08-2026 15:05,,,19-08-2026 13:22,,,,,,,4
2302293.0,14-08-2026 13:24,12-08-2026 14:05,18-08-2026 15:05,,,19-08-2026 13:22,,,,,,,4
2302308.0,14-08-2026 13:24,12-08-2026 14:05,18-08-2026 15:05,,,19-08-2026 13:22,,,,,,,4
2302318.0,14-08-2026 13:24,12-08-2026 14:05,18-08-2026 15:05,,,20-08-2026 13:16,,,,,,,4
2302322.0,14-08-2026 13:24,12-08-2026 14:05,18-08-2026 15:05,,,19-08-2026 13:22,,,,,,,4
2302391.0,14-08-2026 13:24,12-08-2026 14:05,18-08-2026 15:05,,,19-08-2026 13:22,,,,,,,4
2302467.0,14-08-2026 13:24,12-08-2026 14:05,18-08-2026 15:05,,,19-08-2026 13:22,,,,,,,4
2302468.0,14-08-2026 13:24,12-08-2026 14:05,18-08-2026 15:05,,,19-08-2026 13:22,,,,,,,4
2302469.0,14-08-2026 13:24,12-08-2026 14:05,18-08-2026 15:05,,,19-08-2026 13:22,,,,,,,4
2302470.0,14-08-2026 13:24,12-08-2026 14:05,18-08-2026 15:05,,,20-08-2026 13:16,,,,,,,4
2302471.0,13-08-2026 13:20,11-08-2026 15:19,18-08-2026 15:47,,,20-08-2026 13:16,,,,,,,4
2302472.0,13-08-2026 13:20,11-08-2026 15:19,18-08-2026 15:47,25-08-2026 13:44,25-08-2026 13:43,19-08-2026 16:44,,,,,,,6
2302473.0,13-08-2026 13:20,11-08-2026 15:19,18-08-2026 15:47,25-08-2026 13:44,25-08-2026 13:43,19-08-2026 16:44,,,,,,,6
2302474.0,13-08-2026 13:20,11-08-2026 15:19,18-08-2026 15:47,25-08-2026 13:44,25-08-2026 13:43,20-08-2026 13:16,,,,,,,6
2302475.0,13-08-2026 13:20,11-08-2026 15:19,18-08-2026 15:47,25-08-2026 13:44,25-08-2026 13:43,19-08-2026 16:44,,,,,,,6
2302476.0,13-08-2026 13:20,11-08-2026 15:19,18-08-2026 15:47,25-08-2026 13:44,25-08-2026 13:43,19-08-2026 16:44,,,,,,,6
2302477.0,13-08-2026 13:20,11-08-2026 15:19,18-08-2026 15:47,25-08-2026 13:44,25-08-2026 13:43,19-08-2026 16:44,,,,,,,6
2302478.0,13-08-2026 13:20,11-08-2026 15:19,18-08-2026 15:47,,,19-08-2026 16:44,,,,,,,4
2302479.0,13-08-2026 13:20,11-08-2026 15:19,18-08-2026 15:47,25-08-2026 13:44,25-08-2026 13:43,20-08-2026 13:16,,,,,,,6
2302480.0,13-08-2026 13:20,11-08-2026 15:19,18-08-2026 15:47,25-08-2026 13:44,25-08-2026 13:43,19-08-2026 16:44,,,,,,,6
2302481.0,13-08-2026 13:20,11-08-2026 15:19,18-08-2026 15:47,,,19-08-2026 16:44,,,,,,,4
2302482.0,13-08-2026 13:20,11-08-2026 15:19,18-08-2026 15:47,,,19-08-2026 16:44,,,,,,,4
2302514.0,14-08-2026 13:24,12-08-2026 14:05,18-08-2026 15:05,,,19-08-2026 13:22,,,,,,,4
2302515.0,14-08-2026 13:24,12-08-2026 14:05,18-08-2026 15:05,,,19-08-2026 13:22,,,,,,,4
2302516.0,14-08-2026 13:24,12-08-2026 14:05,18-08-2026 15:05,,,20-08-2026 13:16,,,,,,,4
2302517.0,14-08-2026 13:24,12-08-2026 14:05,18-08-2026 15:05,,,19-08-2026 13:22,,,,,,,4
2302518.0,14-08-2026 13:24,12-08-2026 14:05,18-08-2026 15:05,,,20-08-2026 13:16,,,,,,,4
2302519.0,14-08-2026 13:24,12-08-2026 14:05,18-08-2026 15:05,,,20-08-2026 13:16,,,,,,,4
2302520.0,14-08-2026 13:24,12-08-2026 14:05,18-08-2026 15:05,,,19-08-2026 13:22,,,,,,,4
2302521.0,14-08-2026 13:24,12-08-2026 14:05,18-08-2026 15:05,,,19-08-2026 13:22,,,,,,,4
2302522.0,14-08-2026 13:24,12-08-2026 14:05,18-08-2026 15:05,,,19-08-2026 13:22,,,,,,,4
2302523.0,14-08-2026 13:24,12-08-2026 14:05,18-08-2026 15:05,,,19-08-2026 13:22,,,,,,,4
2302524.0,13-08-2026 13:20,11-08-2026 15:19,18-08-2026 15:47,25-08-2026 13:44,25-08-2026 13:43,19-08-2026 16:44,,,,,,,6
2302526.0,13-08-2026 13:20,11-08-2026 15:19,18-08-2026 15:47,,,19-08-2026 16:44,,,,,,,4
2302528.0,13-08-2026 13:20,11-08-2026 15:19,18-08-2026 15:47,25-08-2026 13:44,25-08-2026 13:43,19-08-2026 16:44,,,,,,,6
2302529.0,13-08-2026 13:20,11-08-2026 15:19,18-08-2026 15:47,25-08-2026 13:44,25-08-2026 13:43,19-08-2026 16:44,,,,,,,6
2302530.0,13-08-2026 13:20,11-08-2026 15:19,18-08-2026 15:47,,,19-08-2026 16:44,,,,,,,4
2302532.0,13-08-2026 13:20,11-08-2026 15:19,18-08-2026 15:47,25-08-2026 13:44,25-08-2026 13:43,11-08-2026 13:34,,,,,,,6
2302542.0,13-08-2026 13:20,11-08-2026 15:19,18-08-2026 15:47,25-08-2026 13:44,25-08-2026 13:43,20-08-2026 13:16,,,,,,,6
2302546.0,13-08-2026 13:20,11-08-2026 15:19,18-08-2026 15:47,25-08-2026 13:44,25-08-2026 13:43,19-08-2026 16:44,,,,,,,6
2302548.0,13-08-2026 13:20,11-08-2026 15:19,18-08-2026 15:47,25-08-2026 13:44,25-08-2026 13:43,20-08-2026 13:16,,,,,,,6
2302549.0,13-08-2026 13:20,11-08-2026 15:19,18-08-2026 15:47,25-08-2026 13:44,25-08-2026 13:43,19-08-2026 16:44,,,,,,,6
2302554.0,13-08-2026 14:43,11-08-2026 16:29,14-08-2026 15:20,,,17-08-2026 14:26,,,,,,,4
2302556.0,13-08-2026 15:11,11-08-2026 16:29,14-08-2026 16:07,,,11-08-2026 15:16,,,,,,,4
2302557.0,13-08-2026 15:11,11-08-2026 16:29,14-08-2026 16:07,,,18-08-2026 16:51,,,,,,,4
2302558.0,13-08-2026 15:11,11-08-2026 16:29,14-08-2026 16:07,,,18-08-2026 16:51,,,,,,,4
2302559.0,13-08-2026 15:11,11-08-2026 16:29,14-08-2026 16:07,,,18-08-2026 16:51,,,,,,,4
2302561.0,13-08-2026 15:11,11-08-2026 16:29,14-08-2026 16:07,,,18-08-2026 16:51,,,,,,,4
2302563.0,13-08-2026 15:11,11-08-2026 16:29,14-08-2026 16:07,,,18-08-2026 16:51,,,,,,,4
2302564.0,13-08-2026 15:11,11-08-2026 16:29,14-08-2026 16:07,,,18-08-2026 16:51,,,,,,,4
2302565.0,13-08-2026 15:11,11-08-2026 16:29,14-08-2026 16:07,,,18-08-2026 16:51,,,,,,,4
2302566.0,13-08-2026 15:11,11-08-2026 16:29,14-08-2026 16:07,,,18-08-2026 16:51,,,,,,,4
2302567.0,13-08-2026 15:11,11-08-2026 16:29,14-08-2026 16:07,,,18-08-2026 16:51,,,,,,,4
2302568.0,13-08-2026 15:11,11-08-2026 16:29,14-08-2026 16:07,,,18-08-2026 16:51,,,,,,,4
2302569.0,13-08-2026 15:11,11-08-2026 16:29,14-08-2026 16:07,,,18-08-2026 16:51,,,,,,,4
2302570.0,13-08-2026 15:11,11-08-2026 16:29,14-08-2026 16:07,,,18-08-2026 16:51,,,,,,,4
2302571.0,13-08-2026 15:11,11-08-2026 16:29,14-08-2026 16:07,,,18-08-2026 16:51,,,,,,,4
2302572.0,13-08-2026 15:11,11-08-2026 16:29,14-08-2026 16:07,,,18-08-2026 16:51,,,,,,,4
2302573.0,13-08-2026 15:11,11-08-2026 16:29,14-08-2026 16:07,,,18-08-2026 16:51,,,,,,,4
2302574.0,13-08-2026 15:11,11-08-2026 16:29,14-08-2026 16:07,,,18-08-2026 16:51,,,,,,,4
2302575.0,13-08-2026 15:11,11-08-2026 16:29,14-08-2026 16:07,,,18-08-2026 16:51,,,,,,,4
2302577.0,13-08-2026 15:11,11-08-2026 16:29,14-08-2026 16:07,,,18-08-2026 16:51,,,,,,,4
2302579.0,13-08-2026 15:11,11-08-2026 16:29,14-08-2026 16:07,,,18-08-2026 16:51,,,,,,,4
2302580.0,13-08-2026 15:11,11-08-2026 16:29,14-08-2026 16:07,,,18-08-2026 16:51,,,,,,,4
2302582.0,13-08-2026 15:11,11-08-2026 16:29,14-08-2026 16:07,,,18-08-2026 16:51,,,,,,,4
2302583.0,13-08-2026 15:11,11-08-2026 16:29,14-08-2026 16:07,,,18-08-2026 16:51,,,,,,,4
2302585.0,13-08-2026 15:11,11-08-2026 16:29,14-08-2026 16:07,,,18-08-2026 16:51,,,,,,,4
2302586.0,13-08-2026 15:11,11-08-2026 16:29,14-08-2026 16:07,,,18-08-2026 16:51,,,,,,,4
2302588.0,13-08-2026 15:11,11-08-2026 16:29,14-08-2026 16:07,,,18-08-2026 16:51,,,,,,,4
2302595.0,13-08-2026 14:43,11-08-2026 16:29,14-08-2026 15:20,,,17-08-2026 14:26,,,,,,,4
2302596.0,13-08-2026 14:43,11-08-2026 16:29,14-08-2026 15:20,,,17-08-2026 14:26,,,,,,,4
2302597.0,13-08-2026 14:43,11-08-2026 16:29,14-08-2026 15:20,,,17-08-2026 14:26,,,,,,,4
2302598.0,13-08-2026 14:43,11-08-2026 16:29,14-08-2026 15:20,,,17-08-2026 14:26,,,,,,,4
2302599.0,13-08-2026 14:43,11-08-2026 16:29,14-08-2026 15:20,,,17-08-2026 14:26,,,,,,,4
2302600.0,13-08-2026 14:43,11-08-2026 16:40,14-08-2026 15:20,,,11-08-2026 14:22,,,,,,,4
2302601.0,13-08-2026 14:43,11-08-2026 16:40,14-08-2026 15:20,,,11-08-2026 14:22,,,,,,,4
2302602.0,13-08-2026 14:43,11-08-2026 16:29,14-08-2026 15:20,,,17-08-2026 14:26,,,,,,,4
2302603.0,13-08-2026 14:43,11-08-2026 16:40,14-08-2026 15:20,,,11-08-2026 14:22,,,,,,,4
2302604.0,13-08-2026 14:43,11-08-2026 16:29,14-08-2026 15:20,,,17-08-2026 14:26,,,,,,,4
2302605.0,13-08-2026 14:43,11-08-2026 16:29,14-08-2026 15:20,,,17-08-2026 14:26,,,,,,,4
2302606.0,13-08-2026 14:43,11-08-2026 16:40,14-08-2026 15:20,,,11-08-2026 14:22,,,,,,,4
2302607.0,13-08-2026 14:43,11-08-2026 16:40,14-08-2026 15:20,,,11-08-2026 14:11,,,,,,,4
2302608.0,13-08-2026 14:43,11-08-2026 16:40,14-08-2026 15:20,,,17-08-2026 14:26,,,,,,,4
2302611.0,13-08-2026 14:43,11-08-2026 16:40,14-08-2026 15:20,,,17-08-2026 14:26,,,,,,,4
2302612.0,13-08-2026 14:43,11-08-2026 16:40,14-08-2026 15:20,,,17-08-2026 14:26,,,,,,,4
2302613.0,13-08-2026 14:43,11-08-2026 16:40,14-08-2026 15:20,,,17-08-2026 14:26,,,,,,,4
2302617.0,,31-08-2026 11:51,,24-08-2026 10:46,24-08-2026 10:45,,,,,,,,3
2302618.0,17-08-2026 12:15,24-08-2026 14:42,24-08-2026 13:56,25-08-2026 00:14,17-08-2026 12:09,14-08-2026 10:17,,,,,,,6
2302619.0,25-08-2026 13:37,24-08-2026 14:42,24-08-2026 13:56,25-08-2026 00:14,17-08-2026 12:09,14-08-2026 10:17,,,,,,,6
2302620.0,17-08-2026 12:15,24-08-2026 14:42,24-08-2026 13:56,25-08-2026 00:14,17-08-2026 12:09,14-08-2026 10:17,,,,,,,6
2302621.0,17-08-2026 12:15,24-08-2026 14:42,27-08-2026 10:24,25-08-2026 00:14,17-08-2026 12:09,24-08-2026 11:48,,,,,,,6
2302622.0,17-08-2026 12:15,24-08-2026 14:42,24-08-2026 13:56,25-08-2026 00:14,17-08-2026 12:09,14-08-2026 10:17,,,,,,,6
2302623.0,17-08-2026 12:15,24-08-2026 14:42,24-08-2026 13:56,25-08-2026 00:14,17-08-2026 12:09,14-08-2026 10:17,,,,,,,6
2302854.0,,19-08-2026 14:28,,29-08-2026 11:28,29-08-2026 11:29,29-08-2026 15:00,27-08-2026 12:17,,,,,,5
2303611.0,25-08-2026 13:37,24-08-2026 14:42,27-08-2026 10:24,17-08-2026 10:23,17-08-2026 10:23,24-08-2026 11:48,,,,,,17-08-2026 10:22,7
